Run,Total,Model_Total,OverallComment,Q1,Q2,Q3,Q4,Q5,Q6,Q7,Q8,Q9,Q10,Q1_feedback,Q2_feedback,Q3_feedback,Q4_feedback,Q5_feedback,Q6_feedback,Q7_feedback,Q8_feedback,Q9_feedback,Q10_feedback
1,23.5,23.5,"The student demonstrated strong proficiency in R coding for Markov chains and Monte Carlo simulations (Ex1, Ex4, Ex5, Ex6). However, significant points were lost on Ex3 due to providing code instead of the required mathematical derivation, and on Ex2 due to incomplete verification steps and non-standard matrix construction. Ensure all parts of the prompt, especially mathematical proofs, are addressed.",4.5,4,0,5,5,5,,,,,"Code correctly defines the transition matrix and computes the 6-month state probabilities using a loop (equivalent to matrix power). The final probability is calculated correctly (~75%). Deducted 0.5 for not using the `%^%` operator as specified in the rubric, though the result is accurate.","The stationary distribution is calculated correctly (~23%). However, the construction of matrix A is manual and does not follow the specified process of using `t(diag(2) - P)`. Additionally, the second code chunk is empty, missing the verification steps required by the rubric.",The exercise requires a mathematical derivation showing the algebraic steps for the 4 cases. The student provided R code for a Metropolis-Hastings sampler instead of the required mathematical proof. No derivation is present.,"The student implemented the MH algorithm correctly using the provided `alpha` function, set the seed, ran 2000 iterations, and compared sample quantiles with theoretical quantiles using `qpois`. The output format is a data frame, which is acceptable.","All parts of the exercise are completed correctly. The student calculated the portfolio composition for 1 and 2 years, and the 20-year outcomes for both good and risky loans. The results match the expected values (76.5% and 19.6%). Note: One chunk used `P %*% (P %^% 19)` which is mathematically equivalent to `P %^% 20`.","The student correctly implemented the covariance calculation using `purrr::map`, `dplyr::lead`, and `tidyr::unnest` as specified. The output tibble compares the traditional and alternative covariance measures, and the conclusion that they are identical is correct.",,,,
2,23.5,23.5,"The student demonstrated strong proficiency in R coding for Markov chains and Monte Carlo simulations (Ex1, Ex4, Ex5, Ex6). However, significant points were lost in Ex3 due to providing code instead of the required mathematical derivation, and in Ex2 due to incomplete verification steps and manual matrix construction. Ensure you read the specific output requirements (code vs. math) carefully.",4.5,4,0,5,5,5,,,,,"Code correctly defines the transition matrix and computes the 6-month probability using a loop (valid alternative to %^%). The result (~75%) is accurate. Deducted 0.5 for not using the specific `%^%` operator requested in the rubric, though the logic is sound.","The stationary distribution is calculated correctly (~23%). However, the construction of matrix A is manual and error-prone compared to the requested `t(diag(2)-P)` approach. Additionally, the second code chunk is empty, missing the verification steps (`pi %*% P - pi` and `sum(pi)`) required by the rubric.",The exercise requires a mathematical derivation showing the algebraic steps for the 4 cases. The student provided R code for a Metropolis-Hastings sampler instead of the required mathematical proof. No derivation is present.,"The student implemented the MH algorithm correctly using the provided `alpha` function, set the seed, ran 2000 iterations, and compared sample quantiles with theoretical `qpois` quantiles. The workflow matches the rubric requirements perfectly.","All four required calculations are present: 1-year and 2-year portfolio compositions, and 20-year outcomes for both good and risky loans. The results (76.5% and 19.6%) are accurate. The use of `%^%` and `%*%` is correct.","The code correctly implements the covariance comparison using `purrr::map`, `dplyr::lead`, and `tidyr::unnest` as specified. The output table is generated correctly, and the markdown conclusion accurately states that the calculations are identical.",,,,
3,23,23,"The student performed well on the computational exercises (Q1, Q4, Q5, Q6), demonstrating strong coding skills with Markov chains and tidyverse workflows. However, Q3 received zero points because it required a mathematical derivation, not code. Q2 had issues with matrix definition and process fidelity. Several code chunks were marked `eval: false`, which prevented execution checks and resulted in minor discretionary penalties.",4.5,4,0,4.5,5,5,,,,,"Code correctly defines the transition matrix and computes the 6-month state probabilities using a loop (valid alternative to %^%). The final probability is calculated correctly (~75%). Deducted 0.5 discretionary points because the code is marked `eval: false`, preventing execution verification, and the loop approach is less efficient than the matrix power method suggested in the rubric.","The stationary distribution is calculated correctly (~23%). However, the transition matrix P is defined incorrectly (rows do not sum to 1; it appears transposed or values are misplaced compared to the standard row-stochastic convention used in the solution). The matrix A for solving the linear system is constructed manually with hardcoded values rather than derived from P, which breaks process fidelity. Deducted 1 point for incorrect matrix definition and manual construction of A.",The exercise requires a mathematical derivation showing the algebraic steps for the 4 cases of the acceptance probability. The student provided R code for a Metropolis-Hastings sampler instead of the required mathematical proof. No derivation is present.,"The MH algorithm is implemented correctly with proper initialization, proposal, and acceptance steps. Quantiles are compared correctly. Deducted 0.5 discretionary points because the code is marked `eval: false`, preventing execution verification.",All parts of the exercise are completed correctly. The 1-year and 2-year portfolio compositions are calculated. The 20-year outcomes for good and risky loans are calculated correctly (~76.5% and ~19.6%). The code uses matrix operations effectively.,The code correctly implements the traditional and alternative covariance calculations using the tidyverse pipeline as requested. The results are unnested into a tibble. The conclusion that the calculations are identical is correct.,,,,
4,23.5,23.5,"The student demonstrated strong proficiency in R coding for Markov chains and Monte Carlo simulations (Ex1, Ex4, Ex5, Ex6). However, significant points were lost in Ex3 due to providing code instead of the required mathematical derivation, and in Ex2 due to incomplete verification steps and manual matrix construction. Ensure you read the specific output requirements (code vs. math) carefully.",4.5,4,0,5,5,5,,,,,"Code correctly defines the transition matrix and computes the 6-month probability using a loop (valid alternative to %^%). The result (~75%) is accurate. Deducted 0.5 for not using the specific `%^%` operator requested in the rubric, though the logic is sound.","The stationary distribution is calculated correctly (~23%). However, the construction of matrix A is manual and error-prone compared to the requested `t(diag(2)-P)` approach. Additionally, the second code chunk is empty, missing the verification steps (`pi %*% P - pi` and `sum(pi)`) required by the rubric.",The exercise requires a mathematical derivation showing the algebraic steps for the 4 cases. The student provided R code for a Metropolis-Hastings sampler instead of the required mathematical proof. No derivation is present.,"The student implemented the MH algorithm correctly using the provided `alpha` function, set the seed, ran 2000 iterations, and compared sample quantiles with theoretical `qpois` quantiles. The workflow matches the rubric requirements perfectly.","All four required calculations are present: 1-year and 2-year portfolio compositions, and 20-year outcomes for both good and risky loans. The code uses matrix multiplication and powers correctly, and the final percentages (~76.5% and ~19.6%) are accurate.","The code correctly implements the comparison between traditional covariance and the alternative difference-based formula using `purrr::map` and `dplyr::lead`. The output tibble is generated correctly, and the markdown conclusion accurately states that the calculations are identical.",,,,
5,23.5,23.5,"The student demonstrated strong proficiency in R coding for Markov chains and Monte Carlo simulations (Ex1, Ex4, Ex5, Ex6). However, significant points were lost on Ex3 due to providing code instead of the required mathematical derivation, and on Ex2 for incomplete verification steps. Ensure you read the specific output requirements (code vs. math) carefully.",4.5,4,0,5,5,5,,,,,"Code correctly defines the transition matrix and computes the 6-month probability using a loop (valid alternative to %^%). The result (~75%) is accurate. Deducted 0.5 for not using the specific `%^%` operator requested in the rubric, though the logic is sound.","The stationary distribution is calculated correctly (~23%). However, the construction of matrix A is manual and error-prone compared to the requested `t(diag(2)-P)` approach. Additionally, the second code chunk is empty, missing the verification steps (`pi %*% P - pi` and `sum(pi)`) explicitly required by the rubric.",The exercise requires a mathematical derivation showing the algebraic steps for the 4 cases. The student provided R code for a Metropolis-Hastings sampler instead of the required mathematical proof. No derivation is present.,"The student implemented the MH algorithm correctly using the provided `alpha` function, set the seed, ran 2000 iterations, and compared sample quantiles with theoretical `qpois` quantiles. The workflow matches the rubric requirements perfectly.","All four required calculations are present: 1-year and 2-year portfolio compositions, and 20-year outcomes for both good and risky loans. The results (76.5% and 19.6%) are accurate. The use of matrix powers and initial state vectors is correct.","The code correctly implements the covariance comparison using `purrr::map`, `dplyr::lead`, and `tidyr::unnest` as specified. The output tibble structure is correct, and the conclusion that the calculations are identical is accurate.",,,,
6,23.5,23.5,"The student demonstrated strong proficiency in R coding for Markov chains and Monte Carlo simulations (Ex1, Ex4, Ex5, Ex6). However, significant points were lost in Ex3 due to providing code instead of the required mathematical derivation, and in Ex2 for missing verification steps and incomplete code chunks. Ensure all parts of the prompt, especially mathematical proofs, are addressed.",4.5,4,0,5,5,5,,,,,"Code correctly defines the transition matrix and computes the 6-month probability using a loop (valid alternative to %^%). The result (~75%) is accurate. Deducted 0.5 for not using the specific `%^%` operator requested in the rubric, though the logic is sound.","The stationary distribution is calculated correctly (~23%). However, the construction of matrix A is manual and error-prone compared to the requested `t(diag(2)-P)` approach. Additionally, the second code chunk is empty, missing the verification steps (`pi %*% P - pi` and `sum(pi)`) explicitly required by the rubric.",The exercise requires a mathematical derivation showing the algebraic steps for the 4 cases. The student provided R code for a Metropolis-Hastings sampler instead of the required mathematical proof. No derivation is present.,"The student implemented the MH algorithm correctly using the provided `alpha` function, set the seed, ran 2000 iterations, and compared sample quantiles with theoretical `qpois` quantiles. The output format is a data frame, which is acceptable.","All four required calculations are present: 1-year and 2-year portfolio compositions, and 20-year outcomes for both good and risky loans. The results (76.5% and 19.6%) match the expected values. The use of `%^%` and `%*%` is correct.","The code correctly implements the covariance comparison using `purrr::map`, `dplyr::lead`, and `tidyr::unnest` as specified. The final markdown answer correctly states that the calculations are identical.",,,,
7,23.5,23.5,"The student demonstrated strong proficiency in Markov chain calculations and simulation exercises (Q1, Q4, Q5, Q6). However, significant points were lost in Q3 due to providing code instead of the required mathematical derivation, and in Q2 due to incomplete verification steps and non-standard matrix construction. Ensure all parts of the prompt, especially mathematical proofs, are addressed.",4.5,4,0,5,5,5,,,,,"Code correctly defines the transition matrix and computes the 6-month probability using a loop (valid alternative to %^%). The result (~75%) is accurate. Deducted 0.5 for not using the specific `%^%` operator requested in the rubric, though the logic is sound.","The stationary distribution is calculated correctly (~23%). However, the construction of matrix A is manual and does not follow the requested process of using `t(diag(2) - P)`. Additionally, the second code chunk is empty, missing the verification steps (`pi %*% P - pi` and `sum(pi)`). Deducted 1 point for process fidelity and missing verification code.",The exercise requires a mathematical derivation showing the algebraic steps for the 4 cases. The student provided R code for a Metropolis-Hastings sampler instead of the required mathematical proof. No credit for missing derivation.,"The student implemented the MH algorithm correctly using the provided `alpha` function, set the seed, ran 2000 iterations, and compared sample quantiles with theoretical `qpois` quantiles. The output format is a data frame, which is acceptable.","All parts of the exercise are completed correctly. The student calculated the 1-year and 2-year portfolio compositions, and the 20-year outcomes for both good and risky loans. The results (76.5% and 19.6%) match the expected values. The use of `%^%` and `%*%` is correct.","The student correctly implemented the covariance comparison using `purrr::map`, `dplyr::lead`, and `tidyr::unnest` as requested. The code structure matches the solution template, and the conclusion that the calculations are identical is correct.",,,,
8,23.5,23.5,"The student demonstrated strong proficiency in R coding for Markov chains and Monte Carlo simulations (Ex1, Ex4, Ex5, Ex6). However, significant points were lost on Ex3 due to providing code instead of the required mathematical derivation, and on Ex2 due to incomplete verification steps and manual matrix construction. Ensure you follow the specific methodological constraints (e.g., derivation vs code) in future labs.",4.5,4,0,5,5,5,,,,,"Code correctly defines the transition matrix and computes the 6-month probability using a loop (valid alternative to %^%). The result (~75%) is accurate. Deducted 0.5 for not using the specific `%^%` operator requested in the rubric, though the logic is sound.","The stationary distribution is calculated correctly (~23%). However, the construction of matrix A is manual and error-prone compared to the requested `t(diag(2)-P)` approach. Additionally, the second code chunk is empty, missing the verification steps (`pi %*% P - pi` and `sum(pi)`) required by the rubric.",The exercise requires a mathematical derivation showing the algebraic steps for the 4 cases. The student provided R code for a Metropolis-Hastings sampler instead of the required mathematical proof. No derivation is present.,"The student implemented the MH algorithm correctly using the provided `alpha` function, set the seed, ran 2000 iterations, and compared sample quantiles with theoretical `qpois` quantiles. The output format matches the requirements.","All four required calculations are present: 1-year and 2-year portfolio compositions, and 20-year outcomes for both good and risky loans. The code uses matrix multiplication and powers correctly, and the final percentages (~76.5% and ~19.6%) are accurate.","The code correctly implements the covariance comparison using `purrr::map`, `dplyr::lead`, and `tidyr::unnest` as specified. The resulting tibble shows identical values for both methods, and the markdown conclusion correctly states they are the same.",,,,
9,23.5,23.5,"The student demonstrated strong proficiency in implementing Markov chain simulations and Metropolis-Hastings algorithms in R (Ex1, Ex4, Ex5, Ex6). However, significant points were lost in Ex3 due to providing code instead of the required mathematical derivation, and in Ex2 due to incomplete verification steps and non-standard matrix construction. Ensure all parts of the question, especially mathematical proofs, are addressed.",4.5,4,0,5,5,5,,,,,"Code correctly defines the transition matrix and computes the 6-month probability using a loop (valid alternative to %^%). The result (~75%) is accurate. Deduction for not using the specific `%^%` operator requested in the rubric, though the logic is sound.","The stationary distribution is calculated correctly (~23%). However, the construction of matrix A is manual and does not follow the requested process of using `t(diag(2) - P)`. Additionally, the second code chunk is empty, missing the verification steps for `pi %*% P == pi` and `sum(pi) == 1`.",The exercise requires a mathematical derivation showing the algebraic steps for the 4 cases. The student provided R code for a Metropolis-Hastings sampler instead of the required mathematical proof. No derivation is present.,"The student implemented the MH algorithm correctly using the provided `alpha` function, set the seed, ran 2000 iterations, and compared sample quantiles with theoretical `qpois` quantiles. The workflow matches the rubric requirements.",The student correctly calculated the portfolio composition for 1 and 2 years. They also correctly computed the 20-year outcomes for good and risky loans using matrix powers (`%^%`). The results (76.5% and 19.6%) match the expected values.,The student used the provided template code correctly to generate the tibble comparing traditional and alternative covariance calculations. The conclusion that they are identical is correct and supported by the code output.,,,,
10,23,23,"The student performed well on the computational exercises (Q1, Q4, Q5, Q6), demonstrating strong coding skills with Markov chains and Monte Carlo methods. However, Q3 received zero points because it required a mathematical derivation which was replaced by code. Q2 had process issues in constructing the system matrix A, though the final answer was correct. Review the distinction between coding tasks and mathematical derivation tasks.",4.5,3.5,0,5,5,5,,,,,"Code correctly defines the transition matrix and computes the 6-month probability using a loop (valid alternative to %^%). The result (~75%) is accurate. Deducted 0.5 for not using the specific `%^%` operator requested in the rubric, though the logic is sound.","The stationary distribution calculation is correct (pi[1] ~ 0.23). However, the construction of matrix A is incorrect: the student manually entered values instead of computing `t(diag(2) - P)`, and the resulting matrix A has incorrect signs/values compared to the standard method. The second code chunk is empty. Deducted points for process fidelity regarding the construction of A.",The exercise requires a mathematical derivation showing the algebraic steps for the 4 cases. The student provided R code for a Metropolis-Hastings sampler instead of the required mathematical proof. No derivation is present.,"The student implemented the MH algorithm correctly using the provided `alpha` function, set the seed, ran 2000 iterations, and compared sample quantiles with theoretical quantiles (`qpois`). The workflow matches the rubric requirements perfectly.","The student correctly calculated the portfolio composition for 1 and 2 years. For the 20-year predictions, they correctly used matrix powers (`%^%`) and initial state vectors for both good and risky loans. The results (76.5% and 19.6%) are accurate.",The student used the provided template code correctly to generate the tibble comparing traditional and alternative covariance calculations. The markdown answer correctly concludes that the calculations are identical.,,,,
11,23,23,"The student demonstrated strong proficiency in Markov chain calculations (Ex1, Ex5) and covariance analysis (Ex6). However, significant points were lost in Ex3 due to providing code instead of the required mathematical derivation, and in Ex2 due to incorrect matrix definition and manual calculation steps. Several code blocks were set to `eval: false`, which hinders verification.",4.5,4,0,4.5,5,5,,,,,"Code correctly defines the transition matrix and computes the 6-month probability using a loop (valid alternative to %^%). The result (~74.85%) is accurate. Deducted 0.5 discretionary points because the code block has `eval: false`, preventing execution verification, and the loop approach is less efficient than the suggested matrix power method.","The stationary distribution is calculated correctly (~23%). However, the transition matrix P is defined incorrectly (rows do not sum to 1; it appears transposed or values are swapped). The matrix A for solving the system is constructed manually with hardcoded values rather than using the required `t(diag(2) - P)` workflow. Deducted 1 point for process fidelity issues and 0.5 for the incorrect P definition.",The exercise requires a mathematical derivation showing the algebraic steps for the 4 cases. The student provided R code for a Metropolis-Hastings sampler instead of the required mathematical proof. No credit for missing derivation.,"The MH algorithm is implemented correctly with proper initialization, proposal, and acceptance steps. Quantiles are compared as requested. Deducted 0.5 discretionary points because the code block has `eval: false` and uses a custom function wrapper rather than the inline loop structure suggested in the template, though the logic is sound.","All parts are completed correctly. The 1-year and 2-year portfolio compositions are calculated. The 20-year outcomes for good and risky loans are computed using matrix powers, yielding the correct percentages (~76.5% and ~19.6%). Code is clear and follows the rubric criteria.","The code correctly implements the covariance comparison using `purrr::map`, `dplyr::lead`, and `tidyr::unnest` as specified. The output table is generated correctly, and the conclusion that the calculations are identical is accurate.",,,,
12,23.5,23.5,"The student demonstrated strong proficiency in implementing Markov chain simulations and Metropolis-Hastings algorithms in R (Ex1, Ex4, Ex5, Ex6). However, significant points were lost in Ex3 due to providing code instead of the required mathematical derivation, and in Ex2 due to incomplete verification steps and manual matrix construction. Ensure you follow the specific methodological constraints (e.g., derivation vs code) in future labs.",4.5,4,0,5,5,5,,,,,"Code correctly defines the transition matrix and computes the 6-month probability using a loop (valid alternative to %^%). The result (~75%) is accurate. Deducted 0.5 for not using the specific `%^%` operator requested in the rubric, though the logic is sound.","The stationary distribution is calculated correctly (~23%). However, the construction of matrix A is manual and error-prone compared to the requested `t(diag(2)-P)` approach. Additionally, the second code chunk is empty, missing the verification steps (`pi %*% P - pi` and `sum(pi)`) required by the rubric.",The exercise requires a mathematical derivation showing the algebraic steps for the 4 cases. The student provided R code for a Metropolis-Hastings sampler instead of the required mathematical proof. No derivation is present.,"The student implemented the MH algorithm correctly using the provided `alpha` function, set the seed, ran 2000 iterations, and compared sample quantiles with theoretical `qpois` quantiles in a table. All criteria met.","The student correctly calculated the portfolio composition for 1 and 2 years. For the 20-year predictions, they correctly identified the initial states for good and risky loans and computed the probability of being paid in full (~76.5% and ~19.6%). The use of `P %*% (P %^% 19)` is a valid way to compute P^20.",The student used the provided template code correctly to generate the tibble comparing traditional and alternative covariance calculations. The conclusion that they are identical is correct and supported by the code output.,,,,
13,23.5,23.5,"The student demonstrated strong proficiency in Markov chain calculations and simulation workflows (Ex1, Ex4, Ex5, Ex6). However, significant points were lost in Ex3 due to providing code instead of the required mathematical derivation, and in Ex2 due to incomplete verification steps and manual matrix construction. Ensure you read the specific output requirements (derivation vs code) carefully.",4.5,4,0,5,5,5,,,,,"Code correctly defines the transition matrix and computes the 6-month probability using a loop (valid alternative to %^%). The result (~75%) is accurate. Deducted 0.5 for not using the specific `%^%` operator requested in the rubric, though the logic is sound.","The stationary distribution is calculated correctly (~23%). However, the construction of matrix A is manual and error-prone compared to the requested `t(diag(2)-P)` approach. Additionally, the second code chunk is empty, missing the verification steps (`pi %*% P - pi` and `sum(pi)`) required for full process fidelity.",The exercise requires a mathematical derivation showing the algebraic steps for the 4 cases. The student provided R code for a Metropolis-Hastings sampler instead of the requested proof. No derivation is present.,"The student implemented the MH algorithm correctly using the provided `alpha` function, initialized variables properly, and compared sample quantiles with theoretical `qpois` quantiles. The workflow matches the rubric requirements.","All four required calculations are present: 1-year and 2-year portfolio compositions, and 20-year outcomes for both good and risky loans. The results (76.5% and 19.6%) are accurate. The use of `%^%` and `%*%` is correct.","The code correctly implements the comparison between traditional covariance and the alternative difference-based formula using `purrr::map` and `dplyr::lead`. The output tibble structure is correct, and the conclusion that they are identical is accurate.",,,,
14,23.5,23.5,"The student demonstrated strong proficiency in Markov chain calculations and simulation workflows (Ex1, Ex4, Ex5, Ex6). However, significant points were lost in Ex3 due to providing code instead of the required mathematical derivation, and in Ex2 due to incomplete verification steps and manual matrix construction. Ensure you read the specific output requirements (derivation vs code) carefully.",4.5,4,0,5,5,5,,,,,"Code correctly defines the transition matrix and computes the 6-month probability using a loop (valid alternative to %^%). The result (~75%) is accurate. Deducted 0.5 for not using the specific `%^%` operator requested in the rubric, though the logic is sound.","The stationary distribution is calculated correctly (~23%). However, the construction of matrix A is manual and error-prone compared to the requested `t(diag(2)-P)` approach. Additionally, the second code chunk is empty, missing the verification steps (`pi %*% P - pi` and `sum(pi)`) required by the rubric.",The exercise requires a mathematical derivation showing the algebraic steps for the 4 cases. The student provided R code for a Metropolis-Hastings sampler instead of the requested proof. No derivation is present.,"The student implemented the MH algorithm correctly using the provided `alpha` function, set the seed, ran 2000 iterations, and compared sample quantiles with theoretical `qpois` quantiles. The output format is clear.","All four required calculations are present: 1-year and 2-year portfolio compositions, and 20-year outcomes for both good and risky loans. The results (76.5% and 19.6%) match the expected values. Code uses matrix multiplication and powers correctly.","The code correctly implements the requested workflow using `purrr::map`, `dplyr::lead`, and `tidyr::unnest` to compare traditional and alternative covariance calculations. The conclusion that they are identical is correct and supported by the code structure.",,,,
15,23.5,23.5,"The student demonstrated strong proficiency in implementing Markov chain simulations and Metropolis-Hastings algorithms in R (Ex1, Ex4, Ex5, Ex6). However, significant points were lost in Ex3 due to providing code instead of the required mathematical derivation, and in Ex2 due to incomplete verification steps and manual matrix construction. Ensure all parts of the prompt, especially mathematical proofs, are addressed.",4.5,4,0,5,5,5,,,,,"Code correctly defines the transition matrix and computes the 6-month probability using a loop (valid alternative to %^%). The result (~75%) is accurate. Deducted 0.5 for not using the specific `%^%` operator requested in the rubric, though the logic is sound.","The stationary distribution is calculated correctly (~23%). However, the construction of matrix A is manual and does not follow the requested process of using `t(diag(2) - P)`. Additionally, the second code chunk is empty, missing the verification steps (`pi %*% P - pi` and `sum(pi)`). Deducted 1 point for process fidelity and missing verification code.",The exercise requires a mathematical derivation showing the algebraic steps for the 4 cases. The student provided R code for a Metropolis-Hastings sampler instead of the required mathematical proof. No derivation is present.,"The student implemented the MH algorithm correctly using the provided `alpha` function, set the seed, ran 2000 iterations, and compared sample quantiles with theoretical `qpois` quantiles. The workflow matches the rubric requirements perfectly.","The student correctly calculated the portfolio composition for 1 and 2 years. For the 20-year predictions, they used matrix powers (`%^%`) and initial state vectors for both good and risky loans. The results (76.5% and 19.6%) are accurate. Note: One chunk used `P %*% (P %^% 19)` which is equivalent to `P %^% 20`.","The student used the provided template code correctly, which includes `set.seed`, `purrr::map`, `dplyr::lead`, and `tidyr::unnest`. The output tibble compares the two covariance methods, and the markdown conclusion correctly states they are identical.",,,,
16,23.5,23.5,"The student demonstrated strong proficiency in implementing Markov chain simulations and Metropolis-Hastings algorithms in R (Ex1, Ex4, Ex5, Ex6). However, significant points were lost in Ex3 due to providing code instead of the required mathematical derivation, and in Ex2 due to incomplete verification steps and manual matrix construction. Ensure all rubric requirements, especially regarding mathematical proofs and code verification, are met.",4.5,4,0,5,5,5,,,,,"Code correctly defines the transition matrix and computes the 6-month state probabilities using a loop (equivalent to matrix power). The final probability is calculated correctly (~75%). Deducted 0.5 for not using the specific `%^%` operator requested in the rubric, though the logic is sound.","The stationary distribution is calculated correctly (~23%). However, the construction of matrix A is manual and error-prone compared to the requested `t(diag(2) - P)` approach. Additionally, the second code chunk is empty, missing the verification steps (`pi %*% P - pi` and `sum(pi)`) required by the rubric.",The exercise requires a mathematical derivation showing the algebraic steps for the 4 cases of the acceptance probability. The student provided R code for a Metropolis-Hastings sampler instead of the required mathematical proof/derivation.,"The student implemented the MH algorithm correctly using the provided `alpha` function, initialized variables properly, and compared sample quantiles with theoretical quantiles using `qpois`. The output format matches the requirements.","All four required calculations are present: 1-year and 2-year portfolio compositions, and 20-year outcomes for both good and risky loans. The use of matrix powers and initial state vectors is correct, and the final percentages (~76.5% and ~19.6%) are accurate.","The code correctly implements the comparison between traditional covariance and the alternative difference-based formula using `purrr::map` and `dplyr::lead`. The output tibble is generated correctly, and the conclusion that the calculations are identical is stated clearly.",,,,
17,23.5,23.5,"The student demonstrated strong proficiency in R coding for Markov chains and Monte Carlo simulations (Ex1, Ex4, Ex5, Ex6). However, significant points were lost in Ex3 due to providing code instead of the required mathematical derivation, and in Ex2 due to incomplete verification steps and manual matrix construction. Ensure you read the specific output requirements (code vs. math) carefully.",4.5,4,0,5,5,5,,,,,"Code correctly defines the transition matrix and computes the 6-month probability using a loop (valid alternative to %^%). The result (~75%) is accurate. Deducted 0.5 for not using the specific `%^%` operator requested in the rubric, though the logic is sound.","The stationary distribution is calculated correctly (~23%). However, the construction of matrix A is manual and error-prone compared to the requested `t(diag(2)-P)` approach. Additionally, the second code chunk is empty, missing the verification steps (`pi %*% P - pi` and `sum(pi)`) required by the rubric.",The exercise requires a mathematical derivation showing the algebraic steps for the 4 cases. The student provided R code for a Metropolis-Hastings sampler instead of the required mathematical proof. No derivation is present.,"The student implemented the MH algorithm correctly using the provided `alpha` function, set the seed, ran 2000 iterations, and compared sample quantiles with theoretical `qpois` quantiles. The output format matches the requirements.","All four required calculations are present: 1-year and 2-year portfolio compositions, and 20-year outcomes for both good and risky loans. The code uses matrix multiplication and powers correctly, and the final percentages (76.5% and 19.6%) are accurate.","The code correctly implements the comparison between traditional covariance and the alternative difference-based formula using `purrr::map` and `dplyr::lead`. The output tibble is generated correctly, and the markdown conclusion accurately states that the calculations are identical.",,,,
18,23.5,23.5,"The student demonstrated strong proficiency in R coding for Markov chains and Monte Carlo simulations (Ex1, Ex4, Ex5, Ex6). However, significant points were lost in Ex3 due to providing code instead of the required mathematical derivation, and in Ex2 due to incomplete verification steps and manual matrix construction. Ensure you read the specific output requirements (code vs. math) carefully.",4.5,4,0,5,5,5,,,,,"Code correctly defines the transition matrix and computes the 6-month probability using a loop (valid alternative to %^%). The result (~75%) is accurate. Minor deduction for not using the specific `%^%` operator requested in the rubric, though the logic is sound.","The stationary distribution is calculated correctly (~23%). However, the construction of matrix A is manual and error-prone compared to the requested `t(diag(2)-P)` approach. Additionally, the second code chunk is empty, missing the verification steps (`pi %*% P - pi` and `sum(pi)`) explicitly required by the rubric.",The exercise requires a mathematical derivation showing the algebraic steps for the 4 cases. The student provided R code for a Metropolis-Hastings sampler instead of the required mathematical proof. No derivation is present.,"The student implemented the MH algorithm correctly using the provided `alpha` function, set the seed, ran 2000 iterations, and compared sample quantiles with theoretical `qpois` quantiles. The workflow matches the rubric requirements perfectly.","All four required calculations are present: 1-year and 2-year portfolio compositions, and 20-year outcomes for both good and risky loans. The results (76.5% and 19.6%) are accurate. The use of `%^%` and matrix multiplication is correct.","The code correctly implements the covariance comparison using `purrr::map`, `dplyr::lead`, and `tidyr::unnest` as specified. The output tibble structure is correct, and the conclusion that the calculations are identical is accurate.",,,,
19,23.5,23.5,"The student demonstrated strong proficiency in R coding for Markov chains and Monte Carlo simulations (Ex1, Ex4, Ex5, Ex6). However, significant points were lost in Ex3 due to providing code instead of the required mathematical derivation, and in Ex2 due to incomplete verification steps and manual matrix construction. Ensure you read the specific output requirements (code vs. math) carefully.",4.5,4,0,5,5,5,,,,,"Code correctly defines the transition matrix and computes the 6-month probability using a loop (valid alternative to %^%). The result (~75%) is accurate. Deducted 0.5 for not using the specific `%^%` operator requested in the rubric, though the logic is sound.","The stationary distribution is calculated correctly (~23%). However, the construction of matrix A is manual and error-prone compared to the requested `t(diag(2)-P)` approach. Additionally, the second code chunk is empty, missing the verification steps (`pi %*% P - pi` and `sum(pi)`) required by the rubric.",The exercise requires a mathematical derivation showing the algebraic steps for the 4 cases. The student provided R code for a Metropolis-Hastings sampler instead of the required mathematical proof. No derivation is present.,"The student implemented the MH algorithm correctly using the provided `alpha` function, set the seed, ran 2000 iterations, and compared sample quantiles with theoretical `qpois` quantiles. The workflow matches the rubric requirements perfectly.","All four required calculations are present: 1-year and 2-year portfolio compositions, and 20-year outcomes for both good and risky loans. The results (76.5% and 19.6%) are accurate. The use of `%^%` and `%*%` is correct.","The code correctly implements the covariance comparison using `purrr::map`, `dplyr::lead`, and `tidyr::unnest` as specified. The output tibble structure is correct, and the conclusion that the calculations are identical is accurate.",,,,
20,23.5,23.5,"The student demonstrated strong proficiency in R coding for Markov chains and Monte Carlo simulations (Ex1, Ex4, Ex5, Ex6). However, significant points were lost in Ex3 due to providing code instead of the required mathematical derivation, and in Ex2 due to incomplete verification steps and manual matrix construction. Ensure you read the specific output requirements (code vs. math) carefully.",4.5,4,0,5,5,5,,,,,"Code correctly defines the transition matrix and computes the 6-month probability using a loop (valid alternative to %^%). The result (~75%) is accurate. Deducted 0.5 for not using the specific `%^%` operator requested in the rubric, though the logic is sound.","The stationary distribution is calculated correctly (~23%). However, the construction of matrix A is manual and error-prone compared to the requested `t(diag(2)-P)` approach. Additionally, the second code chunk is empty, missing the verification steps (`pi %*% P - pi` and `sum(pi)`) explicitly required by the rubric.",The exercise requires a mathematical derivation showing the algebraic steps for the 4 cases. The student provided R code for a Metropolis-Hastings sampler instead of the required mathematical proof. No derivation is present.,"The student implemented the MH algorithm correctly using the provided `alpha` function, set the seed, ran 2000 iterations, and compared sample quantiles with theoretical `qpois` quantiles. The workflow matches the rubric requirements perfectly.","All four required calculations are present: 1-year and 2-year portfolio compositions, and 20-year outcomes for both good and risky loans. The results (76.5% and 19.6%) are accurate. The use of `%^%` and `%*%` is correct.","The code correctly implements the covariance comparison using `purrr::map`, `dplyr::lead`, and `tidyr::unnest` as specified. The output table is generated correctly, and the markdown conclusion accurately states that the calculations are identical.",,,,
21,23.5,23.5,"The student demonstrated strong proficiency in R coding for Markov chains and Monte Carlo simulations (Ex1, Ex4, Ex5, Ex6). However, significant points were lost on Ex3 due to providing code instead of the required mathematical derivation, and on Ex2 due to incomplete verification steps and manual matrix construction. Ensure you read the specific output requirements (code vs. math) carefully.",4.5,4,0,5,5,5,,,,,"Code correctly defines the transition matrix and computes the 6-month probability using a loop (valid alternative to %^%). The result (~75%) is accurate. Deducted 0.5 for not using the specific `%^%` operator requested in the rubric, though the logic is sound.","The stationary distribution is calculated correctly (~23%). However, the construction of matrix A is manual and error-prone compared to the requested `t(diag(2)-P)` approach. Additionally, the second code chunk is empty, missing the verification steps (`pi %*% P - pi` and `sum(pi)`) required for full process fidelity.",The exercise requires a mathematical derivation showing the algebraic steps for the 4 cases. The student provided R code for a Metropolis-Hastings sampler instead of the required mathematical proof. No derivation is present.,"The student implemented the MH algorithm correctly using the provided `alpha` function, set the seed, ran 2000 iterations, and compared sample quantiles with theoretical `qpois` quantiles. The workflow matches the rubric requirements perfectly.","All four required calculations are present: 1-year and 2-year portfolio compositions, and 20-year outcomes for both good and risky loans. The results (76.5% and 19.6%) are accurate. The use of `%^%` and `%*%` is correct.","The code correctly implements the covariance comparison using `purrr::map`, `dplyr::lead`, and `tidyr::unnest` as specified. The output tibble structure is correct, and the conclusion that the calculations are identical is accurate.",,,,
22,22.5,22.5,"The student demonstrated strong proficiency in Markov chain calculations and simulation workflows (Ex1, Ex4, Ex5, Ex6). However, significant points were lost in Ex3 due to providing code instead of the required mathematical derivation, and in Ex2 due to incomplete verification steps and manual matrix construction. Ensure all rubric-specific requirements (like derivation vs code) are met.",4.5,3.5,0,4.5,5,5,,,,,"Code correctly defines the transition matrix and computes the 6-month probability using a loop (valid alternative to %^%). The result (~75%) is accurate. Deducted 0.5 for not using the specific `%^%` operator requested in the rubric, though the logic is sound.","The stationary distribution is calculated correctly (pi[1] ≈ 0.23). However, the construction of matrix A is manual and error-prone compared to the requested `t(diag(2)-P)` approach. Additionally, the second code chunk is empty, missing the verification steps (`pi %*% P - pi` and `sum(pi)`) explicitly required by the rubric.",The exercise requires a mathematical derivation showing the algebraic steps for the 4 cases. The student provided R code for an MH sampler instead of the required mathematical proof. No derivation is present.,"The MH algorithm is implemented correctly with proper initialization and acceptance logic. The comparison of sample vs theoretical quantiles is present. Deducted 0.5 because the output is a data.frame rather than the requested tibble, and the seed used (42) differs from the starter template (8740), though this does not affect correctness.","All parts are completed correctly. The 1-year and 2-year portfolio compositions are calculated. The 20-year outcomes for good and risky loans are computed using matrix powers, yielding the correct percentages (~76.5% and ~19.6%). Code is clear and follows the workflow.",The code correctly implements the traditional and alternative covariance calculations using the tidyverse workflow as requested. The results are unnested into a tibble. The conclusion that the calculations are identical is correct and well-supported by the code output.,,,,
23,23.5,23.5,"The student demonstrated strong proficiency in R coding for Markov chains and Monte Carlo simulations (Ex1, Ex4, Ex5, Ex6). However, Ex3 was failed because it required a mathematical derivation, not code. Ex2 received partial credit due to non-standard matrix construction and unused code chunks. Ensure you read the specific output requirements (derivation vs code) carefully.",4.5,4,0,5,5,5,,,,,"Code correctly defines the transition matrix and computes the 6-month probability using a loop (valid alternative to %^%). The result (~75%) is accurate. Deducted 0.5 for not using the specific `%^%` operator requested in the rubric, though the logic is sound.","The stationary distribution is calculated correctly (~23%). However, the construction of matrix A is manual and error-prone compared to the requested `t(diag(2)-P)` approach. Additionally, the second code chunk is empty/unused, indicating incomplete cleanup. Deducted 1 point for process fidelity regarding the specific matrix construction method.",The exercise requires a mathematical derivation showing the algebraic steps for the 4 cases. The student provided R code for a Metropolis-Hastings sampler instead of the required mathematical proof. No derivation is present.,"The student implemented the MH algorithm correctly using the provided `alpha` function, set the seed, ran 2000 iterations, and compared sample quantiles with theoretical `qpois` quantiles. The output format is a data frame, which is acceptable.","All parts of the exercise are completed. The student calculated the 1-year and 2-year portfolio compositions, and the 20-year outcomes for both good and risky loans. The results (76.5% and 19.6%) match the expected values. The use of `%^%` and `%*%` is correct.","The code correctly implements the covariance comparison using `purrr::map`, `dplyr::lead`, and `tidyr::unnest` as requested. The final markdown answer correctly states that the calculations are identical.",,,,
24,22.5,22.5,"The student demonstrated strong proficiency in Markov chain calculations and simulation workflows (Ex1, Ex4, Ex5, Ex6). However, significant points were lost in Ex3 due to providing code instead of the required mathematical derivation, and in Ex2 due to incomplete verification steps and manual matrix construction. Ensure all rubric-specific requirements (like derivation steps and specific operators) are followed.",4.5,3.5,0,4.5,5,5,,,,,"Code correctly defines the transition matrix and computes the 6-month probability using a loop (valid alternative to %^%). The result (~75%) is accurate. Deduction for not using the specific `%^%` operator requested in the rubric, though the logic is sound.","The stationary distribution is calculated correctly (pi[1] ≈ 0.23). However, the construction of matrix A is manual and error-prone compared to the requested `t(diag(2)-P)` approach. Additionally, the second code chunk is empty, missing the verification steps (`pi %*% P - pi` and `sum(pi)`) required by the rubric.",The exercise requires a mathematical derivation showing the algebraic steps for the 4 cases. The student provided R code for a Metropolis-Hastings sampler instead of the required mathematical proof. No derivation is present.,"The MH algorithm is implemented correctly with proper initialization and acceptance logic. The comparison of sample vs theoretical quantiles is present. Minor deduction for using `set.seed(42)` instead of the specified `8740`, though this does not affect the correctness of the workflow.","All parts of the exercise are completed correctly. The code calculates the 1-year and 2-year portfolio compositions, as well as the 20-year outcomes for good and risky loans. The results match the expected values (76.5% and 19.6%). The use of `%^%` is correct.","The code correctly implements the covariance comparison using `purrr::map` and `dplyr::lead` as requested. The output tibble is generated correctly, and the markdown conclusion accurately states that the calculations are identical.",,,,
25,23,23,"The student demonstrated strong proficiency in Markov chain calculations and covariance implementations (Ex1, Ex5, Ex6). However, significant points were lost on Ex3 due to providing code instead of the required mathematical derivation, and on Ex2 due to manual matrix construction and empty code chunks. Ensure all code blocks are set to `eval: true` for grading purposes.",4.5,4,0,4.5,5,5,,,,,"Code correctly defines the transition matrix and computes the 6-month probability using a loop (valid alternative to %^%). The result (~75%) is accurate. Deducted 0.5 discretionary points because the code block has `eval: false`, preventing execution verification, and the loop approach is less efficient than the matrix power method suggested in the rubric.","The stationary distribution is calculated correctly (~23%). However, the construction of matrix A is manual and error-prone compared to the robust `t(diag(2)-P)` method. Additionally, the second code chunk is empty, and the first chunk has `eval: false`. Deducted 1 point for process fidelity (manual matrix entry) and 0.5 for execution flags/empty chunks.",The exercise requires a mathematical derivation showing the algebraic steps for the 4 cases. The student provided R code for a Metropolis-Hastings sampler instead of the required derivation. No credit for missing markdown derivation.,"The MH algorithm is implemented correctly with proper initialization, proposal, and acceptance steps. Quantiles are compared as requested. Deducted 0.5 discretionary points because the code block has `eval: false`, preventing execution verification.","All parts of the exercise are completed correctly. The 1-year and 2-year compositions are calculated, and the 20-year outcomes for good and risky loans are accurate (~76.5% and ~19.6%). Code is clear and uses appropriate matrix operations.",The code correctly implements the alternative covariance calculation using `purrr::map` and `dplyr::lead`. The results are unnested into a tibble as required. The conclusion that the calculations are identical is correct.,,,,
26,23.5,23.5,"The student demonstrated strong proficiency in R coding for Markov chains and Monte Carlo simulations (Ex1, Ex4, Ex5, Ex6). However, significant points were lost in Ex3 due to providing code instead of the required mathematical derivation, and in Ex2 due to incomplete verification steps and manual matrix construction. Ensure you read the specific output requirements (code vs. math) carefully.",4.5,4,0,5,5,5,,,,,"Code correctly defines the transition matrix and computes the 6-month probability using a loop (valid alternative to %^%). The result (~75%) is accurate. Deducted 0.5 for not using the specific `%^%` operator requested in the rubric, though the logic is sound.","The stationary distribution is calculated correctly (~23%). However, the construction of matrix A is manual and error-prone compared to the requested `t(diag(2)-P)` approach. Additionally, the second code chunk is empty, missing the verification steps (`pi %*% P - pi` and `sum(pi)`) required by the rubric.",The exercise requires a mathematical derivation showing the algebraic steps for the 4 cases. The student provided R code for a Metropolis-Hastings sampler instead of the required mathematical proof. No derivation is present.,"The student correctly implemented the MH algorithm using the provided `alpha` function, set the seed, ran 2000 iterations, and compared sample quantiles with theoretical `qpois` quantiles. The workflow matches the rubric requirements perfectly.","All four required calculations are present: 1-year and 2-year portfolio compositions, and 20-year outcomes for both good and risky loans. The results (76.5% and 19.6%) are accurate. The use of `%^%` and `%*%` is correct.","The code correctly implements the covariance comparison using `purrr::map`, `dplyr::lead`, and `tidyr::unnest` as specified. The output table is generated correctly, and the markdown conclusion accurately states that the calculations are identical.",,,,
27,23.5,23.5,"The student performed well on the coding exercises (Q1, Q4, Q5, Q6), demonstrating strong proficiency with Markov chains and the tidyverse. However, Q3 received zero points because it required a mathematical derivation which was replaced by code. Q2 lost points for missing verification steps and incomplete code chunks. Ensure all parts of the prompt, especially mathematical derivations, are addressed.",4.5,4,0,5,5,5,,,,,"Code correctly defines the transition matrix and computes the 6-month probability using a loop (valid alternative to %^%). The result (~75%) is accurate. Minor deduction for not using the specific `%^%` operator requested in the rubric, though the logic is sound.","The stationary distribution is calculated correctly (~23%). However, the construction of matrix A is manual and error-prone compared to the requested `t(diag(2)-P)` approach. Additionally, the second code chunk is empty, missing the verification steps (`pi %*% P - pi` and `sum(pi)`) required by the rubric.",The exercise requires a mathematical derivation showing the algebraic steps for the 4 cases. The student provided R code for a Metropolis-Hastings sampler instead of the required mathematical proof. No derivation is present.,"The student implemented the MH algorithm correctly using the provided `alpha` function, set the seed, ran 2000 iterations, and compared sample quantiles with theoretical `qpois` quantiles. The workflow matches the rubric requirements perfectly.","All four required calculations are present: 1-year and 2-year portfolio compositions, and 20-year outcomes for both good and risky loans. The results (76.5% and 19.6%) are accurate. The use of `%^%` and `%*%` is correct.","The code correctly implements the covariance comparison using `purrr::map`, `dplyr::lead`, and `tidyr::unnest` as specified. The final markdown answer correctly states that the calculations are identical.",,,,
28,23.5,23.5,"The student demonstrated strong proficiency in R coding for Markov chains and Monte Carlo simulations (Ex1, Ex4, Ex5, Ex6). However, significant points were lost in Ex3 due to providing code instead of the required mathematical derivation, and in Ex2 due to incomplete verification steps and manual matrix construction. Ensure you read the specific output requirements (code vs. math) carefully.",4.5,4,0,5,5,5,,,,,"Code correctly defines the transition matrix and computes the 6-month probability using a loop (equivalent to matrix power). The result (~75%) is accurate. Deducted 0.5 for not using the specific `%^%` operator requested in the rubric, though the logic is sound.","The stationary distribution is calculated correctly (~23%). However, the construction of matrix A is manual and error-prone compared to the requested `t(diag(2)-P)` approach. Additionally, the second code chunk is empty, missing the verification steps (`pi %*% P - pi` and `sum(pi)`) required by the rubric.",The exercise requires a mathematical derivation showing the algebraic steps for the 4 cases. The student provided R code for a Metropolis-Hastings sampler instead of the required mathematical proof. No derivation is present.,"The student implemented the MH algorithm correctly using the provided `alpha` function, set the seed, ran 2000 iterations, and compared sample quantiles with theoretical `qpois` quantiles in a table. All criteria met.","The student correctly calculated the portfolio composition for 1 and 2 years. They also correctly computed the 20-year outcomes for good and risky loans using matrix powers (`%^%`), obtaining the expected results (~76.5% and ~19.6%). All criteria met.",The student used the provided template code correctly to generate the tibble comparing traditional and alternative covariance calculations. The markdown answer correctly states that the calculations are identical. All criteria met.,,,,
29,23.5,23.5,"The student demonstrated strong proficiency in R coding for Markov chains and Monte Carlo simulations (Ex1, Ex4, Ex5, Ex6). However, significant points were lost in Ex3 due to providing code instead of the required mathematical derivation, and in Ex2 due to incomplete verification steps and manual matrix construction. Ensure you read the specific output requirements (code vs. math) carefully.",4.5,4,0,5,5,5,,,,,"Code correctly defines the transition matrix and computes the 6-month state probabilities using a loop (equivalent to matrix power). The final probability is calculated correctly (~75%). Deducted 0.5 for not using the specific `%^%` operator requested in the rubric, though the logic is sound.","The stationary distribution is calculated correctly (~23%). However, the construction of matrix A is manual and error-prone compared to the requested `t(diag(2) - P)` approach. Additionally, the second code chunk is empty, missing the verification steps (`pi %*% P - pi` and `sum(pi)`) required by the rubric.",The exercise requires a mathematical derivation showing the algebraic steps for the 4 cases of the acceptance probability. The student provided R code for a Metropolis-Hastings sampler instead of the required mathematical proof/derivation.,"The student correctly implemented the MH algorithm using the provided `alpha` function, set the seed, ran 2000 iterations, and compared sample quantiles with theoretical `qpois` quantiles. The output format matches the requirements.","All parts of the exercise are completed correctly. The student calculated the 1-year and 2-year portfolio compositions, and the 20-year outcomes for both good and risky loans. The results (76.5% and 19.6%) match the expected values.","The student correctly implemented the covariance comparison using `purrr::map`, `dplyr::lead`, and `tidyr::unnest` as requested. The code produces the expected tibble comparing traditional and alternative covariance calculations, and the conclusion is correct.",,,,
30,23.5,23.5,"The student performed well on the computational exercises (Q1, Q4, Q5, Q6), demonstrating strong coding skills with Markov chains and simulation. However, Q3 received zero points because it required a mathematical derivation which was replaced by code. Q2 lost points for missing verification steps and incomplete code chunks. Ensure all parts of the prompt, especially mathematical proofs, are addressed.",4.5,4,0,5,5,5,,,,,"Code correctly defines the transition matrix and computes the 6-month probability using a loop (valid alternative to %^%). The result (~75%) is accurate. Deducted 0.5 for not using the specific `%^%` operator requested in the rubric, though the logic is sound.","The stationary distribution is calculated correctly (~23%). However, the construction of matrix A is manual and error-prone compared to the requested `t(diag(2)-P)` approach. Additionally, the second code chunk is empty, missing the verification steps (`pi %*% P - pi` and `sum(pi)`) required by the rubric.",The exercise requires a mathematical derivation showing the algebraic steps for the 4 cases. The student provided R code for an MH sampler instead of the required mathematical proof. No derivation is present.,"The student implemented the MH algorithm correctly using the provided `alpha` function, set the seed, ran 2000 iterations, and compared sample quantiles with theoretical `qpois` quantiles. The output format is a data frame, which is acceptable.","All four required calculations are present: 1-year and 2-year portfolio compositions, and 20-year outcomes for both good and risky loans. The results (76.5% and 19.6%) match the expected values. Code uses matrix multiplication and powers correctly.","The code correctly implements the covariance comparison using `purrr::map`, `dplyr::lead`, and `tidyr::unnest` as specified. The final markdown answer correctly states that the calculations are identical.",,,,
31,23.5,23.5,"The student demonstrated strong proficiency in implementing Markov chain simulations and Metropolis-Hastings algorithms in R (Ex1, Ex4, Ex5, Ex6). However, significant points were lost in Ex3 due to providing code instead of the required mathematical derivation, and in Ex2 for incomplete verification steps and manual matrix construction. Ensure you read the specific output requirements (derivation vs code) carefully.",4.5,4,0,5,5,5,,,,,"Code correctly defines the transition matrix and computes the 6-month probability using a loop (valid alternative to %^%). The result (~75%) is accurate. Deducted 0.5 for not using the specific `%^%` operator requested in the rubric, though the logic is sound.","The stationary distribution is calculated correctly (~23%). However, the construction of matrix A is manual and error-prone compared to the requested `t(diag(2)-P)` approach. Additionally, the second code chunk is empty, missing the verification steps (`pi %*% P - pi` and `sum(pi)`) required by the rubric.",The exercise requires a mathematical derivation showing the algebraic steps for the 4 cases. The student provided R code for a Metropolis-Hastings sampler instead of the required mathematical proof. No derivation is present.,"The student implemented the MH algorithm correctly using the provided `alpha` function, set the seed, ran 2000 iterations, and compared sample quantiles with theoretical `qpois` quantiles in a table. All criteria met.","The student correctly calculated the portfolio composition for 1 and 2 years. For the 20-year predictions, they correctly identified the initial states for good and risky loans and computed the final probabilities (~76.5% and ~19.6%). The use of `P %*% (P %^% 19)` is a valid way to compute P^20.",The student used the provided template code correctly to generate the tibble comparing traditional and alternative covariance calculations. The conclusion that they are identical is correct and supported by the code output.,,,,
32,23.5,23.5,"The student demonstrated strong proficiency in R coding for Markov chains and Monte Carlo simulations (Ex1, Ex4, Ex5, Ex6). However, significant points were lost on Ex3 due to providing code instead of the required mathematical derivation, and on Ex2 for incomplete verification steps. Ensure you read the specific output requirements (code vs. math) carefully.",4.5,4,0,5,5,5,,,,,"Code correctly defines the transition matrix and computes the 6-month probability using a loop (valid alternative to %^%). The result (~75%) is accurate. Minor deduction for not using the specific `%^%` operator requested in the rubric, though the logic is sound.","The stationary distribution is calculated correctly (~23%). However, the construction of matrix A is manual and error-prone compared to the requested `t(diag(2)-P)` approach. Additionally, the second code chunk is empty, missing the verification steps (`pi %*% P - pi` and `sum(pi)`) explicitly required by the rubric.",The exercise requires a mathematical derivation showing the algebraic steps for the 4 cases. The student provided R code for a Metropolis-Hastings sampler instead of the required mathematical proof. No derivation is present.,"The student implemented the MH algorithm correctly using the provided `alpha` function, set the seed, ran 2000 iterations, and compared sample quantiles with theoretical `qpois` quantiles. The workflow matches the rubric requirements perfectly.","All four required calculations are present: 1-year and 2-year portfolio compositions, and 20-year outcomes for both good and risky loans. The results (76.5% and 19.6%) are accurate. The use of `%^%` and matrix multiplication is correct.","The code correctly implements the covariance comparison using `purrr::map`, `dplyr::lead`, and `tidyr::unnest` as specified. The output tibble structure is correct, and the conclusion that the calculations are identical is accurate.",,,,
33,23,23,"The student demonstrated strong coding skills in Exercises 1, 4, 5, and 6, correctly implementing Markov chain operations and the Metropolis-Hastings algorithm. Exercise 2 had minor process issues in constructing the linear system matrix. Exercise 3 received zero points because the student provided code instead of the required mathematical derivation. Ensure you read the specific output requirements (code vs. derivation) carefully.",4.5,3.5,0,5,5,5,,,,,"Code correctly defines the transition matrix and computes the 6-month probability using a loop (valid alternative to %^%). The result (~75%) is accurate. Deducted 0.5 for not using the specific `%^%` operator requested in the rubric, though the logic is sound.","The stationary distribution calculation is correct (pi[1] ≈ 0.23). However, the construction of matrix A is incorrect: the student manually entered values instead of computing `t(diag(2) - P)`, and the resulting matrix A has incorrect signs/values compared to the standard method. The second code chunk is empty. Deducted points for process fidelity regarding the construction of A.",The exercise requires a mathematical derivation showing the algebraic steps for the 4 cases. The student provided R code for a Metropolis-Hastings sampler instead of the required derivation. No markdown derivation is present.,"The student implemented the MH algorithm correctly using the provided `alpha` function, set the seed, ran 2000 iterations, and compared sample quantiles with theoretical quantiles using `qpois`. The output format is a data frame, which is acceptable.","The student correctly calculated the portfolio composition for 1 and 2 years. For the 20-year predictions, they correctly identified the initial states for good and risky loans and computed the final probabilities (~76.5% and ~19.6%). The use of `P %*% (P %^% 19)` is a valid way to compute P^20.",The student used the provided template code correctly to generate the tibble comparing traditional and alternative covariance calculations. The conclusion that they are identical is correct and clearly stated.,,,,
34,23.5,23.5,"The student performed well on the coding exercises (Q1, Q4, Q5, Q6) and partially on Q2. The major deduction comes from Q3, where a mathematical derivation was required but code was provided instead. Q2 lost points for missing verification steps and not following the specific matrix construction instructions.",4.5,4,0,5,5,5,,,,,"Code correctly defines the transition matrix and computes the 6-month probability using a loop (valid alternative to %^%). The result (~75%) is accurate. Deducted 0.5 for not using the specific `%^%` operator requested in the rubric, though the logic is sound.","The stationary distribution is calculated correctly (~23%). However, the construction of matrix A is manual and does not follow the requested process of using `t(diag(2) - P)`. Additionally, the second code chunk is empty, missing the verification steps (`pi %*% P - pi` and `sum(pi)`) required by the rubric.",The exercise requires a mathematical derivation showing the algebraic steps for the 4 cases. The student provided R code for a Metropolis-Hastings sampler instead of the required mathematical proof. No derivation is present.,"The student implemented the MH algorithm correctly using the provided `alpha` function, set the seed, ran 2000 iterations, and compared sample quantiles with theoretical `qpois` quantiles. The output format is a data frame, which is acceptable.","All parts of the exercise are completed correctly. The student calculated the 1-year and 2-year portfolio compositions, and the 20-year outcomes for both good and risky loans. The results (76.5% and 19.6%) match the expected values.","The code correctly implements the covariance comparison using `purrr::map`, `dplyr::lead`, and `tidyr::unnest` as specified. The final markdown answer correctly states that the calculations are identical.",,,,
35,23.5,23.5,"The student performed well on the computational exercises (Q1, Q4, Q5, Q6), demonstrating strong coding skills with Markov chains and Monte Carlo methods. However, Q3 received zero points because it required a mathematical derivation which was replaced by code. Q2 lost points for missing verification steps and incomplete code chunks. Ensure all parts of the prompt, especially mathematical derivations, are addressed.",4.5,4,0,5,5,5,,,,,"Code correctly defines the transition matrix and computes the 6-month probability using a loop (valid alternative to %^%). The result (~75%) is accurate. Deducted 0.5 for not using the specific `%^%` operator requested in the rubric, though the logic is sound.","The stationary distribution is calculated correctly (~23%). However, the construction of matrix A is manual and error-prone compared to the requested `t(diag(2)-P)` approach. Additionally, the second code chunk is empty, missing the verification steps (`pi %*% P - pi` and `sum(pi)`) explicitly required by the rubric.",The exercise requires a mathematical derivation showing the algebraic steps for the 4 cases. The student provided R code for a Metropolis-Hastings sampler instead of the required mathematical proof. No derivation is present.,"The student implemented the MH algorithm correctly using the provided `alpha` function, set the seed, ran 2000 iterations, and compared sample quantiles with theoretical `qpois` quantiles. The output format matches the requirements.","All four required calculations are present: 1-year and 2-year portfolio compositions, and 20-year outcomes for both good and risky loans. The results (76.5% and 19.6%) are accurate. The use of `%^%` and `%*%` is correct.","The code correctly implements the covariance comparison using `purrr::map`, `dplyr::lead`, and `tidyr::unnest` as specified. The final markdown answer correctly states that the calculations are identical.",,,,
36,23.5,23.5,"The student demonstrated strong proficiency in R coding for Markov chains and Monte Carlo simulations (Ex1, Ex4, Ex5, Ex6). However, significant points were lost on Ex3 due to providing code instead of the required mathematical derivation, and on Ex2 due to incomplete verification steps and manual matrix construction. Ensure you read the specific output requirements (code vs. math) carefully.",4.5,4,0,5,5,5,,,,,"Code correctly defines the transition matrix and computes the 6-month probability using a loop (valid alternative to %^%). The result (~75%) is accurate. Deducted 0.5 for not using the specific `%^%` operator requested in the rubric, though the logic is sound.","The stationary distribution is calculated correctly (~23%). However, the construction of matrix A is manual and error-prone compared to the requested `t(diag(2)-P)` approach. Additionally, the second code chunk is empty, missing the verification steps (`pi %*% P - pi` and `sum(pi)`) required by the rubric.",The exercise requires a mathematical derivation showing the algebraic steps for the 4 cases. The student provided R code for a Metropolis-Hastings sampler instead of the required mathematical proof. No derivation is present.,"The student implemented the MH algorithm correctly using the provided `alpha` function, set the seed, ran 2000 iterations, and compared sample quantiles with theoretical `qpois` quantiles. The output format matches the requirements.","All four required calculations are present: 1-year and 2-year portfolio compositions, and 20-year outcomes for both good and risky loans. The results (76.5% and 19.6%) are accurate. The use of `%^%` and `%*%` is correct.","The code correctly implements the covariance comparison using `purrr::map`, `dplyr::lead`, and `tidyr::unnest` as specified. The final markdown answer correctly states that the calculations are identical.",,,,
37,23.5,23.5,"The student demonstrated strong proficiency in R coding for Markov chains and Monte Carlo simulations (Ex1, Ex4, Ex5, Ex6). However, significant points were lost in Ex3 due to providing code instead of the required mathematical derivation, and in Ex2 due to incomplete verification steps and manual matrix construction. Ensure you read the specific output requirements (code vs. math) carefully.",4.5,4,0,5,5,5,,,,,"Code correctly defines the transition matrix and computes the 6-month probability using a loop (valid alternative to %^%). The result (~75%) is accurate. Deducted 0.5 for not using the specific `%^%` operator requested in the rubric, though the logic is sound.","The stationary distribution is calculated correctly (~23%). However, the construction of matrix A is manual and error-prone compared to the requested `t(diag(2)-P)` approach. Additionally, the second code chunk is empty, missing the verification steps (`pi %*% P - pi` and `sum(pi)`) explicitly required by the rubric.",The exercise requires a mathematical derivation showing the algebraic steps for the 4 cases. The student provided R code for a Metropolis-Hastings sampler instead of the required mathematical proof. No derivation is present.,"The student implemented the MH algorithm correctly using the provided `alpha` function, set the seed, ran 2000 iterations, and compared sample quantiles with theoretical `qpois` quantiles. The workflow matches the rubric requirements perfectly.","All four required calculations are present: 1-year and 2-year portfolio compositions, and 20-year outcomes for both good and risky loans. The results (76.5% and 19.6%) are accurate. The use of `%^%` and `%*%` is correct.","The code correctly implements the covariance comparison using `purrr::map`, `dplyr::lead`, and `tidyr::unnest` as specified. The output tibble structure is correct, and the conclusion that the calculations are identical is accurate.",,,,
38,23.5,23.5,"The student demonstrated strong proficiency in R coding for Markov chains and Monte Carlo simulations (Ex1, Ex4, Ex5, Ex6). However, significant points were lost in Ex3 due to providing code instead of the required mathematical derivation, and in Ex2 due to incomplete verification steps and manual matrix construction. Ensure you read the specific output requirements (code vs. math) carefully.",4.5,4,0,5,5,5,,,,,"Code correctly defines the transition matrix and computes the 6-month state probabilities using a loop (equivalent to matrix power). The final probability is calculated correctly (~75%). Deducted 0.5 for not using the specific `%^%` operator requested in the rubric, though the logic is sound.","The stationary distribution is calculated correctly (~23%). However, the construction of matrix A is manual and error-prone compared to the requested `t(diag(2) - P)` approach. Additionally, the second code chunk is empty, missing the verification steps (`pi %*% P - pi` and `sum(pi)`) required by the rubric.",The exercise requires a mathematical derivation showing the algebraic steps for the 4 cases. The student provided R code for a Metropolis-Hastings sampler instead of the required mathematical proof. No derivation is present.,"The student implemented the MH algorithm correctly using the provided `alpha` function, set the seed, ran 2000 iterations, and compared sample quantiles with theoretical `qpois` quantiles. The output format matches the requirements.","All four required calculations are present: 1-year and 2-year portfolio compositions, and 20-year outcomes for both good and risky loans. The code uses matrix multiplication and powers correctly. The final percentages (~76.5% and ~19.6%) are accurate.","The code correctly implements the comparison between traditional covariance and the alternative difference-based formula using `purrr::map` and `dplyr::lead`. The output tibble is generated correctly, and the markdown conclusion accurately states that the calculations are identical.",,,,
39,23.5,23.5,"The student demonstrated strong proficiency in R coding for Markov chains and Monte Carlo simulations (Ex1, Ex4, Ex5, Ex6). However, Ex3 was failed because it required a mathematical derivation, not code. Ex2 received partial credit due to manual matrix construction and leftover empty code chunks. Ensure you read the specific output requirements (derivation vs code) carefully.",4.5,4,0,5,5,5,,,,,"Code correctly defines the transition matrix and computes the 6-month probability using a loop (valid alternative to %^%). The result (~75%) is accurate. Deducted 0.5 for not using the specific `%^%` operator requested in the rubric, though the logic is sound.","The stationary distribution is calculated correctly (~23%). However, the construction of matrix A is manual and error-prone compared to the requested `t(diag(2)-P)` approach. Additionally, the second code chunk is empty/unused, indicating incomplete cleanup of the template. Deducted 1 point for process fidelity and sloppiness.",The exercise requires a mathematical derivation showing the algebraic steps for the 4 cases. The student provided R code for a Metropolis-Hastings sampler instead of the required proof. No derivation is present.,"The student implemented the MH algorithm correctly using the provided `alpha` function, set the seed, ran 2000 iterations, and compared sample quantiles with theoretical `qpois` quantiles. The output format is a data frame, which is acceptable.","All parts of the exercise are completed correctly. The student calculated the 1-year and 2-year portfolio compositions, and the 20-year outcomes for both good and risky loans. The results match the expected values (76.5% and 19.6%). Note: One chunk used `P %*% (P %^% 19)` which is mathematically equivalent to `P %^% 20`.","The student correctly implemented the covariance comparison using `purrr::map`, `dplyr::lead`, and `tidyr::unnest` as requested. The code structure matches the solution template, and the conclusion that the calculations are identical is correct.",,,,
40,23,23,"The student demonstrated strong proficiency in Markov chain calculations and covariance implementations (Ex1, Ex5, Ex6). However, significant points were lost on Ex3 due to providing code instead of the required mathematical derivation, and on Ex2/Ex4 due to `eval: false` flags and deviations from the specific process steps requested in the rubric. Ensure code blocks are executable and follow the specified workflow.",4.5,4,0,4.5,5,5,,,,,"Code correctly defines the transition matrix and computes the 6-month probability using a loop (valid alternative to %^%). The result (~75%) is accurate. Deducted 0.5 discretionary points because the code block has `eval: false`, preventing execution verification, and the loop approach is less efficient than the requested matrix power operator.","The stationary distribution is calculated correctly (~23%). However, the construction of matrix A is manual and error-prone compared to the requested `t(diag(2)-P)` approach. Additionally, the second code chunk is empty, and the first chunk has `eval: false`. Deducted 1 point for process fidelity (manual matrix entry) and 0.5 for execution flags/empty chunks.",The exercise requires a mathematical derivation showing the algebraic steps for the 4 cases. The student provided R code for a Metropolis-Hastings sampler instead of the required derivation. No credit for missing markdown derivation.,"The MH algorithm is implemented correctly with proper initialization, proposal, and acceptance steps. Quantiles are compared as requested. Deducted 0.5 discretionary points because the code block has `eval: false` and uses a custom function wrapper rather than the inline loop structure suggested by the template, though the logic is sound.",All parts of the exercise are completed correctly. The 1-year and 2-year compositions are calculated. The 20-year outcomes for good and risky loans are computed using matrix powers (`%^%` or equivalent) and match the expected values (~76.5% and ~19.6%). Code is clear and follows the process.,The code correctly implements the traditional and alternative covariance calculations using `purrr::map` and `dplyr::lead` as requested. The results are unnested into a tibble. The markdown conclusion correctly states that the calculations are identical. Full credit.,,,,
41,23,23,"The student performed well on the computational exercises (Q1, Q4, Q5, Q6), demonstrating strong coding skills with Markov chains and simulation. However, Q3 received zero points because it required a mathematical derivation which was replaced by code. Q2 lost points due to incorrect manual construction of the linear system matrix instead of using the prescribed formula. Ensure you follow the specific methodological instructions (e.g., derivation vs code) in future labs.",4.5,3.5,0,5,5,5,,,,,"Code correctly defines the transition matrix and computes the 6-month probability using a loop (valid alternative to %^%). The result (~75%) is accurate. Deducted 0.5 for not using the specific `%^%` operator requested in the rubric, though the logic is sound.","The stationary distribution calculation is correct (pi[1] ≈ 0.23). However, the construction of matrix A is incorrect: the student manually entered values instead of computing `t(diag(2) - P)`, and the resulting matrix A has incorrect signs/structure compared to the standard method. The second code chunk is empty. Deducted points for process fidelity regarding the construction of A.",The exercise requires a mathematical derivation showing the algebraic steps for the 4 cases. The student provided R code for an MH sampler instead of the required derivation. No markdown derivation is present.,"The student implemented the MH algorithm correctly using the provided `alpha` function, set the seed, ran 2000 iterations, and compared sample quantiles with theoretical quantiles using `qpois`. The output format is a data frame, which is acceptable.","The student correctly calculated the portfolio composition for 1 and 2 years. For the 20-year predictions, they correctly used matrix powers (`%^%`) and initial state vectors for both good and risky loans. The results (76.5% and 19.6%) match the expected values.",The student used the provided template code correctly to generate the tibble comparing traditional and alternative covariance calculations. The markdown answer correctly states that the calculations are identical.,,,,
42,23.5,23.5,"The student demonstrated strong proficiency in R coding for Markov chains and Monte Carlo simulations (Ex1, Ex4, Ex5, Ex6). However, significant points were lost on Exercise 3 because the mathematical derivation was replaced with code, and Exercise 2 had incomplete template usage. Ensure that mathematical derivation questions are answered with math, not code.",4.5,4,0,5,5,5,,,,,"Code correctly defines the transition matrix and computes the 6-month state probabilities using a loop (valid alternative to %^%). The final probability is calculated correctly. Minor deduction for not using the specific `%^%` operator requested in the rubric, though the logic is sound.","The stationary distribution is calculated correctly. However, the construction of matrix A is manual and error-prone compared to the requested `t(diag(2) - P)` approach. Additionally, the second code chunk is left empty with placeholders, indicating incomplete adherence to the template structure.",The exercise requires a mathematical derivation showing the algebraic steps for the 4 cases. The student provided R code for a Metropolis-Hastings sampler instead of the required mathematical proof. No derivation is present.,"The student implemented the MH algorithm correctly using the provided `alpha` function, set the seed, ran 2000 iterations, and compared sample quantiles with theoretical quantiles using `qpois`. The output format is a data frame, which is acceptable.","All parts of the exercise are completed correctly. The student calculated the portfolio composition for 1 and 2 years, and the 20-year outcomes for both good and risky loans. The results match the expected values (76.5% and 19.6%). Note: One chunk used `P %*% (P %^% 19)` which is mathematically equivalent to `P %^% 20`.","The student correctly implemented the covariance comparison using the tidyverse pipeline as requested. The code generates the tibble with `T`, `cov`, and `alt_cov` columns. The conclusion that the calculations are identical is correct and well-supported by the code.",,,,
43,23.5,23.5,"The student demonstrated strong proficiency in R coding for Markov chains and Monte Carlo simulations (Ex1, Ex4, Ex5, Ex6). However, significant points were lost in Ex3 due to providing code instead of the required mathematical derivation, and in Ex2 due to incomplete verification steps and manual matrix construction. Ensure you read the specific output requirements (code vs. math) carefully.",4.5,4,0,5,5,5,,,,,"Code correctly defines the transition matrix and computes the 6-month probability using a loop (valid alternative to %^%). The result (~75%) is accurate. Deducted 0.5 for not using the specific `%^%` operator requested in the rubric, though the logic is sound.","The stationary distribution is calculated correctly (~23%). However, the construction of matrix A is manual and error-prone compared to the requested `t(diag(2)-P)` approach. Additionally, the second code chunk is empty, missing the verification steps (`pi %*% P - pi` and `sum(pi)`) required by the rubric.",The exercise requires a mathematical derivation showing the algebraic steps for the 4 cases. The student provided R code for a Metropolis-Hastings sampler instead of the required mathematical proof. No derivation is present.,"The student correctly implemented the MH algorithm using the provided `alpha` function, set the seed, ran 2000 iterations, and compared sample quantiles with theoretical `qpois` quantiles in a table. All criteria met.","The student correctly calculated the portfolio composition for 1 and 2 years. For the 20-year predictions, they correctly identified the initial states for good and risky loans and computed the final probabilities (~76.5% and ~19.6%). Note: One chunk used `%*%` for matrix power which is inefficient but correct in result; another used `%^%`. All outputs are accurate.","The student correctly implemented the covariance comparison using `purrr::map`, `dplyr::lead`, and `tidyr::unnest` as requested. The output table is generated correctly, and the conclusion that the calculations are identical is accurate.",,,,
44,23.5,23.5,"The student demonstrated strong proficiency in R coding for Markov chains and Monte Carlo simulations (Ex1, Ex4, Ex5, Ex6). However, significant points were lost in Ex3 due to providing code instead of the required mathematical derivation, and in Ex2 due to incomplete verification steps and manual matrix construction. Ensure you read the specific output requirements (code vs. math) carefully.",4.5,4,0,5,5,5,,,,,"Code correctly defines the transition matrix and computes the 6-month probability using a loop (valid alternative to %^%). The result (~75%) is accurate. Deducted 0.5 for not using the specific `%^%` operator requested in the rubric, though the logic is sound.","The stationary distribution is calculated correctly (~23%). However, the construction of matrix A is manual and error-prone compared to the requested `t(diag(2)-P)` approach. Additionally, the second code chunk is empty, missing the verification steps (`pi %*% P - pi` and `sum(pi)`) required for full process fidelity.",The exercise requires a mathematical derivation showing the algebraic steps for the 4 cases. The student provided R code for a Metropolis-Hastings sampler instead of the required mathematical proof. No derivation is present.,"The student implemented the MH algorithm correctly using the provided `alpha` function, set the seed, ran 2000 iterations, and compared sample quantiles with theoretical `qpois` quantiles. The workflow matches the rubric requirements perfectly.","All four required calculations are present: 1-year and 2-year portfolio compositions, and 20-year outcomes for both good and risky loans. The results (76.5% and 19.6%) are accurate. The use of `%^%` and `%*%` is correct.","The code correctly implements the covariance comparison using `purrr::map`, `dplyr::lead`, and `tidyr::unnest` as specified. The output table is generated, and the conclusion that the calculations are identical is correct.",,,,
45,22.5,22.5,"The student demonstrated strong proficiency in Markov chain calculations (Ex1, Ex5) and data manipulation for covariance (Ex6). However, significant points were lost in Ex3 due to providing code instead of the required mathematical derivation, and in Ex2 due to incomplete code chunks and manual matrix construction. Ensure `eval: false` is removed for graded exercises to allow execution checks.",4.5,3.5,0,4.5,5,5,,,,,"Code correctly defines the transition matrix and computes the 6-month state probabilities using a loop (equivalent to matrix power). The final probability is calculated correctly (~75%). Deducted 0.5 points because the code uses `#| eval: false`, preventing execution verification, and the rubric prefers the `%^%` operator for matrix powers.","The student correctly identifies the transition matrix and solves for the stationary distribution using `qr.solve`. However, the construction of matrix `A` is manual and error-prone compared to the required `t(diag(2) - P)` approach. Additionally, the second code chunk is empty, and `#| eval: false` prevents execution. Deducted points for process fidelity and missing code in the second chunk.",The exercise requires a mathematical derivation showing the algebraic steps for the 4 cases of the acceptance probability. The student provided R code for a Metropolis-Hastings sampler instead of the required mathematical proof. No derivation is present.,"The student implemented the MH algorithm correctly using the provided `alpha` function and compared sample quantiles with theoretical quantiles. The logic is sound. Deducted 0.5 points because `#| eval: false` prevents execution verification, and the output format is a data.frame rather than the requested tibble structure (minor).","The student correctly calculated the portfolio composition for 1 and 2 years. For the 20-year predictions, they correctly used matrix powers (`%^%`) and initial state vectors for both good and risky loans. The results match the expected values (~76.5% and ~19.6%). Code is complete and correct.","The student correctly implemented the covariance comparison using `purrr::map`, `dplyr::lead`, and `tidyr::unnest` as required. The code structure matches the rubric's process fidelity checks. The conclusion that the calculations are identical is correct.",,,,
46,23.5,23.5,"The student performed well on the computational exercises (Q1, Q4, Q5, Q6), demonstrating strong coding skills with Markov chains and simulation. However, significant points were lost on Q3 due to providing code instead of the required mathematical derivation, and on Q2 for incomplete verification steps and non-standard matrix construction. Ensure you read the specific output requirements (derivation vs code) carefully.",4.5,4,0,5,5,5,,,,,"Code correctly defines the transition matrix and computes the 6-month state probabilities using a loop (valid alternative to %^%). The final probability is calculated correctly. Minor deduction for not using the specific `%^%` operator requested in the rubric, though the result is accurate.","The stationary distribution is calculated correctly and the final percentage is accurate. However, the construction of matrix A is manual and does not follow the requested process of using `t(diag(2) - P)`. Additionally, the second code chunk is empty, missing the verification steps (`pi %*% P - pi` and `sum(pi)`) required by the rubric.",The exercise requires a mathematical derivation showing the algebraic steps for the 4 cases. The student provided R code for a Metropolis-Hastings sampler instead of the required mathematical proof. No derivation is present.,"The student implemented the MH algorithm correctly using the provided `alpha` function, set the seed, ran 2000 iterations, and compared sample quantiles with theoretical quantiles using `qpois`. The output format is a data frame, which is acceptable.","All four required calculations are present: 1-year and 2-year portfolio compositions, and 20-year outcomes for both good and risky loans. The code uses matrix multiplication and powers correctly. The final percentages match the expected results.","The code correctly implements the requested workflow using `purrr::map`, `dplyr::lead`, and `tidyr::unnest` to compare traditional and alternative covariance calculations. The conclusion that they are identical is correct and clearly stated.",,,,
47,23.5,23.5,"The student demonstrated strong proficiency in Markov chain calculations (Ex1, Ex5) and simulation workflows (Ex4, Ex6). The major deduction comes from Exercise 3, where a mathematical derivation was replaced with code. Exercise 2 lost points for missing verification steps and incomplete code chunks. Overall, the coding skills are solid, but attention to specific exercise requirements (derivation vs code) is needed.",4.5,4,0,5,5,5,,,,,"Code correctly defines the transition matrix and computes the 6-month probability using a loop (valid alternative to %^%). The result (~75%) is accurate. Deducted 0.5 for not using the specific `%^%` operator requested in the rubric, though the logic is sound.","The stationary distribution is calculated correctly (~23%). However, the construction of matrix A is manual and error-prone compared to the requested `t(diag(2)-P)` approach. Additionally, the second code chunk is empty, missing the verification steps (`pi %*% P - pi` and `sum(pi)`) required by the rubric.",The exercise requires a mathematical derivation showing the algebraic steps for the 4 cases. The student provided R code for a Metropolis-Hastings sampler instead of the required mathematical proof. No derivation is present.,"The student implemented the MH algorithm correctly using the provided `alpha` function, set the seed, ran 2000 iterations, and compared sample quantiles with theoretical `qpois` quantiles. The output format is a data frame, which is acceptable.","All four required calculations are present: 1-year and 2-year portfolio compositions, and 20-year outcomes for both good and risky loans. The results (76.5% and 19.6%) match the expected values. The use of `%^%` and `%*%` is correct.","The code correctly implements the covariance comparison using `purrr::map`, `dplyr::lead`, and `tidyr::unnest` as specified. The final markdown answer correctly states that the calculations are identical.",,,,
48,23.5,23.5,"The student demonstrated strong proficiency in implementing Markov chain simulations and Metropolis-Hastings algorithms in R (Ex1, Ex4, Ex5, Ex6). However, significant points were lost in Ex3 due to providing code instead of the required mathematical derivation, and in Ex2 due to incomplete verification steps and manual matrix construction. Ensure you follow the specific methodological constraints (e.g., derivation vs code) in future labs.",4.5,4,0,5,5,5,,,,,"Code correctly defines the transition matrix and computes the 6-month probability using a loop (valid alternative to %^%). The result (~75%) is accurate. Deducted 0.5 for not using the specific `%^%` operator requested in the rubric, though the logic is sound.","The stationary distribution is calculated correctly (~23%). However, the construction of matrix A is manual and error-prone compared to the requested `t(diag(2)-P)` approach. Additionally, the second code chunk is empty, missing the verification steps (`pi %*% P - pi` and `sum(pi)`) required for full process fidelity.",The exercise requires a mathematical derivation showing the algebraic steps for the 4 cases. The student provided R code for a Metropolis-Hastings sampler instead of the required mathematical proof. No derivation is present.,"The student implemented the MH algorithm correctly using the provided `alpha` function, set the seed, ran 2000 iterations, and compared sample quantiles with theoretical `qpois` quantiles. The workflow matches the rubric requirements perfectly.","All four required calculations are present: 1-year and 2-year portfolio compositions, and 20-year outcomes for both good and risky loans. The results (76.5% and 19.6%) are accurate. The use of matrix powers and initial state vectors is correct.","The code correctly implements the comparison between traditional covariance and the alternative difference-based formula using `purrr::map` and `dplyr::lead`. The output tibble is generated correctly, and the conclusion that they are identical is accurate.",,,,
49,23.5,23.5,"The student demonstrated strong proficiency in R coding for Markov chains and Monte Carlo simulations (Ex1, Ex4, Ex5, Ex6). However, significant points were lost on Ex3 due to providing code instead of the required mathematical derivation, and on Ex2 for incomplete verification steps. Ensure you read the specific output requirements (code vs. math) carefully.",4.5,4,0,5,5,5,,,,,"Code correctly defines the transition matrix and computes the 6-month probability using a loop (valid alternative to %^%). The result (~75%) is accurate. Deducted 0.5 for not using the specific `%^%` operator requested in the rubric, though the logic is sound.","The stationary distribution is calculated correctly (~23%). However, the construction of matrix A is manual and error-prone compared to the requested `t(diag(2)-P)` approach. Additionally, the second code chunk is empty, missing the verification steps (`pi %*% P - pi` and `sum(pi)`) required by the rubric.",The exercise requires a mathematical derivation showing the algebraic steps for the 4 cases. The student provided R code for a Metropolis-Hastings sampler instead of the required mathematical proof. No derivation is present.,"The student implemented the MH algorithm correctly using the provided `alpha` function, set the seed, ran 2000 iterations, and compared sample quantiles with theoretical `qpois` quantiles. The workflow matches the rubric requirements perfectly.","All four required calculations are present: 1-year and 2-year portfolio compositions, and 20-year outcomes for both good and risky loans. The results (76.5% and 19.6%) are accurate. The use of matrix powers and initial state vectors is correct.","The code correctly implements the covariance comparison using `purrr::map`, `dplyr::lead`, and `tidyr::unnest` as specified. The output tibble structure is correct, and the conclusion that the calculations are identical is accurate.",,,,
50,23.5,23.5,"The student demonstrated strong proficiency in R coding for Markov chains and Monte Carlo simulations (Ex1, Ex4, Ex5, Ex6). However, significant points were lost in Ex3 due to providing code instead of the required mathematical derivation, and in Ex2 due to incomplete verification steps and manual matrix construction. Ensure you follow the specific methodological constraints (e.g., derivation vs code) in future labs.",4.5,4,0,5,5,5,,,,,"Code correctly defines the transition matrix and computes the 6-month probability using a loop (valid alternative to %^%). The result (~75%) is accurate. Deducted 0.5 for not using the specific `%^%` operator requested in the rubric, though the logic is sound.","The stationary distribution is calculated correctly (~23%). However, the construction of matrix A is manual and error-prone compared to the requested `t(diag(2)-P)` approach. Additionally, the second code chunk is empty, missing the verification steps (`pi %*% P - pi` and `sum(pi)`) explicitly required by the rubric.",The exercise requires a mathematical derivation showing the algebraic steps for the 4 cases. The student provided R code for a Metropolis-Hastings sampler instead of the required mathematical proof. No derivation is present.,"The student implemented the MH algorithm correctly using the provided `alpha` function, set the seed, ran 2000 iterations, and compared sample quantiles with theoretical `qpois` quantiles. The workflow matches the rubric requirements perfectly.","All four required calculations are present: 1-year and 2-year portfolio compositions, and 20-year outcomes for both good and risky loans. The results (76.5% and 19.6%) are accurate. The use of `%^%` and `%*%` is correct.","The code correctly implements the covariance comparison using `purrr::map`, `dplyr::lead`, and `tidyr::unnest` as specified. The output tibble structure is correct, and the conclusion that the calculations are identical is accurate.",,,,
