Run,Total,OverallComment,Q1,Q2,Q3,Q4,Q5,Q6,Q7,Q8,Q9,Q10,Q1_feedback,Q2_feedback,Q3_feedback,Q4_feedback,Q5_feedback,Q6_feedback,Q7_feedback,Q8_feedback,Q9_feedback,Q10_feedback
1,23.5,"Most core exercises (Q1, Q4, Q5, Q6) are well done, with correct workflows and reasonable outputs. The main gaps are in Q2 (matrix P definition and incomplete second chunk) and Q3 (missing the requested algebraic derivation and explicit acceptance formulas). Tightening alignment with the specified methods (e.g., using %^% where requested and showing symbolic work when asked) will help maximize credit in future labs.",4.5,3.5,1,5,4.5,5,0,0,,,"You defined P correctly and computed 6 steps via repeated %*% with the correct initial state and summed non-churn states, giving an appropriate probability (~75%). However, the rubric asked specifically to use the %^% operator from expm for the 6th power, which you did not, so a small process-fidelity deduction applies.","You set up the 2x2 matrix P incorrectly (rows should be [0.8,0.2] and [0.06,0.94]), but then manually constructed A = transpose(I−P) with the correct entries, added the constraint row, built b, solved for pi, and checked pi%*%P and sum(pi). The workflow is mostly correct and you report ~23% subscribers, but the incorrect P definition and leaving the second code chunk blank reduce process and accuracy points.","You implemented a full MH sampler in code, but the exercise required an algebraic derivation of the four acceptance probability cases and explicit formulas (λ/(x+1), x/λ, λ/2, 2/λ) wrapped in min(1,·). No written derivation or case-by-case formulas are shown, so only minimal credit is given for demonstrating understanding of the MH ratio in code.","You wrote a correct MH algorithm using the provided alpha function, generated 2000 samples from Poisson(20) starting at x0=1, and compared sample quantiles to qpois at the specified probabilities in a clear table. This matches the expected workflow and output structure.","You correctly used matrix multiplication with the given P to compute 1-year and 2-year portfolio compositions, and used %^% 20 (or an equivalent P20) with appropriate initial states for good and risky loans, obtaining ~76.5% and ~19.6% paid in full. One minor issue is the slightly convoluted P20 <- P %*% (P %^% 19) instead of directly using P %^% 20, but the process and results are essentially correct.","You reproduced the intended tibble-based workflow using set.seed, rnorm, purrr::map, dplyr::lead, and tidyr::unnest to compute both covariance formulas across sample sizes, and you clearly stated that the two calculations are (virtually) identical. This fully meets the rubric criteria.",There is no Exercise 7 in the provided lab; no work to grade.,There is no Exercise 8 in the provided lab; no work to grade.,,
2,23,"You completed most of the core tasks, especially the Markov chain simulations, MH sampling, and covariance comparison, with generally correct code and reasonable interpretations. The main gaps are in the algebraic derivation for the MH acceptance probabilities (Q3) and a mis-specified transition matrix plus incomplete guided chunk in Q2. Tightening alignment with the exact requested methods (e.g., using %^% where specified and fully answering derivation questions) will help you capture full credit in future labs.",4.5,3,1.5,4.5,4.5,5,0,0,,,"You correctly defined P, used repeated %*% multiplications to get 6 steps, and summed the non-churn states, with a probability (~74.85%) close to the expected 75%. However, the rubric specifically asked for using the %^% operator from expm, which you did not use, so a small process-fidelity deduction applies.","You computed the correct stationary distribution (~23% subscribers) and verified pi %*% P and sum(pi) in the first chunk, but the transition matrix P is mis-specified (rows should be [0.8,0.2] and [0.06,0.94], not [0.8,0.06;0.2,0.94]) and the second guided chunk is left blank. This shows partial understanding but with structural and completeness issues.","You implemented a general MH sampler and acceptance ratio using π and q, which is conceptually correct, but the exercise required an explicit algebraic derivation of the four acceptance formulas (λ/(x+1), x/λ, λ/2, 2/λ) and wrapping them in min(1,·). Those specific case-by-case expressions are not shown, so process and output are only partially addressed.","Your MH implementation for Poisson(20) with 2000 samples and x0=1 is correct and uses the provided alpha function, and you compare sample quantiles to qpois in a data frame. This matches the intended workflow; a minor deduction because the chunk is set eval: false so it would not actually run as written.","You correctly use matrix multiplication to get 1- and 2-year portfolio compositions and use P%^%20 (or equivalent) with appropriate initial states to get ~76.5% and ~19.6% paid in full after 20 years. One minor issue is the slightly convoluted P20 <- P %*% (P %^% 19) instead of directly using P %^% 20 consistently, but overall the process and results are correct.","Your code matches the provided solution exactly: you generate data for multiple T, compute both covariance formulas using purrr, lead, and unnest, and you correctly state that the two calculations are (up to rounding) the same. This fully meets all rubric criteria.",There is no Exercise 7 in the provided lab; thus no work to grade for Q7.,There is no Exercise 8 in the provided lab; thus no work to grade for Q8.,,
3,22.5,"You completed most of the core computational tasks correctly, especially for the Markov chain and covariance exercises, and your MH implementation in Q4 is close to the intended solution. The main gaps are in Q2 (matrix specification and incomplete second chunk) and Q3 (missing algebraic derivation), and there is no work for Q7–Q8. Tightening alignment with the requested workflows and ensuring all exercises are addressed would improve your score further.",4.5,3,1,4.5,4.5,5,0,0,,,"You correctly defined P, used repeated matrix multiplication to get 6 steps, and summed the non-churn states; the reported probability (~74.85%) is accurate. However, the rubric specifically asked for using the %^% operator from expm, so you lose a small amount on process fidelity.","You computed the correct stationary distribution and verified pi %*% P ≈ pi and sum(pi)=1, and your final percentage is correct. However, the transition matrix P is mis-specified (rows should be [0.8,0.2] and [0.06,0.94]), and the second code chunk is left blank, so the process does not fully follow the requested workflow.","You implemented a general MH sampler for a Poisson target, but the question asked for an algebraic derivation of the four specific acceptance probability formulas. There is no case-by-case symbolic derivation shown, so most of the process and all of the requested formulas are missing.","Your MH implementation for Poisson(20) with 2000 samples and x0=1 is correct and uses the provided alpha function, and you correctly compare sample quantiles to qpois in a table. A minor issue is that you allow proposals of negative y without handling x=0 specially, which could cause problems in execution, so a small deduction is applied.","You correctly use matrix multiplication to get 1- and 2-year portfolio compositions and use matrix powers to compute 20-year outcomes for good and risky loans, with results matching the expected percentages. One minor process issue is the slightly convoluted P20 <- P %*% (P %^% 19) instead of directly using P %^% 20 consistently, but overall the workflow is sound.","You reproduced the intended tibble-based workflow with set.seed, rnorm, purrr::map, dplyr::lead, and tidyr::unnest, and your explanation correctly notes that the two covariance calculations agree up to small numerical differences. This fully meets the rubric for code, process, and interpretation.","There is no Exercise 7 in the provided .qmd, so no work can be graded for this question.","There is no Exercise 8 in the provided .qmd, so no work can be graded for this question.",,
4,23,"Most of the implemented exercises (Q1, Q4, Q5, Q6) follow the intended workflows and produce correct or nearly correct results. The main gaps are in Q2 (incorrect transition matrix and incomplete second chunk) and Q3 (missing algebraic derivation), and there is no content for Q7–Q8. To improve, focus on matching the exact processes requested in the rubric (e.g., required operators and derivations) and ensure all exercises are attempted.",4.5,3,1,5,4.5,5,0,0,,,"You defined P correctly and computed 6 steps from the initial state, then summed non‑churn states and reported ~74.85%, which is accurate. However, the rubric specifically asked to use the %^% operator from expm rather than iterating with a for loop, so there is a small process‑fidelity deduction.","You correctly set up and solved for the stationary distribution using A, b, and qr.solve, verified pi %*% P and sum(pi), and reported ~23.08%, which is accurate. However, the transition matrix P is incorrect (rows should be [0.8,0.2] and [0.06,0.94]), and the second code chunk is left blank, so process fidelity and accuracy are only partially met.","You implemented a Metropolis–Hastings sampler in code, but the exercise required a mathematical derivation of the four acceptance probability cases with explicit algebra. No case‑by‑case derivation or final formulas (λ/(x+1), x/λ, λ/2, 2/λ inside min(1,·)) are shown, so process and output criteria are not met.","You wrote an MH sampler using the provided alpha function, generated 2000 samples from Poisson(20) starting at x0=1, and compared sample quantiles to qpois in a data frame. This matches the required workflow and expected output structure; no issues apparent from the code.","You correctly used matrix multiplication with the given P to get 1‑year and 2‑year portfolio compositions, and used %^% 20 (or an equivalent P20) with appropriate initial vectors to compute ~76.5% and ~19.6% paid in full after 20 years. One minor issue is the redundant/overcomplicated P20 definition for good loans, but overall the process and results are correct.","You reproduced the intended tibble workflow with T values, purrr::map, dplyr::lead, and tidyr::unnest to compute both cov and alt_cov, and you correctly stated that the two calculations are essentially the same up to rounding. This fully meets the code, process, and interpretation requirements.","There is no Exercise 7 content in the provided .qmd, so this question cannot be graded and receives zero according to the rubric.","There is no Exercise 8 content in the provided .qmd, so this question cannot be graded and receives zero according to the rubric.",,
5,23.5,"You did solid work on the computational Markov chain and MH sampling exercises (Q1, Q2, Q4, Q5, Q6), with correct matrices, workflows, and interpretations. The main gap is in Q3, where the required algebraic derivations for the acceptance probabilities are missing, and a few minor process/style issues (e.g., not using %^% in Q1, duplicated/placeholder code in Q2) cost small points. Focus on matching the requested derivation style and specific operators in future labs.",4.5,3.5,1,5,4.5,5,0,0,,,"You correctly defined P, used repeated %*% multiplications to get 6 steps, and summed the non-churn states; the reported probability (~74.85%) is accurate. However, the rubric specifically asked for using the %^% operator from expm, which you did not use, so a small process-fidelity deduction applies.","You set up the correct 2x2 transition matrix, constructed A and b, solved for pi, and checked pi %*% P and sum(pi); the steady-state subscriber probability (~23%) is correct. The second code chunk is left as empty placeholders, so the full requested workflow is not cleanly shown, leading to a process-fidelity and minor sloppiness deduction.","You implemented a general MH sampler with the correct acceptance ratio formula, but the exercise asked for an explicit algebraic derivation of the four acceptance probabilities (λ/(x+1), x/λ, λ/2, 2/λ) with case-by-case work. No symbolic derivations or the required four cases are shown, so most process and accuracy credit is lost.","You wrote a correct MH algorithm using the provided alpha function, generated 2000 samples from Poisson(20) starting at x0=1, and compared sample quantiles to qpois in a clear table. This matches the expected workflow and output structure; no deductions.","You correctly used matrix multiplication with P and P%^%20 (or equivalent) to get 1-year, 2-year, and 20-year outcomes, and your percentages for good and risky loans paid after 20 years (~76.5% and ~19.6%) are accurate. One minor issue is using P %*% (P %^% 19) instead of directly P %^% 20 in one chunk, but it is mathematically equivalent, so only a small discretionary deduction for slightly convoluted code.","You reproduced the intended tibble workflow with set.seed, rnorm, purrr::map, dplyr::lead, and tidyr::unnest, and you correctly interpreted that cov and alt_cov are (virtually) identical across sample sizes. This fully meets the rubric for code, process, and interpretation.","There is no Exercise 7 in the provided lab or student file, so no work can be graded for this question.","There is no Exercise 8 in the provided lab or student file, so no work can be graded for this question.",,
6,23.5,"You completed most of the core Markov chain and Monte Carlo tasks with generally correct code and reasoning, especially for the MH sampling and loan portfolio questions. The main gaps are in Exercise 3, where the requested algebraic derivations are missing, and some minor deviations from the specified workflows (e.g., use of %^% and the structured linear system in Q2). For future labs, focus on following the exact requested process and fully answering any derivation or explanation prompts in markdown.",4.5,3.5,1,5,4.5,5,0,0,,,"You defined P correctly and computed 6 steps from the initial state, then summed non-churn states and reported ~74.85%, which is accurate. However, the rubric specifically asked to use the %^% operator from expm; you instead used a for-loop, so partial deduction on process fidelity.","You set up P with the correct probabilities and manually constructed A and b, solved for pi, and checked pi %*% P and sum(pi), with a correct steady-state subscriber probability (~23%). But P is not in the same layout as the solution (rows/columns swapped), and you did not use diag/t()/rbind as requested; the second code chunk is left blank, so process fidelity is only partial.","You wrote a full MH sampler and an acceptance function based on the general formula, but you did not show the requested algebraic derivations for the four specific cases (x≥1,y=x+1; x≥2,y=x−1; x=0,y=1; x=1,y=0) or present the simplified min(1,·) expressions. This does not meet the mathematical derivation requirement.","You implemented an MH algorithm using the provided alpha(), drew 2000 samples from Poisson(20) starting at x0=1, and compared sample quantiles to qpois() in a clear table. Workflow and code structure match the rubric, and the outputs are in the correct form.","You correctly used matrix multiplication with the given P to get 1-year and 2-year portfolio compositions, and used P%^%20 (or an equivalent P20) with appropriate initial vectors to find ~76.5% of good loans and ~19.6% of risky loans paid after 20 years. One minor issue is the slightly convoluted P20 <- P %*% (P%^%19) instead of directly using P%^%20, but results and process are essentially correct.","You reproduced the intended tibble workflow using set.seed, rnorm, purrr::map, dplyr::lead, and tidyr::unnest to compute both covariance formulas across the specified sample sizes, and you clearly stated that the two calculations agree up to rounding. This fully matches the rubric.","There is no Exercise 7 in the provided .qmd, so no work can be graded for this question.","There is no Exercise 8 in the provided .qmd, so no work can be graded for this question.",,
7,23,"You completed most of the core computational tasks correctly, especially the Markov chain power calculations, MH sampling, and covariance comparison. The main gaps are in Exercise 2 (transition matrix and process construction) and Exercise 3 (missing algebraic derivations of the acceptance probabilities). Focusing on following the exact requested workflows and providing full symbolic work where asked will help you capture the remaining points.",4.5,3,1,4.5,5,5,0,0,,,"You correctly defined P, started from the right initial state, and computed 6 steps and summed non-churn states; the probability (~75%) is correct. However, the rubric asked specifically to use P %^% 6 and vector multiplications rather than a for-loop, so there is a small process-fidelity deduction.","You obtained the correct stationary distribution (~23% subscribers) and verified pi %*% P and sum(pi). However, the transition matrix P is mis-specified (rows should be [0.8,0.2] and [0.06,0.94]), and you hard-coded A instead of computing t(diag(2)-P), so the process does not follow the intended workflow; partial credit for solving the linear system and interpreting the result.","You implemented a general MH sampler but did not show the requested algebraic derivations for the four acceptance-probability cases. The answer should explicitly derive λ/(x+1), x/λ, λ/2, and 2/λ inside min(1,·); only minimal conceptual connection is present, so most process and accuracy credit is lost.","Your MH implementation for Poisson(20) with 2000 samples and x0=1 is correct and uses the provided alpha function, and you compare sample and theoretical quantiles in a table. Minor deduction because you did not handle the x=0 boundary explicitly (could propose negative y), though in practice this may rarely occur.",You correctly used matrix multiplication with the given P to compute 1-year and 2-year portfolio compositions and used matrix powers to get 20-year outcomes for both good and risky initial states. The reported percentages (~76.5% and ~19.6%) match the expected results and the workflow aligns with the rubric.,"You reproduced the intended tibble-based workflow using set.seed, rnorm, purrr::map, dplyr::lead, and tidyr::unnest, and you correctly interpret that cov and alt_cov are essentially identical up to rounding. This fully meets the code, process, and interpretation requirements.",There is no Exercise 7 in the provided lab; no work to grade.,There is no Exercise 8 in the provided lab; no work to grade.,,
8,22.5,"You completed most of the core coding tasks correctly, especially for the Markov chain simulations, MH sampling, and covariance comparison, and your numerical answers align well with the solutions. The main gaps are in the theoretical derivation for Exercise 3 and the incorrect transition matrix in Exercise 2, plus a few minor process deviations from the requested workflows. Tightening alignment with the specified methods (e.g., using %^% and providing full algebraic derivations) will help you capture all available points in future labs.",4.5,3,1,4.5,4.5,5,0,0,,,"You defined P correctly and computed 6 steps from the initial state, then summed non‑churn states and reported ~74.85%, which is accurate. However, the rubric specifically asked to use the %^% operator from expm rather than iterating with a for loop, so you lose a small amount on process fidelity.","You correctly set up and solved for the stationary distribution using A, b, and qr.solve, and verified pi %*% P and sum(pi). However, the transition matrix P is incorrect (rows should be [0.8,0.2] and [0.06,0.94]), and the second code chunk is left blank, so process and accuracy are only partially met even though your final percentage is close to 23%.","You implemented a general MH sampler and an acceptance function, but the exercise required an explicit algebraic derivation of the four acceptance probability cases and the min(1,·) forms. No written derivations for the four specified cases are shown, so process and target formulas are missing.","You wrote a correct MH algorithm using the provided alpha(), generated 2000 samples from Poisson(20), and compared sample quantiles to qpois in a data frame, matching the expected workflow and output structure. Minor issue: you did not handle the x=0 boundary explicitly as in the solution, but the overall process and comparison are correct.","You correctly used matrix multiplication to get 1‑ and 2‑year portfolio compositions and used %^% 20 (or an equivalent power) to compute 20‑year outcomes for good and risky loans, reporting ~76.5% and ~19.6% paid in full, which matches the solution. One minor process issue is the slightly convoluted P20 <- P %*% (P %^% 19) instead of directly using P %^% 20 consistently.","You reproduced the intended tibble workflow with set.seed, rnorm, purrr::map, dplyr::lead, and tidyr::unnest, computing both cov and alt_cov across the required sample sizes. Your written interpretation correctly notes that the two covariance calculations are essentially the same up to rounding.",There is no Exercise 7 in the provided lab; thus no work to grade for Q7.,There is no Exercise 8 in the provided lab; thus no work to grade for Q8.,,
9,23,"You completed most of the core computational tasks correctly, especially the MH sampling, Markov chain power calculations, and covariance comparison. The main gaps are in the theoretical derivation for Exercise 3 and some process details (exact matrix specification and required workflow forms). Tightening alignment with the requested methods and fully answering all symbolic parts will help you capture all available points in future labs.",4.5,3,1,5,4.5,5,0,0,,,"You correctly defined P, used repeated %*% to get 6 steps, and summed non-churn states; the result is essentially correct. However, the rubric asked specifically for using %^% from expm and the two-vector multiplication workflow, so you lose a small process point (minor discretionary deduction).","Your stationary distribution calculation is numerically correct and you verify πP≈π and sum(π)=1, but the transition matrix P is mis-parameterized (rows should be [0.8,0.2] and [0.06,0.94]). Also, the second code chunk is left blank, so the full expected linear-algebra workflow is not shown.","You implemented a general MH sampler, but the question asked for an algebraic derivation of the four acceptance probability cases and to show the formulas λ/(x+1), x/λ, λ/2, and 2/λ inside min(1,·). No case-by-case derivation or explicit formulas are written, so only minimal credit for engaging with MH concepts.","You correctly implemented an MH sampler using the provided alpha(), ran 2000 iterations with λ=20 and x0=1, and compared sample quantiles to qpois in a table. This matches the required workflow and expected output structure.",You correctly used matrix multiplication to get 1- and 2-year compositions and used P%^%20 (or equivalent) with appropriate initial states to get ~76.5% and ~19.6% paid in full after 20 years. One minor issue is the slightly convoluted P20 <- P %*% (P %^% 19) instead of directly using P %^% 20 for the good-loan case (small discretionary deduction).,"Your code matches the provided structure: you use set.seed, rnorm, purrr::map, dplyr::lead, and tidyr::unnest to compute both covariance formulas over multiple T values, and your written interpretation correctly notes they are (virtually) identical.",There is no Exercise 7 in the provided lab; thus no work to grade for Q7.,There is no Exercise 8 in the provided lab; thus no work to grade for Q8.,,
10,23,"You completed most of the core tasks, especially the MH implementation, Markov chain portfolio analysis, and covariance comparison, and your numerical answers are generally correct. The main gaps are in the theoretical derivation for the MH acceptance probabilities and a mis-specified transition matrix plus incomplete second chunk in Exercise 2. Tightening alignment with the requested workflows (e.g., using %^% where specified and fully answering all symbolic parts) would bring this to a near-perfect submission.",4.5,3,1.5,4.5,4.5,5,0,0,,,"You correctly defined P and computed 6 steps and summed non-churn states, with a reasonable probability (~75%). However, the rubric asked specifically to use P %^% 6 and vector multiplications rather than a for-loop, so process fidelity is slightly off.","You set up and solved for the stationary distribution correctly and verified pi %*% P and sum(pi). However, the transition matrix P is mis-specified (rows should be [0.8,0.2] and [0.06,0.94]), and the second code chunk is left blank, so process and accuracy are only partially met.","You implemented a general MH sampler and implicitly used the correct acceptance ratio, but you did not show the required algebraic derivations for the four specific cases or present the simplified min(1,·) formulas, so most of the process and accuracy criteria are missing.","Your MH algorithm for Poisson(20) with 2000 samples and x0=1 is correctly implemented using the provided alpha(), and you compute and tabulate sample vs theoretical quantiles. Minor issue: you did not handle the x=0 boundary explicitly as in the solution, but overall process and outputs are appropriate.",You correctly used matrix multiplication to get 1- and 2-year compositions and used P%^%20 (or equivalent) with appropriate initial states to get ~76.5% and ~19.6% paid in full. One minor process issue is the slightly convoluted P20 <- P %*% (P %^% 19) instead of directly using P %^% 20 consistently.,"You reproduced the intended tibble workflow with set.seed, rnorm, purrr::map, dplyr::lead, and tidyr::unnest, and you clearly stated that cov and alt_cov agree up to rounding. This fully meets code, process, and interpretation requirements.","There is no content corresponding to an Exercise 7 in this lab, so no points can be awarded.","There is no content corresponding to an Exercise 8 in this lab, so no points can be awarded.",,
11,24,"You completed most of the core tasks well, especially the MH implementation, Markov chain loan portfolio analysis, and covariance comparison. The main areas to improve are aligning exactly with the specified transition matrix in Q2 and providing the requested algebraic derivations (rather than code) in Q3. Otherwise, your workflows and interpretations are generally solid.",4.5,3,2,5,4.5,5,0,0,,,"You correctly defined P, iterated 6 steps with %*%, and summed non-churn states; the numeric answer (~74.85%) is accurate. However, the rubric expected use of %^% from expm, so there is a small process deviation.","You got the correct stationary distribution numerically and verified pi*P and sum(pi)=1, but the transition matrix P is mis-specified (rows should be [0.8,0.2] and [0.06,0.94]) and the second code chunk is left as placeholders. This hurts both process fidelity and clarity.","You implemented a general MH sampler in code, but the exercise required an algebraic derivation of the four acceptance probability cases with explicit formulas (λ/(x+1), x/λ, λ/2, 2/λ) wrapped in min(1,·). Those derivations are missing, so only partial credit for understanding the MH structure.","You correctly implemented the MH algorithm using the provided alpha(), ran 2000 iterations from x0=1, and compared sample quantiles to qpois in a table. This matches the expected workflow and output structure.","You correctly used matrix multiplication and P%^%20 (or equivalent) to get 1- and 2-year compositions and 20-year paid percentages for good and risky loans, with accurate numeric results. One minor process issue is using P %*% (P %^% 19) instead of directly P %^% 20 in one chunk, but it is mathematically equivalent.","You used set.seed, rnorm, purrr::map, dplyr::lead, and tidyr::unnest exactly as in the template to compute both covariance formulas over the required sample sizes, and your written interpretation correctly notes they are (virtually) identical.",There is no Exercise 7 in the provided lab; no work to grade.,There is no Exercise 8 in the provided lab; no work to grade.,,
12,23,"You completed all six exercises that exist in this lab with generally solid code and good interpretations, especially for the Markov chain simulations, MH sampling, and covariance comparison. The main areas to improve are following the exact requested workflows (e.g., using %^% where specified, filling in guided chunks) and providing the explicit algebraic derivations where asked (Exercise 3). Overall, this is a strong submission with a few process and alignment issues to tighten up.",4.5,3,1.5,4.5,4.5,5,0,0,,,"You correctly defined P, used matrix multiplication to get 6-step probabilities, and summed non-churn states; the numeric answer (~74.85%) is accurate. However, the rubric expected use of the %^% operator rather than a manual loop, so a small process-fidelity deduction applies.","You set up and solved the stationary distribution correctly in the first chunk and reported the correct ~23% subscriber share. However, the transition matrix P is mis-ordered (rows/columns swapped vs. the intended structure), and the second guided chunk is left blank, so the process is not fully aligned with the template and verification steps are only partially shown.","You implemented a general MH sampler for a Poisson target, which shows understanding of the algorithm, but the question asked for an algebraic derivation of the four specific acceptance probability cases. The required case-by-case formulas are not explicitly derived, so process and final expressions are incomplete.","Your MH implementation for Poisson(20) with 2000 samples and x0=1 is correct, uses the provided alpha function, and you compare sample quantiles to qpois in a clear table. Minor deduction because the chunk is set eval: false, so the code would not actually run as written in the document.","You correctly use matrix multiplication to get 1- and 2-year portfolio compositions and use matrix powers to compute 20-year outcomes for good and risky loans, with accurate percentages (~76.5% and ~19.6%). One small process issue is the slightly convoluted P20 definition for good loans (P %*% (P %^% 19)) instead of directly using P %^% 20.","You reproduced the intended tibble-based simulation using purrr, lead, and unnest, and correctly interpret that the alternative covariance matches the standard one up to tiny numerical differences. This fully meets the code, process, and interpretation requirements.",There is no Exercise 7 in the provided lab; no work to grade.,There is no Exercise 8 in the provided lab; no work to grade.,,
13,22.5,"You completed most of the core Markov chain and MH sampling tasks correctly, with especially strong work on the MH implementation (Q4), loan portfolio analysis (Q5), and covariance comparison (Q6). The main gaps are in Q2 (transition matrix and incomplete second chunk) and Q3, where the required algebraic acceptance-probability derivation is missing. Tightening alignment with the requested workflows (e.g., using %^% where specified and fully filling in template chunks) will help maximize future scores.",4.5,3,1,4.5,4.5,5,0,0,,,"You correctly defined P, iterated 6 steps with %*%, and summed the first three states to get ~75%, which matches the expected probability. However, the rubric asked specifically for using P %^% 6 and the indicator-vector multiplication; not using %^% costs a small process-fidelity point (minor).","You set up and solved for the stationary distribution numerically and got the correct ~23% subscriber probability, and you checked pi %*% P and sum(pi). However, the transition matrix P is mis-specified (rows should be [0.8,0.2] and [0.06,0.94]), and the second code chunk is left blank; this hurts process fidelity and accuracy even though the final percentage is close.","You implemented a full MH sampler for a Poisson target, but the exercise required an algebraic derivation of the four acceptance probability cases (x≥1,y=x+1; x≥2,y=x−1; x=0,y=1; x=1,y=0) and explicit formulas λ/(x+1), x/λ, λ/2, 2/λ inside min(1,·). No such derivation or case-by-case expressions are shown, so process and output criteria are not met.","Your MH implementation for Poisson(20) with 2000 samples and x0=1 is correct and uses the provided alpha(), and you compute and tabulate sample vs theoretical quantiles with quantile() and qpois(). Minor issues: the chunk is eval: false so it wouldn’t actually run as written, and you don’t explicitly label the tibble columns as in the solution, so a small execution/process deduction applies.","You correctly use matrix multiplication with the given P to get 1-year and 2-year compositions, and you compute 20-year outcomes for both all-good and all-risky initial states, obtaining ~76.5% and ~19.6% paid, matching expectations. One minor process issue is using P %*% (P %^% 19) instead of directly P %^% 20 in one place, but it is mathematically equivalent; no major deductions.","You reproduced the intended pipeline with set.seed, rnorm, purrr::map, dplyr::lead, and tidyr::unnest to compute both covariance formulas across the requested sample sizes, and you clearly state that the two calculations are (virtually) identical. This fully meets code, process, and interpretation criteria.",There is no Exercise 7 in the provided lab; no work to grade.,There is no Exercise 8 in the provided lab; no work to grade.,,
14,23,"You completed most of the core computational tasks, especially for the MH sampling, loan portfolio Markov chain, and covariance comparison, and your numeric results there are consistent with the solutions. The main gaps are in the stationary distribution exercise (incorrect P and incomplete linear-system workflow) and the lack of the requested algebraic derivation for the MH acceptance probabilities. Also, there is no work for later exercises beyond Q6, which limits the total score; in future labs, ensure each exercise is addressed following the specified process, even if your code already works by another method.",4.5,3,1,5,4.5,5,0,0,,,"You correctly defined P, used matrix multiplication to get 6-step probabilities, and summed non-churn states; the numeric answer (~74.85%) is accurate. However, the rubric expected use of the %^% operator rather than a manual loop, so a small process-fidelity deduction applies.","You attempted to build the transition matrix and solve for the stationary distribution, but P is incorrectly specified (rows do not match the described probabilities), and A is hard-coded rather than computed as t(diag(2) - P). The second code chunk is left blank, and while the reported steady-state percentage is close to correct, the workflow does not follow the required linear-system setup.","Instead of the requested algebraic derivation of the four acceptance probability cases, you provided an R implementation of an MH sampler. There is no step-by-step derivation showing the ratios leading to λ/(x+1), x/λ, λ/2, and 2/λ, so process and formula checks are not met.","You defined an MH sampler using the provided alpha function, ran 2000 iterations with set.seed, and computed sample quantiles versus qpois quantiles in a clear table. The workflow and expected output structure match the rubric well.","You correctly used matrix multiplication to get 1-year and 2-year compositions and used P%^%20 (or an equivalent power) with appropriate initial states to find 20-year paid proportions for good and risky loans, with accurate percentages. One minor issue is the slightly convoluted P20 definition for good loans, but it still represents P^20, so only a small discretionary deduction applies.","You used set.seed, rnorm, purrr::map, dplyr::lead, and tidyr::unnest exactly as in the template to compute both covariance formulas across the required sample sizes. Your written interpretation correctly notes that the two methods give (virtually) identical results.","There is no content corresponding to an Exercise 7 in the provided .qmd, so this question cannot be awarded any points.","There is no content corresponding to an Exercise 8 in the provided .qmd, so this question cannot be awarded any points.",,
15,22.5,"You completed most of the core tasks, especially the Markov chain computations, MH sampling, and covariance comparison, with generally correct code and reasonable interpretations. The main gaps are in the algebraic derivation for Exercise 3 and the mis-specified transition matrix plus incomplete second chunk in Exercise 2. Tightening adherence to the requested workflows (e.g., using %^% explicitly, matching matrix definitions, and fully answering derivation questions in markdown) will help you capture full credit in future labs.",4.5,3,1,4.5,4.5,5,0,0,,,"You correctly defined P, iterated 6 steps with %*%, and summed non-churn states, getting ~75%. However, the rubric asked specifically for using P %^% 6 and the two-vector multiplication workflow, so you lose a small process-fidelity point.","You set up and solved for the stationary distribution correctly (pi ≈ (0.23, 0.77)) and verified pi %*% P and sum(pi). But the transition matrix P is mis-specified (rows should be [0.8,0.2] and [0.06,0.94]), and the second code chunk is left as placeholders, so process fidelity and accuracy are only partial.","You implemented a general MH sampler for a Poisson target, but the question required an algebraic derivation of the four acceptance probability cases and explicit formulas (λ/(x+1), x/λ, λ/2, 2/λ). No written derivation is shown, so only minimal credit for engaging with MH concepts.","Your MH implementation for Poisson(20) with 2000 samples and x0=1 is correct and you compare sample and theoretical quantiles in a data frame. You did not explicitly use set.seed(8740) as in the template, so there is a small process-fidelity deduction.","You correctly compute 1- and 2-year portfolio compositions and 20-year paid-up percentages for good and risky loans, with results matching the solution. One minor issue is using P %*% (P %^% 19) instead of directly P %^% 20 in one chunk, but this still yields the correct power; small process deduction only.","You reproduced the intended tibble workflow with set.seed, rnorm, purrr::map, dplyr::lead, and tidyr::unnest, and you clearly state that cov and alt_cov agree up to rounding. This fully meets code, process, and interpretation requirements.",There is no Exercise 7 in the provided lab; thus no work to grade for Q7.,There is no Exercise 8 in the provided lab; thus no work to grade for Q8.,,
16,23,"You completed most of the computational tasks correctly, especially the MH sampling, Markov chain loan portfolio analysis, and covariance comparison, and your numerical answers align well with the solutions. The main gaps are in Exercise 3, where the required algebraic derivation is missing, and some minor process misalignments (e.g., not using %^% in Q1 and leaving the guided Q2 chunk blank). Focusing on following the exact requested workflow and providing full written derivations where asked will help you capture all available points.",4.5,3,1,5,4.5,5,0,0,,,"You correctly defined P, used repeated %*% to get 6 steps, and summed the non-churn states, with an accurate probability. However, the rubric expected use of the %^% operator for the 6th power, so there is a small process deviation.","You set up and solved for the stationary distribution correctly in the first chunk and reported the right steady-state subscriber percentage. However, the transition matrix P is mis-ordered relative to the solution (rows/columns swapped), and the second guided chunk is left blank, so the process is not fully aligned with the expected workflow.","You implemented a Metropolis–Hastings sampler in code, but this exercise required an algebraic derivation of the four acceptance probability cases. None of the four explicit case formulas (λ/(x+1), x/λ, λ/2, 2/λ) are shown in markdown, so the required derivation is missing.","You wrote a correct MH sampler using the provided alpha function, generated 2000 samples from Poisson(20), and compared sample quantiles to qpois in a clear table. The workflow and outputs match the rubric expectations.","You correctly used matrix multiplication and P%^%20 (or equivalent) to get 1-year, 2-year, and 20-year outcomes, and your reported 76.5% and 19.6% match the expected long-run paid proportions. One minor issue is using P %*% (P %^% 19) instead of directly P %^% 20 in one chunk, but it is mathematically equivalent.","You used set.seed, rnorm, purrr::map, dplyr::lead, and tidyr::unnest exactly as in the template, and your explanation correctly notes that the two covariance calculations agree up to rounding. This fully meets the rubric for code, process, and interpretation.",There is no Exercise 7 in the provided lab; thus no work to grade for Q7.,There is no Exercise 8 in the provided lab; thus no work to grade for Q8.,,
17,24.5,"Most of your work is correct and closely follows the intended workflows, especially for the MH sampling, loan portfolio, and covariance exercises. The main gaps are in Exercise 3, where the required algebraic derivation is missing, and some minor process deviations in Exercises 1 and 2. Tightening alignment with the specified methods (e.g., using %^% and fully completing the stationary-distribution template) would bring this to full credit.",4.5,3.5,2,5,4.5,5,0,0,,,"You correctly defined P, used repeated %*% to get 6 steps, and summed the non-churn states, giving the right probability. However, the rubric expected use of %^% and the indicator-vector multiplication, so there is a small process deviation.","You set up the correct transition matrix and manually constructed A and b, then solved for pi and checked pi%*%P and sum(pi). But P is not in the same row/column order as the solution (you swapped 0.2 and 0.06), and the second code chunk is left as a blank template, so the process is only partially complete.","You implemented an MH sampler in code, but the exercise required an algebraic derivation of the four acceptance probability cases. There is no written derivation of the formulas λ/(x+1), x/λ, λ/2, and 2/λ, so process and output for this question are missing.","You wrote a correct MH algorithm using the provided alpha(), generated 2000 samples from Poisson(20), and compared sample quantiles to qpois in a clear table. This matches the expected workflow and output structure.","You correctly used matrix multiplication to get 1- and 2-year compositions and used P%^%20 (or an equivalent power) with appropriate initial states to find long-run paid proportions for good and risky loans, with accurate percentages. One minor issue is the slightly convoluted P20 <- P %*% (P %^% 19) instead of directly using P %^% 20, but results are correct.","You used set.seed, rnorm, purrr::map, dplyr::lead, and tidyr::unnest exactly as in the template to compute both covariance formulas across the required sample sizes, and your explanation correctly notes they are (virtually) identical.",There is no Exercise 7 in the provided lab; this slot is unused.,There is no Exercise 8 in the provided lab; this slot is unused.,,
18,23,"Most core coding tasks (MH sampler, Markov chain powers, and covariance comparison) are implemented correctly and your numerical answers align well with the solutions. The main gaps are in Exercise 2’s adherence to the guided structure and Exercise 3, where the requested algebraic derivation is missing. Tightening alignment with the specified workflows and ensuring all guided chunks are completed will help maximize future scores.",4.5,3,1,5,4.5,5,0,0,,,"You correctly defined P, used repeated %*% to get 6 steps, and summed the non-churn states, giving an appropriate probability (~75%). You did not use %^% as requested, so minor process fidelity is missing.","You set up and solved for the stationary distribution correctly in the first chunk and reported ~23% subscribers, but the transition matrix P is mis-ordered relative to the problem description and the second guided chunk is left blank. This hurts process fidelity and clarity, even though the numeric result is close.","You wrote a working MH sampler, but the exercise asked for an algebraic derivation of the four acceptance probability cases. There is no written derivation of the required formulas, so process and output criteria are not met.","You implemented a MH sampler using the provided alpha(), ran 2000 iterations from x0=1, and compared sample quantiles to qpois in a clear table. This matches the expected workflow and output structure.","You correctly used matrix multiplication and P%^%20 (or equivalent) to get 1- and 2-year compositions and 20-year paid-up percentages for good and risky loans, with values matching the solution. One minor issue is using P %*% (P %^% 19) instead of directly P %^% 20 in one chunk, but it is mathematically equivalent.","You reproduced the intended tibble workflow with set.seed, rnorm, purrr::map, lead, and unnest, and correctly interpreted that cov and alt_cov agree up to rounding. This fully meets the code, process, and interpretation requirements.",There is no Q7 in this lab; no work to grade.,There is no Q8 in this lab; no work to grade.,,
19,23.5,"Most of the core Monte Carlo and Markov chain tasks (Q1, Q4–Q6) are implemented correctly with appropriate R code and reasonable interpretations. The main gaps are in the stationary distribution exercise (Q2) and the acceptance-probability derivation (Q3), where the required mathematical workflow is incomplete or incorrect. There are also no responses for Q7 and Q8 as they do not appear in the file; ensure all required exercises are present and that you follow the specified solution structure (e.g., using %^% and algebraic derivations) in future labs.",4.5,3,1,5,5,5,0,0,,,"You correctly defined P, iterated 6 steps with %*%, and summed non-churn states, giving a probability (~74.9%) close to the expected 75%. You did not use %^% as requested, so minor process fidelity is missing.","You attempted to build the transition matrix and solve for the stationary distribution, but P is mis-specified (rows should be [0.8,0.2] and [0.06,0.94]) and A is hard-coded rather than using t(diag(2)-P). The second code chunk is left blank, so the required workflow and verification steps are incomplete, even though your reported steady-state percent is numerically close.","You wrote a full MH sampler in R, but the exercise required an algebraic derivation of the four acceptance probability cases, showing the ratios of Poisson pmf and proposal probabilities. No symbolic derivation or explicit case-by-case formulas are provided.","You implemented a MH sampler using the provided alpha(), ran 2000 iterations from x0=1, and compared sample quantiles to qpois() in a clear table. The workflow and expected output structure match the rubric well.",You correctly used matrix multiplication with P and P%^%20 (or equivalent) to get 1- and 2-year portfolio compositions and 20-year paid-up percentages for good and risky loans. The reported percentages (~76.5% and ~19.6%) match the expected results and the process is clearly shown.,"You used set.seed, rnorm, purrr::map, dplyr::lead, and tidyr::unnest exactly as in the template to compute both covariance formulas across the required sample sizes, and you correctly noted that the two calculations agree up to rounding error.","There is no Exercise 7 in the provided .qmd, so no work can be graded for this question.","There is no Exercise 8 in the provided .qmd, so no work can be graded for this question.",,
20,23,"You completed all six exercises that exist in this lab with generally solid code and reasoning. The main areas to improve are following the exact matrix and workflow specifications (e.g., using %^% where requested, correctly specifying P in Ex2) and providing the requested algebraic derivations rather than only code. Overall, your Markov chain and MH implementations are mostly correct and your interpretations are clear.",4.5,3,1.5,4.5,4.5,5,0,0,,,"You correctly defined P, used repeated %*% to get 6 steps, and summed the non-churn states, giving the right probability (~75%). However, the rubric expected use of %^% from expm and the two-vector multiplication workflow, so a small process-fidelity deduction applies.","You set up and solved for the stationary distribution correctly and reported the right steady-state subscriber percentage, but the transition matrix P is mis-specified (rows should be [0.8,0.2] and [0.06,0.94]) and you hard-coded A instead of computing t(diag(2)-P). The second code chunk is left blank, so the full expected workflow is not shown.","You implemented a general MH sampler for a Poisson target, but the exercise asked for an algebraic derivation of the four acceptance probability cases and to show the min(1,·) forms explicitly. No case-by-case symbolic derivation is provided, so most process and accuracy credit is lost.","Your MH implementation for Poisson(20) with 2000 samples and x0=1 is correct and uses the provided alpha function, and you compare sample and theoretical quantiles in a data frame. Minor differences from the template (no explicit tibble with named columns as in the solution) are acceptable; no major issues beyond a small discretionary deduction.","You correctly used matrix multiplication to get 1- and 2-year portfolio compositions and used matrix powers (including %^% for the risky-loan case) to compute 20-year outcomes, with accurate percentages for good and risky loans. One 20-year calculation uses P %*% (P %^% 19) instead of directly P %^% 20, which is equivalent but slightly off the expected pattern, so only a small process deduction.","You reproduced the full pipeline using set.seed, rnorm, purrr::map, dplyr::lead, and tidyr::unnest, and your explanation correctly notes that the two covariance calculations agree up to rounding. This fully matches the expected workflow and interpretation.",There is no Exercise 7 in the provided lab; no work to grade.,There is no Exercise 8 in the provided lab; no work to grade.,,
21,23,"Most of the computational exercises (MH sampling, Markov chain powers, and covariance comparison) are implemented correctly and follow the intended workflows, and your numeric interpretations are reasonable. The main gaps are in Exercise 3, where the required algebraic derivation is missing, and in Exercise 2, where the transition matrix is mis‑specified and the guided second chunk is incomplete. Addressing those conceptual and process issues would bring this submission close to full credit.",4,3,1,5,5,5,0,0,,,"You correctly defined P and used repeated %*% with an initial state to get the 6‑month distribution and summed non‑churn states, with a reasonable probability (~75%). However, the rubric expected use of P %^% 6 and the indicator vector multiplication, so you lose a point on process fidelity.","You set up and solved for the stationary distribution correctly in the first code chunk (matrix A, vector b, qr.solve, and checks), and your steady‑state subscriber probability is about 23%. However, the transition matrix P is mis‑specified (rows swapped), and the second guided chunk is left blank, so process fidelity is only partial.","You wrote a full MH sampler in R, but the exercise required an algebraic derivation of the four acceptance probability cases, showing the ratios of Poisson pmf and proposal probabilities. No symbolic derivation is provided, so only minimal credit for engaging with MH concepts.","You implemented a MH algorithm with a for loop, runif proposals and acceptance using the provided alpha(), drew 2000 samples from Poisson(20), and compared sample quantiles to qpois in a table. This matches the expected workflow and output structure.","You correctly used matrix multiplication with the given P to get 1‑year and 2‑year portfolio compositions, and used matrix powers (including %^% 20) with appropriate initial state vectors to compute 20‑year paid‑in‑full percentages for good and risky loans, with accurate reported values.","You reproduced the intended tibble/purrr/dplyr/tidyr workflow, computing both the standard covariance and the alternative difference‑based covariance across the required sample sizes, and clearly stated that the two calculations agree up to rounding.",There is no content corresponding to an additional exercise beyond Q6 in this lab; no answer to grade.,There is no content corresponding to an additional exercise beyond Q6 in this lab; no answer to grade.,,
22,23,"Most core exercises (1, 4, 5, 6) are well done, with correct code structure and reasonable answers. Exercise 2 has a mis-specified transition matrix and an unfinished guided chunk, and Exercise 3 lacks the required algebraic derivation. There is no work for Q7–Q8; ensure all exercises in future labs are attempted and that you follow the requested workflows (e.g., using %^% where specified).",4,3,1,5,5,5,0,0,,,"You correctly defined P, used matrix multiplication to get 6-step probabilities, and summed non-churn states, with a reasonable numeric answer. However, the rubric specifically asked for using P %^% 6 and the indicator-vector multiplication; using a loop instead loses 1 process-fidelity point.","You set up and solved for the stationary distribution correctly in the first chunk and verified pi %*% P and sum(pi), with a correct steady-state percentage. But the transition matrix P is mis-specified (rows swapped), and the second guided chunk is left blank; this costs points for process fidelity and accuracy.","You implemented an MH sampler in R, but this exercise required a written algebraic derivation of the four acceptance probability cases. No case-by-case symbolic work is shown, so process and formula accuracy are missing.","You implemented the MH algorithm with the provided alpha function, ran 2000 iterations from x0=1, and compared sample quantiles to qpois in a table. This matches the expected workflow and output structure; full credit.","You correctly computed 1- and 2-year portfolio compositions using matrix multiplication and obtained 20-year paid percentages for good and risky loans using matrix powers, with values matching the solution. Process and results are correct.","You used set.seed, generated data with rnorm, applied purrr::map over T, computed both covariance formulas, unnested the results, and clearly stated that they agree up to rounding. This fully matches the expected code and interpretation.","There is no content corresponding to an Exercise 7 in the submitted .qmd, so no points can be awarded.","There is no content corresponding to an Exercise 8 in the submitted .qmd, so no points can be awarded.",,
23,23,"Most of the implemented exercises (1, 4, 5, 6) follow the intended workflows closely and produce appropriate results. The main gaps are in Exercise 3, where the required algebraic derivation is missing, and in Exercise 2, where the matrix setup and guided second chunk are not fully aligned with the template. Also, there is no work for Exercises 7 and 8; be sure to include all required exercises in future labs.",4,3,1,5,5,5,0,0,,,"You correctly defined P and computed 6 steps via repeated %*% and summed non-churn states, giving a reasonable probability. However, the rubric specifically asked for using P %^% 6 and the indicator-vector multiplication; not using %^% loses some process-fidelity.","You set up and solved for the stationary distribution correctly in the first code chunk and verified pi*P and sum(pi). However, the transition matrix P is mis-ordered (rows/columns swapped vs. the intended 0.8/0.2 and 0.06/0.94), and the second guided chunk is left blank, so the full expected workflow is not shown.","You wrote a full MH sampler in R, but this exercise required an algebraic derivation of the four acceptance probability cases, showing the ratios leading to λ/(x+1), x/λ, λ/2, and 2/λ. No such symbolic derivation is provided, so process and formulas are missing.","Your MH implementation uses set.seed, a loop with runif for proposals and acceptance, the provided alpha function, and then compares sample quantiles to qpois in a table. This matches the required workflow and expected output structure well.","You correctly used matrix multiplication with the given P to get 1-year and 2-year compositions, and then used matrix powers (including %^% 20) with appropriate initial states to obtain the 20-year paid-up percentages for good and risky loans, with accurate reported values.","You reproduced the provided tibble/purrr/dplyr/unnest workflow, computing both covariance formulas across the requested sample sizes, and clearly stated that the results are (virtually) identical, which matches the intended conclusion.","There is no content corresponding to an Exercise 7 in the submitted .qmd, so no points can be awarded.","There is no content corresponding to an Exercise 8 in the submitted .qmd, so no points can be awarded.",,
24,23,"Most core tasks are completed correctly, especially the MH implementation, loan portfolio Markov analysis, and covariance comparison, which closely follow the intended workflows. The main gaps are in the theoretical derivation for the MH acceptance probabilities and partial mismatch with the guided structure in Exercise 2. Tightening alignment with the provided scaffolds and adding the missing algebraic work would bring this to a near-perfect submission.",4,3,1,5,5,5,0,0,,,"You correctly defined P and computed 6 steps via repeated %*% and summed non-churn states, giving a reasonable probability. However, the rubric expected use of P %^% 6 and the indicator-vector multiplication; adjust to that workflow next time.","You set up and solved for the stationary distribution correctly in the first chunk (matrix A, b, qr.solve, checks, and ~23% subscriber share), but the transition matrix P is mis-specified (rows swapped) and the second guided chunk is left blank. Fill in the provided scaffold and ensure P matches the intended model.","You wrote a working MH sampler and implicitly used the correct acceptance ratio, but the question asked for an algebraic derivation of the four acceptance formulas; no case-by-case symbolic work is shown. Provide explicit derivations for the four cases with the min(1, ·) forms.","Your MH implementation for Poisson(20) follows the intended structure (set.seed, loop with runif proposals and alpha, 2000 samples) and you compare sample quantiles to qpois in a clear table. This fully matches the expected process and output format.","You correctly used matrix multiplication with the given P to get 1- and 2-year compositions, and used matrix powers (including %^% 20) with appropriate initial states to obtain ~76.5% and ~19.6% paid in full after 20 years. Workflow and results align with the rubric.","You used set.seed, rnorm, purrr::map, dplyr::lead, and tidyr::unnest exactly as in the template to compute both covariance formulas over the required sample sizes, and you clearly state that the results are (virtually) identical. This fully meets the criteria.",There is no content corresponding to an additional exercise beyond Q6 in this lab; nothing to grade here.,There is no content corresponding to an additional exercise beyond Q6 in this lab; nothing to grade here.,,
25,23,"Most of your work for Exercises 1–6 is present and largely correct, especially the MH implementation, Markov-chain loan portfolio analysis, and covariance comparison. The main gaps are in Q2 (matrix specification and unused guided chunk) and Q3, where the required algebraic derivation is missing. Tightening alignment with the requested workflows and providing full written derivations where asked will strengthen future submissions.",4,3,1,5,5,5,0,0,,,"You correctly defined P, used matrix multiplication to get 6-step probabilities, and summed non-churn states, with a reasonable numeric answer. However, the rubric specifically asked for using P %^% 6 and the indicator-vector multiplication; using a loop instead loses 1 pt on process fidelity.","You set up and solved for the stationary distribution correctly in the first chunk and verified pi %*% P and sum(pi), with a correct steady-state percentage. But the transition matrix P is mis-specified (rows swapped), and the second guided chunk is left blank; this hurts process fidelity and clarity.","You wrote a full MH sampler in R, but the question required an algebraic derivation of the four acceptance probability cases and explicit formulas (λ/(x+1), x/λ, λ/2, 2/λ) wrapped in min(1,·). No written derivation is provided, so only minimal credit for engaging with MH concepts.","Your MH implementation uses the provided alpha(), runs 2000 iterations from x0=1, and then compares sample quantiles to qpois at the requested probabilities in a clear table. This matches the expected workflow and output structure well.","You correctly used matrix multiplication to get 1- and 2-year portfolio compositions and used matrix powers to compute 20-year outcomes for both good and risky initial states, reporting percentages that match the solution. Process and outputs align with the rubric.","You reproduced the provided tibble/map/lead/unnest workflow exactly, computing both covariance formulas over the required sample sizes, and your written interpretation correctly notes they are (virtually) identical. This fully meets the criteria.",There is no Exercise 7 in this lab; no work to grade.,There is no Exercise 8 in this lab; no work to grade.,,
26,23,"Most core coding tasks (MH sampling, Markov chain portfolio analysis, and covariance comparison) are implemented correctly and show good understanding of the workflows. The main gaps are in the theoretical derivation for the MH acceptance probabilities and incomplete/partially incorrect work for the 2-state Markov chain, plus missing Q7 and Q8. Focus on following the exact requested process (e.g., algebraic derivations and specified matrix operations) and ensuring all guided chunks are completed.",4,3,1,5,5,5,0,0,,,"You correctly defined P and computed 6 steps via repeated %*%, then summed non-churn states and reported a reasonable probability. However, the rubric expected use of P %^% 6 and the indicator-vector multiplication, so process fidelity is slightly off.","You set up and solved for the stationary distribution correctly in the first code chunk and verified pi %*% P and sum(pi). However, the transition matrix P is mis-specified (rows swapped), and the second guided chunk is left blank, so process fidelity and clarity are incomplete.","You wrote a full MH sampler in R, but the exercise required an algebraic derivation of the four acceptance probability cases with explicit formulas. No symbolic derivation is shown, so process and final expressions are missing.","You implemented the MH algorithm with the provided alpha(), ran 2000 iterations from x0=1, and compared sample quantiles to qpois in a clear table. This matches the expected workflow and output structure.","You correctly used matrix multiplication to get 1- and 2-year portfolio compositions and used matrix powers to compute 20-year outcomes for both good and risky loans, reporting values consistent with the solution.","You reproduced the provided code using purrr, lead, and unnest to compute both covariance formulas across sample sizes and clearly stated that the results are (virtually) identical, matching the intended process and interpretation.","There is no Q7 content in the submitted .qmd, so this question cannot be graded.","There is no Q8 content in the submitted .qmd, so this question cannot be graded.",,
27,23,"Most of the core coding tasks (MH sampler, Markov chain portfolio, covariance comparison) are implemented correctly and follow the intended workflows. The main gaps are in the theoretical derivation for the MH acceptance probabilities and some misalignment with the guided structure in the stationary distribution question. Tightening adherence to the requested methods (e.g., using %^% and completing all guided chunks) and including full algebraic work where asked would improve your score further.",4,3,1,5,5,5,0,0,,,"You correctly defined P, used matrix multiplication to get 6-step probabilities, and summed non-churn states, with a reasonable numeric answer. However, the rubric specifically asked for using P %^% 6 and the two-vector %*% approach, so you lose some process points for not following that workflow.","You set up and solved for the stationary distribution correctly in the first chunk and verified pi %*% P and sum(pi). But the transition matrix P is mis-specified (rows swapped), and the second guided chunk is left blank, so process fidelity and clarity are only partial.","You wrote a full MH sampler in R, but this exercise required an algebraic derivation of the four acceptance probability cases, showing the ratios leading to λ/(x+1), x/λ, λ/2, and 2/λ. No symbolic derivation is provided, so process and formula outputs are missing.","You implemented a MH algorithm with the provided alpha(), ran 2000 iterations from x0=1, and compared sample quantiles to qpois in a clear table. This matches the expected workflow and output structure well.","You correctly used matrix multiplication to get 1- and 2-year portfolio compositions and used matrix powers to compute 20-year outcomes for both good and risky loans, with accurate percentages. The process and results align with the rubric.","You reproduced the provided tibble/purrr/dplyr/unnest workflow, computing both covariance formulas across the required sample sizes, and clearly stated that they agree up to rounding. This fully meets the code, process, and interpretation criteria.",There is no content corresponding to an additional exercise beyond Q6 in this lab; Q7 is therefore unattempted.,There is no content corresponding to an additional exercise beyond Q6 in this lab; Q8 is therefore unattempted.,,
28,23,"Most core coding tasks are completed correctly, especially the MH sampler, Poisson sampling comparison, Markov-chain loan portfolio analysis, and covariance comparison. The main gaps are in the theoretical derivation for Exercise 3 and the mis-specified transition matrix plus incomplete scaffold in Exercise 2. Addressing those issues and aligning more closely with the requested workflows (e.g., using %^% in Q1) would bring this to full credit.",4,3,1,5,5,5,0,0,,,"You correctly defined P and computed 6 steps via repeated %*% and summed non-churn states, giving a reasonable probability. However, the rubric expected use of P %^% 6 and the indicator-vector multiplication; update to use %^% for full credit on process fidelity.","You set up and solved for the stationary distribution correctly in the first code chunk and verified pi %*% P and sum(pi). However, the transition matrix P is mis-specified (rows should be [0.8,0.2] and [0.06,0.94]), and the second guided chunk is left blank; fix P and complete the scaffolded code for higher marks.","You wrote a full MH sampler, but the question asked for an algebraic derivation of the four acceptance probability cases; no symbolic derivation is shown. Provide step-by-step ratios for the four cases and the resulting min(1,·) formulas to earn more points.","Your MH implementation uses the provided alpha(), runs 2000 iterations from x0=1, and compares sample quantiles to qpois in a clear table, matching the expected workflow and output structure.","You correctly used matrix multiplication with the given P to get 1- and 2-year compositions, and used matrix powers to compute 20-year paid proportions for good and risky loans, with results matching the expected values.","You reproduced the provided tibble/map/lead/unnest workflow, computing both covariance formulas across the required sample sizes, and your written interpretation correctly notes that the two calculations agree up to small numerical differences.",There is no Q7 in this lab; no work to grade.,There is no Q8 in this lab; no work to grade.,,
29,23,"Most of the core coding tasks (MH sampling, Markov chain powers, and covariance comparison) are implemented correctly and follow the intended workflows. The main gaps are in the theoretical derivation for the MH acceptance probabilities and incomplete or slightly incorrect work in the stationary distribution exercise. Also, later questions Q7–Q8 are missing entirely; be sure to complete all exercises and follow the guided structure in future labs.",4,3,1,5,5,5,0,0,,,"You correctly defined P, used matrix multiplication to get 6-step probabilities, and summed non-churn states, with a reasonable numeric answer. However, the rubric expected use of P %^% 6 and the two-vector %*% workflow, so process fidelity is slightly off.","You set up and solved for the stationary distribution correctly in the first code chunk and verified pi %*% P and sum(pi). However, the transition matrix P is mis-specified (rows swapped), and the second guided chunk is left blank, so process fidelity and clarity are incomplete.","You wrote a full MH sampler, but the question asked for an algebraic derivation of the four acceptance probability cases. None of the required case-by-case formulas (λ/(x+1), x/λ, λ/2, 2/λ) are shown in markdown, so process and output requirements are not met.","Your MH implementation uses the provided alpha(), runs 2000 iterations from x0=1, and compares sample quantiles to qpois at the requested probabilities, matching the expected workflow and output structure.","You correctly computed 1- and 2-year portfolio compositions and used matrix powers to obtain 20-year outcomes for both good and risky loans, with percentages matching the expected values. The process and outputs align well with the rubric.","You used set.seed, rnorm, purrr::map, dplyr::lead, and tidyr::unnest exactly as in the template, producing a tibble of T, cov, and alt_cov, and your written interpretation correctly notes that the two covariance calculations agree up to rounding.","There is no Q7 content in the submitted .qmd, so no points can be awarded.","There is no Q8 content in the submitted .qmd, so no points can be awarded.",,
30,23,"Most core exercises (1, 4, 5, 6) are well done, with correct code structure and reasonable outputs. Exercise 2 has a minor matrix setup issue and an unfinished guided chunk, and Exercise 3 does not address the requested algebraic derivation. There are no tasks corresponding to Q7 and Q8 in this lab, so those remain ungraded.",4,3,1,5,5,5,0,0,,,"You correctly defined P and computed 6 steps via repeated %*% and summed non-churn states, giving a reasonable probability. However, the rubric expected use of the %^% operator from expm, so process fidelity is slightly off.","You set up and solved the stationary distribution correctly in the first code chunk and verified pi*P and sum(pi). However, the transition matrix P is mis-specified (rows swapped), and the second guided chunk is left blank, so process fidelity and clarity are incomplete.","You wrote a full MH sampler, but the question asked for an algebraic derivation of the four acceptance probability cases. The required case-by-case formulas and min(1,·) expressions are not shown, so most of the process and output criteria are missing.","You implemented the MH algorithm with the provided alpha function, ran 2000 iterations from x0=1, and compared sample quantiles to qpois in a clear table. This matches the expected workflow and output structure well.","You correctly used matrix multiplication to get 1- and 2-year portfolio compositions and used matrix powers (including %^% for risky loans) to compute 20-year outcomes for good and risky loans, with accurate percentages reported.","You reproduced the intended tibble workflow with purrr::map, dplyr::lead, and tidyr::unnest, and your written answer correctly notes that the two covariance calculations agree up to small numerical differences.",There is no Exercise 7 in the provided lab; thus no work to grade for Q7.,There is no Exercise 8 in the provided lab; thus no work to grade for Q8.,,
31,24,"Most of your code for the Markov chain and Monte Carlo exercises follows the intended workflows and produces correct probabilities or summaries. The main gaps are in Exercise 3, where an explicit algebraic derivation of the acceptance probabilities was required, and some minor process deviations (e.g., not using %^% in Q1, leaving a template chunk blank in Q2). Tightening alignment with the requested methods and adding full written derivations where asked will strengthen future submissions.",4,3.5,2,4.5,5,5,0,0,,,"You correctly defined P, used matrix multiplication to get 6-step transitions, and summed non-churn states, with a numerically accurate probability. However, the rubric expected use of the %^% operator from expm rather than a manual loop, so process fidelity is slightly off.","You set up a reasonable 2x2 matrix and solved for the stationary distribution with qr.solve, and your steady-state subscriber probability is correct. But the transition matrix entries are not in the same layout as the template, A is hard-coded instead of built via t(diag(2)-P), and the second code chunk is left blank; this hurts process fidelity and clarity.","You implemented an MH sampler and implicitly used the correct acceptance ratio, but the question asked for an algebraic derivation of the four acceptance probability cases. There is no written derivation or explicit formulas for the four cases, so much of the required reasoning is missing.","Your MH implementation for Poisson(20) follows the intended workflow (set.seed, loop with proposals and alpha, 2000 samples) and you compare sample and theoretical quantiles in a data frame. One minor issue is that you allow proposals to negative states without handling x=0 specially, which slightly departs from the specified proposal mechanism.","You correctly used the transition matrix to compute 1- and 2-year portfolio compositions and used matrix powers to obtain 20-year outcomes for both good and risky loans, with results matching the expected percentages. The workflow and outputs align well with the rubric.","You reproduced the intended tibble/map/lead/unnest workflow, computing both the standard covariance and the alternative difference-based covariance across the required sample sizes, and your written interpretation correctly notes that the two methods agree up to small numerical differences.",There is no Exercise 7 in the provided lab; this slot is unused.,There is no Exercise 8 in the provided lab; this slot is unused.,,
32,21.5,"You completed most of the lab with generally correct code and good use of R workflows, especially for the MH sampling, loan portfolio Markov chain, and covariance comparison. The main gaps are in following the exact matrix-power workflow in Q1, correctly specifying the 2-state transition matrix and linear system in Q2, and providing the required algebraic derivation (rather than code) for the MH acceptance probabilities in Q3. Addressing these process and interpretation issues would bring your work fully in line with the rubric.",3.5,3,1.5,4,4.5,5,0,0,,,"You defined P correctly and used matrix multiplication iteratively to get 6 steps, then summed non-churn states and reported ~74.85%, which is accurate. However, the rubric expected use of the %^% operator from expm and the specific vector-matrix-vector workflow, so you lose some process points.","Your transition matrix P is incorrect (rows should be [0.8,0.2] and [0.06,0.94]), and A is hard-coded rather than built as t(diag(2)-P) with rbind, so the process does not follow the required workflow. You do solve for pi and check pi%*%P and sum(pi), and your final steady-state subscriber probability (~23%) is correct, but the setup errors reduce both process and accuracy credit.","You implemented a full MH sampler in R, but the question asked for an algebraic derivation of the four acceptance probability cases. There is no written derivation or explicit formulas for the four cases, so only minimal credit is given for demonstrating understanding of the MH ratio in code.","You wrote a MH algorithm using the provided alpha(), generated 2000 samples from Poisson(20) starting at x0=1, and compared sample quantiles to qpois in a data frame, matching the required workflow. Minor issue: you did not handle the x=0 boundary explicitly, but overall the process and expected output structure are correct.","You correctly used P and the initial vector to compute 1- and 2-year compositions, and for 20 years you used matrix powers and initial states for good and risky loans, obtaining ~76.5% and ~19.6% paid, which match the solution. One minor process deviation is computing P20 for good loans via P %*% (P %^% 19) instead of directly P %^% 20, but this is mathematically equivalent.","You reproduced the intended tibble workflow with set.seed, rnorm, purrr::map, dplyr::lead, and tidyr::unnest, computing both cov and alt_cov across the specified sample sizes. Your written interpretation correctly notes that the two covariance calculations are (virtually) identical.",There is no Exercise 7 in this lab; no work to grade.,There is no Exercise 8 in this lab; no work to grade.,,
33,22,"You completed most of the core coding tasks, especially for the Markov chain and covariance exercises, and your numerical answers align well with the expected results. The main gap is Exercise 3, where a derivation was requested but only code was provided, and some workflows (Q1, Q2) deviate from the specific matrix‑power and linear‑system patterns in the rubric. For future labs, focus on matching the requested mathematical derivations and prescribed workflows, and ensure all exercises (including any later ones) are addressed explicitly.",3.5,3.5,1,4.5,4.5,5,0,0,,,"You correctly defined P and used repeated %*% with an initial state to get the 6‑step distribution and summed non‑churn states, with a reasonable numeric answer. However, the rubric expected use of P %^% 6 and the indicator vector multiplication, so process fidelity is only partial.","You set up a valid 2×2 transition matrix and manually constructed A and b, then solved for pi and checked pi %*% P and sum(pi), with a correct steady‑state subscriber percentage. The second code chunk is left blank and P is not used in constructing A (you hard‑coded A), so the workflow is only partially aligned with the expected diag/t/rbind approach.","Instead of the requested algebraic derivation of the four acceptance probability cases, you implemented a full MH sampler in R. This shows understanding of the algorithm but does not address the required step‑by‑step symbolic derivations for the four cases, so process and final formulas are missing.","You wrote a correct MH sampler using the provided alpha function, generated 2000 samples from Poisson(20), and compared sample quantiles to qpois in a data frame. This matches the intended workflow; a minor issue is that the proposal allows negative y when x=0, which would break execution, so there is a small process/execution risk.","You correctly used matrix multiplication with the given P to get 1‑ and 2‑year portfolio compositions and used P %^% 20 (or an equivalent power) with appropriate initial states to obtain ~76.5% and ~19.6% paid‑in‑full probabilities. One chunk uses P %*% (P %^% 19) instead of directly P %^% 20, which is redundant but not wrong; overall process is solid with only minor inefficiency.","You reproduced the intended tibble/map/lead/unnest workflow exactly, using set.seed, rnorm, purrr::map, dplyr::lead, and tidyr::unnest, and you correctly stated that the two covariance calculations are (up to rounding) the same. This fully meets the rubric for code, process, and interpretation.","There is no Exercise 7 in the provided .qmd, so no work can be graded for this question.","There is no Exercise 8 in the provided .qmd, so no work can be graded for this question.",,
34,22,"You completed most of the core tasks, especially the Markov chain computations, MH sampling, and covariance comparison, with generally correct code and reasonable interpretations. The main gaps are in following the exact requested workflows (e.g., using %^% in Q1, diag/t in Q2) and providing the algebraic derivation for the MH acceptance probabilities in Q3. Tightening alignment with the specified steps and ensuring all derivations are shown in markdown would strengthen your submission.",3.5,3,1.5,4.5,4.5,5,0,0,,,"You correctly defined P, iteratively applied %*% six times, and summed non-churn states, giving a probability near 75%. However, the rubric asked specifically for using the %^% operator from expm, which you did not use, so process fidelity is slightly off.","You built a valid 2x2 transition matrix and manually constructed A and b, then solved for pi and checked pi %*% P and sum(pi). However, P is not in the same row/column order as the solution, and you did not use diag/t() to form transpose(I−P); the second code chunk is left blank. This partially matches the required workflow but not fully.","You implemented a full MH sampler and implicitly used the acceptance ratio, but the question required an algebraic derivation of the four acceptance probability cases. There is no explicit case-by-case derivation or the final formulas λ/(x+1), x/λ, λ/2, and 2/λ, so process and output are only partially addressed.","Your MH implementation for Poisson(20) with 2000 samples from x0=1 is correct and uses runif and the provided alpha function, and you compare sample quantiles to qpois in a data frame. Minor issue: the chunk is eval: false, so it would not execute as written, which warrants a small execution penalty.","You correctly computed 1- and 2-year portfolio compositions using v0 %*% P and v1 %*% P, and used matrix powers to get 20-year outcomes for good and risky loans, with results matching the expected ~76.5% and ~19.6%. One minor issue is using P %*% (P %^% 19) instead of directly P %^% 20 in one place, but it is mathematically equivalent.","You reproduced the intended tibble/map/lead/unnest workflow exactly, using rnorm, purrr::map, dplyr::lead, and tidyr::unnest, and you correctly state that the two covariance calculations are (up to rounding) the same across sample sizes.",There is no Q7 in this lab; no work to grade.,There is no Q8 in this lab; no work to grade.,,
35,21.5,"You completed most of the core computational tasks correctly, especially for the MH sampling, loan portfolio Markov chain, and covariance comparison. The main gaps are in the theoretical derivation for the MH acceptance probabilities and some process/structure issues in the stationary distribution question. Tightening alignment with the specified workflows and ensuring all requested derivations are shown will help on future labs.",3.5,3,1,4.5,4.5,5,0,0,,,"You correctly defined P, iterated 6 steps with %*%, and summed non-churn states, getting an appropriate probability. However, the rubric expected use of the %^% operator for P^6, so process fidelity is slightly off.","You set up and solved for the stationary distribution numerically and checked pi*P and sum(pi), but the transition matrix P is mis-specified (rows swapped) and the second code chunk is left blank. This hurts both process fidelity and accuracy, even though your final percentage is close.","You implemented a full MH sampler in R, but the exercise required an algebraic derivation of the four acceptance probability cases. No symbolic derivations or the requested formulas are shown, so process and accuracy for this question are missing.","Your MH implementation for Poisson(20) with 2000 samples and quantile comparison is correct and follows the intended workflow, though you didn’t handle the x=0 boundary explicitly. Results are structured in a clear data frame; minor process deviation only.","You correctly computed 1- and 2-year portfolio compositions and 20-year paid percentages for good and risky loans, using matrix powers and %*%. One 20-year calculation uses P %*% (P %^% 19) instead of directly P %^% 20, but this is mathematically equivalent; everything else matches the rubric.","You reproduced the intended simulation using purrr, lead, and unnest, computing both covariance formulas across the required sample sizes and correctly noting they agree up to rounding. This fully meets code, process, and interpretation expectations.",There is no Exercise 7 in the provided lab; no work to grade.,There is no Exercise 8 in the provided lab; no work to grade.,,
36,21.5,"You completed most of the core coding tasks, especially for the MH sampler, Markov chain loan portfolio, and covariance comparison, and your numerical answers are generally in the right range. The main gaps are in following the exact specified process (e.g., using %^% in Q1, correct P in Q2) and providing the requested algebraic derivation in Q3. Review the solution template and rubric to align your workflow and written explanations more closely with the expectations.",3.5,3,1.5,4,4.5,5,0,0,,,"You correctly defined P, iterated 6 steps with %*%, and summed non-churn states, giving a reasonable probability (~75%). However, the rubric expected use of the %^% operator from expm and the final multiplication with indicator vector; consider using matrix powers next time.","You set up a 2x2 matrix and solved for a stationary distribution numerically with qr.solve and checked pi*P and sum(pi). However, the transition matrix is mis-specified (rows should be [0.8,0.2] and [0.06,0.94]), and the second code chunk is left blank; this hurts process fidelity and accuracy.","You implemented a general MH sampler and implicitly used the correct acceptance ratio, but the question asked for an algebraic derivation of the four specific acceptance formulas (λ/(x+1), x/λ, λ/2, 2/λ) with case-by-case work. No explicit symbolic derivations are shown, so most process and accuracy credit is lost.","You wrote a MH algorithm using runif, the provided alpha function, and generated 2000 samples, then compared sample quantiles to qpois in a data frame. This matches the required workflow; minor issues include not handling the x=0 boundary explicitly, but overall process and output structure are correct.","You correctly used %*% to get 1- and 2-year compositions and used %^% (and an equivalent P%*%(P%^%19)) to compute 20-year outcomes for good and risky loans, with probabilities close to the expected 76.5% and 19.6%. One minor inefficiency in computing P20 for good loans, but the process and results are essentially correct.","You reproduced the intended tibble workflow with set.seed, rnorm, purrr::map, dplyr::lead, and tidyr::unnest to compute both covariance formulas across sample sizes, and your written interpretation correctly notes they are (virtually) identical. This fully meets the rubric.",There is no Exercise 7 in the provided lab; no work to grade.,There is no Exercise 8 in the provided lab; no work to grade.,,
37,22.5,"You completed most of the core coding tasks correctly, especially for the MH sampling, loan portfolio Markov chain, and covariance comparison, and your numeric interpretations are generally accurate. The main areas to improve are following the exact requested workflows (e.g., using matrix powers and linear-system setup as specified) and providing the algebraic derivations for theoretical questions like Exercise 3. Also ensure all template chunks are either completed or removed to avoid partially blank sections.",3.5,3,2,4.5,4.5,5,0,0,,,"You correctly defined P, iterated 6 steps, and summed non-churn states, with a reasonable numeric answer. However, the rubric expected use of the %^% operator for P^6 and %*% twice with indicator vectors, so you lose some process-fidelity points.","You set up and solved for the stationary distribution correctly and verified pi*P and sum(pi), with a reasonable steady-state percentage. But the transition matrix P is mis-specified (rows should be [0.8,0.2] and [0.06,0.94]), and the second code chunk is left blank, so process fidelity and accuracy are only partial.","You implemented a general MH sampler, but the question asked for an algebraic derivation of the four acceptance probability cases and explicit formulas. No case-by-case symbolic work is shown, so only minimal credit is given for relevance.","Your MH implementation for Poisson(20) with 2000 samples and comparison of sample vs theoretical quantiles matches the intended workflow and uses the provided alpha function. Minor issue: you do not handle the x=0 boundary explicitly, but overall process and outputs are correct.","You correctly used matrix multiplication to get 1- and 2-year compositions and used P%^%20 (or equivalent) with appropriate initial states to get 20-year paid percentages for good and risky loans, with accurate numeric results. One minor deviation is computing P20 for good loans via P %*% (P%^%19) instead of directly P%^%20, but this is mathematically equivalent.","You reproduced the intended tibble workflow with set.seed, rnorm, purrr::map, dplyr::lead, and tidyr::unnest, and you correctly interpret that cov and alt_cov are (virtually) identical across sample sizes.",There is no Exercise 7 in this lab; no work to grade.,There is no Exercise 8 in this lab; no work to grade.,,
38,21.5,"You completed most of the core coding tasks and demonstrated good understanding of Markov chains, MH sampling, and the covariance comparison. The main gaps are in the algebraic derivation for the MH acceptance probabilities and the incorrect transition matrix/partially unfinished workflow in Exercise 2. Tightening alignment with the specified processes (e.g., using %^% where requested and fully completing all chunks) will help you capture full credit in future labs.",3.5,3,1,4.5,4.5,5,0,0,,,"You correctly defined P and computed 6 steps via repeated %*%, then summed non-churn states and reported a reasonable probability. However, the rubric expected use of the %^% operator from expm, so process fidelity is slightly off.","You set up a matrix and solved for a stationary distribution numerically and reported ~23%, but the transition matrix P is incorrect (rows should be [0.8,0.2] and [0.06,0.94]) and the second code chunk is left blank. This breaks the intended (I−P)^T construction and verification steps.","You implemented a full MH sampler in R, but the exercise required an algebraic derivation of the four acceptance probability cases. No symbolic derivation or explicit case-by-case formulas are shown.","You wrote a correct MH algorithm using runif and the provided alpha(), generated 2000 samples from Poisson(20), and compared sample quantiles to qpois in a data frame. Minor issue: you did not handle the x=0 boundary explicitly, but overall the workflow matches the rubric.","You correctly computed 1- and 2-year portfolio compositions using %*% and obtained accurate 20-year paid percentages for good and risky loans, with appropriate use of matrix powers. One minor deviation is computing P20 for good loans via P %*% (P %^% 19) instead of directly P %^% 20, but results are equivalent.","You reproduced the intended tibble workflow with set.seed, rnorm, purrr::map, dplyr::lead, and tidyr::unnest, and you clearly stated that cov and alt_cov agree up to rounding. This fully matches the required process and interpretation.",There is no Q7 in this lab; no work to grade.,There is no Q8 in this lab; no work to grade.,,
39,23,"Most of your code-based exercises (1, 4, 5, 6) follow the intended workflows and produce appropriate results, showing good command of Markov chains and MH simulation. The main gaps are in Exercise 2 (matrix specification and incomplete second chunk) and Exercise 3, where the required algebraic derivation is missing. Tightening alignment with the specified methods (e.g., using %^% where requested and fully answering symbolic questions) will help you capture all available points.",4,3.5,1.5,4.5,4.5,5,0,0,,,"You correctly defined P, iterated 6 steps with %*%, and summed non-churn states, with a reasonable numeric answer. However, the rubric specifically asked to use P %^% 6 and the indicator-vector multiplication; not following that workflow costs some process-fidelity points.","You set up the 2x2 matrix and solved for the stationary distribution with qr.solve, and verified pi %*% P and sum(pi). But the transition matrix is mis-specified (rows should be [0.8,0.2] and [0.06,0.94]), and the second code chunk is left blank; this hurts both process fidelity and accuracy. The final steady-state percentage is close to the expected value.","You implemented a general MH sampler for a Poisson target, but the question required an algebraic derivation of the four acceptance probability cases and explicit min(1,·) formulas. No case-by-case symbolic work is shown, so most process and accuracy credit is lost.","Your MH implementation uses the provided alpha(), runs 2000 iterations from x0=1, and compares sample quantiles to qpois in a table, matching the intended workflow. Minor issues: the proposal allows negative y when x=0 and the chunk is set eval: false, so there is a small process/execution penalty.","You correctly used matrix multiplication with the given P to get 1- and 2-year compositions, and used P%^%20 (or an equivalent power) with appropriate initial states to get ~76.5% and ~19.6% paid in full, matching expectations. One minor issue is the slightly convoluted P20 <- P %*% (P %^% 19) instead of directly using P %^% 20, but results and process are essentially correct.","You reproduced the intended tibble/map/lead/unnest workflow, using rnorm, purrr::map, dplyr::lead, and tidyr::unnest, and you correctly interpreted that cov and alt_cov agree up to small numerical differences. This fully meets the rubric for code, process, and interpretation.",There is no Exercise 7 in this lab; no work to grade.,There is no Exercise 8 in this lab; no work to grade.,,
40,21.5,"You completed most of the core computational tasks correctly, especially for the Markov chain and covariance exercises, and your numerical answers align well with the solutions. The main gaps are in following the exact requested workflows (e.g., using %^% in Q1, diag/t/rbind in Q2) and providing the algebraic derivation for the MH acceptance probabilities in Q3. Tightening alignment with the specified steps and including full written derivations where requested will strengthen future submissions.",3.5,3,1.5,4,4.5,5,0,0,,,"You correctly defined P, iterated 6 steps with %*%, and summed non-churn states, giving a reasonable ~75% answer. However, the rubric expected use of the %^% operator from expm and the specific vector-matrix-vector workflow, so process fidelity is slightly off.","You built a valid 2x2 transition matrix and manually constructed A and b, then solved for pi and checked pi%*%P and sum(pi), with a correct ~23% steady-state subscriber probability. However, you did not use the diag/t()/rbind workflow requested, and you left the provided second code chunk blank, so process fidelity is only partial.","You implemented a full MH sampler in code, but the exercise required an algebraic derivation of the four acceptance probability cases. There is no written derivation of the four cases (x≥1,y=x+1; x≥2,y=x−1; x=0,y=1; x=1,y=0), so process and final formulas are missing, though your code implicitly uses the correct ratio structure.","You wrote a correct MH algorithm using runif, alpha(), and produced 2000 samples, then compared sample quantiles to qpois in a data frame, matching the intended workflow. Minor issues: the chunk is eval: false so it would not actually run as written, and you did not use set.seed in this chunk, so a small execution/discretionary deduction applies.","You correctly used %*% with the initial portfolio to get 1- and 2-year compositions, and used matrix powers (including %^% for the risky-loan case) to compute 20-year outcomes for good and risky loans, with answers matching the expected ~76.5% and ~19.6%. One minor issue is using P %*% (P %^% 19) instead of directly P %^% 20 for the good-loan case, but this is mathematically equivalent, so only a small style penalty.","You reproduced the intended tibble/purrr/dplyr/tidyr workflow exactly, using rnorm, map, lead, and unnest to compute both covariance formulas across sample sizes, and you clearly stated that the two calculations are (virtually) identical. This fully meets code, process, and interpretation criteria.",There is no Q7 in this lab; no work to grade.,There is no Q8 in this lab; no work to grade.,,
41,23,"You completed most of the core computational tasks correctly, especially for the Markov chain portfolio problem and the covariance comparison, and your MH implementation in Q4 is close to the intended solution. The main gaps are in Q3, where a written derivation was required instead of code, and some minor deviations from the specified workflows in Q1–Q2. Focus on following the exact requested methods (e.g., %^% for powers, explicit algebraic derivations) and fully completing all guided code chunks in future labs.",4,3.5,1,4.5,5,5,0,0,,,"You correctly defined P, iterated 6 steps, and summed non-churn states, getting the right probability. However, the rubric asked specifically to use the %^% operator for P^6 and a single matrix product with indicator vectors; using a for-loop instead slightly departs from the expected workflow.","You set up the correct 2x2 transition matrix, constructed A and b, solved for pi, and checked pi %*% P and sum(pi), with an accurate steady-state subscriber probability. However, the first matrix P is mis-ordered relative to the intended state layout, and you left the guided second code chunk blank; stick to the diag/t()/rbind workflow and complete all requested code sections.","You implemented a full MH sampler in R, but the exercise required an algebraic derivation of the four acceptance probability cases and explicit formulas (λ/(x+1), x/λ, λ/2, 2/λ) wrapped in min(1,·). No written derivation or case-by-case formulas are shown.","Your MH implementation uses the provided alpha(), runs 2000 iterations from x0=1, and compares sample quantiles to qpois in a clear table, matching the intended process. One minor issue is that you allow proposals to negative states (when x=0 and y=x-1), which is outside the Poisson support; adding a safeguard for x=0 would fully align with the expected algorithm.","You correctly used matrix multiplication to get 1- and 2-year portfolio compositions, and used P%^%20 (or an equivalent P20) with appropriate initial state vectors to compute 20-year paid-up percentages for good and risky loans, with values matching the solution. Workflow and results fully align with the rubric.","You reproduced the intended tibble/map/lead/unnest workflow, computing both covariance formulas across the specified sample sizes, and your written interpretation correctly notes that the two methods give (virtually) identical results. This fully meets the criteria.",There is no Q7 in this lab; no work to grade.,There is no Q8 in this lab; no work to grade.,,
42,23,"Most of the core Monte Carlo and Markov chain tasks (MH sampling, Poisson quantile comparison, loan portfolio transitions, and covariance comparison) are implemented correctly and follow the intended workflows. The main gaps are in the algebraic derivation for the MH acceptance probabilities and the mis-specified/partially unfinished stationary-distribution calculation. Tightening alignment with the specified matrix forms and fully completing all symbolic derivations would strengthen the submission.",4,3,1,5,5,5,0,0,,,"You correctly defined P, iterated 6 steps with %*%, and summed non-churn states, getting the right probability. However, the rubric asked specifically to use P %^% 6 and the indicator-vector multiplication; not using %^% loses some process-fidelity credit.","You set up and solved for the stationary distribution with qr.solve and verified pi %*% P and sum(pi), and your steady-state subscriber percent is correct. But the transition matrix P is mis-specified (rows should be [0.8,0.2] and [0.06,0.94]), and the second code chunk is left as placeholders, so process fidelity and accuracy are only partial.","You wrote a working MH sampler and an acceptance-probability function, but the exercise required an algebraic derivation of the four acceptance formulas (λ/(x+1), x/λ, λ/2, 2/λ) with explicit case-by-case work. No symbolic derivation is shown, so process and final expressions are missing.","Your MH implementation uses the provided alpha(), runs 2000 iterations from x0=1, and then compares sample quantiles to qpois at the requested probabilities in a clear table. This matches the expected workflow and output structure well.","You correctly used matrix multiplication with the given P to get 1-year and 2-year portfolio compositions, and used matrix powers (including %^% 20) with appropriate initial states to compute 20-year paid-in-full percentages for good and risky loans, with values matching the solution.","You reproduced the intended tibble workflow with set.seed, rnorm, purrr::map, dplyr::lead, and tidyr::unnest to compute both covariance formulas across sample sizes, and your written interpretation correctly notes that the two calculations agree up to rounding.","There is no content corresponding to an Exercise 7 in this lab file, so no points can be awarded.","There is no content corresponding to an Exercise 8 in this lab file, so no points can be awarded.",,
43,23,"Most core computations and Markov chain workflows are implemented correctly, and your MH sampler and covariance comparison are well done. The main gaps are in following the exact requested process (e.g., using %^% in Q1, constructing A via t(diag(2) - P) in Q2) and providing the algebraic derivation for the MH acceptance probabilities in Q3. Tightening alignment with the stated steps and ensuring all derivations are shown would improve your score further.",4,3.5,1,4.5,5,5,0,0,,,"You correctly defined P, iterated 6 steps with %*%, and summed the non-churn states, giving a reasonable probability. However, the rubric asked specifically for using the %^% operator from expm and the two-vector multiplication workflow, so you lose a process point.","You set up the correct 2x2 transition matrix, constructed A and b, solved for pi, and checked pi %*% P and sum(pi), with a correct steady-state percentage. The second code chunk is left blank and your A is hard-coded rather than using t(diag(2) - P), so process fidelity is only partial and there is some sloppiness.","You wrote a working MH sampler and acceptance function, but the exercise required an algebraic derivation of the four acceptance probability cases, which is missing. Only minimal credit is given for showing the general MH structure.","Your MH implementation uses the provided alpha(), runs 2000 iterations from x0=1, and compares sample quantiles to qpois in a clear table, matching the intended workflow. A small discretionary deduction applies because the code chunk is set eval: false, so results would not actually be produced in the rendered document.","You correctly used matrix multiplication to get 1- and 2-year portfolio compositions, and used P%^%20 (or an equivalent power) with appropriate initial vectors to obtain the 20-year paid-in-full percentages for good and risky loans, with accurate numeric answers.","You reproduced the full tibble-based workflow with set.seed, rnorm, purrr::map, dplyr::lead, and tidyr::unnest, and you correctly interpreted that cov and alt_cov agree up to tiny rounding error across sample sizes.",There is no Q7 in this lab; no work to grade.,There is no Q8 in this lab; no work to grade.,,
44,22,"You completed most of the core tasks, especially the Markov chain and covariance exercises, and your numerical answers generally align with the solutions. The main issues are not following the exact requested workflows in a few places (e.g., using %^% in Q1, algebraic derivation in Q3) and leaving some template chunks incomplete or non-evaluating. Tightening alignment with the specified methods and ensuring all code is executable would improve your score further.",4,3.5,1,4,4.5,5,0,0,,,"You correctly defined P, iterated 6 steps, and summed non-churn states, giving a reasonable probability. However, the rubric specifically asked to use the %^% operator from expm for P^6, so you lose a process point for not following that workflow.","You set up the correct 2x2 transition matrix and solved for the stationary distribution with qr.solve, and you checked pi %*% P and sum(pi). But the matrix P is mis-ordered (rows/columns swapped), and the second code chunk is left blank; this hurts process fidelity and clarity. Also, the first chunk is marked eval: false, so it would not actually run.","Instead of the requested algebraic derivation of the four acceptance probability cases, you implemented a full MH sampler in R. This does not address the required symbolic derivations, so most of the process and accuracy credit is lost.","You implemented an MH sampler using the provided alpha(), generated 2000 samples from Poisson(20), and compared sample and theoretical quantiles in a data frame, which matches the intended workflow. However, the code is set eval: false, so it would not execute, and you did not explicitly show the tibble format requested; this costs some execution/process credit.","You correctly used matrix multiplication to get 1- and 2-year portfolio compositions and used P%^%20 (or an equivalent P20) with appropriate initial states to compute 20-year paid-in-full percentages for good and risky loans, with accurate numeric answers. One minor issue is the slightly convoluted P20 <- P %*% (P %^% 19) instead of directly using P %^% 20 for the good-loan case.","You reproduced the intended code using set.seed, rnorm, purrr::map, dplyr::lead, and tidyr::unnest to compute both covariance formulas across sample sizes, and your written explanation correctly notes that the two methods give (virtually) identical results. This fully meets the rubric criteria.","There is no content corresponding to an additional exercise beyond Q6 in this lab; if Q7 was expected, it is missing entirely.","There is no content corresponding to an additional exercise beyond Q6 in this lab; if Q8 was expected, it is missing entirely.",,
45,22.5,"You completed most of the core computational tasks correctly, especially for the Markov chain portfolio problem and the covariance comparison, and your MH implementation for Poisson sampling is solid. The main gaps are in the theoretical derivation for the MH acceptance probabilities and some minor deviations from the requested workflows (e.g., use of %^% and fully filling in guided chunks). Focusing on matching the specified process steps and providing algebraic justifications where requested will strengthen future submissions.",4,3.5,1,4.5,4.5,5,0,0,,,"You correctly defined P, iterated 6 steps, and summed non‑churn states, giving a reasonable probability. However, the rubric asked specifically to use the %^% operator from expm and the vector multiplications; your loop approach deviates from the expected workflow, so you lose some process points.","You set up the correct 2×2 transition matrix, constructed A and b, solved for pi, and checked pi %*% P and sum(pi), with a steady‑state subscriber probability near 23%. However, the first matrix P is misordered relative to the intended structure, and you left the guided second code chunk blank; this hurts process fidelity and clarity.","You implemented a general MH sampler in R, but the question required a pen‑and‑paper derivation of the four acceptance probability cases and the explicit formulas (λ/(x+1), x/λ, λ/2, 2/λ) inside min(1,·). No algebraic derivation or case breakdown is shown, so only minimal credit is given for relevance.","You wrote a MH algorithm using the provided alpha(), generated 2000 samples from Poisson(20), and compared sample quantiles to qpois in a clear table. This matches the expected workflow; a very minor deduction because the code is marked eval: false so it would not actually run as written in the document.","You correctly used matrix multiplication to get 1‑ and 2‑year portfolio compositions and used matrix powers to compute 20‑year outcomes for both good and risky loans, with probabilities matching the solution. One minor issue is the slightly convoluted P20 construction for good loans; using P %^% 20 consistently would better match the expected process.","You reproduced the intended tibble/map/lead/unnest workflow exactly, computing both covariance formulas across the required sample sizes, and your written interpretation correctly notes that the two calculations agree up to rounding. This fully meets all criteria.",There is no content corresponding to an additional exercise beyond Q6 in this lab; no answer was provided for a Q7‑type question.,There is no content corresponding to an additional exercise beyond Q6 in this lab; no answer was provided for a Q8‑type question.,,
46,23,"You completed the main computational exercises well, especially the Markov chain and covariance tasks, and your MH implementation in Q4 is close to the intended solution. The main gaps are the missing algebraic derivation in Q3 and the absence of any work for later questions (Q7–Q8). For future labs, ensure you follow the requested workflow (e.g., specific matrix power operators) and provide written derivations where asked, and attempt all exercises even if only partially.",4,3.5,1,4.5,5,5,0,0,,,"You correctly defined P, iterated 6 steps, and summed non-churn states, getting the right probability. However, the rubric asked specifically to use P %^% 6 and matrix multiplications with %*%; using a for-loop instead slightly departs from the expected workflow.","You set up the correct 2x2 transition matrix, built A and b, solved for pi, and checked pi %*% P and sum(pi), with an accurate steady-state subscriber probability. However, the second code chunk is left as an empty template, and your P matrix is not in the same row/column order as the solution (though you compensate in A), which makes the workflow less clear.","You implemented a full MH sampler in R, but the exercise required an algebraic derivation of the four acceptance probability cases and explicit formulas (λ/(x+1), x/λ, λ/2, 2/λ) wrapped in min(1,·). No written derivation or case-by-case formulas are shown.","Your MH implementation uses the provided alpha(), runs 2000 iterations from x0=1, and compares sample quantiles to qpois in a clear table, matching the intended process. One minor issue is that you allow proposals to negative states (when x=0 and y=x−1), which is outside the Poisson support; adding a safeguard for x=0 would fully align with the expected algorithm.","You correctly computed the 1-year and 2-year portfolio compositions using matrix multiplication, and used matrix powers to obtain 20-year outcomes for both good and risky loans, reporting approximately 76.5% and 19.6% paid in full. The workflow and results match the solution closely.","You reproduced the full tibble-based workflow with purrr::map, dplyr::lead, and tidyr::unnest, computing both covariance formulas across the required sample sizes, and correctly noted that the two calculations are (virtually) identical.","There is no content corresponding to an Exercise 7 in your .qmd, so this question cannot be awarded any points.","There is no content corresponding to an Exercise 8 in your .qmd, so this question cannot be awarded any points.",,
47,22.5,"Most of the computational exercises (Markov chains, MH sampling, and covariance comparison) are implemented well and produce appropriate results, with only minor deviations from the requested workflows. The main gap is in Exercise 3, where the required algebraic derivation of acceptance probabilities is missing and replaced by code, and the template for part of Exercise 2 is left incomplete. Be sure to follow the exact process instructions (including symbolic work) and complete all provided code chunks in future labs.",4,3.5,1,4.5,4.5,5,0,0,,,"You correctly defined P, iterated 6 steps, and summed non-churn states, giving a reasonable probability. However, the rubric asked specifically to use the %^% operator from expm for P^6; using a loop instead slightly reduces process fidelity.","You set up the correct 2x2 transition matrix, constructed A and b, solved for pi, and checked pi %*% P and sum(pi), with a steady-state subscriber probability near 23%. However, the matrix P is mis-ordered relative to the intended layout (rows/columns swapped), and the second code chunk is left as an empty template, so the full prescribed workflow is not cleanly implemented.","You implemented a general MH sampler for a Poisson target, but the exercise required an algebraic derivation of the four acceptance probability cases and explicit formulas (λ/(x+1), x/λ, λ/2, 2/λ) wrapped in min(1,·). No symbolic derivation is shown, so process and final expressions are missing.","You wrote an MH algorithm using the provided alpha(), generated 2000 samples from Poisson(20), and compared sample quantiles to qpois in a table, matching the required workflow. One minor issue is that the proposal does not enforce x ≥ 0 (it can propose negative y), which slightly departs from the intended process.","You correctly used matrix multiplication to get 1- and 2-year portfolio compositions and used P%^%20 (or an equivalent P20) with appropriate initial states to compute long-run paid proportions for good and risky loans, with values matching the solution. One minor inefficiency is computing P20 as P %*% (P %^% 19) instead of directly using P %^% 20 in the good-loan part.","You reproduced the full tibble/map/unnest workflow, using rnorm, lead, map, and unnest to compute both covariance formulas across sample sizes, and your written interpretation correctly notes that the two methods give (virtually) identical results.",There is no content corresponding to an additional exercise beyond Q6 in this lab; Q7 is not answered.,There is no content corresponding to an additional exercise beyond Q6 in this lab; Q8 is not answered.,,
48,24,"Most core tasks (MH sampling, Markov chain loan portfolio, and covariance comparison) are implemented correctly and follow the intended workflows. The main issues are in Q2 (incorrect transition matrix and incomplete second chunk) and Q3 (missing algebraic derivation, only code). Tightening alignment with the specified methods (e.g., using %^% in Q1 and fully working through the symbolic steps in Q3) would further improve your submission.",4,3,2,5,5,5,0,0,,,"You correctly defined P, iterated 6 steps, and summed non-churn states, getting the right probability. However, the rubric asked specifically to use the %^% operator for P^6 and a single matrix product with indicator vectors, so you lose a point on process fidelity.","You computed a stationary distribution numerically and checked pi*P and sum(pi), but the transition matrix P is incorrect (rows should be [0.8,0.2] and [0.06,0.94]) and the second code chunk is left blank. This partially matches the workflow but with a wrong P and incomplete implementation.","You implemented a general MH sampler in code, but the exercise required an algebraic derivation of the four acceptance probability cases and explicit formulas. No written derivation or the required min(1,·) expressions for the four cases are shown.","Your MH implementation uses the provided alpha function, runs 2000 iterations from x0=1, and compares sample quantiles to qpois in a clear table. This matches the expected workflow and output structure well.","You correctly used matrix multiplication with the given P to get 1-year and 2-year compositions and used matrix powers to compute 20-year outcomes for both good and risky loans, reporting values consistent with the solution.","You reproduced the provided tibble/map/unnest workflow, computing both covariance formulas across the required sample sizes, and your written interpretation correctly notes that the two methods give (virtually) identical results.",There is no content corresponding to an Exercise 7 in this lab; nothing to grade.,There is no content corresponding to an Exercise 8 in this lab; nothing to grade.,,
49,22.5,"Most core tasks for Exercises 1–6 are completed with generally correct code and reasonable interpretations, especially for the Markov-chain and covariance problems. The main gap is in Exercise 3, where the required algebraic derivation is replaced by code, and in Exercise 2 where the prescribed linear-system setup is only partially followed. Tightening alignment with the requested workflows and including full symbolic work where asked will strengthen future submissions.",4,3.5,1,4.5,4.5,5,0,0,,,"You correctly defined P, iterated 6 steps with %*%, and summed non-churn states, getting the right probability. However, the rubric asked specifically to use P %^% 6 and the indicator-vector multiplication; not following that workflow costs some process-fidelity points.","You obtained the correct stationary distribution and verified pi %*% P, but your P matrix is mis-ordered (rows/columns swapped) and you hard-coded A instead of using t(diag(2) - P). The second code chunk is left blank, so the full prescribed linear-system workflow is not shown.","You implemented an MH sampler in R, but the exercise required an algebraic derivation of the four acceptance-probability cases and the explicit min(1,·) formulas. No written derivation is provided, so most process and accuracy credit is lost.","Your MH implementation uses the provided alpha(), runs 2000 iterations from x0=1, and compares sample quantiles to qpois in a clear table, matching the intended workflow. Minor differences from the template (no explicit handling of x=0) are acceptable but slightly reduce process fidelity.","You correctly used matrix multiplication to get 1- and 2-year compositions and used P %^% 20 (or an equivalent power) with appropriate initial states to find ~76.5% and ~19.6% paid in full. One 20-year calculation is written as P %*% (P %^% 19) instead of directly P %^% 20, which is redundant but not wrong.","You reproduced the full tibble/map/unnest workflow, using rnorm, lead, map, and unnest correctly, and your written answer clearly states that the two covariance calculations agree up to rounding. This fully meets the rubric.",There is no Exercise 7 in this lab; no work to grade.,There is no Exercise 8 in this lab; no work to grade.,,
50,22.5,"You completed most of the core computational tasks correctly, especially for the Markov chain simulations, MH sampling, and covariance comparison, and your numeric answers align well with the solutions. The main gap is Exercise 3, where the required algebraic derivation is missing, and some minor process deviations (e.g., not using P%^% in Q1, leaving a guided chunk blank in Q2) reduced a few points. Overall, your understanding of the computational methods appears solid; focus on following the requested derivation steps and template structure more closely in future labs.",4,3.5,1,4.5,4.5,5,0,0,,,"You correctly defined P, iterated 6 steps, and summed non-churn states, with a reasonable probability (~75%). However, the rubric asked specifically to use P%^%6 and vector multiplications; using a for-loop instead slightly departs from the expected workflow.","You set up the correct transition matrix, constructed A and b, solved for pi, and checked pi%*%P and sum(pi), with a steady-state subscriber probability around 23%. However, P is not in the canonical form (rows swapped), and you left the guided second code chunk blank; also A was hard-coded instead of using t(diag(2)-P), so process fidelity is only partial.","You implemented a general MH sampler in R, but the exercise required an algebraic derivation of the four acceptance probability cases and explicit formulas (λ/(x+1), x/λ, λ/2, 2/λ) wrapped in min(1,·). No written derivation or case-by-case formulas are shown.","You wrote a MH sampler using the provided alpha(), generated 2000 samples from Poisson(20) starting at x0=1, and compared sample quantiles to qpois in a data frame. This matches the required workflow; minor deviation from the exact tibble format in the solution is acceptable.","You correctly used matrix multiplication to get 1- and 2-year portfolio compositions and used matrix powers to compute 20-year outcomes for good and risky loans, with probabilities close to 76.5% and 19.6%. One 20-year calculation uses P%*%(P%^%19) instead of P%^%20, but numerically this is equivalent; overall process and results are correct.","You reproduced the intended code using set.seed, rnorm, purrr::map, dplyr::lead, and tidyr::unnest to compute both covariance formulas across sample sizes, and your markdown correctly notes that the two calculations are (virtually) identical.",There is no Exercise 7 in the provided lab; no work to grade.,There is no Exercise 8 in the provided lab; no work to grade.,,
