Run,Total,OverallComment,Q1,Q2,Q3,Q4,Q5,Q6,Q7,Q8,Q9,Q10,Q1_feedback,Q2_feedback,Q3_feedback,Q4_feedback,Q5_feedback,Q6_feedback,Q7_feedback,Q8_feedback,Q9_feedback,Q10_feedback
1,20,"You completed most of the core coding tasks for Markov chains, MH sampling, and covariance comparison, and your numerical results are generally reasonable. The main losses are from missing the written derivation in Q3, mis-specifying or reusing initial states in the Markov chain exercises, and missing later exercises. For future labs, follow the exact requested workflows (e.g., use %^% where specified) and ensure each exercise is fully answered in the .qmd itself.",4.5,4,0,4.5,2,5,0,0,,,"You correctly defined P, iterated 6 steps, and summed non-churn states; the probability is close to 75%. However, the rubric asked specifically for using P %^% 6 and the two-vector %*% approach, so you lose a small process point for not following that workflow exactly.","You set up the stationary distribution correctly, solved A %*% pi = b with qr.solve, and verified pi %*% P and sum(pi); the steady-state subscriber probability is about 23%. However, your transition matrix P is mis-ordered (rows/columns swapped relative to the intended model), and you hard-coded A instead of computing t(diag(2) - P), so process fidelity is only partial.","No derivation is shown in the .qmd (only a reference to an attached file), so none of the four required acceptance probability cases are demonstrated.","You implemented a valid MH sampler with a for loop, runif proposals, and the provided alpha(), then compared sample quantiles to qpois in a data frame. This matches the required workflow; a minor issue is that you did not handle the x=0 boundary explicitly as in the template, but the overall process and outputs are correct.","You used P %^% n and %*% to get portfolio composition at 1, 2, and 20 years, which is good. However, for the 20-year questions you reused the mixed initial state instead of separate initial vectors for good and risky loans, so the reported 20-year paid-up percentages for good and risky loans are incorrect and the specific workflows for those two parts are missing.","You reproduced the intended tibble workflow with set.seed, rnorm, purrr::map, dplyr::lead, and tidyr::unnest, and your explanation correctly notes that cov and alt_cov match across sample sizes and converge to the true covariance.","There is no Exercise 7 content in the provided .qmd, so this question cannot be awarded any points.","There is no Exercise 8 content in the provided .qmd, so this question cannot be awarded any points.",,
2,19,"You completed most of the main coding tasks for Markov chains, MH sampling, and covariance, and your implementations for Q1, Q2, Q4, and Q6 are largely correct and aligned with the rubric. The main gaps are the missing written derivation for the MH acceptance probabilities (Q3), incorrect setup for the 20-year loan questions (Q5), and no work for later exercises (Q7–Q8). To improve, ensure all exercises are answered within the .qmd and pay close attention to the specified initial conditions and required mathematical explanations.",4,4,0,4,2,5,0,0,,,"You correctly defined P, used matrix multiplication to get 6 steps, and summed non-churn states; the probability is close to the expected 75%. However, the rubric asked specifically for using the %^% operator from expm, which you did not use, so partial deduction on process fidelity.","You set up the 2x2 transition matrix, constructed A and b, solved for pi, and checked pi %*% P and sum(pi); the steady-state subscriber probability is correct. The first matrix P is transposed relative to the solution but still represents the same chain, and you left the second code chunk essentially unused; minor process issues but overall correct.","No derivation is shown in the .qmd (only a reference to an attached file), so the required four-case algebraic work and final acceptance formulas are missing.","You implemented an MH sampler with a for loop, runif proposals, and the provided alpha(), then compared sample quantiles to qpois in a data frame. This matches the required workflow; small issues include not handling the x=0 boundary explicitly and not using the initial samples vector you defined, but the overall process and output structure are correct.","You used P %^% n and %*% to get portfolio states at 1, 2, and 20 years, which is good. However, for the 20-year questions you reused the mixed initial state instead of separate initial vectors for good and risky loans, so the reported percentages (8.08% and 53.74%) are not the correct conditional probabilities; this breaks the required process and output accuracy for parts 3 and 4.","Your code matches the provided solution: you use set.seed, rnorm, purrr::map, dplyr::lead, and tidyr::unnest to compute both covariance formulas across sample sizes, and your written interpretation correctly notes that the two methods give identical results and converge as T grows.","There is no content corresponding to an Exercise 7 in the submitted .qmd, so this question cannot be awarded any points.","There is no content corresponding to an Exercise 8 in the submitted .qmd, so this question cannot be awarded any points.",,
3,20,"You completed most of the coding tasks and demonstrated good understanding of Markov chains, MH sampling, and the covariance identity. The main gaps are the missing written derivation for the MH acceptance probabilities and incorrect setup for the 20-year loan outcomes. Review the exact workflows requested in the rubric (e.g., use of %^% and initial state vectors) and ensure all written reasoning appears directly in the .qmd file.",4.5,4,0,4.5,2,5,0,0,,,"You correctly defined P, iterated 6 steps, and summed non-churn states; the probability is close to the expected ~75%. However, the rubric asked specifically for using P %^% 6 and the two-vector %*% approach, so there is a small process deviation.","You set up the 2x2 matrix, constructed A and b, solved for pi, and checked pi %*% P and sum(pi); the steady-state subscriber probability is correct (~23%). The P matrix entries are transposed relative to the intended layout, and you hard-coded A instead of using t(diag(2) - P), so the process is not fully faithful.","No derivation is shown in the .qmd (only a reference to an attached file), so none of the four required acceptance probability cases are demonstrated.","You implemented an MH sampler with a for loop, runif proposals, and the provided alpha(), then compared sample quantiles to qpois() in a table; this matches the expected workflow and output. Minor differences from the template (separate function, different seed) are acceptable but slightly diverge from the exact described structure.","You used P %^% n and %*% to get portfolio states at 1, 2, and 20 years, which is good. However, for the 20-year questions you reused the mixed initial state instead of separate initial vectors for good and risky loans, so the reported 20-year paid-up percentages are incorrect and do not match the intended calculations.","You reproduced the provided tibble/map/unnest code using rnorm, lead, and the alternative covariance formula, and your explanation correctly notes that cov and alt_cov agree across sample sizes and converge to the true covariance.",There is no Exercise 7 content in this lab; this question receives no points by default.,There is no Exercise 8 content in this lab; this question receives no points by default.,,
4,20.5,"You completed most of the core coding tasks for the Markov chain and MH exercises and your covariance implementation is fully correct. The main issues are a missing written derivation for the MH acceptance probabilities, mis-specified or misinterpreted Markov chain calculations in the loan portfolio question, and missing later exercises. Focus on following the exact requested workflow (e.g., using matrix powers and specific initial states) and ensuring all written derivations appear directly in the .qmd.",4.5,4,0,5,2,5,0,0,,,"You correctly defined P, iterated 6 steps, and summed non-churn states; the probability is close to 75%. However, the rubric asked specifically for using P %^% 6 and matrix multiplications, so you lose a small process point for not following that workflow.","You set up the 2x2 transition matrix and solved for the stationary distribution using a linear system, then checked pi %*% P and sum(pi). The matrix P is mis-ordered (rows/columns swapped relative to the description), but the workflow is essentially correct; be careful to construct P directly as t(diag(2) - P) using diag rather than hard-coding A.","No derivation is shown in the .qmd (only a reference to an attached file), so none of the four required acceptance-probability cases are demonstrated here.","You implemented a valid MH sampler with a for loop, runif proposals and acceptance using the provided alpha, and then compared sample quantiles to qpois in a table. This matches the expected process and output structure.","You used P %^% n and %*% to get portfolio states, but you reused the mixed initial state for 20 years and then misinterpreted entries when answering the 20-year questions. You did not separately compute outcomes for c(1,0,0,0) and c(0,1,0,0), and the reported percentages (8.08% and 53.74%) are not the correct paid-in-full probabilities for good and risky loans.","Your code matches the provided solution: you use set.seed, rnorm, purrr::map, dplyr::lead, and tidyr::unnest to compute both covariance formulas across sample sizes, and your explanation correctly notes that the two methods give identical results and converge as T grows.","There is no Exercise 7 content in the submitted .qmd, so this question cannot be graded and receives zero by default.","There is no Exercise 8 content in the submitted .qmd, so this question cannot be graded and receives zero by default.",,
5,19,"You completed most of the coding tasks and demonstrated good understanding of Markov chains, MH sampling, and the covariance identity. The main gaps are the missing written derivation for the MH acceptance probabilities and incorrect setup for the 20-year loan outcomes. Focus on following the exact requested workflows (e.g., using %^%, correct initial states) and ensuring all mathematical reasoning appears directly in the .qmd.",4.5,3,0,4.5,2,5,0,0,,,"You correctly defined P, iterated 6 steps with %*%, and summed non-churn states; the probability (~0.75) is accurate. However, the rubric asked specifically for using %^% from expm, which you did not, so a small process-fidelity deduction applies.","You set up the stationary distribution system and solved it correctly, and your steady-state subscriber probability (~23%) is right. However, the transition matrix P is mis-ordered (rows/columns swapped), A is hard-coded instead of using t(diag(2) - P), and you did not show explicit checks that pi %*% P - pi is (approximately) zero and that sum(pi) equals 1, so process and clarity are only partially met.","No derivation is shown in the .qmd (it only references an attached file), so none of the four required acceptance-probability cases are demonstrated. Full credit requires the algebraic work to appear in this document.","You implemented a valid MH sampler with a for loop, runif proposals, and the provided alpha(), then compared sample quantiles to qpois in a table—this matches the intended workflow and output. Minor issues: you did not guard against x going negative in proposals, and you redefined a separate MH function instead of using the initialized samples vector, so a small process-fidelity penalty is applied.","You correctly used P %^% n and %*% to get portfolio states at 1, 2, and 20 years, which satisfies the matrix-power workflow. However, for the 20-year questions you reused the mixed initial state instead of separate initial vectors c(1,0,0,0) and c(0,1,0,0), so the reported 20-year paid-up percentages for good and risky loans are incorrect and the specific required calculations are missing.","Your code matches the provided solution: you use set.seed, rnorm, purrr::map, dplyr::lead, and tidyr::unnest to compute both covariance formulas across the requested sample sizes. The resulting tibble structure and your written interpretation correctly note that cov and alt_cov agree and converge as T grows.",There is no Exercise 7 in the provided lab; this slot is left at 0 by convention.,There is no Exercise 8 in the provided lab; this slot is left at 0 by convention.,,
6,20.5,"You completed most of the core coding tasks for Markov chains, MH sampling, and the covariance comparison, and your numerical results generally align with expectations. The main gaps are the missing written derivation for the MH acceptance probabilities and incorrect setup for the 20-year loan outcomes, plus no work for later exercises. Focus on following the exact requested workflow (e.g., initial states for each scenario, required operators) and ensuring all written derivations appear directly in the .qmd.",4.5,4.5,0,4.5,2,5,0,0,,,"You correctly defined P, iterated 6 steps, and summed non-churn states; the probability (~0.75) is correct. However, the rubric asked specifically to use P %^% 6 and matrix products twice, so there is a small process deviation.","You built a valid transition matrix, set up A and b, solved for pi, and checked pi %*% P and sum(pi); the steady-state subscriber probability (~23%) is correct. The matrix A was hard-coded rather than using t(diag(2) - P), which is a minor process issue.","No derivation is shown in the .qmd (only a reference to an attached file), so the four required acceptance-probability cases and formulas are missing.","You implemented an MH sampler with a for loop, runif proposals, and the provided alpha(), then compared sample quantiles to qpois; this matches the intended workflow and output. A small issue is that you did not handle the x=0 boundary explicitly as in the reference, but the algorithm is otherwise correct.","You used P %^% n and %*% to get 1- and 2-year portfolio compositions, which is good. However, for 20-year outcomes you reused the mixed initial state instead of separate good and risky initial vectors, so the reported 20-year paid-up percentages for good and risky loans are incorrect and the specific 20-year calculations requested in the rubric are not followed.","You reproduced the tibble/map/unnest workflow with rnorm, lead, and the alternative covariance formula exactly as in the solution, and your explanation correctly notes that cov and alt_cov match and converge with larger T.","There is no content corresponding to an Exercise 7 in the provided .qmd, so this question cannot be awarded points.","There is no content corresponding to an Exercise 8 in the provided .qmd, so this question cannot be awarded points.",,
7,20,"You completed most of the core coding tasks for Markov chains, MH sampling, and covariance, and your numerical results are generally reasonable. The main gaps are the missing written derivation for the MH acceptance probabilities and incorrect setup for the 20-year loan questions, plus no work for later exercises. Focus on following the exact process steps in the rubric (e.g., required matrix operations and initial states) and ensuring all exercises are answered within the .qmd file.",4.5,4,0,4.5,2,5,0,0,,,"You correctly defined P, iterated 6 steps, and summed non-churn states; the probability (~0.75) is accurate. However, the rubric asked specifically for using P %^% 6 and the two-vector %*% approach, so there is a small process deviation.","You set up the 2x2 matrix and solved for the stationary distribution using a linear system, and you checked pi %*% P and sum(pi). However, the transition matrix entries are mis-ordered (rows should be [0.8,0.2] and [0.06,0.94]), and you hard-coded A instead of computing t(diag(2)-P), so process fidelity is partial even though the final subscriber probability is close to 23%.","No derivation is shown in the .qmd (it only references an attached file), so the four required acceptance probability cases and algebra are missing.","You implemented an MH sampler with a for loop, runif proposals, and the provided alpha(), then compared sample quantiles to qpois; this matches the intended workflow and output structure. A minor issue is not handling the x=0 boundary explicitly as in the reference, but overall the process is correct.","You used P %^% n and %*% to get portfolio states at 1, 2, and 20 years, which is good. However, for the 20-year questions you reused the mixed initial state instead of separate initial vectors c(1,0,0,0) and c(0,1,0,0), so the reported 20-year paid-up percentages for good and risky loans are incorrect and the specific required calculations are missing.","You reproduced the full tibble workflow with T, purrr::map, lead-based differences, and unnest, and your explanation correctly notes that cov and alt_cov match and converge with larger T. This fully meets the code, process, and interpretation requirements.","There is no content corresponding to an Exercise 7 in the provided .qmd, so this question cannot be awarded points.","There is no content corresponding to an Exercise 8 in the provided .qmd, so this question cannot be awarded points.",,
8,19,"You completed most of the coding exercises with generally correct implementations, especially for the MH sampler and covariance comparison, and your Markov chain calculations in Q1 and Q2 are numerically reasonable. The main losses are from missing written work for the MH acceptance derivation, misinterpreting the initial states in the loan portfolio question, and the absence of any Q7–Q8 content. Focus on following the exact process requested in the rubric and ensuring all exercises (including written derivations) are present in the .qmd.",4,3.5,0,4.5,2,5,0,0,,,"You correctly defined P, used matrix multiplication to get 6-step transitions, and summed non-churn states; the probability is close to the expected 75%. However, the rubric asked specifically for using P%^% and the two-vector %*% workflow, so you lose a bit on process fidelity.","You set up the 2x2 matrix and solved for the stationary distribution using qr.solve, and your steady-state subscriber probability (~23%) is correct. However, the transition matrix entries are misordered relative to the intended model, A is hard-coded instead of built as t(diag(2)-P), and the verification of pi %*% P - pi == 0 and sum(pi)==1 is only partially shown. This costs some process and a small discretionary penalty.","No derivation is provided in the .qmd (only a reference to an attached file), so none of the required four cases or algebraic steps appear. Full credit cannot be given without the work in this document.","You implemented an MH sampler with a for loop, runif proposals, and the provided alpha(), then compared sample quantiles to qpois, which matches the required workflow and output structure. The only minor issue is not handling the x=0 boundary explicitly as in the reference solution, so a small discretionary deduction is applied.","You correctly used P%^% and %*% to get portfolio states at 1, 2, and 20 years, but you reused the mixed initial state for the 20-year calculations instead of separate initial vectors for good and risky loans. As a result, the reported 20-year paid-up percentages for good and risky loans are incorrect and do not match the intended questions.","Your code matches the provided solution: you use set.seed, rnorm, purrr::map, dplyr::lead, and tidyr::unnest to compute both covariance formulas across sample sizes, and your explanation correctly notes that the two methods give identical results and converge as T grows.","There is no Exercise 7 content in the .qmd, so this question cannot be graded and receives zero by default.","There is no Exercise 8 content in the .qmd, so this question cannot be graded and receives zero by default.",,
9,19,"You completed most of the core coding tasks for Markov chains, MH sampling, and covariance comparison, and your Exercise 1, 4, and 6 implementations are largely correct. The main gaps are the missing written derivation for Exercise 3, mis-specified or misused matrices in Exercises 2 and 5, and no work for later exercises. Focus on following the exact process steps in the rubric (e.g., required operators and initial states) and ensuring all written derivations appear directly in the .qmd.",4.5,3,0,4.5,2,5,0,0,,,"You correctly defined P, iterated 6 steps, and summed non-churn states; the result is close to 75%. However, the rubric asked specifically for using the %^% operator from expm, which you did not use, so partial process credit is deducted.","You set up the stationary distribution system and solved it correctly, with a reasonable steady-state subscriber percentage. However, the transition matrix P is mis-specified (rows should be [0.8,0.2] and [0.06,0.94]), and A is hard-coded rather than computed as t(diag(2) - P), so process fidelity and accuracy are only partial.","No derivation is shown in the .qmd (only a reference to an attached file), so none of the required four cases or acceptance probability formulas are present.","You implemented a valid MH sampler with runif proposals and the given alpha function, generated 2000 samples, and compared sample quantiles to qpois in a table. Minor issues: you did not handle the x=0 boundary explicitly as in the reference solution, but overall the workflow and outputs match the rubric.","You used %^% and %*% correctly to get 1-, 2-, and 20-year portfolio states, but for the 20-year questions you reused the mixed initial state instead of separate initial vectors for good and risky loans. As a result, the reported percentages for good and risky loans are incorrect and the specific 20-year calculations requested are not followed.","Your code matches the provided template: you use set.seed, rnorm, purrr::map, dplyr::lead, and tidyr::unnest to compute both covariance formulas across sample sizes, and your explanation correctly notes that the two methods give identical results and converge as T increases.","There is no content corresponding to an Exercise 7 in the submitted .qmd, so no points can be awarded.","There is no content corresponding to an Exercise 8 in the submitted .qmd, so no points can be awarded.",,
10,20,"You completed most of the coding exercises with generally correct implementations, especially for the MH sampler and covariance comparison, and your Markov chain work in Q1 and Q2 is close to the intended solutions. However, the theoretical derivation in Q3 is missing, and the 20-year loan portfolio calculations in Q5 misuse the initial state, leading to incorrect percentages. Also, there is no work for later exercises beyond Q6; be sure all required questions are answered directly in the .qmd in future labs.",4,4,0,5,2,5,0,0,,,"You correctly defined P, used matrix multiplication to get 6 steps, and summed non-churn states; the probability is close to the expected 75%. However, the rubric asked specifically for using the %^% operator from expm, which you did not use, so process fidelity is slightly off.","You set up the 2x2 transition matrix, constructed A and b, solved for pi with qr.solve, and checked pi %*% P and sum(pi); the steady-state subscriber probability is correct. The first matrix P is transposed relative to the solution but still represents a valid Markov chain, and you left the second code chunk empty, so there is a small process/clarity deduction.",No derivation is shown in the .qmd; referring to an attached file does not meet the requirement to show all work in this document. All four acceptance probability cases are missing.,"You implemented a valid MH sampler with a for loop, runif proposals and acceptance, using the provided alpha function, and drew 2000 samples from Poisson(20) starting at 1. You then compared sample quantiles to qpois in a data frame, matching the expected workflow and output structure.","You correctly used P %^% n and %*% to get portfolio composition at 1 and 2 years, but for the 20-year questions you reused the mixed initial state instead of separate good and risky initial vectors. As a result, the reported 20-year paid-up percentages for good and risky loans are incorrect and do not match the intended calculations.","Your code matches the provided template: you use set.seed, rnorm, purrr::map, dplyr::lead, and tidyr::unnest to compute both covariance formulas across sample sizes. The resulting tibble has T, cov, and alt_cov, and your explanation correctly notes that the two methods give identical results and converge as T increases.","There is no content corresponding to an Exercise 7 in this file, so this question cannot be awarded any points.","There is no content corresponding to an Exercise 8 in this file, so this question cannot be awarded any points.",,
11,18.5,"You completed most of the coding tasks and demonstrated good understanding of Markov chains, MH sampling, and the covariance identity. The main losses are from the missing written derivation in Q3 and misinterpreting the conditional 20-year loan questions in Q5, plus a few process deviations from the requested workflows. Review the stationary-distribution setup and the loan-portfolio questions to ensure you start from the correct initial states, and always include full written work in the .qmd itself.",4.5,3,0,4,2,5,0,0,,,"You correctly defined P, iterated 6 steps with %*%, and summed the non-churn states; the reported probability (~74.85%) is accurate. However, the rubric asked specifically for using P %^% 6 and the indicator-vector multiplication, so there is a small process deviation.","You set up the stationary system with A, b, and qr.solve, and checked pi %*% P and sum(pi); the steady-state subscriber probability (~23%) is correct. But the transition matrix P is mis-ordered (rows/columns swapped), and you hard-coded A instead of computing t(diag(2) - P), so the process does not fully follow the expected workflow.","No derivation is shown in the .qmd (only a reference to an attached file), so the four required acceptance-probability cases and algebra are missing here.","You implemented an MH sampler with a for-loop, runif proposals, and the provided alpha(), then compared sample quantiles to qpois; this matches the intended workflow and output structure. The only issue is that you did not handle the x=0 boundary case explicitly as in the template, which could cause invalid negative proposals in some iterations.","You correctly used P %^% n and %*% to get portfolio states at 1, 2, and 20 years from the initial mix, which covers the first part. However, for the 20-year questions you reused the portfolio state instead of starting from pure good or pure risky states, so the reported 8.08% and 53.74% are not the correct conditional probabilities for good and risky loans.","Your code matches the provided solution exactly: you generate data for multiple T, compute both covariance formulas via purrr::map and dplyr::lead, unnest the results, and your explanation correctly notes that the two methods give identical values and converge as T grows.",There is no Exercise 7 in this lab; this slot is left at zero by design.,There is no Exercise 8 in this lab; this slot is left at zero by design.,,
12,18.5,"You completed most of the core coding tasks, especially for the Markov chain in Q1, the MH sampler in Q4, and the covariance comparison in Q6, and your numerical answers there are reasonable. The main gaps are the missing written derivation for Q3 and incorrect setup or interpretation in the Markov chain steady-state (Q2) and loan portfolio long-run calculations (Q5). Review the expected matrix workflows (using P%^% and correct initial states) and ensure all algebraic derivations are included directly in the .qmd.",4.5,3,0,4,2,5,0,0,,,"You correctly defined P, iterated 6 steps with %*%, and summed the non-churn states; the reported probability (~74.85%) is accurate. However, the rubric asked specifically to use P%^% for the 6th power, so there is a small process deviation.","You set up the stationary system with A, b, and qr.solve, and verified pi%*%P and sum(pi); the steady-state subscriber probability (~23%) is correct. But the transition matrix P is mis-ordered (rows/columns swapped), and you hard-coded A instead of computing t(diag(2)-P), so the process does not follow the expected workflow.","No derivation is shown in the .qmd (only a reference to an attached file), so the four required acceptance probability cases and algebra are missing.","You implemented an MH sampler with a for-loop, runif proposals, and the provided alpha(), then compared sample and theoretical quantiles using quantile() and qpois(); this matches the intended workflow and output structure. The only issue is that you did not handle the x=0 boundary case explicitly as in the template, which could cause invalid negative proposals.","You used P%^% with an initial portfolio vector and produced a table for 1, 2, and 20 years, which is a reasonable Markov-chain approach. However, the 20-year paid-up percentages for good and risky loans are computed from the mixed initial state (pi_20) instead of from pure good (c(1,0,0,0)) and pure risky (c(0,1,0,0)) starting states, so the key 20-year results are incorrect.","Your code matches the provided solution exactly: you generate data for multiple T, compute both covariance formulas via purrr::map and dplyr::lead, unnest the results, and your explanation correctly notes that the two methods give identical values and converge as T grows.",There is no content corresponding to an additional exercise beyond Q6 in this lab; this question receives no credit.,There is no content corresponding to an additional exercise beyond Q6 in this lab; this question receives no credit.,,
13,18.5,"You completed most of the core coding tasks, especially for the Markov chain power in Q1, the stationary distribution in Q2, the MH sampler in Q4, and the covariance comparison in Q6, and your numerical answers there are essentially correct. The main losses are from missing written work for the MH acceptance derivation (Q3), misinterpreting the initial states for the 20-year loan questions (Q5), and some minor deviations from the specified workflows. Focus on following the exact process steps in the rubric and ensuring all required derivations and interpretations appear directly in the .qmd.",4.5,3,0,4,2,5,0,0,,,"You correctly defined P, iterated 6 steps with %*%, and summed the first three states; the reported probability (~74.85%) is accurate. However, the rubric asked specifically for using P %^% 6 and the indicator-vector multiplication, so there is a small process deviation.","You set up and solved the stationary distribution correctly, checked pi %*% P and sum(pi), and reported ~23% subscribers, which is accurate. But the transition matrix P is mis-ordered (rows/columns swapped relative to the problem statement), and you hard-coded A instead of computing t(diag(2) - P), so the process does not fully follow the expected workflow.","No derivation is shown in the .qmd (only a reference to an attached file), so the four required acceptance-probability cases and algebraic steps are missing.","You implemented an MH sampler with a for-loop, runif proposals, and the provided alpha(), then compared sample and theoretical quantiles using quantile() and qpois(); this matches the intended workflow and output structure. The only issue is that you did not enforce the x ≥ 0 constraint (no special handling for x = 0), so the proposal can produce invalid negative states, which slightly breaks process fidelity.","You correctly used P %^% n and %*% to get portfolio states at 1, 2, and 20 years, and summarized them in a table. However, for the 20-year questions you used the mixed initial state pi_0 instead of starting from pure good or pure risky states, so the reported 8.08% and 53.74% are not the requested quantities; the process for parts (3) and (4) is incorrect.","Your code matches the provided solution exactly: you generate data with rnorm, use purrr::map, dplyr::lead, and tidyr::unnest to compute both covariance formulas over multiple T, and your explanation correctly notes that the two methods give identical results and converge as T grows.","There is no Exercise 7 content in this lab; if this was required, it is missing from the .qmd.","There is no Exercise 8 content in this lab; if this was required, it is missing from the .qmd.",,
14,18.5,"You completed most of the coding tasks for the Markov chain and Monte Carlo parts, and Exercises 1, 4, and 6 are largely correct and follow the intended workflows. The main gaps are the missing written derivation for Exercise 3 and misinterpretation of the loan portfolio questions in Exercise 5, plus some minor process deviations in Exercises 1–2. For future labs, ensure all written work appears in the .qmd and double‑check that your calculations match the exact states or scenarios requested in each question.",4.5,3,0,4,2,5,0,0,,,"You correctly defined P, iterated 6 steps with %*%, and summed non‑churn states; the reported probability (~74.85%) is essentially correct. However, the rubric asked specifically to use P%^% for the 6th power, so you lose a small process point for not following that workflow exactly.","You set up the stationary system with A, b, and qr.solve and checked pi%*%P and sum(pi), and your steady‑state subscriber probability (~23%) is correct. However, the transition matrix P is mis‑specified (rows should be [0.8,0.2] and [0.06,0.94]), and you hard‑coded A instead of computing t(diag(2) - P), so process fidelity is only partial.","No derivation is shown in the .qmd (it only references an attached file), so none of the four required MH acceptance probability cases can be evaluated. You need to include the algebraic steps for all four cases directly in the document.","You implemented an MH sampler with a for loop, runif proposals, and the provided alpha(), and you compared sample quantiles to qpois quantiles in a data frame, which matches the intended workflow. You did not use the pre‑initialized samples vector or the exact structure from the template, and there is a minor inconsistency in seeds and not handling x=0 specially, so a small process/accuracy deduction is applied.","You correctly used P%^% and %*% to get portfolio states at 1, 2, and 20 years from the initial mix, which partially addresses the Markov‑chain analysis. However, the questions specifically ask for 20‑year outcomes starting from pure good and pure risky states; instead you used the mixed state and then misinterpreted entries (e.g., using pi_20[1] and pi_20[4]), so the reported percentages for good and risky loans are incorrect.","Your code matches the provided solution exactly: you generate data for the required T values, compute both covariance formulas via purrr::map and dplyr::lead, unnest the results, and your explanation correctly notes that the two methods give identical values and converge as T grows. Full credit.","There is no Exercise 7 content in this lab submission, so this question receives no credit.","There is no Exercise 8 content in this lab submission, so this question receives no credit.",,
15,19,"You completed most of the computational exercises with generally correct code and reasoning, especially for the MH sampler and covariance comparison. The main issues are the missing written derivation for Exercise 3, the mis-specified transition matrix and process in Exercise 2, and incorrect setup for the 20-year loan outcomes in Exercise 5. Focus on following the exact workflow requested in the rubric (e.g., correct P structure, initial states, and required algebra shown in the .qmd) to capture full credit.",4.5,3.5,0,4,2,5,0,0,,,"You correctly defined P, iterated 6 steps with %*%, and summed non‑churn states; the reported probability (~74.85%) is accurate. However, the rubric asked specifically for using P %^% 6 and the indicator-vector multiplication, so there is a small process deviation.","You set up the stationary system correctly (A, b, qr.solve), verified pi %*% P and sum(pi), and reported ~23% subscribers, which is right. But the transition matrix P is mis-ordered (rows/columns swapped), and you hard-coded A instead of computing t(diag(2) - P), so the process is only partially correct.","No derivation is shown in the .qmd (only 'Answer in attach file'), so the four required MH acceptance probability cases are missing. All points are lost because grading is based solely on the .qmd content.","You implemented an MH sampler with a for-loop, runif proposals, and alpha(), and compared sample quantiles to qpois, which matches the intended workflow. You did not handle the x=0 boundary case explicitly as in the template, so there is a small process/robustness issue, but overall the approach and outputs are correct.","You correctly used P %^% n and %*% to get 1-, 2-, and 20-year portfolio states, but for the 20-year questions you reused the mixed initial state instead of separate good and risky initial vectors. As a result, the reported 20-year paid-up percentages for good and risky loans are incorrect and do not match the rubric’s targets.","Your code matches the provided solution exactly: you use set.seed, rnorm, purrr::map, dplyr::lead, and tidyr::unnest to compute both covariance formulas over multiple T values. The resulting table structure and your explanation correctly state that cov and alt_cov agree for all sample sizes.",There is no Exercise 7 content in this lab; this question receives 0 by definition.,There is no Exercise 8 content in this lab; this question receives 0 by definition.,,
16,19.5,"You completed most of the coding tasks and demonstrated good understanding of Markov chains, MH sampling, and the covariance identity. The main issues are the missing written derivation for Exercise 3 and incorrect setup for the 20-year loan outcomes in Exercise 5. For full credit in future labs, ensure all analytical work appears in the .qmd and that you follow the specified initial conditions and workflows closely.",4.5,4,0,4,2,5,0,0,,,"You correctly defined P, iterated 6 steps with %*%, and summed non-churn states; the reported probability (~74.85%) is accurate. However, the rubric asked specifically for using P %^% 6 and the indicator-vector multiplication, so there is a small process deviation.","You built a valid 2x2 transition matrix, constructed A and b, solved for pi with qr.solve, and checked pi %*% P and sum(pi); the steady-state subscriber probability (~23%) is correct. The matrix P is not in the same row/column order as the solution and you hard-coded A instead of using t(diag(2) - P), so the process is slightly off and there is some redundant/unused code.",No derivation is shown in the .qmd; referencing an attached file does not meet the requirement to show all work in this document. You need to present the four MH acceptance probability cases and algebraic simplifications explicitly.,"You implemented an MH sampler with a for-loop, runif proposals, and the provided alpha(), and compared sample quantiles to qpois; this matches the intended workflow and output structure. You did not handle the x=0 boundary case as in the template and changed seeds/structure slightly, but the overall process is sound.","You correctly used P %^% n and %*% to get portfolio states at 1, 2, and 20 years from the initial mix, satisfying the multi-year prediction part. However, the 20-year paid-in-full percentages for good and risky loans are computed from the overall portfolio state (pi_20) instead of from initial pure-good and pure-risky states, so the key 20-year outcome calculations are incorrect.","You reproduced the intended tibble workflow with T, purrr::map, dplyr::lead, and tidyr::unnest, and computed both cov and alt_cov correctly. Your written interpretation clearly states that the two covariance calculations agree across sample sizes and converge to the same value.","There is no Exercise 7 in the provided lab; this slot is left unattempted in your .qmd, so no points can be awarded.","There is no Exercise 8 in the provided lab; this slot is left unattempted in your .qmd, so no points can be awarded.",,
17,19.5,"You completed most of the coding tasks correctly, especially for the MH sampler, covariance comparison, and Markov chain computations, and your interpretations in Q1, Q2, and Q6 are solid. The main gaps are the missing written derivation for the MH acceptance probabilities and incorrect setup for the 20-year loan outcomes by starting state. Review how to structure Markov initial states for specific cohorts and ensure all written math work appears directly in the .qmd.",4.5,4,0,4,2,5,0,0,,,"You correctly defined P, iterated 6 steps with %*%, and summed non-churn states; the reported probability (~74.85%) is accurate. However, the rubric asked specifically to use P %^% 6, so there is a small process deviation.","You set up the stationary system correctly (A, b, qr.solve), verified pi %*% P and sum(pi), and reported ~23% subscribers, but the transition matrix P is mis-ordered (rows/columns swapped), so the model specification is not fully correct.","No derivation is shown in the .qmd (only a reference to an attached file), so the four required acceptance probability cases and algebra are missing here.","You implemented an MH sampler with a for-loop, runif proposals, and alpha(), and compared sample quantiles to qpois, which matches the intended workflow. You did not handle the x=0 boundary case explicitly as in the template, which is a small process issue.","You used P %^% n and %*% to get 1-, 2-, and 20-year portfolio states, which is good, but you then used the overall 20-year portfolio to answer the questions about loans starting as good or risky, so the 20-year paid-up percentages are incorrect and not computed from the correct initial states.","You reproduced the full tibble pipeline with map, lead, and unnest, computing both cov and alt_cov across sample sizes, and your explanation correctly notes that the two methods give identical results and converge as T grows.",There is no Exercise 7 content in this lab; this slot receives no credit by rubric alignment.,There is no Exercise 8 content in this lab; this slot receives no credit by rubric alignment.,,
18,18.5,"You completed most of the main coding tasks, especially for the Markov chain simulation in Q1, the MH sampler in Q4, and the covariance comparison in Q6, and your explanations there are solid. The main issues are a mis-specified transition matrix in Q2, missing written derivation in Q3, and incorrect initial states for the 20-year loan calculations in Q5, plus no work for Q7–Q8. Focusing on matching the exact model setup (matrices and initial states) and ensuring all written derivations appear in the .qmd will help improve your score.",4.5,3,0,4,2,5,0,0,,,"You correctly defined P, iterated 6 steps with %*%, and summed non-churn states; the reported probability (~74.85%) is accurate. However, the rubric asked specifically for using %^% from expm, which you did not use, so there is a small process penalty.","You set up the stationary system correctly (A, b, qr.solve), verified pi %*% P and sum(pi), and interpreted pi[1] (~23%) as the steady-state subscriber share. However, the transition matrix P is mis-specified (rows should be [0.8,0.2] and [0.06,0.94]), and you hard-coded A instead of computing t(diag(2) - P), so process and accuracy are only partially correct.","No derivation is shown in the .qmd (only a reference to an attached file), so the four required acceptance probability cases and algebra are missing here.","You implemented an MH sampler with a for loop, runif proposals, and the provided alpha(), and compared sample quantiles to qpois in a data frame, which matches the intended workflow. You did not handle the x=0 boundary case explicitly (as in the solution), which can cause invalid proposals, so there is a small process/robustness deduction.","You correctly used P %^% n and %*% to get portfolio states at 1, 2, and 20 years, which matches the Markov chain workflow. However, for the 20-year questions you used the mixed portfolio state pi_20 instead of starting from pure good (c(1,0,0,0)) and pure risky (c(0,1,0,0)) states, so the reported percentages (8.08% and 53.74%) are not the requested quantities.","Your code matches the provided template: you generate data with rnorm, use purrr::map, dplyr::lead, and tidyr::unnest to compute cov and alt_cov across sample sizes, and your explanation correctly notes that the two covariance formulas give identical results and converge as T grows.","There is no content corresponding to an Exercise 7 in the submitted .qmd, so this question cannot be awarded points.","There is no content corresponding to an Exercise 8 in the submitted .qmd, so this question cannot be awarded points.",,
19,18.5,"You completed most of the core coding tasks for Markov chains, MH sampling, and the covariance comparison, and your implementations generally follow the intended workflows. The main issues are a mis-specified transition matrix in Q2, missing written derivation in Q3, and incorrect setup for the 20-year loan questions in Q5. Also, later exercises (Q7–Q8) are absent; be sure to include all required exercises and show all algebraic work directly in the .qmd in future labs.",4.5,3,0,4,2,5,0,0,,,"You correctly defined P, iterated 6 steps with %*%, and summed the non-churn states; the reported probability (~74.85%) is essentially correct. However, the rubric asked specifically to use P%^% for the 6th power, so you lose a small amount on process fidelity.","You set up the stationary system correctly (A, b, qr.solve) and verified pi%*%P and sum(pi); the steady-state subscriber probability is about 23%, which is correct. But the transition matrix P is mis-parameterized (rows should be [0.8,0.2] and [0.06,0.94]), so the Markov chain itself is not correctly specified.","No derivation is shown in the .qmd (only a reference to an attached file), so the four required acceptance probability cases are missing here. You need to include the algebraic steps for all four cases directly in the document.","You implemented an MH sampler with a for-loop, runif proposals, and the provided alpha(), and you compared sample quantiles to qpois, which matches the required workflow. However, you did not handle the x=0 boundary case as in the template and changed the seed mid-chunk, so the process is slightly off the expected specification.","You correctly used P%^% and %*% to get portfolio states at 1, 2, and 20 years, but you used the mixed initial state for the 20-year calculations instead of separate good and risky starting states. As a result, the reported 20-year paid-up percentages for good and risky loans are incorrect and do not match the intended questions.","You reproduced the full tibble-based simulation using map, lead, and unnest, and computed both covariance formulas correctly. Your explanation clearly notes that the two methods give identical results and converge as T grows, which fully meets the rubric.","There is no content corresponding to an Exercise 7 in this lab file, so nothing can be graded for this question.","There is no content corresponding to an Exercise 8 in this lab file, so nothing can be graded for this question.",,
20,18.5,"You completed most of the core coding tasks, especially for the Markov chain simulation in Q1, the MH sampler in Q4, and the covariance comparison in Q6, and your interpretations there are solid. The main losses are from a missing written derivation in Q3, a mis-parameterized transition matrix in Q2, and incorrect initial states for the 20-year loan questions in Q5. For future labs, ensure all algebraic work appears in the .qmd and follow the specified matrix setups and initial conditions closely.",4.5,3,0,4,2,5,0,0,,,"You correctly defined P, iterated 6 steps with %*%, and summed the non-churn states; the reported probability (~74.85%) is accurate. However, the rubric asked specifically for using P %^% 6 and the indicator vector multiplication, so there is a small process deviation.","You set up the stationary system correctly (A, b, qr.solve), verified pi %*% P and sum(pi), and reported ~23% subscribers, which is correct. But the transition matrix P is mis-parameterized (rows/columns swapped), and you hard-coded A instead of computing t(diag(2) - P), so the process does not fully follow the expected workflow.",No derivation is shown in the .qmd; referencing an attached file does not satisfy the requirement. You need to include the four MH acceptance probability cases and algebra directly in this document.,"You implemented an MH sampler with a for-loop, runif proposals, and the provided alpha(), then compared sample quantiles to qpois in a table—this matches the intended workflow and output. Minor issues: you did not handle the x=0 boundary explicitly as in the template and redefined samples instead of using the initialized vector, but these are small process/style deviations.","You correctly used P %^% n and %*% to get portfolio states at 1, 2, and 20 years, which satisfies the matrix-power workflow. However, for the 20-year questions you used the mixed initial portfolio (pi_0) instead of separate initial states c(1,0,0,0) and c(0,1,0,0), so the reported 8.08% and 53.74% are incorrect for the requested quantities.","Your code matches the provided solution exactly: you use set.seed, rnorm, purrr::map, dplyr::lead, and tidyr::unnest to compute both covariance formulas across sample sizes. The explanation correctly notes that cov and alt_cov agree for all T and converge to the true covariance.","There is no content corresponding to an additional exercise beyond Q6 in this lab; if Q7 exists in the rubric, it has not been attempted here.","There is no content corresponding to an additional exercise beyond Q6 in this lab; if Q8 exists in the rubric, it has not been attempted here.",,
21,18,"You completed most of the coding tasks and demonstrated good understanding of Markov chains, MH sampling, and the covariance identity. The main issues are a mis‑specified transition matrix in Exercise 2, incorrect setup for the 20‑year loan questions in Exercise 5, and a missing written derivation for Exercise 3. Fixing those pieces and aligning more closely with the requested workflows would substantially improve your score.",4,3,0,4,2,5,0,0,,,"Transition matrix is correct and you correctly propagate the state 6 steps and sum non‑churn states; however, the rubric asked specifically for using P %^% 6 and vector multiplications, so process fidelity is slightly off even though the numeric answer is essentially correct.","You correctly set up A, b, solved for pi, and verified pi %*% P and sum(pi); however, the transition matrix P is mis‑specified (rows should be [0.8,0.2] and [0.06,0.94]), so the stationary distribution value is not based on the intended model.","No derivation is provided in the .qmd (only a reference to an attached file), so the four required acceptance‑probability cases and formulas are missing.","You implement an MH sampler with runif proposals and the given alpha(), generate 2000 samples, and compare sample quantiles to qpois; this matches the required workflow, though you ignore the x==0 special handling from the template and use a different seed, so process fidelity is slightly imperfect.","You correctly use P %^% n and an initial vector to get 1‑ and 2‑year compositions, but for the 20‑year questions you reuse the mixed portfolio pi_20 instead of starting from pure good or pure risky states, so the 20‑year paid‑in‑full percentages are incorrect.","Code matches the provided solution exactly, using map, lead, and unnest to compute both covariance formulas across sample sizes, and your explanation correctly notes that the two methods give identical results and converge as T grows.","There is no content corresponding to an Exercise 7 in this lab, so nothing can be graded for this question.","There is no content corresponding to an Exercise 8 in this lab, so nothing can be graded for this question.",,
22,19,"You completed most of the core coding tasks for Markov chains, MH sampling, and the covariance comparison, and your MH implementation and covariance work are especially solid. The main issues are a mis‑specified transition matrix in Q2, incorrect setup for the 20‑year loan outcomes in Q5, and missing written derivation for Q3 (plus no work for Q7–Q8). Focus on matching the exact model specification and ensuring all algebraic work appears in the .qmd for full credit.",4,3.5,0,4.5,2,5,0,0,,,"You correctly defined P and computed 6 steps and summed non‑churn states, but you used repeated %*% in a loop instead of P %^% 6 and the indicator vector multiplication. Numeric answer is essentially correct; update to use %^% and the c(1,1,1,0) vector for full process fidelity.","You set up and solved for the stationary distribution correctly and verified pi %*% P and sum(pi), but the transition matrix P is mis‑specified (rows should be [0.8,0.2] and [0.06,0.94]). This hurts process fidelity and output accuracy; fix P to match the problem description.","No derivation is provided in the .qmd (only a reference to an attached file), so none of the required four acceptance‑probability cases are shown. All work must appear in the .qmd to receive credit.","You implemented a valid MH sampler with runif proposals and the given alpha(), and compared sample quantiles to qpois in a table. Minor issues: you ignore the x==0 special handling from the solution and don’t use the pre‑initialized samples vector, but overall the workflow and outputs are correct.","You correctly used P %^% n and an initial state to get 1‑ and 2‑year compositions, but for 20‑year outcomes you reused the mixed portfolio instead of separate initial states for good and risky loans. As a result, the reported 20‑year paid‑up percentages for good and risky loans are incorrect; compute c(1,0,0,0)%*%(P%^%20) and c(0,1,0,0)%*%(P%^%20) instead.","You used set.seed, rnorm, purrr::map, dplyr::lead, and tidyr::unnest exactly as in the template, and your explanation correctly notes that cov and alt_cov match across sample sizes and converge to the true covariance. This fully meets the code, process, and interpretation requirements.","There is no content corresponding to an Exercise 7 in the submitted .qmd, so this question cannot be graded and receives no credit.","There is no content corresponding to an Exercise 8 in the submitted .qmd, so this question cannot be graded and receives no credit.",,
23,19,"You completed most of the coding tasks for the Markov chain and Monte Carlo exercises, and your MH implementation and covariance comparison follow the intended workflows well. The main gaps are the missing written derivation for the MH acceptance probabilities, the mis‑specified 2‑state transition matrix, and not conditioning correctly on initial states in the loan portfolio problem. Review how to set up transition matrices from verbal descriptions and how to interpret initial state vectors for Markov chains, and be sure all written derivations appear directly in the .qmd.",4,3.5,0,4.5,2,5,0,0,,,"You correctly defined P and computed 6 steps and summed non‑churn states, and your numeric answer is close to 75%. However, the rubric expected use of the %^% operator for P^6 rather than iterating with a for loop, so process fidelity is slightly off.","You set up the stationary distribution correctly with A, b, and qr.solve, and verified pi*P and sum(pi). However, the transition matrix P is mis‑specified (rows should be [0.8,0.2] and [0.06,0.94]), so the process is right but the model and resulting probabilities are not fully correct.","No derivation is provided in the .qmd (only a reference to an attached file), so the required four acceptance‑probability cases and algebraic work are missing.","You implemented an MH sampler with a for loop, runif proposals, and the given alpha(), and compared sample quantiles to qpois in a table. This matches the intended workflow; minor differences from the template (e.g., not handling x=0 specially) are acceptable but could be clarified.","You used %*% and P%^%n to get portfolio states at 1, 2, and 20 years, which is good. However, the 20‑year questions ask for outcomes conditional on starting as good vs risky loans; instead you used the mixed initial state for both, leading to incorrect percentages and not using c(1,0,0,0) and c(0,1,0,0) as required.","You reproduced the intended code using set.seed, rnorm, purrr::map, dplyr::lead, and tidyr::unnest to compute cov and alt_cov across sample sizes, and your explanation correctly notes that the two covariance calculations agree and converge with larger T.","There is no content corresponding to an Exercise 7 in this lab file, so this question cannot be awarded points.","There is no content corresponding to an Exercise 8 in this lab file, so this question cannot be awarded points.",,
24,18,"You completed most of the coding tasks and showed good use of matrix operations, MH sampling, and the covariance comparison, with Q1, Q4, and Q6 especially solid. The main issues are an incorrect transition matrix in Q2, missing written derivation in Q3, and mis-specified 20-year loan calculations in Q5. Focus on following the specified workflows (e.g., using %^% and correct initial states) and ensuring all algebraic work appears directly in the .qmd.",4,3,0,4,2,5,0,0,,,"You correctly defined P and computed 6 steps and summed non-churn states, but you used repeated %*% in a loop instead of P %^% 6 and the indicator-vector multiplication. Numeric answer is essentially correct; update to use %^% and the two-vector %*% workflow as in the instructions.","You set up A, b, and used qr.solve, and you checked pi %*% P and sum(pi), but the transition matrix P is incorrect (rows should be [0.8,0.2] and [0.06,0.94]). This makes the process and result only partially correct; fix P and derive A from diag(2)-P instead of hard-coding.","No derivation is provided in the .qmd (only a reference to an attached file), so none of the four required cases or formulas can be assessed. All algebraic work must appear in this document.","You implemented an MH sampler with runif proposals and alpha(), drew 2000 samples, and compared sample quantiles to qpois in a table. However, you did not handle the x=0 boundary case as in the reference solution, which slightly reduces process fidelity.","You used P %^% n and %*% correctly and produced 1- and 2-year portfolio compositions, but for 20-year outcomes you reused the mixed initial state instead of separate good and risky initial vectors, and then misinterpreted entries (using pi_20[1] and pi_20[4]) as the requested percentages. Redo the 20-year calculations starting from c(1,0,0,0) and c(0,1,0,0).","You reproduced the full tibble/map/unnest workflow, computing both cov and alt_cov across the required sample sizes, and your explanation correctly notes that the two methods give identical results and converge as T grows. This fully meets the criteria.",There is no Exercise 7 in the provided lab; this slot is therefore ungraded and receives 0 by default.,There is no Exercise 8 in the provided lab; this slot is therefore ungraded and receives 0 by default.,,
25,19,"You completed most of the coding tasks for the Markov chain and Monte Carlo exercises, and your MH implementation and covariance comparison follow the intended workflows well. The main gaps are the missing written derivation for the MH acceptance probabilities and incorrect setup for the 20‑year loan outcomes (and a slightly incorrect 2‑state transition matrix). Review how to derive acceptance ratios algebraically and how to set up initial state vectors for specific loan categories in Markov chain predictions.",4,3.5,0,4.5,2,5,0,0,,,"You correctly defined P and computed 6 steps and summed non‑churn states, and your numeric answer is close to 75%. However, the rubric expected use of the %^% operator rather than a manual loop, so you lose a bit on process fidelity.","You set up A, b, and used qr.solve, and you checked pi %*% P and sum(pi), with a reasonable steady‑state percentage. But the transition matrix P is mis‑specified (rows should be [0.8,0.2] and [0.06,0.94]), and you hard‑coded A instead of computing t(diag(2) - P), so process fidelity and accuracy are partially off.","No derivation is shown in the .qmd (only a reference to an attached file), so the required four acceptance‑probability cases and algebra are missing.","You implemented an MH sampler with runif proposals, used the provided alpha function, generated 2000 samples, and compared sample quantiles to qpois in a table, which matches the expected workflow. Minor deviations from the template (different function structure and seed) are acceptable but slightly reduce process fidelity.","You used %^% and %*% to get 1‑ and 2‑year portfolio compositions, which is good. However, for 20‑year outcomes you reused the mixed initial state instead of separate initial vectors for good and risky loans, so the reported percentages for good and risky loans are incorrect and the required separate 20‑year calculations are missing.","You used set.seed, rnorm, purrr::map, dplyr::lead, and tidyr::unnest exactly as in the template, producing a tibble with T, cov, and alt_cov, and your markdown correctly explains that the two covariance calculations agree and converge with larger T.",There is no content corresponding to an additional exercise beyond Q6 in this lab; this question receives no credit.,There is no content corresponding to an additional exercise beyond Q6 in this lab; this question receives no credit.,,
26,19,"You completed most of the coding tasks and demonstrated good understanding of Markov chains, MH sampling, and the covariance comparison. The main gaps are the missing written derivation for the MH acceptance probabilities and misinterpretation of the 20‑year loan outcomes. For future labs, follow the specified matrix workflows more closely and ensure that conditional questions (like starting from a single state) are answered with the correct initial vectors.",4,3.5,0,4.5,2,5,0,0,,,"You correctly defined P and computed 6 steps and summed non‑churn states, and your numeric answer is close to 75%. However, the rubric expected use of the %^% operator rather than a manual loop, so you lose a bit on process fidelity.","You set up the stationary system correctly, solved with qr.solve, and verified pi*P and sum(pi); the steady‑state subscriber probability is correct. But the transition matrix P is mis‑specified (rows should be [0.8,0.2] and [0.06,0.94]), and you hard‑coded A instead of computing t(diag(2) - P), so process fidelity is only partial.","No derivation is shown in the .qmd (only a reference to an attached file), so none of the required four acceptance‑probability cases are demonstrated here.","You implemented an MH sampler with a for loop, runif proposals, and the provided alpha(), and you compared sample quantiles to qpois; this matches the intended workflow. Minor issues: you don’t handle the x=0 boundary explicitly and you changed the seed from the starter, so a small process/accuracy deduction.","You used %^% and %*% to get 1‑, 2‑, and 20‑year states from the initial portfolio, which is good. However, the 20‑year questions ask for outcomes conditional on starting as good vs risky loans; instead you used the mixed initial state and then misinterpreted entries (e.g., using pi_20[1] and pi_20[4]), so the reported percentages are incorrect and the conditional calculations are missing.","You reproduced the intended tibble/map/lead/unnest workflow, and your explanation correctly notes that cov and alt_cov match across sample sizes and converge to the same value, satisfying both process and interpretation requirements.",There is no content corresponding to an additional exercise beyond Q6 in this lab; this question receives no credit.,There is no content corresponding to an additional exercise beyond Q6 in this lab; this question receives no credit.,,
27,19,"You completed most of the core coding tasks for the Markov chain and Monte Carlo exercises, and your MH implementation and covariance comparison are especially solid. The main losses are from a missing written derivation in Q3, mis‑specified or mis‑used transition structures in Q2 and Q5, and no work for later questions. Focus on following the exact matrix setup and initial‑state specifications from the prompts, and ensure all written derivations appear directly in the .qmd.",4,3.5,0,4.5,2,5,0,0,,,"You correctly defined P and computed 6 steps and summed non‑churn states, and your numeric answer is close to 75%. However, the rubric expected use of the %^% operator rather than a manual loop, so you lose a bit on process fidelity.","You set up A, b, and used qr.solve, and you checked pi %*% P and sum(pi), with a reasonable steady‑state percentage. But the transition matrix P is mis‑specified (rows should be [0.8,0.2] and [0.06,0.94]), and you hard‑coded A instead of computing t(diag(2) - P), so process and accuracy are only partially correct.","No derivation is shown in the .qmd (only a reference to an attached file), so none of the required four cases or formulas can be evaluated for credit.","You implemented an MH sampler with runif proposals and the provided alpha(), generated 2000 samples, and compared sample quantiles to qpois in a table, which matches the expected workflow. Minor issues include not handling the x=0 boundary explicitly and using a different seed than the starter, but overall the process and output structure are correct.","You used %*% and P%^%n to get 1‑ and 2‑year portfolio compositions, which matches the intended method. However, for the 20‑year questions you reused the mixed initial state instead of separate initial vectors for good and risky loans, so the reported 20‑year percentages for good and risky loans are incorrect and the specific 20‑year calculations requested in the rubric are missing.","You used set.seed, rnorm, purrr::map, dplyr::lead, and tidyr::unnest exactly as in the template, producing a tibble with T, cov, and alt_cov, and your markdown correctly explains that the two covariance calculations agree and converge as T grows.","There is no content corresponding to an Exercise 7 in this lab, so no points can be awarded.","There is no content corresponding to an Exercise 8 in this lab, so no points can be awarded.",,
28,18,"You completed most of the coding tasks and demonstrated good understanding of Markov chains, MH sampling, and the covariance comparison, with correct use of key functions and generally reasonable outputs. The main issues are a missing written derivation for the MH acceptance probabilities, a mis-specified 2-state transition matrix, and incorrect setup for the 20-year loan outcomes. Focus on following the exact process described in the rubric (matrix definitions, initial states, and showing algebra in the .qmd) to earn full credit.",4,3,0,4,2,5,0,0,,,"You correctly defined P, iterated 6 steps, and summed non-churn states, giving a reasonable probability. However, the rubric expected use of the %^% operator for P^6 and vector multiplications; using a loop instead slightly departs from the specified workflow.","You set up A, b, and used qr.solve, and you checked pi %*% P and sum(pi), with a reasonable steady-state value. But the transition matrix P is mis-specified (rows should be [0.8,0.2] and [0.06,0.94]), and you hard-coded A instead of computing t(diag(2)-P), so the process and matrix definition do not fully match the rubric.",No derivation is shown in the .qmd; referencing an attached file does not count. You need to show all four acceptance probability cases and algebraic steps directly in this document.,"You implemented an MH sampler with runif proposals, used the provided alpha function, generated 2000 samples, and compared sample quantiles to qpois in a table. Minor deviations from the template (different seed, no explicit handling of x=0) are acceptable but slightly reduce process fidelity.","You used P%^%n and %*% correctly to get 1-, 2-, and 20-year portfolio states, but for the 20-year questions you reused the mixed initial state instead of separate initial vectors for good and risky loans, so the reported percentages for good and risky loans are incorrect and the process does not follow the specified setup.","You reproduced the intended tibble workflow with set.seed, rnorm, purrr::map, dplyr::lead, and tidyr::unnest, and your explanation correctly notes that cov and alt_cov match across sample sizes and converge to the true covariance.",There is no content corresponding to an additional exercise beyond Q6 in this lab; this question receives no credit.,There is no content corresponding to an additional exercise beyond Q6 in this lab; this question receives no credit.,,
29,19,"You completed most of the coding tasks and demonstrated good use of matrix operations and the MH sampler, and your covariance comparison is fully correct. The main gaps are the missing written derivation for the MH acceptance probabilities and misinterpretation of the 20‑year loan questions, plus a small error in the 2‑state transition matrix. Focus on following the specified process (e.g., correct P, separate initial states, and including all algebraic work in the .qmd) to improve your score.",4,3.5,0,4.5,2,5,0,0,,,"You correctly defined P and computed 6 steps and summed non‑churn states, and your numeric answer is close to 75%. However, the rubric expected use of the %^% operator rather than an explicit loop, so process fidelity is slightly off.","You set up A, b, and used qr.solve, and verified pi %*% P and sum(pi); the steady‑state percentage is correct. But the transition matrix P is mis‑specified (rows should be [0.8,0.2] and [0.06,0.94]), and you hard‑coded A instead of computing t(diag(2) - P), so process and accuracy are only partially correct.","No derivation is provided in the .qmd (only a reference to an attached file), so the four required acceptance‑probability cases are missing.","You implemented an MH sampler with a for loop, runif proposals, and the given alpha(), and compared sample quantiles to qpois in a table. One minor issue is that you allow proposals to negative states without handling x==0 specially, which slightly departs from the specified proposal process.","You correctly used %*% and P%^%n to get 1‑ and 2‑year portfolio compositions, but for the 20‑year questions you reused the mixed initial state instead of separate good and risky initial vectors, so the reported 20‑year paid‑up percentages for good and risky loans are incorrect.","You used set.seed, rnorm, purrr::map, dplyr::lead, and tidyr::unnest exactly as in the template, producing a tibble with T, cov, and alt_cov, and your explanation correctly notes that the two covariance calculations agree across sample sizes.",There is no content corresponding to an additional exercise beyond Q6 in this lab; nothing to grade here.,There is no content corresponding to an additional exercise beyond Q6 in this lab; nothing to grade here.,,
30,19,"You completed most of the coding tasks and generally followed the intended workflows, especially for the MH sampler and covariance comparison. The main issues are a missing written derivation for the MH acceptance probabilities, a mis‑specified transition matrix in Exercise 2, and incorrect setup for the 20‑year loan outcomes in Exercise 5. Review how to construct Markov transition matrices, how to use matrix powers with different initial states, and ensure all written derivations are included directly in the .qmd.",4,3.5,0,4.5,2,5,0,0,,,"You correctly defined P and computed 6 steps and summed non‑churn states, and your numeric answer is close to 75%. However, the rubric expected use of the %^% operator for P^6 rather than iterated %*% in a loop, so process fidelity is slightly off.","You set up A, b, and used qr.solve, and you checked pi %*% P and sum(pi), with a reasonable steady‑state percentage. But the transition matrix P is mis‑specified (rows should be [0.8,0.2] and [0.06,0.94]), and you hard‑coded A instead of computing t(diag(2) - P), so process and accuracy are only partially correct.","No derivation is shown in the .qmd (only a reference to an attached file), so the required four‑case algebraic work and final acceptance formulas are missing.","You implemented an MH sampler with a for loop, runif proposals, and the provided alpha(), and you compared sample quantiles to qpois in a table. One minor issue is that you allow proposals to negative states (y = x-1 when x=0) without handling that edge case, so the process is slightly off the intended specification.","You used %^% and %*% to get 1‑ and 2‑year portfolio compositions, which matches the required workflow. However, for the 20‑year questions you reused the mixed initial state instead of separate initial vectors for good and risky loans, so the reported percentages for good and risky loans after 20 years are incorrect and the specific 20‑year calculations requested in the rubric are not followed.","You used set.seed, rnorm, purrr::map, dplyr::lead, and tidyr::unnest exactly as in the template, producing a tibble with T, cov, and alt_cov, and your markdown correctly explains that the two covariance calculations agree and converge as T grows.",There is no content corresponding to an additional exercise beyond Q6 in this lab; nothing to grade here.,There is no content corresponding to an additional exercise beyond Q6 in this lab; nothing to grade here.,,
31,19,"You completed most of the coding tasks with generally correct workflows, especially for the MH sampler and covariance comparison. The main gaps are the missing written derivation for the MH acceptance probabilities and incorrect setup for the 20-year loan outcomes. Review how to map verbal transition descriptions to matrices and ensure all written derivations appear directly in the .qmd file for grading.",4,4,0,4,2,5,0,0,,,"You correctly defined P, iterated 6 steps, and summed non-churn states, with a reasonable probability (~75%). However, the rubric specifically asked to use the %^% operator from expm; using a loop instead slightly reduces process fidelity.","You set up the 2x2 transition matrix and solved for the stationary distribution using qr.solve, then checked pi %*% P and sum(pi). The matrix P is mis-ordered (rows/columns swapped relative to the description), but the workflow is essentially correct; be more careful matching transition probabilities to the correct states.","No derivation is shown in the .qmd (only 'Answer in attach file'), so none of the required four acceptance-probability cases are demonstrated. All points are lost because grading is based solely on the .qmd content.","You implemented an MH sampler with runif proposals and alpha(), generated 2000 samples, and compared sample quantiles to qpois in a data frame. The only minor issue is not handling the x=0 boundary explicitly as in the template, but overall the process and outputs align with the rubric.","You correctly used %*% and %^% to get 1- and 2-year portfolio compositions, but for the 20-year questions you reused the mixed initial state instead of separate initial vectors for good and risky loans, leading to incorrect percentages. Define separate initial vectors c(1,0,0,0) and c(0,1,0,0) for the 20-year outcomes.","Your code matches the provided solution: you use set.seed, rnorm, purrr::map, dplyr::lead, and tidyr::unnest to compute both covariance formulas across sample sizes, and your explanation correctly notes that the two methods give identical results and converge as T grows.","There is no content corresponding to an additional exercise beyond Q6 in this lab; if Q7 exists in the rubric, it is not answered here.","There is no content corresponding to an additional exercise beyond Q6 in this lab; if Q8 exists in the rubric, it is not answered here.",,
32,19,"You completed most of the coding tasks with generally correct workflows, especially for the Markov chain power in Q1, the stationary distribution in Q2, the MH sampler in Q4, and the covariance comparison in Q6. The main gaps are the missing written derivation for the MH acceptance probabilities (Q3) and incorrect setup for the 20-year loan outcomes (Q5). Review how to derive acceptance ratios algebraically and how to use different initial state vectors when propagating Markov chains for specific starting categories.",4,4,0,4,2,5,0,0,,,"You correctly defined P, iterated 6 steps, and summed non-churn states, with a reasonable probability (~75%). However, the rubric specifically asked to use the %^% operator from expm; using a loop instead slightly reduces process fidelity.","You set up the 2x2 Markov chain, constructed A (transpose(I−P) with a row of ones), defined b, solved for pi with qr.solve, and checked piP≈pi and sum(pi)=1, with a correct steady-state subscriber probability (~23%). The only minor issue is that P is not in the same row/column order as the solution, but your linear system is consistent with your P, so the workflow is essentially correct.",No derivation is shown in the .qmd; referencing an attached file does not satisfy the requirement. You need to show the algebra for all four cases and derive the given acceptance formulas explicitly in the document.,"You implemented an MH sampler with a for loop, runif proposals, and the provided alpha function, then compared sample quantiles to qpois in a data frame. This matches the intended workflow, though you did not handle the x=0 boundary explicitly and changed the seed mid-chunk, which is a small process issue.","You correctly used %*% and %^% to get 1- and 2-year portfolio compositions, but for the 20-year questions you reused the mixed initial state instead of separate initial vectors for good and risky loans. As a result, the reported 20-year percentages for good and risky loans are incorrect and do not match the intended calculations.","Your code matches the provided solution: you generate data with rnorm, use purrr::map, dplyr::lead, and tidyr::unnest to compute both covariance formulas across sample sizes, and your explanation correctly notes that the two methods give identical results and converge as T grows.",There is no Exercise 7 content in this lab; this question receives no credit by default.,There is no Exercise 8 content in this lab; this question receives no credit by default.,,
33,17.5,"You completed most of the coding tasks and generally followed the intended workflows for Markov chains, MH sampling, and covariance comparison. The main losses were from a missing written derivation in Q3, mis-specified or misused transition structures in Q2 and Q5, and some deviations from the exact processes requested. Focus on matching the specified matrix setups and initial states, and ensure all algebraic or written parts are included directly in the .qmd.",3.5,3,0,4,2,5,0,0,,,"You defined P correctly and computed 6 steps via repeated %*%, and your final probability is close to the expected 75%. However, the rubric expected use of the %^% operator and the indicator-vector multiplication workflow, so process fidelity is only partial.","You set up and solved for the stationary distribution using a linear system and checked pi*P and sum(pi), and your steady-state subscriber probability is correct. However, the transition matrix P is mis-specified (rows should be [0.8,0.2] and [0.06,0.94]), and you hard-coded A instead of constructing t(diag(2)-P), so the process does not fully follow the intended workflow.","No derivation is shown in the .qmd (only a reference to an attached file), so the required four-case algebraic work and final acceptance formulas are missing.","You implemented an MH sampler with a for loop, runif proposals, and the provided alpha(), and you compared sample quantiles to qpois, which matches the required workflow. Minor issues include not handling the x=0 boundary explicitly and not using the pre-initialized samples vector, but overall the process and outputs are essentially correct.","You correctly used P %^% n and %*% to get portfolio states at 1, 2, and 20 years, but you reused the mixed initial state for 20-year calculations instead of separate initial vectors for good and risky loans. As a result, the reported 20-year paid-up percentages for good and risky loans are incorrect and the process does not match the specified steps.","You reproduced the intended tibble/map/lead/unnest workflow exactly, and your explanation correctly notes that cov and alt_cov match across sample sizes and converge to the same value. This fully meets the code, process, and interpretation requirements.",There is no content corresponding to an additional exercise beyond Q6 in this lab; nothing to grade here.,There is no content corresponding to an additional exercise beyond Q6 in this lab; nothing to grade here.,,
34,18.5,"You completed most of the core coding tasks for Markov chains, MH sampling, and the covariance comparison, and your numerical results are generally reasonable. The main gaps are the missing written derivation for the MH acceptance probabilities and incorrect setup for the 20-year loan outcomes. Review the expected workflows (especially use of matrix powers and initial states) and ensure all algebraic work appears directly in the .qmd next time.",4,3.5,0,4,2,5,0,0,,,"You correctly defined P, iterated 6 steps, and summed non-churn states; the numeric answer is essentially correct. However, the rubric expected use of the %^% operator for P^6 and the indicator-vector multiplication, so you lose a bit on process fidelity.","You set up the stationary system correctly, solved with qr.solve, and verified pi*P and sum(pi); the steady-state subscriber probability is correct. But the transition matrix P is mis-ordered (rows/columns swapped relative to the problem description), and you hard-coded A instead of using t(diag(2)-P), so process fidelity is only partial.","No derivation is shown in the .qmd (only a reference to an attached file), so none of the required four acceptance-probability cases are demonstrated. Full written work must appear in the document to earn credit.","You implemented an MH sampler with runif proposals and alpha(), generated 2000 samples, and compared sample quantiles to qpois in a table, which matches the intended workflow. A minor issue is that you ignore the special x=0 proposal rule from the prompt, so process fidelity is slightly off.","You correctly used %*% and %^% to get 1- and 2-year portfolio compositions from the initial state, which matches part of the process. However, the 20-year paid-in-full probabilities for good and risky loans are computed from the mixed initial state (pi_20) instead of separate initial vectors c(1,0,0,0) and c(0,1,0,0), so the long-run results and interpretations are incorrect.","Your code matches the provided structure: you use set.seed, rnorm, purrr::map, dplyr::lead, and tidyr::unnest to compute both covariance formulas across sample sizes. The resulting tibble and your explanation correctly note that cov and alt_cov agree and converge as T grows.","There is no Exercise 7 in the provided .qmd, so no work can be graded for this question.","There is no Exercise 8 in the provided .qmd, so no work can be graded for this question.",,
35,18.5,"You completed most of the core coding tasks for Markov chains, MH sampling, and the covariance comparison, and your implementations generally follow the intended workflows. The main issues are a missing written derivation for the MH acceptance probabilities, a mis-specified transition matrix and incomplete chunk in Exercise 2, and incorrect setup for the 20-year loan outcomes. Addressing those conceptual and process details would significantly improve your score.",4,3.5,0,4,2,5,0,0,,,"You correctly defined P and computed 6 steps and the final probability via matrix multiplication, and your numeric answer is close to the expected ~75%. However, the rubric specifically asked for using P %^% 6 and the indicator vector; using a loop instead slightly departs from the expected workflow.","You set up the stationary distribution correctly with A, b, and qr.solve, and verified pi %*% P and sum(pi). However, the transition matrix P is mis-specified (rows should be [0.8,0.2] and [0.06,0.94]), and you left the second code chunk empty; this affects process fidelity and could cause execution issues.",No derivation is shown in the .qmd; referencing an attached file does not satisfy the requirement. You need to show the algebra for all four cases and arrive at the specified acceptance probability formulas in the document.,"You implemented an MH sampler with a for loop, runif proposals, and the provided alpha(), and you compared sample quantiles to qpois, which matches the expected workflow. You did not handle the x=0 boundary case explicitly as in the solution, which could cause occasional invalid proposals, so the process is slightly off the ideal specification.","You correctly used P %^% n and %*% to get portfolio states at 1, 2, and 20 years, but for the 20-year paid-in-full questions you reused the mixed initial state instead of separate initial vectors for good and risky loans. This leads to incorrect percentages and does not follow the requested process for parts (3) and (4).","You reproduced the intended tibble/map/lead/unnest workflow exactly, using set.seed, rnorm, purrr::map, dplyr::lead, and tidyr::unnest, and your explanation correctly notes that cov and alt_cov agree across sample sizes. This fully meets the rubric for code, process, and interpretation.","There is no Exercise 7 in the provided .qmd, so no work can be graded for this question.","There is no Exercise 8 in the provided .qmd, so no work can be graded for this question.",,
36,19,"You completed most of the core coding tasks for the Markov chain and Monte Carlo exercises, and your covariance implementation and interpretation are strong. The main gaps are the missing written derivation for the MH acceptance probabilities and incorrect setup for the 20-year loan outcomes. Also, later exercises (Q7–Q8) are absent; be sure to include all required questions and keep all reasoning in the .qmd itself for full credit.",4,4,0,4,2,5,0,0,,,"You correctly defined P, iterated 6 steps, and summed non-churn states, giving a reasonable probability (~75%). However, the rubric specifically asked to use the %^% operator from expm; using a loop instead slightly departs from the expected workflow.","You set up the 2x2 matrix, constructed A (transpose(I−P) with a row of ones), defined b, solved for pi with qr.solve, and checked piP≈pi and sum(pi)=1, with a correct steady-state subscriber probability (~23%). The only minor issue is that the first row of P is not in the same order as the solution (you swapped 0.2 and 0.06), but your subsequent algebra is consistent with your P.","No derivation is provided in the .qmd (only a reference to an attached file), so the four required acceptance-probability cases and algebra are missing here.","You implemented an MH sampler with a for loop, runif proposals, and the provided alpha function, then compared sample quantiles to qpois quantiles in a data frame. The process is correct, but you did not handle the x=0 boundary case explicitly as in the reference solution, which could cause occasional invalid proposals.","You correctly used %*% and %^% to get 1- and 2-year portfolio compositions from the initial state. However, for the 20-year questions you reused the mixed initial state instead of separate initial vectors for good and risky loans, so the reported 20-year paid-in-full percentages are incorrect and do not match the required 76.5% (good) and 19.6% (risky).","You reproduced the full tibble workflow with set.seed, rnorm, purrr::map, dplyr::lead, and tidyr::unnest, and your explanation correctly notes that cov and alt_cov match across sample sizes and converge to the true covariance.","There is no content corresponding to an Exercise 7 in this lab file, so this question cannot be awarded points.","There is no content corresponding to an Exercise 8 in this lab file, so this question cannot be awarded points.",,
37,17.5,"You completed most of the coding tasks for Markov chains, MH sampling, and covariance, and your Exercise 6 implementation and explanation are especially strong. The main losses are from a missing written derivation in Exercise 3, mis‑specified matrices or initial states in Exercises 2 and 5, and lack of any work for later questions. For future labs, ensure all derivations appear in the .qmd, follow the exact matrix setups requested, and double‑check that each exercise’s specific initial conditions are used in your calculations.",3.5,3,0,4,2,5,0,0,,,"You defined P correctly and used matrix multiplication to get 6‑step probabilities and summed non‑churn states, and your numeric answer is close to 75%. However, the rubric expected use of the %^% operator for P^6 rather than iterating in a loop, so process fidelity is only partial.","You set up A, b, and used qr.solve, and you checked πP and sum(π), with a reasonable steady‑state percentage. But the transition matrix P is mis‑specified (rows should be [0.8,0.2] and [0.06,0.94]), and you hard‑coded A instead of computing t(diag(2)−P), so the process and matrix are only partially correct.",No derivation is shown in the .qmd; referring to an attached file does not satisfy the requirement. You need to work through all four acceptance‑probability cases explicitly in the document.,"You implemented an MH sampler with a for loop, runif proposals, and the provided alpha(), and you compared sample quantiles to qpois, which matches the required workflow. However, you did not handle the x=0 boundary case as in the reference solution, so the process is slightly incomplete even though the overall structure and output are correct.","You correctly used P%^%n and %*% to get 1‑ and 2‑year portfolio compositions, but for the 20‑year questions you reused the mixed initial state instead of separate initial vectors for good and risky loans, leading to incorrect percentages. The required separate 20‑year outcomes for good and risky loans are not computed as specified.","You reproduced the intended tibble/map/lead/unnest workflow exactly, using rnorm, purrr::map, dplyr::lead, and tidyr::unnest, and your explanation correctly notes that cov and alt_cov match across sample sizes. This fully meets the code, process, and interpretation requirements.",There is no content corresponding to an additional exercise beyond Q6 in this lab; thus this question receives no credit.,There is no content corresponding to an additional exercise beyond Q6 in this lab; thus this question receives no credit.,,
38,19,"You completed most of the core coding tasks for Markov chains, MH sampling, and covariance, and your implementations generally follow the intended workflows with mostly correct results. The main issues are the missing written derivation for the MH acceptance probabilities, misinterpretation of the 20-year loan questions, and the absence of any work for Q7 and Q8. Review how to set up initial state vectors for specific loan types and ensure all required written derivations are included directly in the .qmd.",4,4,0,4,2,5,0,0,,,"Transition matrix is correct and you correctly iterate 6 steps and sum non-churn states, with a reasonable probability. However, the rubric specifically asked to use the %^% operator from expm and the indicator-vector multiplication; using a loop instead slightly departs from the expected workflow.","You set up the correct transition matrix, construct A and b, solve for pi, and verify piP≈pi and sum(pi)=1, with a correct steady-state subscriber probability. The only issue is that the P matrix is not in the same row/column order as in the prompt (you swapped 0.2 and 0.06), but your subsequent linear system is consistent with your P, so the process is essentially correct.","No derivation is provided in the .qmd (only a reference to an attached file), so the required four-case algebraic work and final acceptance formulas are missing.","You implement a valid MH sampler with runif proposals and the given alpha function, generate 2000 samples, and compare sample quantiles to qpois in a data frame. This matches the intended workflow, though you ignore the special x=0 handling from the solution and don’t present the result as a tibble with the exact column names requested.","You correctly use %^% and %*% to get portfolio states at 1, 2, and 20 years from the given initial mix, but for the 20-year questions you incorrectly use the overall portfolio state (pi_20) instead of starting from pure good or pure risky states. As a result, the reported 20-year paid-in-full percentages for good and risky loans are wrong.","Code matches the provided template exactly, using set.seed, rnorm, purrr::map, dplyr::lead, and tidyr::unnest to compute cov and alt_cov across sample sizes, and your explanation correctly notes that the two covariance calculations agree and converge as T grows.","There is no Q7 content in the submitted .qmd, so this question cannot be awarded any points.","There is no Q8 content in the submitted .qmd, so this question cannot be awarded any points.",,
39,18.5,"You completed most of the coding tasks and showed good understanding of Markov chains, MH sampling, and the covariance identity. The main losses are from an omitted written derivation in Q3, mis-specified or incomplete Markov setups in Q2 and Q5, and not following some requested implementation details (e.g., %^% in Q1, separate 20-year good/risky calculations in Q5). Focus on matching the exact workflow requested in the instructions and ensuring all parts of each question are answered within the .qmd.",4,3.5,0,4,2,5,0,0,,,"You correctly defined P, iterated 6 steps, and summed non-churn states, and your numeric answer is close to 75%. However, the rubric specifically asked for using the %^% operator from expm, which you did not use, so you lose process-fidelity credit.","You set up the stationary distribution correctly, solved Aπ=b with qr.solve, and verified πP≈π and sum(π)=1, with a reasonable steady-state percentage. However, your transition matrix P is mis-specified (rows should be [0.8,0.2] and [0.06,0.94]), and A is hard-coded rather than computed as t(diag(2)-P), so process fidelity and accuracy are partially off. Also, you left the second code chunk empty.",No derivation is shown in the .qmd; referring to an attached file does not count for grading. You need to show the four MH acceptance probability cases and algebra directly in this document.,"You implemented an MH sampler with a for loop, runif proposals, and the provided alpha(), and you compared sample quantiles to qpois, which matches the required workflow. You did not handle the x=0 boundary case explicitly as in the template, and you did not present the result as a tibble with the specified column names, so there is a small process/format deviation.","You correctly used %*% and %^% to get portfolio states at 1, 2, and 20 years from the initial mix, but the exercise also required separate 20-year outcomes for loans starting as all-good and all-risky. Instead, you reused the mixed-state π20 and misinterpreted entries when reporting percentages, so the 20-year good/risky results are incorrect and key calculations are missing.","Your code matches the provided solution: you generate data with rnorm, use purrr::map, dplyr::lead, and tidyr::unnest to compute both covariance formulas across sample sizes, and your explanation correctly notes that cov and alt_cov agree and converge as T grows.",There is no content corresponding to an Exercise 7 in this lab; nothing to grade.,There is no content corresponding to an Exercise 8 in this lab; nothing to grade.,,
40,17.5,"You completed most of the main coding tasks, especially for the MH sampler and covariance comparison, and your Markov chain work in Q1 and Q6 is largely correct. The main losses are from a mis‑specified transition matrix in Q2, missing derivation in Q3, and incorrect setup for the 20‑year loan outcomes in Q5, plus missing later exercises. Focus on matching the exact workflows requested in the rubric and ensuring all parts of each question are answered within the .qmd.",3.5,3,0,4,2,5,0,0,,,"You correctly defined P and used repeated %*% with the initial state to get the 6‑step distribution and summed non‑churn states, and your numeric answer is essentially correct. However, the rubric expected use of P %^% 6 and the indicator vector multiplication, so you lose some process points for not following that workflow.","You set up A, b, and used qr.solve, and you checked pi %*% P and sum(pi), with a reasonable steady‑state percentage. But the transition matrix P is mis‑specified (rows should be [0.8,0.2] and [0.06,0.94]), and you hard‑coded A instead of computing t(diag(2) - P), so process and accuracy are only partially correct.","No derivation is shown in the .qmd; referring to an attached file does not count for grading. You need to work through all four MH acceptance cases in the document, showing the algebra leading to the given formulas.","You implemented a MH sampler with a for loop, runif proposals, and the provided alpha(), and you compared sample quantiles to qpois() in a table, which matches the expected workflow. The only minor issue is not handling the x=0 boundary explicitly as in the reference, but overall the process and outputs are appropriate.","You correctly used P %^% n and %*% with the initial portfolio to get 1‑ and 2‑year compositions, which matches the intended process. However, for 20‑year outcomes you reused the mixed initial state instead of separate good and risky initial vectors, so the reported percentages for good and risky loans are incorrect and the required separate calculations are missing.","You reproduced the full tibble/map/unnest workflow, using rnorm, lead, map_vec, and the alternative covariance formula, and your explanation correctly notes that the two methods give identical results and converge as T grows. This fully meets the code, process, and interpretation criteria.","There is no content corresponding to an Exercise 7 in this lab file, so no points can be awarded.","There is no content corresponding to an Exercise 8 in this lab file, so no points can be awarded.",,
41,19,"You completed most of the core coding tasks for Markov chains, MH sampling, and covariance, and your numerical results generally align with expectations. The main gaps are the missing written derivation for the MH acceptance probabilities and incorrect setup for the 20-year loan outcomes. Also, if additional exercises (Q7–Q8) were required, they are absent; ensure all questions are answered directly in the .qmd in future labs.",4,4,0,4,2,5,0,0,,,"You correctly defined P, iterated 6 steps, and summed non-churn states, giving a reasonable probability. However, the rubric asked specifically for using P %^% 6 and vector multiplications; using a loop instead slightly departs from the expected workflow.","You set up the correct transition matrix, constructed A and b, solved for pi, and checked pi %*% P and sum(pi). The matrix A was hard-coded rather than built via t(diag(2) - P), which is a small process deviation, but the stationary distribution and interpretation are correct.","No derivation is shown in the .qmd; referencing an attached file does not meet the requirement to show all work in this document, so none of the four acceptance-probability cases can be evaluated.","You implemented an MH sampler with runif proposals and alpha(), generated 2000 samples, and compared sample quantiles to qpois in a table. The only minor issue is not handling the x=0 boundary explicitly as in the template, but overall the process and outputs align with the rubric.","You correctly used P %^% n and initial state to get 1- and 2-year compositions, but for 20-year paid-in-full probabilities you reused the portfolio vector instead of starting from pure good or pure risky states, so the 20-year percentages are incorrect and not computed as specified.","You reproduced the full tibble workflow with map, lead, and unnest, computing both cov and alt_cov across the required sample sizes, and your explanation correctly notes that the two covariance formulas give identical results and converge as T grows.","There is no content corresponding to an Exercise 7 in this lab; if a question was expected, it is missing from the .qmd.","There is no content corresponding to an Exercise 8 in this lab; if a question was expected, it is missing from the .qmd.",,
42,20,"You completed most of the core coding tasks for Markov chains, MH sampling, and covariance comparison, and your implementations generally follow the intended workflows. The main gaps are the missing written derivation for the MH acceptance probabilities and incorrect setup for the 20-year loan outcomes. Also, later exercises (Q7–Q8) are absent; be sure all required questions are answered directly in the .qmd in future labs.",4,4,0,5,2,5,0,0,,,"You correctly defined P, iterated 6 steps, and summed non-churn states, giving a reasonable probability. However, the rubric asked specifically for using P%^% and vector multiplications; using a loop instead slightly departs from the expected workflow.","You set up the correct transition matrix, constructed A and b, solved for pi with qr.solve, and checked pi %*% P and sum(pi). The matrix A was hard-coded rather than built via t(diag(2) - P), which is a small deviation from the requested process.","No derivation is shown in the .qmd; referencing an attached file does not meet the requirement to show all work in this document, so none of the four acceptance-probability cases can be evaluated.","You implemented an MH sampler with runif proposals and alpha, generated 2000 samples, and compared sample quantiles to qpois in a table. This matches the expected workflow and output structure.","You used P%^% and an initial vector to get 1- and 2-year compositions, which is good. However, for 20-year paid-up percentages you reused the portfolio vector instead of starting from pure good or pure risky states, so the 20-year results and interpretations are incorrect.","You reproduced the provided tibble/map/unnest workflow, computing both cov and alt_cov across the required sample sizes, and your explanation correctly notes that the two methods give identical results and converge as T grows.","There is no Exercise 7 content in the .qmd, so this question cannot be awarded any points.","There is no Exercise 8 content in the .qmd, so this question cannot be awarded any points.",,
43,19,"Exercises 1, 2, 4, and 6 are mostly well done, with correct use of Markov chains, MH sampling, and covariance comparison, though a few implementation details differ from the intended workflows. Exercise 3 is missing entirely from the .qmd, and the 20‑year loan calculations in Exercise 5 do not follow the specified initial states, leading to incorrect percentages. Also, there is no content for Q7 and Q8; be sure all required exercises are answered directly in the .qmd in future labs.",4,4,0,4,2,5,0,0,,,"You correctly defined P, iterated 6 steps, and summed non‑churn states, giving a reasonable probability. However, the rubric asked specifically for using P%^% and vector multiplications; using a loop instead slightly departs from the expected workflow.","You set up the correct transition matrix, constructed A and b, and solved for pi, then checked pi %*% P and sum(pi). The matrix P is transposed relative to the solution (rows are next-state rather than current-state), but you compensated in A; this is slightly nonstandard relative to the intended I−P construction.",No derivation is shown in the .qmd; referencing an attached file does not meet the requirement to show all work in this document.,"You implemented an MH sampler with runif proposals and alpha(), generated 2000 samples, and compared sample quantiles to qpois in a table. The only issue is that the proposal allows y = −1 when x = 0, which is outside the Poisson support and deviates from the specified proposal mechanism.","You correctly used P%^% with an initial portfolio vector to get 1‑ and 2‑year compositions, but for the 20‑year questions you reused the portfolio vector instead of starting from pure good or pure risky states, so the reported percentages are incorrect and the required separate 20‑year calculations for good and risky loans are missing.","You reproduced the intended code using set.seed, rnorm, purrr::map, lead, and unnest to compute cov and alt_cov across sample sizes, and your explanation correctly notes that the two covariance calculations agree and converge as T grows.","There is no Exercise 7 content in the .qmd, so this question cannot be awarded any points.","There is no Exercise 8 content in the .qmd, so this question cannot be awarded any points.",,
44,18,"You completed most of the main coding tasks for Exercises 1, 2, 4, 5, and 6, and your MH implementation and covariance comparison are especially solid. The main losses are from an incorrect transition matrix in Q2, missing written derivation in Q3, and mis‑specified 20‑year loan calculations in Q5, plus no work for Q7–Q8. Focus on following the exact model setup and instructions (e.g., initial states, required operators, and including all derivations in the .qmd) to capture full credit.",4,3,0,4,2,5,0,0,,,"You correctly defined P, iterated 6 steps, and summed non‑churn states, giving a reasonable probability. However, the rubric expected use of P %^% 6 and vector multiplications; your loop deviates from the specified workflow, so you lose some process‑fidelity credit.","You solved for a stationary distribution using qr.solve and checked pi %*% P and sum(pi), but the transition matrix P is incorrect (rows should be [0.8,0.2] and [0.06,0.94]). Because P is wrong, the process setup and resulting pi are not fully correct.","No derivation is shown in the .qmd (only a reference to an attached file), so the required four acceptance‑probability cases and algebra are missing.","You implemented an MH sampler with a for loop, runif proposals, and the provided alpha(), then compared sample and Poisson quantiles in a data frame. This matches the intended workflow, though you did not explicitly handle the x=0 boundary as in the template, so there is a small process‑fidelity deduction.","You used P %^% n and an initial vector to get 1‑ and 2‑year compositions, which is good. However, for the 20‑year questions you reused the portfolio vector instead of starting from pure good or pure risky states, so the reported 20‑year percentages are incorrect and the specific good/risky 20‑year calculations are not done as requested.","Your code matches the provided solution: you generate data for multiple T, compute both covariance formulas via purrr::map and dplyr::lead, unnest the results, and your explanation correctly notes that the two methods give identical values and converge as T grows.","There is no content corresponding to an Exercise 7 in this lab file, so this question cannot be awarded any points.","There is no content corresponding to an Exercise 8 in this lab file, so this question cannot be awarded any points.",,
45,19,"You completed most of the coding tasks correctly, especially the MH sampler and covariance comparison, and your Markov chain work in Q1 and Q2 is close to the intended solutions. The main gaps are the missing written derivation for the MH acceptance probabilities and incorrect setup for the 20-year loan outcomes. In future labs, ensure all algebraic/markdown parts are included in the .qmd and carefully follow the specified initial states when computing long-run Markov outcomes.",4,4,0,4,2,5,0,0,,,"You correctly defined P, iterated 6 steps, and summed non-churn states, giving a reasonable probability. However, the rubric asked specifically for using P %^% 6 and vector multiplications; using a loop instead slightly departs from the expected workflow.","You set up the 2x2 chain, constructed A, b, and solved for pi, then checked pi %*% P and sum(pi). The transition matrix entries are misordered (rows should be [0.8,0.2] and [0.06,0.94]), but your stationary subscriber probability is close to the expected 23%, so only a minor process/accuracy deduction.","No derivation is shown in the .qmd (only 'Answer in attach file'), so the four required acceptance probability cases are missing here.","You implemented an MH sampler with runif proposals and alpha(), generated 2000 samples, and compared sample quantiles to qpois in a data frame. You did not handle the x=0 boundary explicitly as in the template, which slightly departs from the expected process.","You used P %^% n and initial state to get 1- and 2-year compositions, which is good. However, for 20-year paid-in-full probabilities you reused the portfolio vector pi_20 instead of starting from pure good or pure risky states, so the reported 20-year percentages are incorrect and the required separate good/risky calculations are missing.","You reproduced the provided tibble/map/unnest workflow, computing cov and alt_cov across the required sample sizes, and your markdown correctly explains that the two covariance calculations agree and converge as T grows.",There is no Exercise 7 content in this lab; this question receives no credit by rubric default.,There is no Exercise 8 content in this lab; this question receives no credit by rubric default.,,
46,20,"You completed most of the coding tasks correctly, especially the MH sampler and covariance comparison, and your Markov chain work in Q1 and Q2 is largely on target. The main gaps are the missing written derivation for the MH acceptance probabilities and incorrect setup for the 20-year loan outcomes. For future labs, ensure all requested derivations appear in the .qmd and that you follow the specified initial states and workflows exactly when computing long-run Markov chain behavior.",4,4,0,5,2,5,0,0,,,"You correctly defined P, iterated 6 steps, and summed the non-churn states, giving a probability near 75%. However, the rubric asked specifically for using the %^% operator for P^6 and vector multiplications; using a loop instead slightly departs from the expected workflow.","You set up the correct transition matrix, constructed A and b, solved for pi with qr.solve, and verified pi %*% P and sum(pi), with a steady-state subscriber probability around 23%. The first matrix P is not in the same row/column order as the solution (you swapped 0.2 and 0.06), but your A matches the intended (I−P)^T, so the process is a bit ad hoc; keep the P definition and A construction consistent and derived directly from diag(2) - P.","No derivation is shown in the .qmd; referencing an attached file does not count for grading. You need to show the algebra for all four MH acceptance cases and arrive at the specified min(1, ·) formulas in the document.","You implemented a valid MH sampler with runif proposals and acceptance using alpha, generated 2000 samples from Poisson(20), and compared sample quantiles to qpois in a table. The workflow and outputs match the rubric expectations.","You correctly used P%^%n and an initial portfolio vector to get 1- and 2-year compositions, but for the 20-year questions you reused the portfolio vector instead of starting from pure good or pure risky states. As a result, the reported 20-year paid-up percentages for good and risky loans are incorrect and do not follow the required process.","You reproduced the provided code using purrr::map, dplyr::lead, and tidyr::unnest to compute both covariance formulas across sample sizes, and your explanation correctly notes that the two methods give identical results and converge as T grows.",There is no content corresponding to an Exercise 7 in this lab; nothing to grade.,There is no content corresponding to an Exercise 8 in this lab; nothing to grade.,,
47,18,"You completed most of the core coding tasks for Markov chains, MH sampling, and the covariance comparison, and your Exercise 6 solution is especially strong. The main issues are a mis-specified transition matrix in Exercise 2, missing written derivation for Exercise 3, and incorrect setup for the 20-year loan questions. Also, any work for later exercises must appear directly in the .qmd to be graded—avoid referring to external attachments.",4,3,0,4,2,5,0,0,,,"You correctly defined P, iterated 6 steps, and summed non-churn states, getting a reasonable probability. However, the rubric asked specifically for using P %^% 6 and the indicator-vector multiplication; using a loop instead slightly departs from the expected workflow.","You set up the stationary distribution system correctly, solved with qr.solve, and checked pi %*% P and sum(pi), with a reasonable steady-state value. However, the transition matrix P is mis-specified (rows should be [0.8,0.2] and [0.06,0.94]), and you hard-coded A instead of computing t(diag(2) - P), so the process does not fully follow the intended workflow.",No derivation is provided in the .qmd; referring to an attached file does not satisfy the requirement. You need to show the algebra for all four MH acceptance cases directly in this document.,"You implemented an MH sampler with a for loop, runif proposals, and the given alpha function, and compared sample quantiles to qpois in a table. The main deviation is not handling the x=0 boundary case explicitly (as in the reference solution), which slightly departs from the expected process, but the overall workflow is essentially correct.","You used P %^% n and %*% to get 1- and 2-year portfolio compositions, which matches the intended approach. However, for the 20-year questions you reused the mixed initial state instead of separate initial vectors for good and risky loans, so the reported percentages (8.08% and 53.74%) are not the correct quantities requested.","You reproduced the intended tibble/map/lead/unnest workflow exactly and clearly explained that cov and alt_cov match across sample sizes and converge to the same value. This fully meets the code, process, and interpretation criteria.","There is no content corresponding to an Exercise 7 in the submitted .qmd, so this question cannot be awarded any points.","There is no content corresponding to an Exercise 8 in the submitted .qmd, so this question cannot be awarded any points.",,
48,19.5,"You completed most of the core coding tasks, especially for the MH sampler and covariance comparison, and your Markov chain computations in Q1 and Q2 are largely on the right track. The main gaps are the missing written derivation for the MH acceptance probabilities and incorrect setup for the 20-year loan outcomes. For future labs, ensure all requested derivations appear in the .qmd and double-check that your initial states match the specific questions being asked.",4,3.5,0,4.5,2.5,5,0,0,,,"You correctly defined P, iterated 6 steps, and summed non-churn states, giving a reasonable probability. However, the rubric asked specifically for using P %^% 6 and vector multiplications; using a loop instead slightly departs from the expected workflow.","You set up the correct transition matrix, constructed A and b, solved for pi, and checked pi %*% P and sum(pi), with a steady-state subscriber probability around 23%. However, the matrix P is mis-ordered (0.8,0.06;0.2,0.94 instead of 0.8,0.2;0.06,0.94), and you did not explicitly show the construction of A as t(diag(2) - P); also, the second code chunk is left empty.",No derivation is provided in the .qmd; referring to an attached file does not satisfy the requirement to show the four acceptance-probability cases in this document.,"You implemented an MH sampler with a for loop, runif proposals, and the given alpha(), and compared sample quantiles to qpois, which matches the required workflow. A minor issue is not handling the x=0 boundary explicitly as in the template, but overall the process and outputs are correct.","You used P %^% n and %*% correctly to get 1-, 2-, and 20-year portfolio states, but for the 20-year questions you reused the mixed initial state instead of separate good and risky initial vectors, leading to incorrect percentages. The process for the last two parts should start from c(1,0,0,0) and c(0,1,0,0) respectively.","You reproduced the full tibble workflow with map, lead, and unnest to compute cov and alt_cov across sample sizes, and your written interpretation correctly notes that the two covariance calculations agree and converge as T grows.",There is no content corresponding to an Exercise 7 in this lab; nothing to grade.,There is no content corresponding to an Exercise 8 in this lab; nothing to grade.,,
49,18,"You completed most of the core coding tasks, especially for the MH sampler and covariance comparison, and your Markov chain work in Q1 is close to the intended result. The main issues are a mis-specified transition matrix and process in Q2, missing written derivation in Q3, and incorrect setup for the 20-year loan questions in Q5. Focus on matching the exact model specification and required workflows, and ensure all algebraic explanations appear directly in the .qmd.",4,3,0,4,2,5,0,0,,,"You correctly defined P, iterated 6 steps, and summed non-churn states, giving a reasonable probability. However, the rubric asked specifically for using P %^% 6 and the indicator-vector multiplication; using a loop instead slightly departs from the expected workflow.","You set up the stationary distribution system, built A and b, solved with qr.solve, and checked pi %*% P and sum(pi), with a reasonable steady-state percent. But the transition matrix P is mis-specified (rows should be [0.8,0.2] and [0.06,0.94]), and you hard-coded A instead of computing t(diag(2) - P), so the process and matrix are not fully correct.",No derivation is provided in the .qmd; referring to an attached file does not satisfy the requirement. You need to show the algebra for all four MH acceptance cases directly in this document.,"You implemented an MH sampler with a for loop, runif proposals, and the given alpha(), then compared sample and theoretical quantiles in a data frame. This matches the intended workflow, though you did not handle the x=0 boundary explicitly as in the solution and did not present the result as a tibble with the exact column names requested.","You used P %^% n and %*% to get 1-, 2-, and 20-year portfolio states, which is good. However, for the 20-year questions you reused the portfolio vector pi_20 instead of starting from pure good or pure risky states, so the reported percentages (8.08% and 53.74%) are incorrect relative to the question, and you never explicitly compute c(1,0,0,0) %*% P%^%20 and c(0,1,0,0) %*% P%^%20.","You reproduced the intended code using set.seed, rnorm, purrr::map, dplyr::lead, and tidyr::unnest to compute cov and alt_cov across sample sizes, and your written explanation correctly notes that the two covariance calculations agree and converge as T grows.",There is no content corresponding to an Exercise 7 in this lab; this question receives no credit.,There is no content corresponding to an Exercise 8 in this lab; this question receives no credit.,,
50,20,"You completed most of the coding tasks correctly, especially the MH sampler and covariance comparison, and your Markov chain computations in Q1 and Q2 are largely on target. The main gaps are the missing written derivation for the MH acceptance probabilities and the misinterpretation of the 20‑year loan outcomes in Q5. For future labs, ensure all requested algebraic work appears in the .qmd and double‑check that your interpretations match the initial conditions specified in the questions.",4,4,0,5,2,5,0,0,,,"You correctly defined P, iterated 6 steps with %*%, and summed non‑churn states, giving a reasonable probability (~75%). However, the rubric asked specifically for using P %^% 6 and the indicator-vector multiplication; using a loop is acceptable but loses a bit of process fidelity.","You set up the correct 2×2 transition matrix, constructed A and b, solved for pi with qr.solve, and checked pi %*% P and sum(pi). The stationary subscriber probability (~23%) is correct. Minor process issues: you hard‑coded A instead of using t(diag(2) - P), and left the second code chunk essentially empty.","No derivation is shown in the .qmd; referring to an attached file does not satisfy the requirement. You need to work through all four MH acceptance cases in the document, showing the algebra leading to the given formulas.","You implemented an MH sampler with a for loop, runif proposals and acceptance, using the provided alpha(), and then compared sample quantiles to qpois in a table. This matches the expected workflow and output structure well.","You correctly used P %^% n and %*% to get portfolio states at 1, 2, and 20 years, but then misinterpreted pi_20 as if it were conditional on starting in a single state. The 20‑year paid‑in‑full percentages for good and risky loans should be computed from initial vectors c(1,0,0,0) and c(0,1,0,0); your reported 8.08% and 53.74% are not those quantities.","Your code matches the provided solution: you generate data for multiple T, compute both covariance formulas via purrr::map and dplyr::lead, unnest the results, and your explanation correctly notes that the two methods give identical values and converge as T grows.",There is no Exercise 7 in the provided lab; this slot is unused.,There is no Exercise 8 in the provided lab; this slot is unused.,,
