Run,Total,Model_Total,OverallComment,Q1,Q2,Q3,Q4,Q5,Q6,Q7,Q8,Q9,Q10,Q1_feedback,Q2_feedback,Q3_feedback,Q4_feedback,Q5_feedback,Q6_feedback,Q7_feedback,Q8_feedback,Q9_feedback,Q10_feedback
1,21,21,"The student demonstrated strong coding skills in Exercises 1, 2, 4, and 6, correctly implementing Markov chains and covariance calculations. However, significant points were lost in Exercise 3 due to missing content and in Exercise 5 due to a misunderstanding of the specific initial state vectors required for the loan portfolio analysis. Ensure all answers are included directly in the document and carefully read the specific constraints for initial conditions.",4.5,5,0,4.5,2,5,,,,,"Code correctly defines the transition matrix and computes the 6-month state probabilities using a loop (equivalent to matrix power). The final probability calculation is correct (~75%). Deducted 0.5 for not using the specific `%^%` operator requested in the rubric, though the logic is sound.","Code correctly defines the transition matrix, constructs the system of equations for the stationary distribution, solves it using `qr.solve`, and verifies the properties. The result (~23%) is accurate.",The answer 'Answer in attach file' is not present in the .qmd source code. No mathematical derivation or code was provided to demonstrate the acceptance probabilities.,"The Metropolis-Hastings algorithm is implemented correctly with proper initialization and acceptance logic. Quantiles are compared as requested. Deducted 0.5 because the student overwrote the required `set.seed(8740)` with `set.seed(42)`, deviating from the specific reproducibility instruction in the rubric.","Code calculates portfolio composition for 1, 2, and 20 years correctly. However, the answers for 'percentage of good/risky loans paid in full' are incorrect. The student reported the proportion of the *initial mixed portfolio* that ended up paid up, rather than the proportion of *initially good* or *initially risky* loans specifically. The rubric requires starting with `c(1,0,0,0)` and `c(0,1,0,0)` respectively.",Code correctly implements the covariance comparison using `purrr::map` and `dplyr::lead` as specified. The markdown interpretation correctly identifies that the two calculations yield identical results.,,,,
2,21,21,"The student demonstrated strong coding skills in Exercises 1, 4, and 6, correctly implementing Markov chain operations and the Metropolis-Hastings algorithm. However, significant points were lost in Exercise 3 due to missing content and in Exercise 5 due to misinterpreting the initial state vectors for the specific loan types. Exercise 2 had a definition error in the transition matrix but still arrived at the correct stationary distribution.",4.5,4.5,0,5,2,5,,,,,"Code correctly defines the transition matrix and computes the 6-month state probabilities using a loop (equivalent to matrix power). The final probability calculation is correct. Deducted 0.5 for not using the specific `%^%` operator requested in the rubric, though the result is accurate.","The transition matrix P is defined incorrectly (rows do not sum to 1; it appears transposed or values are misplaced). However, the student manually constructed matrix A and vector b correctly for the stationary distribution calculation and obtained the correct result (~23%). Deducted points for incorrect P definition and lack of verification code for `pi %*% P == pi`.","No derivation or work is present in the .qmd file. The student stated 'Answer in attach file', which is not acceptable for grading based on the provided source code.","The Metropolis-Hastings algorithm is correctly implemented with proper initialization, proposal generation, and acceptance logic. The comparison of sample quantiles with theoretical quantiles is performed correctly using `quantile` and `qpois`.","The code calculates the portfolio composition after 20 years starting from the mixed initial state (60% good, 40% risky). However, the rubric requires calculating the outcome for *good loans* (starting state c(1,0,0,0)) and *risky loans* (starting state c(0,1,0,0)) separately. The student's answers (8.08% and 53.74%) are incorrect for the specific questions asked because they used the wrong initial vectors.",The code correctly implements the covariance calculation using `purrr::map` and `dplyr::lead` as required. The markdown interpretation correctly identifies that both methods yield identical results.,,,,
3,21,21,"The student demonstrated strong coding skills in Exercises 1, 4, and 6, correctly implementing Markov chain simulations and covariance calculations. However, significant points were lost in Exercise 3 due to missing content and in Exercise 5 due to a fundamental misunderstanding of the initial state vectors required for the specific questions. Exercise 2 had a minor matrix definition error but arrived at the correct final answer.",4.5,4.5,0,5,2,5,,,,,"Code correctly defines the transition matrix and computes the 6-month state probabilities using a loop (equivalent to matrix power). The final probability calculation is correct. Minor deduction for not using the `%^%` operator as suggested in the rubric, though the logic is sound.","The transition matrix P is defined with incorrect row/column orientation (columns sum to 1 instead of rows, or vice versa depending on convention, but the values 0.8/0.2 are swapped relative to the standard row-stochastic convention used in the solution). However, the stationary distribution calculation logic using `qr.solve` is present and the final answer (23%) is correct. Deduction for the matrix definition error.","No mathematical derivation or code is provided in the .qmd file. The student stated 'Answer in attach file', which is not acceptable for grading based on the provided source code.","The Metropolis-Hastings algorithm is correctly implemented with proper initialization, proposal generation, and acceptance logic. The comparison of sample quantiles with theoretical quantiles using `qpois` is present and correct.","The code calculates the portfolio composition after 20 years starting from the mixed initial state (60% good, 40% risky). However, the rubric requires calculating the outcome for *good loans* (starting state c(1,0,0,0)) and *risky loans* (starting state c(0,1,0,0)) separately. The student used the mixed state result for both answers, leading to incorrect percentages (8.08% and 53.74% instead of ~76.5% and ~19.6%). Process fidelity is low due to incorrect initial states for the specific questions asked.",The code correctly implements the covariance calculation using `purrr::map` and `dplyr::lead` as required. The markdown interpretation correctly identifies that both methods yield identical results.,,,,
4,21,21,"The student demonstrated strong coding skills in Exercises 1, 4, and 6, correctly implementing Markov chain operations and the Metropolis-Hastings algorithm. However, significant points were lost in Exercise 3 due to missing work and in Exercise 5 due to misinterpreting the initial state vectors for the specific loan questions. Exercise 2 had a code error in the matrix definition but arrived at the correct numerical answer.",4.5,4.5,0,5,2,5,,,,,"Code correctly defines the transition matrix and computes the 6-month state probabilities using a loop (equivalent to matrix power). The final probability calculation is correct. Deducted 0.5 for not using the specific `%^%` operator requested in the rubric, though the result is accurate.","The transition matrix P is defined incorrectly (rows do not sum to 1; it appears transposed or values are swapped). However, the student manually constructed matrix A and vector b correctly for the stationary distribution calculation and obtained the correct result (~23%). Deducted 0.5 for the incorrect definition of P in the code, despite the correct final answer.","No derivation or work is shown in the .qmd file. The student stated 'Answer in attach file', which is not acceptable for grading based on the provided source code. All points deducted.","The Metropolis-Hastings algorithm is correctly implemented with proper initialization, proposal generation, and acceptance logic. The comparison of sample quantiles with theoretical quantiles is performed correctly. Code executes to completion.","The code correctly calculates the portfolio composition after 1, 2, and 20 years. However, the answers for the specific questions about 'good loans' and 'risky loans' paid in full after 20 years are incorrect. The student used the mixed portfolio result (`pi_20`) instead of starting from pure good (`c(1,0,0,0)`) or pure risky (`c(0,1,0,0)`) states as required by the rubric. This leads to significant errors in OutputAccuracy.","The code correctly implements the covariance calculation using `purrr::map` and `dplyr::lead` as specified. The results are unnested correctly, and the markdown interpretation correctly identifies that both methods yield identical results.",,,,
5,21,21,"The student demonstrated strong coding skills in Exercises 1, 4, and 6, correctly implementing Markov chain simulations and the Metropolis-Hastings algorithm. However, significant points were lost in Exercise 3 due to missing work and in Exercise 5 due to misinterpreting the initial state vectors for the specific loan questions. Exercise 2 had a definition error in the transition matrix but was salvaged by correct manual matrix construction.",4.5,4.5,0,5,2,5,,,,,"Code correctly defines the transition matrix and computes the 6-month state probabilities using a loop (equivalent to matrix power). The final probability calculation is correct. Deducted 0.5 for not using the specific `%^%` operator requested in the rubric, though the logic is sound.","The transition matrix P is defined incorrectly (rows do not sum to 1; 0.8+0.06 != 1). However, the student manually constructed matrix A with correct values (0.2, -0.06, etc.) that correspond to the correct transition matrix, and solved for pi correctly. The stationary distribution result (23%) is accurate. Deducted 0.5 for the error in defining P, despite the correct subsequent steps.","No derivation or work is shown in the .qmd file. The student stated 'Answer in attach file', which is not present in the source code. This exercise requires showing algebraic steps for the 4 cases.","The Metropolis-Hastings algorithm is correctly implemented with proper initialization, proposal generation, and acceptance logic. The comparison of sample quantiles with theoretical quantiles using `qpois` is present and correct.","The code correctly calculates the portfolio composition after 1, 2, and 20 years. However, the answers for the specific questions about 'good loans' and 'risky loans' paid in full after 20 years are incorrect. The student used the mixed portfolio result (`pi_20`) instead of starting from pure states `c(1,0,0,0)` and `c(0,1,0,0)` as required by the rubric. This led to wrong percentages (8.08% and 53.74% instead of ~76.5% and ~19.6%).","The code correctly implements the covariance calculation using `purrr::map` and `dplyr::lead` as specified. The output tibble is generated correctly, and the markdown interpretation correctly identifies that both methods yield identical results.",,,,
6,21,21,"The student demonstrated strong coding skills in Exercises 1, 2, 4, and 6, with only minor deviations in seed usage or operator preference. However, significant points were lost in Exercise 3 due to missing content and in Exercise 5 due to a fundamental misunderstanding of the initial state vectors required for the specific loan type projections. Ensure all derivations are included directly in the document and carefully read initial condition requirements.",4.5,5,0,4.5,2,5,,,,,"Code correctly defines the transition matrix and computes the 6-month state probabilities using a loop (equivalent to matrix power). The final probability calculation is correct (~75%). Deducted 0.5 for not using the specific `%^%` operator requested in the rubric, though the result is accurate.","Code correctly defines the transition matrix, constructs the system of equations for the stationary distribution, solves it using `qr.solve`, and verifies the properties. The result (~23%) is correct.",The student provided 'Answer in attach file' instead of the required mathematical derivation in the .qmd file. No code or markdown derivation was present to grade.,"The Metropolis-Hastings algorithm is implemented correctly with proper initialization, proposal, and acceptance steps. Quantiles are compared correctly. Deducted 0.5 because the student overwrote the required `set.seed(8740)` with `set.seed(42)`, deviating from the specific reproducibility instruction in the rubric.","Code correctly calculates the portfolio composition after 1 and 2 years. However, the calculation for the percentage of *good* and *risky* loans paid in full after 20 years is incorrect. The student used the mixed initial state `pi_0` (60/40 split) for the 20-year projection instead of the specific initial states `c(1,0,0,0)` for good loans and `c(0,1,0,0)` for risky loans as required by the rubric. This led to incorrect final percentages.","Code correctly implements the covariance comparison using `purrr::map` and `dplyr::lead` as specified. The output tibble is generated correctly, and the markdown interpretation correctly identifies that the two calculations are identical.",,,,
7,20,20,"The student demonstrated strong coding skills in Exercises 1, 4, and 6, correctly implementing Markov chain simulations and covariance calculations. However, significant points were lost in Exercise 3 due to missing content and in Exercise 5 due to a misunderstanding of the initial state vectors required for the specific questions. Exercise 2 had a definition error in the transition matrix but was salvaged by correct manual matrix construction.",4.5,4,0,4.5,2,5,,,,,"Code correctly defines the transition matrix and computes the 6-month state probabilities using a loop (equivalent to matrix power). The final probability calculation is correct. Minor deduction for not using the `%^%` operator as suggested in the rubric, though the logic is sound.","The transition matrix P is defined incorrectly (rows do not sum to 1; 0.8+0.06 != 1). However, the student manually constructed matrix A with correct values (0.2, -0.06, etc.) and solved for pi correctly. The stationary distribution result (23%) is accurate. Deduction for the error in defining P and the manual construction of A instead of using `t(diag(2)-P)`.","No derivation or work is shown in the .qmd file. The student stated 'Answer in attach file', which is not present in the source code. Zero points for missing content.","The Metropolis-Hastings algorithm is implemented correctly with proper initialization, proposal, and acceptance steps. The comparison of sample and theoretical quantiles is performed correctly. Minor deduction for changing the seed to 42 instead of using the provided 8740, and for using a custom function structure rather than the inline loop suggested, though the logic is correct.","The code calculates the portfolio composition after 20 years starting from the mixed initial state (60% good, 40% risky). However, the rubric requires calculating the outcome for *good loans* (starting state c(1,0,0,0)) and *risky loans* (starting state c(0,1,0,0)) separately. The student reported the mixed portfolio results as the answers for individual loan types, leading to incorrect conclusions (e.g., 8% vs expected 76.5% for good loans).",The code correctly implements the covariance calculation using `purrr::map` and `dplyr::lead` as required. The output tibble is generated correctly. The markdown interpretation correctly identifies that the two methods yield identical results.,,,,
8,21,21,"The student demonstrated strong coding skills in Exercises 1, 2, 4, and 6, with only minor deviations from specific instructions (seed usage, operator preference). Exercise 3 received zero points because the answer was not included in the file. Exercise 5 lost significant points because the student failed to isolate the initial states for the specific 'good' and 'risky' loan questions, instead using the mixed portfolio results.",4.5,5,0,4.5,2,5,,,,,"Code correctly defines the transition matrix and computes the 6-month state probabilities using a loop (equivalent to matrix power). The final probability calculation is correct. Deducted 0.5 for not using the specific `%^%` operator requested in the rubric, though the result is accurate.","Code correctly defines the transition matrix, constructs the system of equations for the stationary distribution, solves it using `qr.solve`, and verifies the properties. The final answer (23.08%) is correct.",The student wrote 'Answer in attach file' instead of providing the mathematical derivation in the .qmd file. No code or markdown derivation is present in the source.,"The Metropolis-Hastings algorithm is implemented correctly with proper initialization and acceptance logic. Quantiles are compared correctly. Deducted 0.5 because the student overwrote the required `set.seed(8740)` with `set.seed(42)`, deviating from the specific instructions.","Code calculates portfolio composition correctly for 1, 2, and 20 years. However, the answers for the specific questions about 'good loans' and 'risky loans' paid in full after 20 years are incorrect. The student used the mixed portfolio result (`pi_20`) instead of starting from pure initial states `c(1,0,0,0)` and `c(0,1,0,0)` as required by the rubric criteria for these specific sub-questions.",Code correctly implements the covariance comparison using `purrr::map` and `dplyr::lead` as requested. The markdown interpretation correctly identifies that the two calculations are identical.,,,,
9,21,21,"The student demonstrated strong coding skills in Exercises 1, 2, 4, and 6, with correct implementations of Markov chains and Metropolis-Hastings sampling. However, significant points were lost in Exercise 3 due to missing content and in Exercise 5 due to a fundamental misunderstanding of the initial state vectors required for the specific loan portfolio questions. Ensure all answers are contained within the .qmd file and carefully read the specific initial conditions for each sub-question.",4.5,4.5,0,5,2,5,,,,,"Code correctly defines the transition matrix and computes the 6-step probability using a loop (valid alternative to %^%). The result (74.85%) is accurate. Deducted 0.5 for not using the specific `%^%` operator requested in the rubric, though the logic is sound.","The stationary distribution is calculated correctly (23.08%). However, the construction of matrix A is manual and error-prone compared to the requested `t(diag(2) - P)` approach. The verification steps are present. Deducted 0.5 for process fidelity regarding the matrix construction method.","No mathematical derivation or code is present in the .qmd file. The student stated 'Answer in attach file', which is not acceptable for grading based on the provided source code. All points deducted.","The Metropolis-Hastings algorithm is implemented correctly with proper initialization, proposal, and acceptance steps. The comparison of sample vs. theoretical quantiles is performed accurately using `quantile` and `qpois`. Code executes to completion.","The code calculates the portfolio state after 20 years starting from the mixed initial state (60% good, 40% risky). However, the rubric requires calculating the 20-year outcome for *good loans* (starting with c(1,0,0,0)) and *risky loans* (starting with c(0,1,0,0)) separately. The student used the mixed state result for both answers, leading to incorrect percentages (8.08% and 53.74% instead of ~76.5% and ~19.6%). Process fidelity is low due to incorrect initial vectors for the specific questions.","The code correctly implements the covariance comparison using `purrr::map` and `dplyr::lead` as requested. The output tibble is generated correctly, and the markdown interpretation correctly identifies that the two calculations are identical.",,,,
10,20.5,20.5,"The student demonstrated strong coding skills in Exercises 1, 4, and 6, correctly implementing Markov chain simulations and the Metropolis-Hastings algorithm. However, significant deductions were made for Exercise 3 (missing answer) and Exercise 5 (incorrect interpretation of initial states for specific loan types). Exercise 2 had a flawed transition matrix definition but arrived at the correct stationary distribution through manual correction.",4.5,4,0,5,2,5,,,,,"Code correctly defines the transition matrix and computes the 6-month state probabilities using a loop (equivalent to matrix power). The final probability calculation is correct. Deducted 0.5 for not using the specific `%^%` operator requested in the rubric, though the logic is sound.","The transition matrix P is defined incorrectly (rows do not sum to 1; columns are swapped relative to standard row-stochastic convention used in the solution). However, the student manually constructed matrix A and vector b correctly for the stationary distribution calculation and obtained the correct result (~23%). Deducted points for incorrect P definition and lack of explicit verification code for `pi %*% P == pi`.","No derivation or answer provided in the .qmd file. The student stated 'Answer in attach file', which is not present in the source code. Zero points awarded.","The Metropolis-Hastings algorithm is correctly implemented with proper initialization, proposal generation, and acceptance logic. The comparison of sample quantiles with theoretical quantiles is performed correctly using `quantile` and `qpois`. Code executes to completion.","Code correctly calculates portfolio composition for 1, 2, and 20 years. However, the answers for the specific questions about 'good loans' and 'risky loans' paid in full after 20 years are incorrect. The student used the mixed portfolio result (`pi_20`) instead of starting from pure initial states `c(1,0,0,0)` and `c(0,1,0,0)` as required. This leads to wrong percentages (8.08% and 53.74% vs expected ~76.5% and ~19.6%).",Code correctly implements the covariance comparison using `purrr::map` and `dplyr::lead` as specified. The output tibble is generated correctly. The markdown interpretation correctly identifies that the two calculations are identical.,,,,
11,21,21,"The student demonstrated strong coding skills in Exercises 1, 2, 4, and 6, correctly implementing Markov chain operations and the Metropolis-Hastings algorithm. However, significant points were lost in Exercise 3 due to missing content in the .qmd file and in Exercise 5 due to a fundamental misunderstanding of the initial state vectors required for the specific sub-questions. Ensure all answers are contained within the .qmd file and carefully read the specific requirements for initial conditions.",4.5,5,0,4.5,2,5,,,,,"Code correctly defines the transition matrix and computes the 6-month state probabilities. The student used a loop instead of the `%^%` operator, which is less efficient but mathematically correct. The final probability calculation is accurate (~75%). Minor deduction for not using the recommended `expm` operator.","The student correctly defined the transition matrix, constructed the system of equations for the stationary distribution, and solved it using `qr.solve`. The verification steps and final answer (23%) are correct.","The student provided no derivation or code in the .qmd file, stating 'Answer in attach file'. Per rubric, code/markdown must be present in the .qmd. No points awarded.","The Metropolis-Hastings algorithm is implemented correctly with proper initialization and acceptance logic. The comparison of quantiles is performed. Minor deduction because the student reset the seed to 42 instead of using the provided 8740, and the output format is a data.frame rather than the requested tibble structure, though the content is correct.","The code calculates the portfolio composition after 20 years starting from the mixed initial state (60% good, 40% risky). However, the rubric requires calculating the 20-year outcome for *good loans* (starting with c(1,0,0,0)) and *risky loans* (starting with c(0,1,0,0)) separately. The student incorrectly interpreted the question, leading to wrong final percentages (8.08% and 53.74% instead of ~76.5% and ~19.6%). Process fidelity for the specific sub-questions is missing.","The student correctly implemented the covariance calculation using `purrr::map` and `dplyr::lead` as required. The output tibble is generated correctly, and the markdown interpretation correctly identifies that the two methods yield identical results.",,,,
12,21,21,"The student demonstrated strong coding skills in Exercises 1, 2, 4, and 6, correctly implementing Markov chain operations and the Metropolis-Hastings algorithm. However, significant points were lost in Exercise 3 due to missing content and in Exercise 5 due to a fundamental misunderstanding of the initial state vectors required for the specific loan questions. Ensure all derivations are included directly in the document and carefully read the specific initial conditions for each sub-question.",4.5,5,0,4.5,2,5,,,,,"Code correctly defines the transition matrix and computes the 6-month state probabilities using a loop (equivalent to matrix power). The final probability calculation is correct. Deducted 0.5 for not using the specific `%^%` operator requested in the rubric, though the result is accurate.","Code correctly defines the transition matrix, constructs the system of equations for the stationary distribution, solves it using `qr.solve`, and verifies the properties. The final answer (23.08%) is correct.",The student provided 'Answer in attach file' instead of showing the mathematical derivation in the .qmd file. No code or markdown derivation is present to grade.,"The Metropolis-Hastings algorithm is implemented correctly with proper initialization and acceptance logic. Quantiles are compared correctly. Deducted 0.5 because the student used `set.seed(42)` inside the function call instead of the required `set.seed(8740)` specified in the starter template/rubric context, which may affect reproducibility of exact numeric results.","Code correctly calculates the portfolio composition after 1, 2, and 20 years. However, the answers for the specific questions about 'good loans' and 'risky loans' paid in full are incorrect. The student used the mixed portfolio result (`pi_20`) for both questions instead of starting with pure initial states `c(1,0,0,0)` and `c(0,1,0,0)` as required by the rubric. This leads to wrong percentages (8.08% and 53.74% vs expected ~76.5% and ~19.6%).",Code correctly implements the covariance comparison using `purrr::map` and `dplyr::lead` as requested. The markdown interpretation correctly states that the two calculations are identical.,,,,
13,21,21,"The student demonstrated strong coding skills in Exercises 1, 2, 4, and 6, correctly implementing Markov chains and the Metropolis-Hastings algorithm. However, significant points were lost in Exercise 3 due to missing content and in Exercise 5 due to a fundamental misunderstanding of the initial state vectors required for the specific loan type predictions. Ensure all derivations are included directly in the document and carefully read the initial conditions for each sub-question.",4.5,5,0,4.5,2,5,,,,,"Code correctly defines the transition matrix and computes the 6-step probability using a loop (valid alternative to %^%). The result (74.85%) is accurate. Minor deduction for not using the specific `%^%` operator requested in the rubric, though the logic is sound.","Code correctly defines the transition matrix, constructs the system for the stationary distribution, solves it using `qr.solve`, and verifies the properties. The result (23.08%) is correct.",The student provided 'Answer in attach file' instead of showing the mathematical derivation in the .qmd file. No code or markdown derivation is present to grade.,"The Metropolis-Hastings algorithm is implemented correctly with proper initialization and acceptance logic. Quantiles are compared as requested. Minor deduction because the student overwrote the required `set.seed(8740)` with `set.seed(42)`, deviating from the specific instruction to use seed 8740 for reproducibility.","The code calculates the portfolio state after 20 years starting from the mixed initial state (60% good, 40% risky). However, the rubric requires calculating the 20-year outcome for *good loans* (starting with c(1,0,0,0)) and *risky loans* (starting with c(0,1,0,0)) separately. The student incorrectly used the mixed portfolio result to answer the specific questions about good and risky loans, leading to incorrect percentages (8.08% and 53.74% instead of ~76.5% and ~19.6%).","Code correctly implements the covariance calculation using `purrr::map` and `dplyr::lead` as requested. The output tibble is generated correctly, and the markdown explanation correctly identifies that the two methods yield identical results.",,,,
14,20.5,20.5,"The student demonstrated strong coding skills in Exercises 1, 2, and 6, correctly implementing Markov chain operations and covariance calculations. However, significant points were lost in Exercise 3 due to missing content and in Exercise 5 due to misinterpreting the question (calculating portfolio totals instead of conditional probabilities for specific loan types). Exercise 4 had minor process deviations regarding seed usage and function structure.",4.5,5,0,4,2,5,,,,,"Code correctly defines the transition matrix and computes the 6-month state probabilities. The student used a loop instead of the `%^%` operator, which is less efficient but mathematically correct. The final probability calculation is accurate (~75%). Minor deduction for not using the specified `expm` operator as suggested by the rubric's code execution check.","The student correctly defined the transition matrix, constructed the system of equations for the stationary distribution (matrix A and vector b), and solved for pi using `qr.solve`. The verification steps and final percentage (23%) are correct.","The student provided no derivation or answer in the .qmd file, stating 'Answer in attach file'. Per rubric, code/markdown interpretation is required. No points awarded for missing content.","The student implemented the Metropolis-Hastings algorithm and compared quantiles. However, they reset the seed to 42 inside the function call after initializing with 8740, which deviates from the standard workflow. More importantly, the rubric expects the use of the `alpha` function provided in the template; the student redefined the logic inside a new function but effectively replicated it. The main issue is the lack of using the specific `alpha` function defined in the preamble as intended by the exercise structure, and the seed inconsistency. Deducted points for process fidelity regarding the specific function usage and seed handling.","The student calculated the portfolio composition after 20 years starting from the mixed initial state (60% good, 40% risky). However, the question specifically asks for the percentage of *good loans* paid in full (starting from c(1,0,0,0)) and *risky loans* paid in full (starting from c(0,1,0,0)). The student reported the overall portfolio percentages (8.08% and 53.74%) instead of the conditional probabilities for each loan type. This is a significant process fidelity error.","The student correctly implemented the covariance calculation using `purrr::map` and `dplyr::lead` as required. The output tibble is generated correctly, and the markdown interpretation correctly identifies that the two methods yield identical results.",,,,
15,21,21,"The student demonstrated strong coding skills in Exercises 1, 2, 4, and 6, correctly implementing Markov chain operations and the Metropolis-Hastings algorithm. However, significant points were lost in Exercise 3 due to missing content and in Exercise 5 due to a fundamental misunderstanding of the initial state vectors required for the specific sub-questions. Ensure all derivations are included directly in the document and carefully read the specific initial conditions for each part of a multi-part question.",4.5,4.5,0,5,2,5,,,,,"Code correctly defines the transition matrix and computes the 6-month state probabilities using a loop (equivalent to matrix power). The final probability calculation is correct. Minor deduction for not using the `%^%` operator as suggested in the rubric, though the logic is sound.","The transition matrix P is defined with swapped rows (row 1 is non-subscriber, row 2 is subscriber), but the stationary distribution calculation is internally consistent and yields the correct ~23% result. The verification steps are present. Deduction for the non-standard matrix orientation which contradicts the typical 'subscriber first' convention implied by the solution template, though the math holds.",The answer 'Answer in attach file' is not present in the .qmd source. No mathematical derivation or code is provided to demonstrate the acceptance probabilities. This exercise requires showing work within the document.,"The Metropolis-Hastings algorithm is correctly implemented with proper initialization, proposal generation, and acceptance logic. The comparison of sample quantiles with theoretical quantiles using `qpois` is present and correct.","The code calculates the portfolio composition after 20 years starting from the mixed initial state (60% good, 40% risky). However, the rubric requires calculating the 20-year outcome for *good loans* (starting with c(1,0,0,0)) and *risky loans* (starting with c(0,1,0,0)) separately. The student used the mixed state result for both answers, leading to incorrect percentages (8.08% and 53.74% instead of ~76.5% and ~19.6%). Process fidelity for the specific sub-questions is missing.",The code correctly implements the covariance calculation using `purrr::map` and `dplyr::lead` as required. The output tibble is generated correctly. The markdown interpretation correctly identifies that the two covariance formulas yield identical results.,,,,
16,21,21,"The student demonstrated strong coding skills in Exercises 1, 2, 4, and 6, with only minor deviations from specific instructions (seed usage, operator preference). However, significant points were lost in Exercise 3 due to missing content and in Exercise 5 due to misinterpreting the initial state vectors for the specific loan type questions. Ensure all derivations are included directly in the document and carefully read initial condition requirements.",4.5,5,0,4.5,2,5,,,,,"Code correctly defines the transition matrix and computes the 6-month state probabilities using a loop (equivalent to matrix power). The final probability calculation is correct. Deducted 0.5 for not using the specific `%^%` operator requested in the rubric, though the result is accurate.","Code correctly defines the transition matrix, constructs the system of equations for the stationary distribution, solves it using `qr.solve`, and verifies the properties. The final answer (23.08%) is correct.",The student wrote 'Answer in attach file' instead of providing the mathematical derivation in the .qmd file. No code or markdown derivation is present in the source.,"The Metropolis-Hastings algorithm is implemented correctly with proper initialization and acceptance logic. Quantiles are compared correctly. Deducted 0.5 because the student overwrote the required `set.seed(8740)` with `set.seed(42)`, deviating from the specific instructions for reproducibility.","Code correctly calculates the portfolio composition after 1, 2, and 20 years. However, the answers for the specific questions about 'good loans' and 'risky loans' paid in full after 20 years are incorrect. The student used the mixed portfolio result (`pi_20`) instead of starting from the specific initial states `c(1,0,0,0)` and `c(0,1,0,0)` as required by the rubric criteria for these specific sub-questions.",Code correctly implements the covariance comparison using `purrr::map` and `dplyr::lead`. The markdown interpretation correctly identifies that the two calculations are identical.,,,,
17,21,21,"The student demonstrated strong coding skills in Exercises 1, 4, and 6, correctly implementing Markov chain simulations and the Metropolis-Hastings algorithm. However, significant points were lost in Exercise 3 due to missing content and in Exercise 5 due to a misunderstanding of the initial state requirements for the specific loan types. Exercise 2 had a definition error in the transition matrix but still yielded the correct stationary distribution.",4.5,4.5,0,5,2,5,,,,,"Code correctly defines the transition matrix and computes the 6-month state probabilities using a loop (equivalent to matrix power). The final probability calculation is correct. Deducted 0.5 for not using the specific `%^%` operator requested in the rubric, though the logic is sound.","The transition matrix P is defined incorrectly (rows do not sum to 1; columns are swapped relative to standard row-stochastic convention used in the solution). However, the student manually constructed matrix A and vector b correctly for the stationary distribution calculation and obtained the correct result (~23%). Deducted 0.5 for the incorrect P definition and manual construction of A instead of using `t(diag(2)-P)`.","No mathematical derivation or code was provided in the .qmd file. The student stated 'Answer in attach file', which is not acceptable for grading based on the provided source code.","The Metropolis-Hastings algorithm is correctly implemented with proper initialization, proposal generation, and acceptance logic. The comparison of sample quantiles with theoretical quantiles using `qpois` is present and correct.","The code calculates the portfolio composition after 20 years starting from the mixed initial state (60% good, 40% risky). However, the rubric requires calculating the outcome for *good loans* (starting state c(1,0,0,0)) and *risky loans* (starting state c(0,1,0,0)) separately. The student used the mixed state result for both answers, leading to incorrect percentages (8.08% and 53.74% instead of ~76.5% and ~19.6%). Process fidelity for the specific sub-questions is missing.","The code correctly implements the covariance comparison using `purrr::map`, `dplyr::lead`, and `tidyr::unnest` as required. The markdown interpretation correctly identifies that the two calculations are identical.",,,,
18,21,21,"The student demonstrated strong coding skills in Exercises 1, 2, 4, and 6, with only minor deviations from specific instructions (seed usage, operator preference). However, significant points were lost in Exercise 3 due to missing content and in Exercise 5 due to a fundamental misunderstanding of the initial state vectors required for the specific loan questions. Ensure all derivations are included directly in the document and carefully read the initial conditions for each sub-question.",4.5,5,0,4.5,2,5,,,,,"Code correctly defines the transition matrix and computes the 6-step probability using a loop (valid alternative to %^%). The result (74.85%) is accurate. Deducted 0.5 for not using the specific `%^%` operator requested in the rubric, though the logic is sound.","Code correctly defines the transition matrix, constructs the system of equations for the stationary distribution, solves it using `qr.solve`, and verifies the properties. The final answer (23.08%) is correct.",The student provided 'Answer in attach file' instead of showing the mathematical derivation in the .qmd file. No code or markdown derivation is present to grade.,"The Metropolis-Hastings algorithm is implemented correctly with proper initialization and acceptance logic. Quantiles are compared correctly. Deducted 0.5 because the student overwrote the required `set.seed(8740)` with `set.seed(42)`, deviating from the specific instructions.","Code structure is present, but the logic for calculating the percentage of *good* and *risky* loans paid in full is incorrect. The student calculated the portfolio composition after 20 years starting from the mixed initial state (60/40), rather than starting from pure good (1,0,0,0) or pure risky (0,1,0,0) states as required by the specific questions. This leads to incorrect final percentages.",Code correctly implements the covariance comparison using `purrr::map` and `dplyr::lead` as requested. The markdown interpretation correctly identifies that the two calculations are identical.,,,,
19,21,21,"The student demonstrated strong coding skills in Exercises 1, 4, and 6, correctly implementing Markov chain operations and the Metropolis-Hastings algorithm. However, significant points were lost in Exercise 3 due to missing content and in Exercise 5 due to a fundamental misunderstanding of the initial state vectors required for the specific sub-questions. Exercise 2 had minor structural issues but reached the correct result.",4.5,4.5,0,5,2,5,,,,,"Code correctly defines the transition matrix and computes the 6-month state probabilities using a loop (equivalent to matrix power). The final probability calculation is correct (~75%). Deducted 0.5 for not using the specific `%^%` operator requested in the rubric, though the logic is sound.","The transition matrix P is defined with swapped rows (rows represent 'from' states, but the student put subscriber transitions in row 1 and non-subscriber in row 2, whereas the rubric implies standard ordering or specific values). However, the stationary distribution calculation logic (using `qr.solve` on `t(I-P)` with constraint) is present and yields the correct ~23% result. Deducted 0.5 for the matrix definition inconsistency and minor code structure issues.",The student provided 'Answer in attach file' instead of showing the mathematical derivation in the .qmd file. No code or markdown derivation is present in the source.,"The student implemented the Metropolis-Hastings algorithm correctly using a function, initialized variables properly, and compared sample quantiles with theoretical `qpois` quantiles. The workflow matches the rubric requirements.","The code calculates the portfolio composition after 20 years starting from the mixed initial state (60% good, 40% risky). However, the rubric requires calculating the 20-year outcome for *good loans* (starting with c(1,0,0,0)) and *risky loans* (starting with c(0,1,0,0)) separately. The student used the mixed state result for both answers, leading to incorrect percentages (8.08% and 53.74% instead of ~76.5% and ~19.6%). Process fidelity for the specific sub-questions is missing.","The code correctly implements the covariance comparison using `purrr::map`, `dplyr::lead`, and `tidyr::unnest` as specified. The markdown interpretation correctly states that the two calculations are identical.",,,,
20,20.5,20.5,"The student demonstrated strong coding skills in Exercises 1, 2, 4, and 6, correctly implementing Markov chain operations and the Metropolis-Hastings algorithm. However, significant points were lost in Exercise 3 due to missing content and in Exercise 5 due to misinterpreting the initial state vectors for the specific loan questions. Ensure all derivations are included directly in the document and carefully read the specific initial conditions for each sub-question.",4.5,5,0,4,2,5,,,,,"Code correctly defines the transition matrix and computes the 6-month state probabilities using a loop (equivalent to matrix power). The final probability calculation is correct. Deducted 0.5 for not using the specific `%^%` operator requested in the rubric, though the result is accurate.","Code correctly defines the transition matrix, constructs the system of equations for the stationary distribution, solves it using `qr.solve`, and verifies the properties. The final answer (23.08%) is correct.",The student provided 'Answer in attach file' instead of showing the mathematical derivation in the .qmd file. No code or markdown derivation was present to grade.,"The Metropolis-Hastings algorithm is implemented correctly with proper initialization and acceptance logic. The comparison of quantiles is present. Deducted 1 point because the student overwrote the required `set.seed(8740)` with `set.seed(42)`, violating the reproducibility constraint specified in the starter template and rubric checks.","Code correctly calculates portfolio composition for 1, 2, and 20 years. However, the answers for the specific questions about 'good loans' and 'risky loans' paid in full after 20 years are incorrect. The student used the mixed portfolio result (`pi_20`) instead of starting from pure initial states `c(1,0,0,0)` and `c(0,1,0,0)` as required by the rubric criteria for these specific sub-questions.","Code correctly implements the covariance calculation using `purrr::map` and `dplyr::lead` as requested. The output tibble is generated correctly, and the markdown interpretation correctly identifies that the two methods yield identical results.",,,,
21,21,21,"The student demonstrated strong coding skills in Exercises 1, 4, and 6, correctly implementing Markov chain simulations and the Metropolis-Hastings algorithm. However, significant points were lost in Exercise 3 due to missing content and in Exercise 5 due to misinterpreting the initial state vectors for the specific loan questions. Exercise 2 had a minor setup error but reached the correct numerical result.",4.5,4.5,0,5,2,5,,,,,"Code correctly defines the transition matrix and computes the 6-month state probabilities using a loop (equivalent to matrix power). The final probability calculation is correct. Deducted 0.5 for not using the specific `%^%` operator requested in the rubric, though the logic is sound.","The transition matrix P is defined incorrectly (rows do not sum to 1; columns are swapped relative to standard row-stochastic convention used in the starter). However, the student manually constructed matrix A and vector b correctly for the stationary distribution calculation and obtained the correct result (~23%). Deducted 0.5 for the incorrect P definition and manual construction of A instead of using `t(diag(2)-P)`.","No mathematical derivation or code is present in the .qmd file. The student stated 'Answer in attach file', which is not graded. All points deducted.","The Metropolis-Hastings algorithm is correctly implemented with proper initialization, proposal generation, and acceptance logic. The comparison of sample and theoretical quantiles is performed correctly. Code executes to completion.","The code correctly calculates the portfolio composition after 1, 2, and 20 years. However, the answers for the specific questions about 'good loans' and 'risky loans' paid in full after 20 years are incorrect. The student used the mixed portfolio result (`pi_20`) instead of starting from pure good (`c(1,0,0,0)`) or pure risky (`c(0,1,0,0)`) states as required by the rubric. This leads to significant output accuracy deductions.","The code correctly implements the covariance comparison using `purrr::map` and `dplyr::lead` as requested. The output tibble is generated correctly, and the markdown interpretation correctly identifies that the two calculations are identical.",,,,
22,21,21,"The student demonstrated strong coding skills in Exercises 1, 4, and 6, correctly implementing Markov chain operations and the Metropolis-Hastings algorithm. However, significant points were lost in Exercise 3 due to missing content and in Exercise 5 due to a fundamental misunderstanding of the initial state vectors required for the specific loan type predictions. Exercise 2 had a minor matrix orientation issue but yielded the correct final result.",4.5,4.5,0,5,2,5,,,,,"Code correctly defines the transition matrix and computes the 6-step probability using a loop (valid alternative to %^%). The result (~75%) is accurate. Minor deduction for not using the specific `%^%` operator requested in the rubric, though the logic is sound.","The transition matrix P is defined with swapped rows (row 1 is non-subscriber, row 2 is subscriber), which is inconsistent with the standard convention implied by the solution (row 1 = subscriber). However, the stationary distribution calculation is mathematically correct for the defined matrix, and the final percentage (23%) matches the expected answer. Deduction for matrix orientation inconsistency.",The student provided 'Answer in attach file' instead of showing the mathematical derivation in the .qmd file. No code or markdown derivation is present to grade.,"The Metropolis-Hastings algorithm is correctly implemented with proper initialization, proposal generation, and acceptance logic. The comparison of sample quantiles with theoretical quantiles is present and correct.","The code calculates the portfolio state after 20 years starting from the mixed initial state (60% good, 40% risky). However, the rubric requires calculating the outcome for *good loans* (starting state c(1,0,0,0)) and *risky loans* (starting state c(0,1,0,0)) separately. The student incorrectly reported the mixed portfolio results as the specific loan type outcomes, leading to incorrect percentages (8.08% and 53.74% vs expected 76.5% and 19.6%).",The code correctly implements the covariance comparison using `purrr::map` and `dplyr::lead` as required. The markdown interpretation correctly states that the two calculations are identical.,,,,
23,21,21,"The student demonstrated strong coding skills in Exercises 1, 4, and 6, correctly implementing Markov chain operations and the Metropolis-Hastings algorithm. However, significant points were lost in Exercise 3 due to missing content and in Exercise 5 due to misinterpreting the initial state requirements for the specific loan types. Exercise 2 had a definition error in the transition matrix but was salvaged by correct manual construction of the linear system.",4.5,4.5,0,5,2,5,,,,,"Code correctly defines the transition matrix and computes the 6-month state probabilities using a loop (equivalent to matrix power). The final probability calculation is correct. Deducted 0.5 for not using the specific `%^%` operator requested in the rubric, though the result is accurate.","The transition matrix P is defined incorrectly (rows do not sum to 1; 0.8+0.06 != 1). However, the student manually constructed matrix A with correct values (0.2, -0.06, etc.) and solved for pi correctly. The stationary distribution and verification steps are present. Deducted 0.5 for the error in defining P, which contradicts the process fidelity of deriving A from P.","No mathematical derivation or code is present in the .qmd file. The student stated 'Answer in attach file', which is not graded. All points deducted for missing content.","The Metropolis-Hastings algorithm is implemented correctly with proper initialization, proposal generation, and acceptance logic. The comparison of sample quantiles with theoretical quantiles using `qpois` is present and correct.","The code calculates the portfolio composition after 20 years starting from the mixed initial state (60% good, 40% risky). However, the rubric requires calculating the 20-year outcome for *good loans* (starting with c(1,0,0,0)) and *risky loans* (starting with c(0,1,0,0)) separately. The student used the mixed state result for both answers, leading to incorrect percentages (8.08% and 53.74% instead of ~76.5% and ~19.6%). Process fidelity for the specific sub-questions is missing.",The code correctly implements the covariance calculation using `purrr::map` and `dplyr::lead` as requested. The output tibble is generated correctly. The markdown interpretation correctly identifies that the two methods yield identical results.,,,,
24,21,21,"The student demonstrated strong coding skills in Exercises 1, 2, 4, and 6, with only minor deviations from specific instructions (seed usage, operator preference). However, significant points were lost in Exercise 3 due to missing content and in Exercise 5 due to a fundamental misunderstanding of the initial state vectors required for the specific sub-questions. Ensure all answers are contained within the .qmd file and carefully read the specific initial conditions for each part of a multi-part question.",4.5,5,0,4.5,2,5,,,,,"Code correctly defines the transition matrix and computes the 6-month state probabilities using a loop (equivalent to matrix power). The final probability calculation is correct. Deducted 0.5 for not using the specific `%^%` operator requested in the rubric, though the logic is sound.","Code correctly defines the transition matrix, constructs the system of equations for the stationary distribution, solves it using `qr.solve`, and verifies the properties. The result (23.08%) is accurate.","The student provided no derivation or code in the .qmd file, stating 'Answer in attach file'. Per rubric, code/markdown must be present in the file. No points awarded.","The Metropolis-Hastings algorithm is implemented correctly with proper initialization and acceptance logic. Quantiles are compared as requested. Deducted 0.5 because the student overwrote the required `set.seed(8740)` with `set.seed(42)`, deviating from the specific reproducibility instruction in the rubric.","Code structure is present, but the logic for calculating the percentage of *good* and *risky* loans paid in full is incorrect. The student calculated the portfolio composition after 20 years starting from the mixed initial state (60/40), rather than starting from pure good (1,0,0,0) or pure risky (0,1,0,0) states as required by the specific questions. This leads to incorrect answers (8.08% and 53.74% vs expected ~76.5% and ~19.6%).",Code correctly implements the covariance comparison using `purrr::map` and `dplyr::lead` as specified. The markdown interpretation correctly identifies that the two calculations are identical.,,,,
25,19,19,"The student demonstrated strong coding skills in Exercises 1, 4, and 6, correctly implementing Markov chains and Monte Carlo methods. However, significant points were lost in Exercise 3 due to missing content and in Exercise 5 due to misinterpreting the initial state requirements for the specific loan types. Exercise 2 had a definition error in the transition matrix but recovered the correct answer through manual correction.",4.5,4,0,4.5,1,5,,,,,"Code correctly defines the transition matrix and computes the 6-month state probabilities using a loop (equivalent to matrix power). The final probability calculation is correct. Deducted 0.5 for not using the specific `%^%` operator requested in the rubric, though the logic is sound.","The transition matrix P is defined incorrectly (rows do not sum to 1; 0.8+0.06 != 1). However, the student manually constructed matrix A with correct values for the stationary distribution calculation, leading to the correct final answer (~23%). Deducted points for the incorrect definition of P and lack of using `t(diag(2)-P)` as specified.","No mathematical derivation or work is shown in the .qmd file. The student stated 'Answer in attach file', which is not present in the source code. Zero points for missing content.","The Metropolis-Hastings algorithm is implemented correctly with proper initialization, proposal, and acceptance steps. Quantiles are compared correctly. Deducted 0.5 because the student overwrote the required `set.seed(8740)` with `set.seed(42)`, violating the reproducibility constraint implied by the starter template.","The code calculates the portfolio state after 20 years starting from the mixed initial state (60% good, 40% risky). However, the rubric requires calculating the 20-year outcome for *good loans* (starting with c(1,0,0,0)) and *risky loans* (starting with c(0,1,0,0)) separately. The student used the mixed state result for both answers, leading to incorrect percentages (8.08% and 53.74% instead of ~76.5% and ~19.6%). Code execution and process for the mixed state were correct, but the specific questions asked were not answered.","Code correctly implements the covariance comparison using `purrr::map`, `dplyr::lead`, and `tidyr::unnest` as specified. The markdown interpretation correctly identifies that the two calculations are identical.",,,,
26,21,21,"The student demonstrated strong coding skills in Exercises 1, 2, 4, and 6, with only minor deviations from specific instructions (seed usage, operator preference). However, significant points were lost in Exercise 3 due to missing content and in Exercise 5 due to a conceptual error in interpreting the initial states for the specific loan questions. Ensure all derivations are included directly in the document and carefully read the initial state requirements for each sub-question.",4.5,5,0,4.5,2,5,,,,,"Code correctly defines the transition matrix and computes the 6-month state probabilities using a loop (equivalent to matrix power). The final probability calculation is correct. Deducted 0.5 for not using the specific `%^%` operator requested in the rubric, though the result is accurate.","Code correctly defines the transition matrix, constructs the system of equations for the stationary distribution, solves it using `qr.solve`, and verifies the properties. The final answer (23.08%) is correct.","The student provided no mathematical derivation in the .qmd file, stating 'Answer in attach file'. Per rubric, the derivation must be present in the document. No points awarded.","The Metropolis-Hastings algorithm is implemented correctly with proper initialization and acceptance logic. Quantiles are compared correctly. Deducted 0.5 because the student overwrote the required `set.seed(8740)` with `set.seed(42)`, deviating from the specific reproducibility instruction in the rubric.","Code correctly calculates portfolio composition for 1, 2, and 20 years. However, the answers for the specific questions about 'good loans' and 'risky loans' paid in full after 20 years are incorrect. The student used the mixed portfolio result (`pi_20`) instead of starting from pure initial states `c(1,0,0,0)` and `c(0,1,0,0)` as required by the rubric criteria for these specific sub-questions.",Code correctly implements the covariance comparison using `purrr::map` and `dplyr::lead` as specified. The markdown interpretation correctly identifies that the two calculations are identical.,,,,
27,21,21,"The student demonstrated strong coding skills in Exercises 1, 2, 4, and 6, correctly implementing Markov chain operations and the Metropolis-Hastings algorithm. However, significant points were lost in Exercise 3 due to missing content and in Exercise 5 due to a fundamental misunderstanding of the initial state vectors required for the specific loan type predictions. Ensure all answers are included directly in the document and carefully read the specific initial conditions for each sub-question.",4.5,5,0,4.5,2,5,,,,,"Code correctly defines the transition matrix and computes the 6-month state probabilities using a loop (equivalent to matrix power). The final probability calculation is correct. Deducted 0.5 for not using the specific `%^%` operator requested in the rubric, though the logic is sound.","Code correctly defines the transition matrix, constructs the system of equations for the stationary distribution, solves it using `qr.solve`, and verifies the properties. The result (23%) is accurate.",The answer 'Answer in attach file' is not present in the .qmd source code. No mathematical derivation or code was provided to demonstrate the acceptance probabilities.,"The Metropolis-Hastings algorithm is implemented correctly with proper initialization and acceptance logic. Quantiles are compared as requested. Deducted 0.5 because the seed was changed to 42 instead of using the specified 8740, and the output format is a data.frame rather than the requested tibble structure, though the content is correct.","Code correctly calculates the portfolio composition after 1, 2, and 20 years. However, the answers for the specific questions about 'good loans' and 'risky loans' paid in full after 20 years are incorrect. The student used the aggregate portfolio result (`pi_20`) instead of starting from the specific initial states `c(1,0,0,0)` and `c(0,1,0,0)` as required by the rubric. This led to wrong percentages (8.08% and 53.74% instead of ~76.5% and ~19.6%).",Code correctly implements the covariance calculation using `purrr::map` and `dplyr::lead` as specified. The markdown interpretation correctly identifies that the two methods yield identical results.,,,,
28,20.5,20.5,"The student demonstrated strong coding skills in Exercises 1, 4, and 6, correctly implementing Markov chain simulations and covariance calculations. However, significant points were lost in Exercise 3 due to missing content and in Exercise 5 due to a misunderstanding of the specific question regarding conditional probabilities for loan types. Exercise 2 had a definition error in the transition matrix but recovered the correct final answer through manual correction.",4.5,4,0,5,2,5,,,,,"Code correctly defines the transition matrix and computes the 6-step probability using a loop (valid alternative to %^%). The result (74.85%) is accurate. Minor deduction for not using the specific `%^%` operator requested in the rubric, though the logic is sound.","The transition matrix P is defined incorrectly (rows do not sum to 1; 0.8+0.06 != 1). However, the student manually constructed matrix A with correct values for the stationary distribution calculation, leading to the correct final answer (~23%). Deduction for incorrect P definition and manual construction of A instead of using `t(diag(2)-P)`.","No derivation or code provided in the .qmd file. The student stated 'Answer in attach file', which is not present in the source code. Zero points for missing content.","Correctly implements the Metropolis-Hastings algorithm using the provided `alpha` function, sets seed, runs 2000 iterations, and compares sample quantiles with theoretical `qpois` quantiles. Output is clear and correct.","Code calculates portfolio composition correctly for 1, 2, and 20 years. However, the answers for 'percent of good/risky loans paid in full' are incorrect. The student reported the proportion of the *initial mixed portfolio* that ended up paid, rather than the proportion of *initially good* or *initially risky* loans that ended up paid (which requires starting with c(1,0,0,0) and c(0,1,0,0) respectively). The reported percentages (8.08% and 53.74%) are wrong.",Code correctly implements the covariance comparison using `purrr::map` and `dplyr::lead` as requested. The markdown interpretation correctly identifies that the two calculations yield identical results.,,,,
29,21,21,"The student demonstrated strong coding skills in Exercises 1, 2, 4, and 6, correctly implementing Markov chains and covariance calculations. However, significant points were lost in Exercise 3 due to missing content and in Exercise 5 due to a conceptual error in interpreting the initial states for the loan portfolio predictions. Ensure all derivations are included directly in the document and carefully read the specific initial conditions for each sub-question.",4.5,5,0,4.5,2,5,,,,,"Code correctly defines the transition matrix and computes the 6-month state probabilities using a loop (equivalent to matrix power). The final probability calculation is correct. Deducted 0.5 for not using the specific `%^%` operator requested in the rubric, though the result is accurate.","Code correctly defines the transition matrix, constructs the system of equations for the stationary distribution, solves it using `qr.solve`, and verifies the properties. The final answer (23.08%) is correct.",The student provided 'Answer in attach file' instead of showing the mathematical derivation in the .qmd file. No code or markdown derivation is present to grade.,"The Metropolis-Hastings algorithm is implemented correctly with proper initialization and acceptance logic. Quantiles are compared as requested. Deducted 0.5 because the student overwrote the required `set.seed(8740)` with `set.seed(42)`, deviating from the specific reproducibility instruction in the rubric.","Code correctly calculates portfolio composition for 1, 2, and 20 years. However, the answers for the specific questions about 'good loans' and 'risky loans' paid in full after 20 years are incorrect. The student used the mixed portfolio result (`pi_20`) instead of starting from pure good (`c(1,0,0,0)`) or pure risky (`c(0,1,0,0)`) states as required by the rubric criteria.",Code correctly implements the covariance comparison using `purrr::map` and `dplyr::lead` as specified. The markdown interpretation correctly identifies that the two calculations yield identical results.,,,,
30,20.5,20.5,"The student demonstrated strong coding skills in Exercises 1, 4, and 6, correctly implementing Markov chain simulations and the covariance comparison. However, significant points were lost in Exercise 3 due to missing content and in Exercise 5 due to misinterpreting the initial state vectors for the specific loan questions. Exercise 2 had a definition error in the transition matrix but arrived at the correct stationary distribution through manual correction.",4.5,4,0,5,2,5,,,,,"Code correctly defines the transition matrix and computes the 6-month state probabilities using a loop (equivalent to matrix power). The final probability calculation is correct. Minor deduction for not using the `%^%` operator as suggested in the rubric, though the logic is sound.","The transition matrix P is defined incorrectly (rows do not sum to 1; probabilities are swapped). However, the student manually constructed the correct matrix A for the linear system and solved for pi correctly. The stationary distribution result (23%) is accurate. Deduction for incorrect P definition and manual construction of A instead of using `t(diag(2)-P)`.","No derivation or answer provided in the .qmd file. The student stated 'Answer in attach file', which is not present in the source code. Zero points for missing content.","The Metropolis-Hastings algorithm is correctly implemented with proper initialization, proposal generation, and acceptance logic. The comparison of sample quantiles with theoretical quantiles is performed correctly. Code executes to completion.","The code correctly calculates the portfolio composition after 1, 2, and 20 years. However, the answers for the specific questions about 'good loans' and 'risky loans' paid in full after 20 years are incorrect. The student used the mixed portfolio result (`pi_20`) instead of starting from pure good (`c(1,0,0,0)`) or pure risky (`c(0,1,0,0)`) states as required by the rubric.",The code correctly implements the covariance calculation using `purrr::map` and `dplyr::lead` as specified. The output tibble is generated correctly. The markdown interpretation correctly identifies that the two methods yield identical results.,,,,
31,21,21,"The student demonstrated strong coding skills in Exercises 1, 2, 4, and 6, with only minor deviations from specific instructions (seed usage, operator preference). Exercise 3 received zero points due to missing content. Exercise 5 had significant logical errors in interpreting the specific questions about individual loan types versus the aggregate portfolio.",4.5,5,0,4.5,2,5,,,,,"Code correctly defines the transition matrix and computes the 6-month state probabilities using a loop (equivalent to matrix power). The final probability is calculated correctly (~75%). Deducted 0.5 for not using the specific `%^%` operator requested in the rubric, though the logic is sound.","Code correctly defines the transition matrix, constructs the system of equations for the stationary distribution, solves it using `qr.solve`, and verifies the properties. The result (~23%) is correct.",The student provided 'Answer in attach file' instead of showing the mathematical derivation in the .qmd file. No code or markdown derivation was present to grade.,"The Metropolis-Hastings algorithm is implemented correctly with proper initialization, proposal, and acceptance steps. Quantiles are compared correctly. Deducted 0.5 because the student overwrote the required `set.seed(8740)` with `set.seed(42)`, deviating from the specific instruction to use seed 8740 for reproducibility.","Code correctly calculates the portfolio composition after 1 and 2 years. However, the calculation for the percentage of *good* loans paid in full after 20 years is incorrect; the student used the portfolio result (`pi_20[1]`) instead of starting from a pure good loan state (`c(1,0,0,0)`). Similarly, the risky loan calculation used the portfolio result rather than a pure risky start. The rubric requires specific outcomes for good and risky loans individually.","Code correctly implements the covariance comparison using `purrr::map` and `dplyr::lead` as requested. The output tibble is generated correctly, and the markdown explanation correctly identifies that the two methods yield identical results.",,,,
32,21,21,"The student demonstrated strong coding skills in Exercises 1, 2, 4, and 6, correctly implementing Markov chain operations and the Metropolis-Hastings algorithm. However, significant points were lost in Exercise 3 due to missing work and in Exercise 5 due to misinterpreting the initial state requirements for the specific loan questions. Ensure all derivations are included in the document and carefully read the specific initial conditions for each sub-question.",4.5,4.5,0,5,2,5,,,,,"Code correctly defines the transition matrix and computes the 6-month state probabilities using a loop (equivalent to matrix power). The final probability calculation is correct (~75%). Deducted 0.5 for not using the specific `%^%` operator requested in the rubric, though the logic is sound.","The transition matrix P is defined incorrectly (rows do not sum to 1; 0.8+0.06 != 1). However, the student manually constructed matrix A with correct values (0.2, -0.06, etc.) that correspond to the correct transition matrix (0.8, 0.2). The stationary distribution calculation and verification are correct. Deducted 0.5 for the error in defining P, which would cause errors if P were used directly in subsequent steps without the manual correction in A.","No mathematical derivation or work is shown in the .qmd file. The student stated 'Answer in attach file', which is not present in the source code. This exercise requires showing the algebraic steps for the 4 cases.","The Metropolis-Hastings algorithm is correctly implemented with proper initialization, proposal generation, and acceptance logic. The comparison of sample quantiles with theoretical quantiles using `qpois` is present and correct.","The code correctly calculates the portfolio composition after 1, 2, and 20 years. However, the answers for the specific questions about 'good loans' and 'risky loans' paid in full after 20 years are incorrect. The student used the mixed portfolio result (`pi_20`) instead of starting from the specific initial states `c(1,0,0,0)` and `c(0,1,0,0)` as required by the rubric. This led to incorrect percentages (8.08% and 53.74% instead of ~76.5% and ~19.6%).","The code correctly implements the covariance calculation using `purrr::map` and `dplyr::lead` as specified. The output tibble is generated correctly, and the markdown interpretation correctly identifies that the two methods yield identical results.",,,,
33,20.5,20.5,"The student demonstrated strong coding skills in Exercises 1, 4, and 6, correctly implementing Markov chain simulations and covariance calculations. However, significant points were lost in Exercise 3 due to missing content and in Exercise 5 due to a conceptual error in interpreting the initial states for the loan portfolio question. Exercise 2 had a definition error in the transition matrix but arrived at the correct stationary distribution through manual correction.",4.5,4,0,5,2,5,,,,,"Code correctly defines the transition matrix and computes the 6-step probability using a loop (valid alternative to %^%). The final probability (~75%) is accurate. Minor deduction for not using the specific `%^%` operator requested in the rubric, though the logic is sound.","The transition matrix P is defined incorrectly (rows do not sum to 1; 0.8+0.06 != 1). However, the student manually constructed matrix A and vector b correctly for the stationary distribution calculation, yielding the correct result (~23%). Deduction for incorrect P definition and manual construction of A instead of using `t(diag(2)-P)` as suggested.","No derivation or work is present in the .qmd file. The student stated 'Answer in attach file', which is not graded. All points deducted for missing content.","The Metropolis-Hastings algorithm is correctly implemented with proper initialization, proposal, and acceptance steps. The comparison of sample and theoretical quantiles is performed correctly using `quantile` and `qpois`. Output is clear.","Code correctly calculates portfolio composition for 1, 2, and 20 years. However, the answers for 'percentage of good/risky loans paid in full' are incorrect. The student used the portfolio mix results (`pi_20`) instead of calculating the specific outcomes for initial states `c(1,0,0,0)` and `c(0,1,0,0)`. This leads to wrong percentages (8.08% and 53.74% vs expected ~76.5% and ~19.6%).",Code correctly implements the covariance comparison using `purrr::map` and `dplyr::lead` as required. The markdown interpretation correctly identifies that both calculations yield identical results. No issues found.,,,,
34,21,21,"The student demonstrated strong coding skills in Exercises 1, 4, and 6, correctly implementing Markov chain operations and the Metropolis-Hastings algorithm. However, significant points were lost in Exercise 3 due to missing content and in Exercise 5 due to misinterpreting the initial state vectors for the specific questions asked. Exercise 2 had a minor setup error but arrived at the correct numerical answer.",4.5,4.5,0,5,2,5,,,,,"Code correctly defines the transition matrix and computes the 6-month state probabilities using a loop (equivalent to matrix power). The final probability calculation is correct. Deducted 0.5 for not using the specific `%^%` operator requested in the rubric, though the logic is sound.","The transition matrix P is defined incorrectly (rows do not sum to 1; columns are swapped relative to standard row-stochastic convention used in the starter). However, the student manually constructed matrix A and vector b correctly for the stationary distribution calculation, and the final result (23%) is accurate. Deducted 0.5 for the incorrect P definition and manual construction of A instead of using `t(diag(2)-P)`.","No derivation or work is present in the .qmd file. The student stated 'Answer in attach file', which is not acceptable for grading based on the provided source code.","The Metropolis-Hastings algorithm is correctly implemented with proper initialization, proposal generation, and acceptance logic. The comparison of sample and theoretical quantiles is performed correctly using `quantile` and `qpois`.","The code calculates the portfolio composition after 20 years starting from the mixed initial state (60% good, 40% risky). However, the rubric requires calculating the 20-year outcome for *good loans* (starting with c(1,0,0,0)) and *risky loans* (starting with c(0,1,0,0)) separately. The student's answers (8.08% and 53.74%) are incorrect for the specific questions asked because they used the wrong initial vectors.","The code correctly implements the covariance comparison using `purrr::map`, `dplyr::lead`, and `tidyr::unnest` as required. The markdown interpretation correctly identifies that the two calculations are identical.",,,,
35,21,21,"The student demonstrated strong coding skills in Exercises 1, 2, 4, and 6, with minor deviations in specific operator usage or seed settings. However, significant points were lost in Exercise 3 due to missing content in the file and in Exercise 5 due to a fundamental misunderstanding of the initial state vectors required for the specific loan type predictions. Ensure all answers are contained within the .qmd file and carefully read the initial conditions for each sub-question.",4.5,5,0,4.5,2,5,,,,,"Code correctly defines the transition matrix and computes the 6-month state probabilities using a loop (equivalent to matrix power). The final probability calculation is correct (~75%). Deducted 0.5 for not using the specific `%^%` operator requested in the rubric, though the logic is sound.","Code correctly defines the transition matrix, constructs the system of equations for the stationary distribution, solves it using `qr.solve`, and verifies the properties. The result (~23%) is accurate.","The student provided no derivation or code in the .qmd file, stating 'Answer in attach file'. Per rubric, code/markdown must be present in the source. No points awarded.","The Metropolis-Hastings algorithm is implemented correctly with proper initialization and acceptance logic. Quantiles are compared as requested. Deducted 0.5 because the student overwrote the required `set.seed(8740)` with `set.seed(42)`, deviating from the specific reproducibility instruction in the rubric.","Code structure is present, but the logic for calculating the percentage of *good* and *risky* loans paid in full is incorrect. The student calculated the portfolio composition after 20 years starting from the mixed initial state (60/40) and extracted the 'Good Loan' and 'Paid Up' components from that aggregate result. The rubric requires calculating the outcome for a loan starting *specifically* as Good (initial state c(1,0,0,0)) and *specifically* as Risky (initial state c(0,1,0,0)). The reported percentages (8.08% and 53.74%) are therefore incorrect for the specific questions asked.",Code correctly implements the covariance comparison using `purrr::map` and `dplyr::lead` as specified. The markdown interpretation correctly identifies that the two calculations yield identical results.,,,,
36,21,21,"The student demonstrated strong coding skills in Exercises 1, 4, and 6, correctly implementing Markov chain operations and the Metropolis-Hastings algorithm. However, significant points were lost in Exercise 3 due to missing work and in Exercise 5 due to misinterpreting the initial state requirements for the specific loan questions. Exercise 2 had a minor error in matrix definition but recovered the correct stationary distribution.",4.5,4.5,0,5,2,5,,,,,"Code correctly defines the transition matrix and computes the 6-month state probabilities using a loop (equivalent to matrix power). The final probability calculation is correct. Deducted 0.5 for not using the specific `%^%` operator requested in the rubric, though the result is accurate.","The transition matrix P is defined incorrectly (rows do not sum to 1; columns are swapped relative to standard row-stochastic convention used in the solution). However, the student manually constructed matrix A and vector b correctly for the stationary distribution calculation and obtained the correct result (~23%). Deducted 0.5 for the incorrect definition of P in the first chunk.","No derivation or work is present in the .qmd file. The student stated 'Answer in attach file', which is not acceptable for grading based on the provided source code. All points deducted.","The Metropolis-Hastings algorithm is correctly implemented with proper initialization, proposal generation, and acceptance logic. The comparison of sample quantiles with theoretical quantiles is performed correctly. Code executes to completion.","The code correctly calculates the portfolio composition after 1, 2, and 20 years. However, the answers for the specific questions about 'good loans' and 'risky loans' paid in full after 20 years are incorrect. The student used the mixed portfolio result (`pi_20`) instead of starting from pure initial states `c(1,0,0,0)` and `c(0,1,0,0)` as required by the rubric. This leads to significant errors in OutputAccuracy.",The code correctly implements the covariance comparison using `purrr::map` and `dplyr::lead` as specified. The markdown interpretation correctly identifies that the two calculations are identical. Code executes to completion.,,,,
37,21,21,"The student demonstrated strong coding skills in Exercises 1, 2, 4, and 6, correctly implementing Markov chain operations and the Metropolis-Hastings algorithm. However, significant points were lost in Exercise 3 due to missing content and in Exercise 5 due to a fundamental misunderstanding of the initial state vectors required for the specific loan type predictions. Ensure all derivations are included in the document and carefully read initial state requirements.",4.5,5,0,4.5,2,5,,,,,"Code correctly defines the transition matrix and computes the 6-month state probabilities using a loop (equivalent to matrix power). The final probability calculation is correct. Deducted 0.5 for not using the specific `%^%` operator requested in the rubric, though the logic is sound.","Code correctly defines the transition matrix, constructs the system of equations for the stationary distribution, solves it using `qr.solve`, and verifies the properties. The result (23.08%) is accurate.",The student provided 'Answer in attach file' instead of performing the mathematical derivation in the document. No code or markdown derivation is present in the .qmd file.,"The Metropolis-Hastings algorithm is implemented correctly with proper initialization and acceptance logic. Quantiles are compared as requested. Deducted 0.5 because the student overwrote the required `set.seed(8740)` with `set.seed(42)`, deviating from the specific instruction to use seed 8740 for reproducibility.","The code calculates the portfolio composition after 20 years starting from the mixed initial state (60% good, 40% risky). However, the rubric requires calculating the 20-year outcome for *good loans* (starting state c(1,0,0,0)) and *risky loans* (starting state c(0,1,0,0)) separately. The student incorrectly used the mixed portfolio result to answer the specific questions about good and risky loans, leading to incorrect percentages (8.08% and 53.74% instead of ~76.5% and ~19.6%).",Code correctly implements the covariance comparison using `purrr::map` and `dplyr::lead` as specified. The markdown interpretation correctly identifies that the two calculations are identical.,,,,
38,21,21,"The student demonstrated strong coding skills in Exercises 1, 2, 4, and 6, correctly implementing Markov chain operations and the Metropolis-Hastings algorithm. Exercise 3 received zero points because the derivation was missing from the document. Exercise 5 had significant conceptual errors in interpreting the specific questions about good vs. risky loan outcomes, leading to incorrect final answers.",4.5,5,0,4.5,2,5,,,,,"Code correctly defines the transition matrix and computes the 6-month state probabilities using a loop (equivalent to matrix power). The final probability is calculated correctly. Minor deduction for not using the `%^%` operator as suggested in the rubric, though the result is accurate.","Code correctly defines the transition matrix, constructs the system of equations for the stationary distribution, solves it using `qr.solve`, and verifies the properties. The final percentage is correct.",The student provided 'Answer in attach file' instead of showing the mathematical derivation in the .qmd file. No code or markdown derivation is present to grade.,"The Metropolis-Hastings algorithm is implemented correctly with proper initialization and acceptance logic. Quantiles are compared correctly. Minor deduction for using `set.seed(42)` inside the function call instead of the specified `set.seed(8740)` at the top, which may affect reproducibility of exact numeric results, though the process is correct.","Code calculates portfolio composition for 1, 2, and 20 years correctly. However, the answers for 'percentage of good loans paid in full' and 'percentage of risky loans paid in full' are incorrect. The student used the portfolio results (starting from mixed initial state) instead of calculating the specific outcomes for loans starting purely as 'good' or 'risky' (using initial vectors c(1,0,0,0) and c(0,1,0,0)).",Code correctly implements the covariance calculation using `purrr::map` and `dplyr::lead` as required. The markdown explanation correctly identifies that the two methods yield identical results.,,,,
39,21,21,"The student demonstrated strong coding skills in Exercises 1, 4, and 6, correctly implementing Markov chains and Metropolis-Hastings algorithms. However, significant points were lost in Exercise 3 due to missing content and in Exercise 5 due to misinterpreting the initial state vectors for the specific loan questions. Exercise 2 had a definition error in the transition matrix but was salvaged by correct manual matrix construction.",4.5,4.5,0,5,2,5,,,,,"Code correctly defines the transition matrix and computes the 6-month state probabilities using a loop (equivalent to matrix power). The final probability calculation is correct. Deducted 0.5 for not using the specific `%^%` operator requested in the rubric, though the logic is sound.","The transition matrix P is defined incorrectly (rows do not sum to 1; 0.8+0.06 != 1). However, the student manually constructed matrix A with correct values (0.2, -0.06, etc.) which corresponds to the correct transpose(I-P) for the intended problem. The stationary distribution calculation and verification are correct. Deducted 0.5 for the error in defining P, despite the subsequent correct manual correction.","No mathematical derivation or code is present in the .qmd file. The student wrote 'Answer in attach file', which is not acceptable for grading based on the provided source code.","The Metropolis-Hastings algorithm is correctly implemented with proper initialization, proposal generation, and acceptance logic. The comparison of sample quantiles with theoretical quantiles using `qpois` is present and correct.","Code correctly calculates the portfolio composition after 1, 2, and 20 years. However, the answers for the specific questions about 'good loans' and 'risky loans' paid in full after 20 years are incorrect. The student used the aggregate portfolio result (`pi_20`) instead of starting from the specific initial states `c(1,0,0,0)` and `c(0,1,0,0)` as required by the rubric. This leads to wrong percentages (8.08% and 53.74% vs expected ~76.5% and ~19.6%).","The code correctly implements the covariance calculation using `purrr::map` and `dplyr::lead` as specified. The output tibble is generated correctly, and the markdown interpretation correctly states that the two calculations are identical.",,,,
40,20.5,20.5,"The student demonstrated strong coding skills in Exercises 1, 4, and 6, correctly implementing Markov chains and Metropolis-Hastings algorithms. However, significant deductions were made for Exercise 3 (missing content) and Exercise 5 (incorrect initial states for the specific sub-questions). Exercise 2 had a definition error in the transition matrix but arrived at the correct stationary distribution through manual correction.",4.5,4,0,5,2,5,,,,,"Code correctly defines the transition matrix and computes the 6-month state probabilities using a loop (equivalent to matrix power). The final probability calculation is correct. Deducted 0.5 for not using the specific `%^%` operator requested in the rubric, though the logic is sound.","The transition matrix P is defined incorrectly (rows do not sum to 1; 0.8+0.06 != 1). However, the student manually constructed matrix A with correct values (0.2, -0.06, etc.) and solved for pi correctly. The stationary distribution result (23%) is accurate. Deducted points for the incorrect definition of P and lack of explicit verification code for `pi %*% P == pi`.","No mathematical derivation or code was provided in the .qmd file. The student stated 'Answer in attach file', which is not present in the source code. This exercise requires showing work within the document.","The Metropolis-Hastings algorithm is correctly implemented with proper initialization, proposal generation, and acceptance logic. The comparison of sample quantiles with theoretical quantiles using `qpois` is present and correct.","The code calculates the portfolio composition after 20 years starting from the mixed initial state (60% good, 40% risky). However, the rubric requires calculating the outcome for *good loans* (starting state c(1,0,0,0)) and *risky loans* (starting state c(0,1,0,0)) separately. The student used the mixed state result for both answers, leading to incorrect percentages (8.08% and 53.74% instead of ~76.5% and ~19.6%). Process fidelity for the specific sub-questions is missing.","The code correctly implements the covariance comparison using `purrr::map`, `dplyr::lead`, and `tidyr::unnest` as specified. The markdown interpretation correctly identifies that the two calculations are identical.",,,,
41,21,21,"The student demonstrated strong coding skills in Exercises 1, 4, and 6, correctly implementing Markov chain operations and the Metropolis-Hastings algorithm. However, significant points were lost in Exercise 3 due to missing content and in Exercise 5 due to a fundamental misunderstanding of the initial state vectors required for the specific loan questions. Exercise 2 had a minor error in matrix definition but arrived at the correct stationary distribution.",4.5,4.5,0,5,2,5,,,,,"Code correctly defines the transition matrix and computes the 6-step probability using a loop (valid alternative to %^%). The final probability (~75%) is accurate. Deducted 0.5 for not using the specific `%^%` operator requested in the rubric, though the logic is sound.","The transition matrix P is defined incorrectly (rows do not sum to 1; 0.8+0.06 != 1). However, the student manually constructed matrix A and vector b correctly for the stationary distribution calculation, yielding the correct result (~23%). Deducted 0.5 for the incorrect definition of P in the first chunk, despite the correct final answer.","No derivation or work is present in the .qmd file. The student stated 'Answer in attach file', which is not acceptable for grading based on the provided source code. All points deducted.","The Metropolis-Hastings algorithm is correctly implemented with proper initialization, proposal, and acceptance steps. The comparison of sample quantiles with theoretical quantiles is present and correct. Code executes to completion.","The code correctly calculates the portfolio composition after 1, 2, and 20 years. However, the answers for the specific questions about 'good loans' and 'risky loans' paid in full after 20 years are incorrect. The student used the aggregate portfolio result (`pi_20`) instead of starting from the specific initial states `c(1,0,0,0)` and `c(0,1,0,0)` as required. This leads to wrong percentages (8.08% and 53.74% vs expected ~76.5% and ~19.6%). Significant deduction for OutputAccuracy.",The code correctly implements the covariance calculation using `purrr::map` and `dplyr::lead` as requested. The output tibble is generated correctly. The markdown interpretation correctly identifies that the two methods yield identical results.,,,,
42,21,21,"The student demonstrated strong coding skills in Exercises 1, 2, 4, and 6, correctly implementing Markov chains and covariance calculations. However, significant points were lost in Exercise 3 due to missing content and in Exercise 5 due to misinterpreting the initial state vectors for the specific loan questions. Ensure all derivations are included in the document and carefully read initial condition requirements.",4.5,5,0,4.5,2,5,,,,,"Code correctly defines the transition matrix and computes the 6-month state probabilities using a loop (equivalent to matrix power). The final probability calculation is correct. Deducted 0.5 for not using the specific `%^%` operator requested in the rubric, though the logic is sound.","Code correctly defines the transition matrix, constructs the system of equations for the stationary distribution, solves it using `qr.solve`, and verifies the properties. The result (23.08%) is accurate.",The student provided 'Answer in attach file' instead of showing the mathematical derivation in the .qmd document. No code or markdown derivation was present to grade.,"The Metropolis-Hastings algorithm is implemented correctly with proper initialization and acceptance logic. Quantiles are compared as requested. Deducted 0.5 because the student overwrote the required `set.seed(8740)` with `set.seed(42)`, deviating from the specific instructions.","Code correctly calculates portfolio composition for 1, 2, and 20 years. However, the answers for the specific questions about 'good loans' and 'risky loans' paid in full after 20 years are incorrect. The student used the aggregate portfolio result (`pi_20`) instead of starting from the specific initial states `c(1,0,0,0)` and `c(0,1,0,0)` as required by the rubric criteria.",Code correctly implements the covariance comparison using `purrr::map` and `dplyr::lead` as specified. The markdown interpretation correctly identifies that the two calculations yield identical results.,,,,
43,21,21,"The student demonstrated strong coding skills in Exercises 1, 2, 4, and 6, correctly implementing Markov chains and covariance calculations. However, significant points were lost in Exercise 3 due to missing content and in Exercise 5 due to a conceptual error in interpreting the specific loan portfolio questions (using aggregate vs. specific initial states). Ensure all derivations are included directly in the document and carefully read the specific initial conditions for each sub-question.",4.5,5,0,4.5,2,5,,,,,"Code correctly defines the transition matrix and computes the 6-month state probabilities using a loop (equivalent to matrix power). The final probability calculation is correct (~75%). Deducted 0.5 for not using the specific `%^%` operator requested in the rubric, though the logic is sound.","Code correctly defines the transition matrix, constructs the system of equations for the stationary distribution, solves it using `qr.solve`, and verifies the properties. The result (~23%) is accurate.",The student provided 'Answer in attach file' instead of showing the mathematical derivation in the .qmd document. No code or markdown derivation was present to grade.,"The Metropolis-Hastings algorithm is implemented correctly with proper initialization and acceptance logic. Quantiles are compared as requested. Deducted 0.5 because the student overwrote the required `set.seed(8740)` with `set.seed(42)`, deviating from the specific reproducibility instruction.","Code calculates portfolio composition for 1, 2, and 20 years correctly. However, the answers for the specific questions about 'good loans' and 'risky loans' paid in full after 20 years are incorrect. The student used the aggregate portfolio result (`pi_20`) instead of calculating the specific outcomes for initial states `c(1,0,0,0)` and `c(0,1,0,0)` as required by the rubric.",Code correctly implements the covariance comparison using `purrr::map` and `dplyr::lead` as specified. The markdown interpretation correctly identifies that the two calculations are identical.,,,,
44,21,21,"The student demonstrated strong coding skills in Exercises 1, 2, 4, and 6, with minor issues regarding seed reproducibility in Q4. Exercise 3 received zero points due to missing content. Exercise 5 was partially correct but failed to isolate the specific initial states for the final two questions, leading to incorrect numerical answers for those parts.",4.5,5,0,4.5,2,5,,,,,"Code correctly defines the transition matrix and computes the 6-month state probabilities using a loop (equivalent to matrix power). The final probability calculation is correct. Deducted 0.5 for not using the specific `%^%` operator requested in the rubric, though the logic is sound.","Code correctly defines the transition matrix, constructs the system of equations for the stationary distribution, solves it using `qr.solve`, and verifies the properties. The result (23%) is accurate.",The student provided 'Answer in attach file' instead of showing the mathematical derivation in the .qmd document. No code or markdown derivation is present to grade.,"The Metropolis-Hastings algorithm is implemented correctly with proper initialization and acceptance logic. Quantiles are compared as requested. Deducted 0.5 because the student overwrote the required `set.seed(8740)` with `set.seed(42)`, violating the reproducibility constraint specified in the starter template.","Code calculates portfolio composition for 1, 2, and 20 years correctly. However, the answers for the specific questions about 'good loans' and 'risky loans' paid in full after 20 years are incorrect. The student used the mixed portfolio result (`pi_20`) instead of starting with pure initial states `c(1,0,0,0)` and `c(0,1,0,0)` as required by the rubric criteria for these specific sub-questions.",Code correctly implements the covariance comparison using `purrr::map` and `dplyr::lead` as specified. The markdown interpretation correctly identifies that the two calculations are identical.,,,,
45,21,21,"The student demonstrated strong coding skills in Exercises 1, 2, 4, and 6, with minor deviations from the specified process in Q1 and Q2. Exercise 3 received zero points due to missing content. Exercise 5 had significant conceptual errors in interpreting the initial states for the 20-year predictions, leading to incorrect results. Ensure all derivations are included directly in the document.",4.5,4.5,0,5,2,5,,,,,"Code correctly defines the transition matrix and computes the 6-month state probabilities using a loop (equivalent to matrix power). The final probability calculation is correct (~75%). Deducted 0.5 for not using the `%^%` operator as specified in the rubric's CodeExecution criteria, though the result is accurate.","The transition matrix P is defined correctly. The stationary distribution is calculated correctly using `qr.solve`. The verification steps are present. Deducted 0.5 because the construction of matrix A was done manually with hardcoded values rather than using the programmatic `t(diag(2) - P)` approach specified in the rubric, reducing process fidelity.","No mathematical derivation or work is shown in the .qmd file. The student stated 'Answer in attach file', which is not acceptable for grading based on the provided source code. All points deducted for missing ProcessFidelity and OutputAccuracy.","The Metropolis-Hastings algorithm is implemented correctly with proper initialization, proposal generation, and acceptance logic. The comparison of sample quantiles with theoretical quantiles using `qpois` is present and correct. Code executes to completion.","Code for 1-year and 2-year predictions is present and correct. However, the calculations for 20-year outcomes are incorrect. The student used the portfolio's 20-year state (`pi_20`) to answer questions about specific loan types starting from pure states (Good or Risky). The rubric requires calculating `c(1,0,0,0) %*% (P%^%20)` for good loans and `c(0,1,0,0) %*% (P%^%20)` for risky loans. The reported percentages (8.08% and 53.74%) are incorrect for the specific questions asked.","The code correctly implements the covariance comparison using `purrr::map`, `dplyr::lead`, and `tidyr::unnest` as specified. The output tibble is generated correctly. The markdown interpretation correctly identifies that the two calculations are identical.",,,,
46,20.5,20.5,"The student demonstrated strong coding skills in Exercises 1, 2, 4, and 6, with minor issues regarding seed reproducibility in Q4. Exercise 3 received zero points because the derivation was missing from the document. Exercise 5 was graded low because the student failed to calculate the specific outcomes for 'good' and 'risky' loans separately, instead using the mixed portfolio state for both answers.",4.5,5,0,4,2,5,,,,,"Code correctly defines the transition matrix and computes the 6-step probability using a loop (valid alternative to %^%). The result (74.85%) is accurate. Minor deduction for not using the specific `%^%` operator requested in the rubric, though the logic is sound.","Code correctly defines the transition matrix, constructs the system for the stationary distribution, solves it using `qr.solve`, and verifies the properties. The result (23.08%) is correct.",The student wrote 'Answer in attach file' instead of providing the mathematical derivation in the markdown. No code or derivation is present in the .qmd file.,"The MH algorithm is implemented correctly with proper initialization and acceptance logic. However, the student overwrote the required `set.seed(8740)` with `set.seed(42)`, which violates the reproducibility requirement specified in the starter template and rubric. The comparison of quantiles is present.","The code calculates the portfolio state after 20 years starting from the mixed initial state (60% good, 40% risky). However, the rubric requires calculating the 20-year outcome for *good loans* (starting with c(1,0,0,0)) and *risky loans* (starting with c(0,1,0,0)) separately. The student used the mixed state result for both answers, leading to incorrect percentages (8.08% and 53.74% instead of ~76.5% and ~19.6%). Process fidelity for the specific sub-questions is missing.",Code correctly implements the covariance calculation using `purrr::map` and `dplyr::lead` as requested. The markdown interpretation correctly states that the two calculations are identical.,,,,
47,21,21,"The student demonstrated strong coding skills in Exercises 1, 2, 4, and 6, correctly implementing Markov chain operations and the Metropolis-Hastings algorithm. However, significant points were lost in Exercise 3 due to missing content and in Exercise 5 due to misinterpreting the initial state requirements for the specific loan questions. Ensure all derivations are included in the document and carefully read initial condition specifications.",4.5,5,0,4.5,2,5,,,,,"Code correctly defines the transition matrix and computes the 6-month state probabilities using a loop (equivalent to matrix power). The final probability calculation is correct. Deducted 0.5 for not using the specific `%^%` operator requested in the rubric, though the result is accurate.","Code correctly defines the transition matrix, constructs the system of equations for the stationary distribution, solves it using `qr.solve`, and verifies the properties. The final answer (23.08%) is correct.",The student provided 'Answer in attach file' instead of showing the mathematical derivation in the .qmd file. No code or markdown derivation is present to grade.,"The Metropolis-Hastings algorithm is implemented correctly with proper initialization, proposal, and acceptance steps. Quantiles are compared correctly. Deducted 0.5 because the student overwrote the required `set.seed(8740)` with `set.seed(42)`, deviating from the specific instructions.","Code correctly calculates the portfolio composition after 1, 2, and 20 years. However, the answers for the specific questions about 'good loans' and 'risky loans' paid in full after 20 years are incorrect. The student used the mixed portfolio result (`pi_20`) instead of starting with pure initial states `c(1,0,0,0)` and `c(0,1,0,0)` as required by the rubric criteria for these specific sub-questions.","Code correctly implements the covariance calculation using `purrr::map` and `dplyr::lead` as specified. The output tibble is generated correctly, and the markdown interpretation correctly identifies that the two methods yield identical results.",,,,
48,21,21,"The student demonstrated strong coding skills in Exercises 1, 4, and 6, correctly implementing Markov chain simulations and the Metropolis-Hastings algorithm. However, significant points were lost in Exercise 3 due to missing content and in Exercise 5 due to a misunderstanding of the specific initial states required for the sub-questions. Exercise 2 had a definition error in the transition matrix but was salvaged by correct manual setup of the linear system.",4.5,4.5,0,5,2,5,,,,,"Code correctly defines the transition matrix and computes the 6-month state probabilities using a loop (equivalent to matrix power). The final probability calculation is correct. Deducted 0.5 for not using the specific `%^%` operator requested in the rubric, though the logic is sound.","The transition matrix P is defined incorrectly (rows do not sum to 1; 0.8+0.06 != 1). However, the student manually constructed the correct matrix A for the linear system and solved for pi correctly. The stationary distribution result (23%) is accurate. Deducted 0.5 for the error in defining P, which contradicts the problem statement.","No derivation or work is shown in the .qmd file. The student stated 'Answer in attach file', which is not present in the source code. This exercise requires showing algebraic steps in the document.","The Metropolis-Hastings algorithm is implemented correctly with proper initialization, proposal generation, and acceptance logic. The comparison of sample quantiles with theoretical quantiles is performed and displayed. Code executes to completion.","The code calculates the portfolio composition after 20 years starting from the mixed initial state (60% good, 40% risky). However, the rubric requires calculating the 20-year outcome for *good loans* (starting with c(1,0,0,0)) and *risky loans* (starting with c(0,1,0,0)) separately. The student reported the mixed portfolio results as the answers for individual loan types, leading to incorrect conclusions (e.g., claiming 8% of good loans are paid up, when it should be ~76.5%). Process fidelity for the specific sub-questions is missing.",The code correctly implements the covariance comparison using `purrr::map` and `dplyr::lead` as requested. The output tibble is generated correctly. The markdown interpretation correctly identifies that the two calculations are identical.,,,,
49,21,21,"The student demonstrated strong coding skills in Exercises 1, 2, 4, and 6, correctly implementing Markov chains and Monte Carlo methods. However, significant points were lost in Exercise 3 due to missing content and in Exercise 5 due to misinterpreting the initial state requirements for the specific loan questions. Ensure all derivations are included in the document and carefully read initial condition specifications.",4.5,5,0,4.5,2,5,,,,,"Code correctly defines the transition matrix and computes the 6-month state probabilities using a loop (equivalent to matrix power). The final probability calculation is correct (~75%). Deducted 0.5 for not using the specific `%^%` operator requested in the rubric, though the logic is sound.","Code correctly defines the transition matrix, constructs the system of equations for the stationary distribution, solves it using `qr.solve`, and verifies the properties. The result (~23%) is accurate.",The student provided 'Answer in attach file' instead of showing the mathematical derivation in the .qmd document. No code or markdown derivation was present to grade.,"The Metropolis-Hastings algorithm is implemented correctly with proper initialization, proposal, and acceptance steps. Quantiles are compared correctly. Deducted 0.5 because the student overwrote the required `set.seed(8740)` with `set.seed(42)`, deviating from the specific reproducibility instruction in the rubric.","Code correctly calculates portfolio composition for 1, 2, and 20 years. However, the answers for the specific questions about 'good loans' and 'risky loans' paid in full after 20 years are incorrect. The student used the mixed portfolio result (`pi_20`) instead of starting from pure initial states `c(1,0,0,0)` and `c(0,1,0,0)` as required by the rubric criteria for these specific sub-questions.",Code correctly implements the covariance comparison using `purrr::map` and `dplyr::lead` as specified. The markdown interpretation correctly identifies that the two calculations are identical.,,,,
50,21,21,"The student demonstrated strong coding skills in Exercises 1, 4, and 6, correctly implementing Markov chain operations and the Metropolis-Hastings algorithm. However, significant points were lost in Exercise 3 due to missing content and in Exercise 5 due to misinterpreting the initial state requirements for the loan portfolio predictions. Exercise 2 had a code error in the matrix definition but was salvaged by correct manual steps.",4.5,4.5,0,5,2,5,,,,,"Code correctly defines the transition matrix and computes the 6-month state probabilities using a loop (equivalent to matrix power). The final probability calculation is correct (~75%). Deducted 0.5 for not using the specific `%^%` operator requested in the rubric, though the logic is sound.","The transition matrix P is defined incorrectly (rows do not sum to 1; 0.8+0.06 != 1). However, the student manually constructed the correct matrix A for the linear system and solved for pi correctly (~0.23). The verification steps are present. Deducted 0.5 for the incorrect definition of P in the code, despite the correct subsequent manual correction.","No mathematical derivation or code is present in the .qmd file. The student stated 'Answer in attach file', which is not graded as per instructions to grade only what appears in the .qmd.","The Metropolis-Hastings algorithm is correctly implemented with proper initialization, proposal generation, and acceptance logic. The comparison of sample quantiles with theoretical quantiles using `qpois` is present and correct.","The code calculates the portfolio composition after 20 years starting from the mixed initial state (60% good, 40% risky). However, the rubric requires calculating the outcome for *good loans* (starting state c(1,0,0,0)) and *risky loans* (starting state c(0,1,0,0)) separately. The student used the mixed state result for both answers, leading to incorrect percentages (8.08% and 53.74% instead of ~76.5% and ~19.6%). Process fidelity for the specific sub-questions is missing.",The code correctly implements the covariance calculation using `purrr::map` and `dplyr::lead` as requested. The output tibble is generated correctly. The markdown interpretation correctly identifies that the two calculations are identical.,,,,
