Run,Total,OverallComment,Q1,Q2,Q3,Q4,Q5,Q6,Q7,Q8,Q9,Q10,Q1_feedback,Q2_feedback,Q3_feedback,Q4_feedback,Q5_feedback,Q6_feedback,Q7_feedback,Q8_feedback,Q9_feedback,Q10_feedback
1,19,"You completed most of the computational tasks and generally used the correct Markov chain and MH workflows, and your covariance comparison is fully correct and well explained. The main gaps are the missing written derivation for the MH acceptance probabilities and incorrect setup for the 20‑year loan outcomes by starting from the wrong initial states. Review the solution template to align your process (e.g., use %^% for powers and pure initial states for scenario questions) and ensure all algebraic work appears directly in the .qmd.",4,4,0,4,2,5,0,0,,,"You correctly defined P and computed the 6‑step distribution and summed non‑churn states, and your numeric answer is close to 75%. However, the rubric expected use of the %^% operator rather than a manual loop, so process fidelity is slightly off.","You set up the 2×2 system, built A and b, solved for pi, and checked pi %*% P and sum(pi); the steady‑state subscriber probability is correct. The transition matrix P is mis‑ordered relative to the intended structure, and you hard‑coded A instead of using diag/t, so the process is not fully aligned with the rubric.",No derivation is shown in the .qmd; referencing an attached file does not satisfy the requirement. You need to include the algebra for all four MH acceptance cases directly in the document.,"You implemented an MH sampler with a for loop, runif proposals, and the provided alpha(), and compared sample quantiles to qpois. This meets the main goals, but you ignored the initial n/x/samples setup chunk and did not handle the x=0 boundary as in the reference, so process fidelity is slightly off.","You used %*% and P%^%n to get portfolio states at 1, 2, and 20 years, which is good. However, for the 20‑year paid‑in‑full questions you reused the mixed initial state instead of starting from pure good or pure risky states, so the reported percentages are incorrect and the specific 20‑year good/risky calculations are missing.","Your code matches the provided template using set.seed, rnorm, purrr::map, lead, and unnest, and produces cov and alt_cov for the requested T values. Your explanation correctly notes that the two covariance formulas give identical results and converge as T grows.",There is no content corresponding to an additional exercise beyond Q6 in this lab; nothing to grade here.,There is no content corresponding to an additional exercise beyond Q6 in this lab; nothing to grade here.,,
2,19,"You completed most of the coding tasks and generally followed the intended workflows, especially for the MH sampler and covariance comparison. The main gaps are the missing written derivation for the MH acceptance probabilities and misinterpreting the initial states for the 20-year loan questions. Review how to structure Markov-chain initial states and ensure all written derivations appear directly in the .qmd file.",4,4,0,4,2,5,0,0,,,"You correctly defined P, iterated 6 steps with %*%, and summed non-churn states; the reported probability is close to the expected ~75%. However, the rubric asked specifically for using P %^% 6, which you did not, so process fidelity is slightly off.","You set up the stationary distribution correctly with A, b, and qr.solve, and verified pi %*% P and sum(pi). The transition matrix P is mis-ordered (rows/columns swapped relative to the intended model), but you still implemented the linear-system approach properly; keep an eye on matching the problem’s state ordering.","No derivation is shown in the .qmd (only a reference to an attached file), so none of the four required acceptance-probability cases are demonstrated here.","You implemented an MH sampler with a for-loop, runif proposals, and the provided alpha(), and compared sample quantiles to qpois. The only issue is that you ignored the pre-initialized samples vector and redefined samples inside a function, which is minor but a bit sloppy.","You used P %^% n and %*% to get portfolio states at 1, 2, and 20 years, which is good. However, for the 20-year questions you used the overall portfolio state pi_20 instead of starting from pure good (c(1,0,0,0)) and pure risky (c(0,1,0,0)), so the reported 20-year percentages for good and risky loans are incorrect.","Your code matches the provided structure: set.seed, rnorm data generation, purrr::map over T, dplyr::lead for differences, and tidyr::unnest, producing cov and alt_cov columns. Your explanation correctly notes that the two covariance calculations agree and converge as T grows.",There is no Exercise 7 in this lab; this slot is unused.,There is no Exercise 8 in this lab; this slot is unused.,,
3,18.5,"You completed most of the main coding tasks for Markov chains, MH sampling, and the covariance comparison, and your implementations generally follow the intended workflows. The main gaps are the missing written derivation for the MH acceptance probabilities and incorrect handling of the 20-year loan questions, plus no work for later exercises beyond Q6. Focus on following the exact process steps in the rubric (e.g., required matrix operations and initial states) and ensuring all written derivations appear directly in the .qmd.",4,3.5,0,4,2,5,0,0,,,"You correctly defined P, iterated 6 steps with %*%, and summed non-churn states; the reported probability is close to the expected 75%. However, the rubric asked specifically for using P%^%6, so you lose a bit on process fidelity.","You set up the stationary distribution correctly, built A and b, used qr.solve, and verified pi%*%P and sum(pi); the steady-state subscriber probability is about 23%, as expected. However, your transition matrix P is mis-ordered (0.8,0.06;0.2,0.94) instead of matching the intended structure, and you hard-coded A instead of computing t(diag(2)-P), so process fidelity is only partial.","No derivation is shown in the .qmd (only a reference to an attached file), so the required four-case algebraic work and final acceptance formulas are missing.","You implemented an MH sampler with a for-loop, runif proposals, and the provided alpha(), then compared sample quantiles to qpois; this matches the intended workflow and output structure. Minor issues: you ignore the x==0 special handling from the solution and don’t use the pre-initialized samples vector, so process fidelity is slightly off.","You correctly used P%^%n and %*% to get portfolio states at 1, 2, and 20 years, but you reused the mixed initial state for 20-year calculations instead of separate good and risky starting states. As a result, the 20-year paid-up percentages for good and risky loans are incorrect and the specific 20-year questions are not answered as intended.","Your code matches the provided template: you use set.seed, rnorm, purrr::map, dplyr::lead, and tidyr::unnest to compute both covariance formulas across sample sizes. The resulting tibble structure and your explanation correctly note that cov and alt_cov agree for all T.","There is no content corresponding to an Exercise 7 in this lab file, so nothing can be graded for this question.","There is no content corresponding to an Exercise 8 in this lab file, so nothing can be graded for this question.",,
4,19,"You completed most of the main coding tasks for Markov chains, MH sampling, and the covariance comparison, and your numerical results are generally reasonable. The main gaps are the missing written derivation for the MH acceptance probabilities and incorrect setup for the 20-year loan questions, plus no work for later exercises. Focus on following the exact state setups requested and ensuring all written derivations appear directly in the .qmd.",4,4,0,4,2,5,0,0,,,"You correctly defined P, iterated 6 steps with %*%, and summed non-churn states; the probability is close to the expected 75%. However, the rubric asked specifically for using P%^%6 and vector multiplications, so you lose a bit on process fidelity.","You set up the stationary distribution via A, b, and qr.solve, checked pi%*%P and sum(pi), and reported ~23%, which is correct. The transition matrix P is mis-ordered relative to the intended model (rows/columns swapped), so the process is slightly off even though the final pi is numerically right.","No derivation is shown in the .qmd (only 'Answer in attach file'), so none of the required four acceptance-probability cases are demonstrated.","You implemented an MH sampler with a for-loop, runif proposals, and the provided alpha(), then compared sample quantiles to qpois; this matches the required workflow. A minor issue is not handling the x=0 boundary explicitly, which can propose invalid negative states, so process fidelity is slightly reduced.","You used P%^%n and %*% with the initial portfolio to get 1-, 2-, and 20-year compositions, which is good. However, for the 20-year questions you reused the portfolio-wide pi_20 instead of starting from pure good or pure risky states, so the reported 8.08% and 53.74% are not the correct quantities the question asked for.","Your code matches the provided solution: you use set.seed, rnorm, purrr::map, dplyr::lead, and tidyr::unnest to compute both covariance formulas across sample sizes, and your explanation correctly notes that the two methods give identical results and converge as T grows.","There is no content corresponding to an Exercise 7 in this file, so this question cannot be awarded any points.","There is no content corresponding to an Exercise 8 in this file, so this question cannot be awarded any points.",,
5,19,"You completed most of the computational parts for Markov chains, MH sampling, and the covariance comparison, and your code generally follows the intended workflows. The main gaps are the missing written derivation for the MH acceptance probabilities and incorrect setup for the 20-year loan outcomes by starting from the wrong initial states. Review how to structure Markov chain initial states for specific scenarios and ensure all written derivations are included directly in the .qmd.",4,4,0,4,2,5,0,0,,,"You correctly defined P, iterated 6 steps with %*%, and summed non-churn states; the process is valid and the reported probability (~74.85%) is close to the expected 75%. However, the rubric specifically asked for using P%^%6, so you lose a bit on process fidelity.","You set up the stationary distribution correctly, constructed A and b, used qr.solve, and checked pi %*% P and sum(pi); the steady-state subscriber probability (~23%) is correct. The transition matrix P is mis-ordered relative to the intended structure, and the second code chunk is left empty, so there are minor process issues.","No derivation is provided in the .qmd (only a reference to an attached file), so the required four-case algebraic work and final acceptance formulas are missing.","You implemented an MH sampler with a for-loop, runif proposals, and the provided alpha(), then compared sample quantiles to qpois; this matches the intended workflow. You did not handle the x=0 boundary explicitly as in the solution, which could cause invalid proposals, so there is a small process/robustness issue.","You used P%^%n and %*% to get portfolio states at 1, 2, and 20 years, which is good. However, for the 20-year paid-in-full questions you reused the mixed initial state instead of separate good and risky initial vectors, so the reported 20-year percentages for good and risky loans are incorrect and the specific required calculations are not followed.","Your code matches the provided template: you use set.seed, rnorm, purrr::map, dplyr::lead, and tidyr::unnest to compute both covariance formulas across sample sizes. The resulting tibble structure and your written interpretation correctly state that cov and alt_cov agree for all T.","There is no content corresponding to an additional exercise beyond Q6 in this file, so this question cannot be awarded points.","There is no content corresponding to an additional exercise beyond Q6 in this file, so this question cannot be awarded points.",,
6,18.5,"You completed most of the core coding tasks for Markov chains, MH sampling, and the covariance comparison, and several answers are close to the expected numerical results. The main losses are from a missing written derivation for the MH acceptance probabilities, mis-specified or misused transition structures in Q2 and Q5, and missing later exercises. Focus on following the exact process steps in the rubric (e.g., how P and A are constructed, and which initial states to use) and ensuring all exercises are answered directly in the .qmd.",4,3.5,0,4,2,5,0,0,,,"You correctly defined P, iterated 6 steps with %*%, and summed non-churn states; the reported probability is close to the expected 75%. However, the rubric asked specifically for using P%^%6, so you lose a bit on process fidelity.","You set up the stationary system correctly, solved with qr.solve, and checked pi %*% P and sum(pi). However, the transition matrix P is mis-specified (rows should be [0.8,0.2] and [0.06,0.94]), and you hard-coded A instead of computing t(diag(2)-P), so process and accuracy are only partially correct.","No derivation is shown in the .qmd (only a reference to an attached file), so none of the required four acceptance-probability cases are demonstrated.","You implemented an MH sampler with a for-loop, runif proposals, and the provided alpha(), and compared sample quantiles to qpois. The main issue is that you ignored the initial n/x/samples variables and changed the seed mid-chunk, but the overall workflow and outputs match the rubric.","You used P%^%n and %*% with the initial portfolio to get 1-, 2-, and 20-year compositions, which is good. However, for the 20-year questions you reused the portfolio vector instead of starting from pure good or pure risky states, so the reported 20-year paid-in-full percentages are incorrect and the required separate calculations are missing.","Your code matches the provided solution: you use set.seed, rnorm, purrr::map, dplyr::lead, and tidyr::unnest to compute both covariance formulas across sample sizes, and your explanation correctly notes that the two methods give identical results.","There is no Exercise 7 content in the .qmd, so this question cannot be awarded any points.","There is no Exercise 8 content in the .qmd, so this question cannot be awarded any points.",,
7,18.5,"You completed most of the coding tasks and generally followed the intended workflows for Markov chains, MH sampling, and covariance comparison. The main gaps are the missing written derivation for the MH acceptance probabilities and incorrect setup/interpretation in the 2-state Markov chain and loan portfolio 20-year questions. Review the exact transition structures and initial states, and ensure all algebraic derivations are written directly in the .qmd in future labs.",4,3.5,0,4,2,5,0,0,,,"You correctly defined P and computed the 6-step distribution and summed non-churn states, with a reasonable probability. However, the rubric expected use of the %^% operator rather than a manual loop, so process fidelity is slightly off.","You set up the 2x2 transition matrix and solved for the stationary distribution using a linear system, and you checked pi %*% P and sum(pi). However, the transition matrix entries are mis-ordered (rows should be subscriber→[0.8,0.2], non-subscriber→[0.06,0.94]), and A was hard-coded instead of using t(diag(2)-P), so process fidelity and accuracy are only partial.",No derivation is shown in the .qmd; referring to an attached file does not satisfy the requirement to show all work in this document.,"You implemented an MH sampler with runif proposals and the provided alpha function, generated 2000 samples, and compared sample quantiles to qpois in a table. This matches the intended workflow, though you did not handle the x=0 boundary explicitly as in the template, so a small process deduction applies.","You used %*% and %^% to get 1-, 2-, and 20-year portfolio states, which is good. However, for the 20-year questions you reused the mixed initial state instead of separate good and risky initial vectors, so the reported percentages for good and risky loans are incorrect and the specific 20-year computations requested in the rubric are not followed.","Your code matches the provided solution: you use set.seed, rnorm, purrr::map, dplyr::lead, and tidyr::unnest to compute both covariance formulas across sample sizes, and your explanation correctly notes that the two methods give identical results and converge as T increases.",There is no Exercise 7 in this lab; no work to grade.,There is no Exercise 8 in this lab; no work to grade.,,
8,19,"You completed most of the core coding tasks for Markov chains, MH sampling, and the covariance comparison, and your numerical results are generally reasonable. The main gaps are the missing written derivation for the MH acceptance probabilities and incorrect setup for the 20-year loan outcomes, plus no work for later exercises. Focus on following the exact requested workflows (e.g., using %^% and separate initial states) and ensuring all written derivations appear directly in the .qmd.",4,4,0,4,2,5,0,0,,,"You correctly defined P, iterated 6 steps, and summed non-churn states, giving a reasonable probability. However, the rubric asked specifically for using the %^% operator to compute P^6 and then two %*% multiplications; your loop approach loses some process-fidelity credit.","You set up the 2x2 transition matrix, constructed A and b, solved for pi, and checked pi %*% P and sum(pi), with a steady-state subscriber probability around 23%, which is correct. The matrix A was hard-coded rather than built via t(diag(2) - P), so the workflow is slightly off the expected process.","No derivation is shown in the .qmd; the answer refers to an attached file, which cannot be graded here. You need to show the algebra for all four MH acceptance cases directly in this document.","You implemented an MH sampler with a for loop, runif proposals, and the provided alpha(), then compared sample quantiles to qpois, which matches the intended workflow. Minor issues: you did not handle the x=0 boundary explicitly as in the template and changed the seed mid-chunk, so process fidelity is slightly reduced.","You used %*% and %^% to get portfolio states at 1, 2, and 20 years, which is good. However, for the 20-year questions you reused the mixed initial state instead of separate initial vectors for good and risky loans, so the reported 20-year paid-up percentages are incorrect and do not match the expected 76.5% (good) and 19.6% (risky).","You reproduced the tibble/map/lead/unnest workflow exactly, computing both covariance formulas across the required sample sizes, and your explanation correctly notes that the two methods give identical results and converge as T grows.","There is no content corresponding to an Exercise 7 in this file, so no points can be awarded.","There is no content corresponding to an Exercise 8 in this file, so no points can be awarded.",,
9,18.5,"You completed most of the main coding tasks for Markov chains, MH sampling, and the covariance comparison, and several chunks closely follow the intended solutions. The main issues are a missing written derivation for the MH acceptance probabilities, a mis-specified 2-state transition matrix, and incorrect setup for the 20-year loan questions. Review how to construct transition matrices from verbal descriptions and how to set initial state vectors for specific scenarios, and be sure all written derivations appear directly in the .qmd.",4,3.5,0,4,2,5,0,0,,,"You correctly defined P, iterated 6 steps with %*%, and summed non-churn states; the reported probability is close to 75%. However, the rubric asked specifically for using P%^%6 and the indicator-vector multiplication, so you lose a bit on process fidelity.","You set up the stationary distribution system correctly, built A and b, used qr.solve, and checked pi %*% P and sum(pi). However, the transition matrix P is mis-specified (rows should be [0.8,0.2] and [0.06,0.94]), and you hard-coded A instead of computing t(diag(2)-P), so process and accuracy are only partially correct.","No derivation is shown in the .qmd (only a reference to an attached file), so none of the required four acceptance-probability cases are demonstrated.","You implemented an MH sampler with a for-loop, runif proposals, and the provided alpha(), and compared sample quantiles to qpois. This matches the intended workflow, though you ignored the pre-initialized samples vector and changed the seed mid-chunk; minor sloppiness but overall correct.","You used P%^%n and %*% to get 1-, 2-, and 20-year portfolio states, which is good. However, for the 20-year questions you used the portfolio distribution pi_20 instead of starting from pure good (c(1,0,0,0)) and pure risky (c(0,1,0,0)) states, so the reported percentages for good and risky loans are incorrect.","Your code matches the provided solution exactly: you use set.seed, rnorm, purrr::map, dplyr::lead, and tidyr::unnest to compute both covariance formulas, and your explanation correctly notes that the two methods give identical results across sample sizes.","There is no content corresponding to an Exercise 7 in this lab file, so this question cannot be awarded any points.","There is no content corresponding to an Exercise 8 in this lab file, so this question cannot be awarded any points.",,
10,18.5,"You completed most of the core coding tasks for Markov chains, MH sampling, and covariance comparison, and your numerical results are generally reasonable. The main losses are from the missing written derivation for the MH acceptance probabilities, incorrect setup for the 20-year loan outcomes by starting state, and missing later exercises. Focus on following the exact requested workflows (e.g., using %^%) and ensuring all exercises, including written derivations, appear directly in the .qmd.",4,3.5,0,4,2,5,0,0,,,"You correctly defined P, iterated 6 steps, and summed non-churn states, giving a reasonable probability. However, the rubric expected use of the %^% operator and vector multiplications; your loop deviates from the specified workflow, so partial process credit is deducted.","You set up the correct 2x2 transition matrix, constructed A and b, solved for pi, and checked pi %*% P and sum(pi), with a steady-state subscriber probability near 23%. The process is essentially correct, but A was hard-coded rather than built via t(diag(2) - P), and there is an extra empty code chunk; this sloppiness warrants a small deduction.","No derivation is shown in the .qmd (only a reference to an attached file), so none of the required four acceptance-probability cases are demonstrated. Full credit cannot be given without visible work in this document.","You implemented an MH sampler with a for loop, runif proposals, and the provided alpha(), then compared sample quantiles to qpois, which matches the intended workflow. Minor issues include not handling the x=0 boundary explicitly and not using the pre-initialized samples vector, so a small process/clarity deduction is applied.","You correctly used P %^% n and %*% to get portfolio states at 1, 2, and 20 years, but you reused the mixed initial state for 20-year results instead of separate good and risky starting states. As a result, the reported 20-year paid-up percentages for good and risky loans are incorrect, so only partial credit is awarded.","Your code matches the provided template: you use set.seed, rnorm, purrr::map, dplyr::lead, and tidyr::unnest to compute both covariance formulas across sample sizes, and your explanation correctly notes that the two methods give identical results and converge as T increases.","There is no Exercise 7 content in the submitted .qmd, so no points can be awarded.","There is no Exercise 8 content in the submitted .qmd, so no points can be awarded.",,
11,18.5,"You completed most of the coding tasks for the Markov chain and Monte Carlo exercises, and your MH implementation and covariance comparison are solid. The main issues are the missing written derivation for Exercise 3, the mis-specified transition matrix and manual A in Exercise 2, and misinterpreting the 20-year loan outcomes in Exercise 5. Focus on matching the exact workflows requested in the rubric (matrix powers, initial states, and state interpretations) and ensure all algebraic work appears directly in the .qmd.",4.5,3,0,4,2,5,0,0,,,"You correctly defined P, iterated 6 steps with %*%, and summed non-churn states; the probability reported is accurate. However, the rubric asked specifically for using P %^% 6 and the indicator-vector multiplication, so you lose a small process-fidelity/discretionary point.","You set up the stationary system with A, b, and qr.solve, and checked pi %*% P and sum(pi); the steady-state subscriber probability is correct. But the transition matrix P is mis-ordered (rows/columns swapped relative to the problem statement), and you hard-coded A instead of computing t(diag(2) - P), so process fidelity is only partial.","No derivation is shown in the .qmd (only 'Answer in attach file'), so none of the four required MH acceptance-probability cases are demonstrated. Full written work must appear in this document to earn credit.","You implemented an MH sampler with a for-loop, runif proposals, and the provided alpha(), then compared sample and Poisson quantiles in a data frame. This matches the intended workflow, though you did not handle the x=0 boundary explicitly as in the template, so there is a small process-fidelity penalty.","You correctly used P %^% n and %*% to get portfolio states at 1, 2, and 20 years, but then misinterpreted the 20-year results: you used the overall portfolio state instead of starting from pure good or pure risky loans, and you pulled the wrong elements for 'paid in full'. This breaks the required process and leads to incorrect 20-year percentages.","Your code matches the provided solution: you generate data for multiple T, use purrr::map, dplyr::lead, and tidyr::unnest to compute both covariance formulas, and your explanation correctly notes that the two methods give identical results and converge as T grows.",There is no Exercise 7 in the provided lab; this slot is unused and thus receives no points.,There is no Exercise 8 in the provided lab; this slot is unused and thus receives no points.,,
12,18.5,"You completed most of the core coding tasks for Markov chains, MH sampling, and the covariance comparison, and several answers are numerically correct. The main losses are from missing written derivation for the MH acceptance probabilities, mis-specified or misinterpreted Markov-chain structures (Q2, Q5), and missing later exercises. Focus on following the exact workflow requested in the rubric and ensuring that conditional Markov-chain questions use the correct initial states.",4.5,3,0,4,2,5,0,0,,,"You correctly defined P, iterated 6 steps with %*%, and summed non-churn states; the reported probability (~74.85%) is accurate. However, the rubric asked specifically for using P %^% 6 and the indicator-vector multiplication, so there is a small process deviation.","You set up the stationary system correctly (A, b, qr.solve) and verified pi %*% P and sum(pi); the steady-state subscriber probability is correct. But the transition matrix P is mis-ordered (rows/columns swapped), and you hard-coded A instead of computing t(diag(2) - P), so the process does not fully follow the expected workflow.","No derivation is shown in the .qmd (only a reference to an attached file), so the four required acceptance-probability cases and algebra are missing.","You implemented an MH sampler with a for-loop, runif proposals, and the provided alpha(), and you compared sample quantiles to qpois in a data frame. The main issue is that you did not enforce the x=0 → y=1 special case from the proposal, so the process is slightly off the specified algorithm.","You correctly used P %^% n and %*% to get portfolio states at 1, 2, and 20 years from the initial mix, which covers part of the process. However, the 20-year questions ask for outcomes conditional on starting as good vs risky loans; instead you used the mixed-state pi_20 and misinterpreted entries (e.g., using pi_20[1] and pi_20[4]), so the 20-year paid-in-full percentages are incorrect and the conditional calculations are missing.","Your code matches the provided workflow: you generate data with rnorm, use purrr::map, dplyr::lead, and tidyr::unnest to compute both covariance formulas, and your explanation correctly notes that cov and alt_cov agree across sample sizes.","There is no content corresponding to an Exercise 7 in this file, so nothing can be graded for this question.","There is no content corresponding to an Exercise 8 in this file, so nothing can be graded for this question.",,
13,18.5,"You completed most of the coding tasks and generally followed the intended Markov chain and MH workflows, and your covariance exercise is fully correct. The main issues are a missing written derivation for the MH acceptance probabilities, a mis-specified 2-state transition matrix, and incorrect setup for the 20-year loan outcomes. Review how to construct transition matrices directly from the problem description and ensure that all written derivations appear in the .qmd file itself.",4.5,3,0,4,2,5,0,0,,,"You correctly defined P, iterated 6 steps with %*%, and summed non-churn states; the reported probability (~74.85%) is accurate. However, the rubric asked specifically for using %^% from expm, which you did not use, so a small process-fidelity deduction applies.","You set up A, b, and used qr.solve, and you checked pi %*% P and sum(pi); the steady-state subscriber probability is about right. However, the transition matrix P is mis-specified (rows should be [0.8,0.2] and [0.06,0.94]), and you hard-coded A instead of computing t(diag(2) - P), so process and accuracy are only partially correct.","No derivation is shown in the .qmd (only a reference to an attached file), so none of the required four acceptance-probability cases are demonstrated here.","You implemented an MH sampler with a for-loop, runif proposals, and the provided alpha(), and you compared sample quantiles to qpois, which matches the intended workflow. You did not handle the x=0 boundary case explicitly as in the template, so there is a small process-fidelity deduction.","You correctly used P %^% n and %*% to get 1- and 2-year portfolio states, which matches the Markov chain process. However, for the 20-year questions you used the mixed initial state instead of separate good and risky starting vectors, so the reported 20-year paid-up percentages for good and risky loans are incorrect.","Your code matches the provided solution: you generate data with rnorm, use purrr::map, dplyr::lead, and tidyr::unnest to compute both covariance formulas, and your explanation correctly notes that the two methods give identical results and converge as T grows.",There is no Exercise 7 content in this lab; this slot receives 0 by default.,There is no Exercise 8 content in this lab; this slot receives 0 by default.,,
14,19,"You completed most of the core coding tasks, especially for the Markov chain power calculations, MH sampling, and covariance comparison, and your numerical answers are generally reasonable. The main gaps are the missing written derivation for the MH acceptance probabilities and mis-specified or misapplied transition structures in Exercises 2 and 5. Focus on matching the exact matrix setup and initial states requested, and ensure all algebraic work appears directly in the .qmd file.",4.5,3.5,0,4,2,5,0,0,,,"You correctly defined P, iterated 6 steps with %*%, and summed non-churn states; the reported probability (~74.85%) is accurate. However, the rubric asked specifically for using P %^% 6 and the indicator-vector multiplication, so there is a small process deviation.","You set up the stationary system correctly (A, b, qr.solve), verified pi %*% P and sum(pi), and reported ~23% which is correct. But the transition matrix P is mis-ordered (rows/columns swapped relative to the problem statement), and you hard-coded A instead of computing t(diag(2) - P), so process fidelity is only partial.","No derivation is shown in the .qmd (only a reference to an attached file), so the four required MH acceptance probability cases are missing here. You need to show the algebra for each case directly in the document.","You implemented an MH sampler with a for-loop, runif proposals, and used alpha(), then compared sample quantiles to qpois, which matches the intended workflow. You did not handle the x=0 boundary case explicitly as in the template, so there is a small process/robustness issue.","You correctly used P %^% n and %*% to get portfolio states at 1, 2, and 20 years, satisfying the matrix-power workflow. However, you used the mixed initial portfolio for the 20-year questions instead of separate initial states for good and risky loans, so the 20-year paid-in-full percentages are incorrect and the specific good/risky calculations are missing.","You reproduced the intended tibble/map/lead/unnest pipeline exactly, computing both cov and alt_cov across the required sample sizes, and your explanation correctly notes that the two methods give identical results and converge as T grows.",There is no Exercise 7 in this lab; this slot is unused.,There is no Exercise 8 in this lab; this slot is unused.,,
15,18,"You completed most of the core coding tasks for the Markov chain and Monte Carlo exercises, and your MH sampler and covariance comparison closely follow the intended workflows. The main issues are an incorrect transition matrix and setup in Exercise 2, missing written derivation for Exercise 3, and mis-specified initial states for the 20-year loan questions. Also, later exercises (7 and 8) are absent; be sure to include all required exercises and follow the exact process steps from the rubric in future labs.",4,3,0,4,2,5,0,0,,,"You correctly defined P, iterated 6 steps, and summed non-churn states, giving a reasonable probability. However, the rubric expected use of the %^% operator for P^6; not using it loses some process-fidelity credit.","You set up and solved for the stationary distribution and checked pi*P and sum(pi). But the transition matrix P is incorrectly specified (rows do not match the described probabilities), and A is hard-coded rather than built as t(diag(2)-P), so process fidelity and accuracy are only partial.","No derivation is shown in the .qmd (only a reference to an attached file), so the required four-case algebraic work and final acceptance formulas are missing.","You implemented an MH sampler with a loop, runif proposals, and used alpha, then compared sample and theoretical quantiles in a data frame. You did not handle the x=0 boundary case explicitly as in the template, so process fidelity is slightly off.","You used P%^%n and %*% to get portfolio states at 1, 2, and 20 years, which matches the workflow. However, for the 20-year questions you reused the mixed portfolio pi_20 instead of starting from pure good or pure risky states, so the reported percentages are incorrect and key outputs are missing.","Your code matches the provided solution: it uses set.seed, rnorm, purrr::map, dplyr::lead, and tidyr::unnest to compute cov and alt_cov across sample sizes, and your explanation correctly notes that the two covariance calculations agree.","There is no Exercise 7 content in the submitted .qmd, so this question cannot be awarded any points.","There is no Exercise 8 content in the submitted .qmd, so this question cannot be awarded any points.",,
16,18,"You completed most of the core coding tasks for Markov chains, MH sampling, and the covariance comparison, and your numerical results are generally reasonable. The main losses are from a missing written derivation in Q3, mis-specified or misinterpreted Markov setups in Q2 and Q5, and no content for later exercises. Focus on following the exact matrix workflows requested in the rubric and ensuring that each question’s specific initial conditions and outputs are implemented as stated.",4,3,0,4,2,5,0,0,,,"You correctly defined P, iterated 6 steps, and summed non-churn states, giving a reasonable probability. However, the rubric expected use of the %^% operator for P^6 and vector multiplications; your loop approach is fine mathematically but does not follow the specified workflow, so some process points are deducted.","You set up and solved for the stationary distribution and checked pi*P and sum(pi), with a reasonable steady-state subscriber percentage. However, the transition matrix P is mis-specified (rows should be [0.8,0.2] and [0.06,0.94]), and A is hard-coded rather than built as t(diag(2)-P), so process fidelity and accuracy are only partial.","No derivation is provided in the .qmd (only a reference to an attached file), so the required four-case algebraic work and final acceptance formulas are missing.","You implemented an MH sampler with a for loop, runif proposals, and the given alpha function, and compared sample quantiles to qpois in a table. The main issue is that you did not handle the x=0 boundary case as in the reference solution, so the proposal kernel is slightly off from the intended process.","You used %^% and %*% to evolve the portfolio and created a table for 1, 2, and 20 years, which shows understanding of matrix powers. However, the questions specifically asked for 20-year outcomes starting from pure good and pure risky states; instead you used the mixed initial state for 20 years and then misinterpreted entries (e.g., using pi_20[1] and pi_20[4]) as those percentages, so the key outputs are incorrect.","Your code matches the provided solution: you generate data for multiple T, use purrr::map, dplyr::lead, and unnest to compute both covariance formulas, and your explanation correctly notes that the two methods give identical results and converge as T increases.","There is no Exercise 7 content in the provided .qmd, so this question cannot be awarded points.","There is no Exercise 8 content in the provided .qmd, so this question cannot be awarded points.",,
17,18,"You completed most of the coding tasks and generally followed the intended workflows, especially for the MH sampler and covariance comparison. The main issues are a missing written derivation for the MH acceptance probabilities, some deviations from the specified matrix workflows, and incorrect setup for the 20-year loan outcomes. Review how to construct transition matrices carefully and ensure all algebraic derivations are included directly in the .qmd.",4,3,0,4,2,5,0,0,,,"You correctly defined P, iterated 6 steps, and summed non-churn states, getting a probability near 75%. However, the rubric asked specifically for using the %^% operator for P^6; using repeated %*% instead slightly reduces process fidelity.","You set up the stationary distribution system and solved it with qr.solve, and your steady-state subscriber probability (~23%) is correct. But the transition matrix P is mis-ordered (rows/columns swapped), and you hard-coded A instead of computing t(diag(2) - P), so the process does not fully follow the required workflow.","No derivation is shown in the .qmd (only a reference to an attached file), so the four required acceptance probability cases and algebra are missing here.","You implemented an MH sampler with a for loop, runif proposals, and the provided alpha(), then compared sample quantiles to qpois, which matches the intended workflow. You did not handle the x=0 boundary case explicitly as in the reference solution, so process fidelity is slightly off even though the overall structure is good.","You used P%^%n and %*% to get portfolio states and built a table including 1-, 2-, and 20-year compositions, which is good. However, the 20-year paid-up percentages for good and risky loans are computed from the mixed initial state (pi_20) instead of from separate initial vectors c(1,0,0,0) and c(0,1,0,0), so the key 20-year outcomes are incorrect.","Your code matches the provided solution exactly, using set.seed, rnorm, purrr::map, dplyr::lead, and tidyr::unnest to compute both covariance formulas, and your explanation correctly notes that the two methods give identical results across sample sizes.",There is no content corresponding to an additional exercise beyond Q6 in this lab; nothing to grade here.,There is no content corresponding to an additional exercise beyond Q6 in this lab; nothing to grade here.,,
18,18,"You completed most of the core coding tasks for Markov chains, MH sampling, and covariance, and your Exercise 1, 4, and 6 implementations are quite solid. The main issues are a missing written derivation for the MH acceptance probabilities, a mis-specified 2-state transition matrix, and incorrect interpretation of the 20-year loan outcomes for good vs risky starting states. Review how to construct transition matrices directly from the problem description and how to change initial state vectors to answer questions about specific starting categories.",4,3,0,4,2,5,0,0,,,"You correctly defined P, iterated 6 steps, and summed non-churn states, giving a probability near 75%. However, the rubric expected use of the %^% operator for P^6; using repeated %*% is acceptable but not fully aligned with the specified workflow, so a small process deduction applies.","You set up and solved for the stationary distribution with qr.solve, checked pi %*% P and sum(pi), and reported about 23% subscribers, which is correct. However, the transition matrix P is mis-parameterized (rows do not match the stated churn/start probabilities), and A is hard-coded rather than computed as t(diag(2) - P), so process fidelity is only partial.","No derivation is shown in the .qmd (it only references an attached file), so the required four-case algebraic work and final acceptance formulas are missing.","You implemented an MH sampler with a for loop, runif proposals, and the provided alpha(), then compared sample quantiles to qpois in a data frame, which matches the intended workflow. You did not handle the x=0 boundary case explicitly as in the template, so there is a small process/robustness deduction.","You correctly used %^% and %*% to get portfolio composition at 1, 2, and 20 years from the initial mix, but the questions about 20-year outcomes for loans starting as good vs risky require separate initial states c(1,0,0,0) and c(0,1,0,0). Instead you reused the mixed-state pi_20 and misinterpreted entries, leading to incorrect 20-year paid-in-full percentages.","Your code matches the provided solution exactly: you generate data for multiple T, compute both covariance formulas via purrr::map and dplyr::lead, unnest the results, and your explanation correctly notes that the two methods give identical values and converge as T grows.","There is no Exercise 7 content in the .qmd, so this question cannot be awarded any points.","There is no Exercise 8 content in the .qmd, so this question cannot be awarded any points.",,
19,18.5,"You completed most of the coding tasks for the Markov chain and Monte Carlo exercises, and your MH implementation and covariance comparison are solid. The main issues are a missing written derivation for the MH acceptance probabilities, a mis-specified 2-state transition matrix, and incorrect handling/interpretation of the 20-year loan portfolio questions. For future labs, ensure all written derivations appear in the .qmd and double-check that your initial states and matrix entries match the problem’s definitions.",4.5,3,0,4,2,5,0,0,,,"You correctly defined P, iterated 6 steps with %*%, and summed non-churn states; the probability is essentially correct. However, the rubric asked specifically for using P %^% 6 and the indicator-vector multiplication, so you lose a small process-fidelity/discretionary point.","You set up the stationary system correctly (A, b, qr.solve), verified pi %*% P and sum(pi), and reported about 23% subscribers. However, the transition matrix P is mis-ordered (rows/columns swapped), so the Markov chain itself is not correctly specified, which affects process fidelity and conceptual accuracy.","No derivation is shown in the .qmd (only a reference to an attached file), so the four required acceptance-probability cases and algebra are missing.","You implemented an MH sampler with a for-loop, runif proposals, and the provided alpha(), and compared sample quantiles to qpois, which matches the intended workflow. You did not handle the x=0 boundary case explicitly as in the template, so there is a small process-fidelity issue.","You used P %^% n and %*% correctly to get 1-, 2-, and 20-year portfolio states, but you reused the mixed initial state for the 20-year questions instead of separate good and risky starting vectors, and then misinterpreted entries (using pi_20[1] and pi_20[4]) as the requested conditional paid-up percentages. This breaks the required process and leads to incorrect reported percentages.","Your code matches the provided solution exactly (set.seed, rnorm, map, lead, unnest) and produces a tibble with T, cov, and alt_cov. Your explanation correctly notes that both covariance formulas give identical results and converge as T increases.","There is no Exercise 7 content in the .qmd, so this question cannot be graded and receives zero by default.","There is no Exercise 8 content in the .qmd, so this question cannot be graded and receives zero by default.",,
20,19,"You completed most of the main coding tasks for Markov chains, MH sampling, and the covariance comparison, and your numerical results are generally reasonable. The main issues are a missing written derivation for the MH acceptance probabilities, an incorrectly specified transition matrix in Exercise 2, and not conditioning correctly on initial states in the loan portfolio question. Review the expected workflows in the template (especially for stationary distributions and conditional Markov predictions) and ensure all written derivations appear directly in the .qmd.",4.5,3.5,0,4,2,5,0,0,,,"You correctly defined P, iterated 6 steps with %*%, and summed the non-churn states; the reported probability (~74.85%) is essentially correct. However, the rubric asked specifically for using P %^% 6 and the indicator-vector multiplication, so there is a small process deviation.","You set up the stationary system correctly (A, b, qr.solve), verified pi %*% P and sum(pi), and reported ~23% subscribers, which matches the solution. But the transition matrix P is mis-ordered (rows/columns swapped), and you hard-coded A instead of computing t(diag(2) - P), so the process does not fully follow the expected workflow.","No derivation is shown in the .qmd (only a reference to an attached file), so none of the four required acceptance-probability cases are demonstrated here.","You implemented an MH sampler with a for-loop, runif proposals, and the provided alpha(), then compared sample quantiles to qpois, which matches the intended workflow. You did not handle the x=0 boundary case explicitly as in the template, and you ignored the pre-initialized samples vector, so there is a small process/clarity issue.","You correctly used P %^% n and %*% to get portfolio states at 1, 2, and 20 years, and summarized them in a table. However, the 20-year questions were supposed to condition on starting as good vs risky loans separately; instead you used the mixed initial state for both, leading to incorrect percentages for good and risky loans.","Your code matches the provided solution exactly: you use set.seed, rnorm, purrr::map, dplyr::lead, and tidyr::unnest to compute both covariance formulas across sample sizes, and your explanation correctly notes that the two methods give identical results and converge as T grows.","There is no content corresponding to an Exercise 7 in this lab file, so nothing can be graded for this question.","There is no content corresponding to an Exercise 8 in this lab file, so nothing can be graded for this question.",,
21,19,"You completed most of the coding tasks and demonstrated good use of R for Markov chains, MH sampling, and covariance comparison. The main issues are a missing written derivation for the MH acceptance probabilities, a mis-specified transition matrix in Exercise 2, and incorrect setup for the 20-year loan questions. Focus on following the exact model specifications and ensuring all required written work appears in the .qmd file.",4,3.5,0,4.5,2,5,0,0,,,"You correctly defined P and computed 6 steps and summed non-churn states, and your numeric answer is close to 75%. However, the rubric expected use of the %^% operator from expm rather than a manual loop, so you lose some process-fidelity credit.","You set up A, b, and used qr.solve, and you checked pi %*% P and sum(pi), with a reasonable steady-state percentage. But the transition matrix P is mis-specified (rows should be [0.8,0.2] and [0.06,0.94]), and you hard-coded A instead of computing t(diag(2)-P), so process fidelity and accuracy are partially off.","No derivation is shown in the .qmd (only a reference to an attached file), so the required four-case algebraic work and final acceptance formulas are missing.","You implemented an MH sampler with runif proposals and the provided alpha function, generated 2000 samples, and compared sample quantiles to qpois in a table, which matches the expected workflow. Minor deviations from the template (different seed and function wrapper) are acceptable; ensure comments clearly connect each step to the MH algorithm.","You used %^% and %*% to get portfolio states at 1, 2, and 20 years, which is good. However, for the 20-year questions you reused the mixed initial state instead of separate initial vectors for good and risky loans, so the reported percentages (8.08% and 53.74%) are incorrect and the process does not follow the specified setup.","You used set.seed, rnorm, purrr::map, dplyr::lead, and tidyr::unnest exactly as in the template, producing a tibble with T, cov, and alt_cov, and your explanation correctly notes that the two covariance calculations agree and converge with larger T.",There is no content corresponding to an additional exercise beyond Q6 in this lab; Q7 is therefore unattempted.,There is no content corresponding to an additional exercise beyond Q6 in this lab; Q8 is therefore unattempted.,,
22,18,"You completed most of the main coding tasks for Markov chains, MH sampling, and the covariance comparison, and several of your numeric results are close to the expected values. The main issues are an incorrect transition matrix in Exercise 2, missing written derivation for Exercise 3, and mis‑specified 20‑year loan calculations in Exercise 5. Also, any work not present directly in the .qmd (e.g., in attachments) cannot be graded, so be sure to include all derivations and answers in the document next time.",4,3,0,4,2,5,0,0,,,"You correctly defined P and computed 6 steps and summed non‑churn states, and your numeric answer is close to 75%. However, the rubric expected use of the %^% operator for P^6 rather than iterated %*% in a loop, so process fidelity is slightly off.","You set up A, b, and used qr.solve, and you checked pi %*% P and sum(pi). But the transition matrix P is incorrect (rows should be [0.8,0.2] and [0.06,0.94]), and you hard‑coded A instead of computing t(diag(2) - P), so the process and matrix are not fully correct.","No derivation is shown in the .qmd (only a reference to an attached file), so the four required cases and acceptance probability formulas are missing here.","You implemented an MH sampler with a for loop, runif proposals, and the provided alpha(), and you compared sample quantiles to qpois, which matches the intended workflow. You did not handle the x=0 boundary case explicitly as in the template, so the process is slightly incomplete.","You used %^% and %*% to get 1‑ and 2‑year portfolio compositions, which is good. However, for 20‑year outcomes you reused the mixed initial state instead of separate initial vectors for good and risky loans, so the reported 20‑year paid‑up percentages for good and risky loans are incorrect and the required separate calculations are missing.","Your code matches the provided solution: you use set.seed, rnorm, purrr::map, dplyr::lead, and tidyr::unnest to compute both covariance formulas across sample sizes, and your explanation correctly notes that the two methods give identical results and converge as T grows.","There is no content corresponding to an Exercise 7 in this lab file, so this question cannot be awarded any points.","There is no content corresponding to an Exercise 8 in this lab file, so this question cannot be awarded any points.",,
23,18,"You completed most of the main coding tasks for Markov chains, MH sampling, and the covariance comparison, and those sections generally follow the intended workflows. The main issues are an incorrect transition matrix in Exercise 2, mis-specified 20-year loan outcomes in Exercise 5, a missing written derivation for Exercise 3, and no work for later exercises. Focus on matching the exact matrix structures and initial states requested, and ensure all written derivations are included directly in the .qmd.",4,3,0,4,2,5,0,0,,,"You correctly defined P and computed 6 steps and summed non-churn states, and your numeric answer is close to 75%. However, the rubric expected use of the %^% operator rather than a manual loop, so you lose some process-fidelity credit.","You set up A, b, and used qr.solve, and you checked pi %*% P and sum(pi). But the transition matrix P is incorrect (rows should be [0.8,0.2] and [0.06,0.94]), and you hard-coded A instead of computing t(diag(2)-P), so process and accuracy are only partially met.","No derivation is shown in the .qmd (only a reference to an attached file), so the required four-case algebraic work and final acceptance formulas are missing.","You implemented an MH sampler with runif proposals and alpha(), generated 2000 samples, and compared sample quantiles to qpois in a table, which matches the intended workflow. Minor deviations from the provided loop structure and seeding prevent full process credit.","You used %^% and %*% to get 1-, 2-, and 20-year states from the initial portfolio, which is good. However, the 20-year paid-in-full percentages for good and risky loans are computed from the overall portfolio state (pi_20) instead of from initial pure-good and pure-risky vectors, so the key 20-year results are incorrect.","Your code matches the provided solution exactly, using set.seed, rnorm, purrr::map, dplyr::lead, and tidyr::unnest, and your explanation correctly notes that cov and alt_cov agree across sample sizes.","There is no content corresponding to an Exercise 7 in the submitted .qmd, so this question cannot be awarded any points.","There is no content corresponding to an Exercise 8 in the submitted .qmd, so this question cannot be awarded any points.",,
24,19,"You completed most of the main coding tasks for Markov chains, MH sampling, and covariance comparison, and your MH and covariance implementations closely follow the intended workflows. The main gaps are the missing written derivation for the MH acceptance probabilities, mis-specified transition matrix in Exercise 2, and incorrect setup for the 20-year loan outcomes. Also, later exercises (7–8) are absent; be sure all required questions are answered directly in the .qmd next time.",4,3.5,0,4.5,2,5,0,0,,,"You correctly defined P and computed 6 steps and summed non-churn states, but you used repeated %*% in a loop instead of P %^% 6 and the indicator-vector multiplication; result is close to expected. Use %^% and vector products as in the instructions next time.","You set up A, b, and used qr.solve, and checked pi %*% P and sum(pi); however, the transition matrix P is mis-specified (rows should be [0.8,0.2] and [0.06,0.94]), and you hard-coded A instead of computing t(diag(2)-P). Fix P and derive A from P directly.","No derivation is provided in the .qmd (only a reference to an attached file), so the four acceptance-probability cases are missing. All algebraic steps must appear in this document.","You implemented an MH sampler with a for loop, runif proposals, and alpha(), and compared sample quantiles to qpois in a table; this matches the required workflow. Minor issue: you did not guard against negative proposals when x=0, but overall the process and outputs are correct.","You used %^% and %*% to get portfolio states at 1, 2, and 20 years, which is good, but you reused the mixed initial state for 20-year results instead of separate initial vectors for good and risky loans, so the 20-year paid-up percentages for good and risky loans are incorrect. Compute c(1,0,0,0)%*%(P%^%20) and c(0,1,0,0)%*%(P%^%20) separately.","You reproduced the full tibble workflow with map, lead, and unnest, and clearly explained that cov and alt_cov match across sample sizes and converge to the same value. This fully meets the code and interpretation requirements.","There is no content corresponding to an Exercise 7 in this file, so no points can be awarded.","There is no content corresponding to an Exercise 8 in this file, so no points can be awarded.",,
25,18,"You completed most of the coding tasks and demonstrated good use of matrix operations and the MH sampler, and your covariance comparison is fully correct. The main issues are an incorrect transition matrix in Exercise 2, mis-specified initial states in Exercise 5, and a missing written derivation for Exercise 3. Review the Markov chain setup details and ensure all written derivations are included directly in the .qmd.",4,3,0,4,2,5,0,0,,,"You correctly defined P and computed 6 steps and summed non-churn states, but you used repeated %*% in a loop instead of P %^% 6 and the (c(1,0,0,0) %*% P6) %*% c(1,1,1,0) workflow expected in the rubric. Numeric answer is essentially correct.","You set up A, b, and used qr.solve, and checked pi %*% P and sum(pi), but the transition matrix P is incorrect (rows should be [0.8,0.2] and [0.06,0.94]). This hurts process fidelity and output accuracy even though your workflow is otherwise fine.","No derivation is shown in the .qmd (only a reference to an attached file), so the required four-case algebraic work and final acceptance formulas are missing.","You implemented an MH sampler with runif proposals and alpha(), generated 2000 samples, and compared sample quantiles to qpois in a table. However, you did not handle the x=0 boundary as in the reference solution, so the process is slightly off the expected algorithm.","You used P %^% n and %*% correctly to get 1-, 2-, and 20-year portfolio states, but for the 20-year questions you reused the mixed initial state instead of separate initial vectors for good and risky loans, so the reported percentages for good and risky loans are incorrect.","You reproduced the provided code using map, lead, and unnest to compute cov and alt_cov across sample sizes, and your explanation correctly notes that the two covariance calculations agree and converge as T grows.",There is no content corresponding to an additional exercise beyond Q6 in this lab; nothing to grade here.,There is no content corresponding to an additional exercise beyond Q6 in this lab; nothing to grade here.,,
26,18.5,"You completed most of the coding tasks and generally followed the intended workflows, especially for the MH sampler and covariance comparison. The main issues are a missing written derivation for the MH acceptance probabilities, a mis‑specified 2‑state transition matrix, and incorrect setup for the 20‑year loan outcomes. Review how to construct transition matrices from verbal descriptions and how to set initial state vectors for specific scenarios, and ensure all written derivations appear directly in the .qmd.",4,3.5,0,4,2,5,0,0,,,"You correctly defined P and computed 6 steps and summed non‑churn states, and your numeric answer is close to 75%. However, the rubric expected use of the %^% operator rather than a manual loop, so you lose a bit on process fidelity.","You set up the stationary system correctly, solved with qr.solve, and verified pi*P and sum(pi); the steady‑state percent is correct. But the transition matrix P is mis‑specified (rows should be [0.8,0.2] and [0.06,0.94]), so process is partially incorrect; also you split the work oddly across two chunks.","No derivation is shown in the .qmd (only 'Answer in attach file'), so none of the required four acceptance‑probability cases are demonstrated.","You implemented an MH sampler with a for loop, runif proposals, and the provided alpha(), and you compared sample quantiles to qpois, which matches the required workflow. Minor issues: you ignore the x==0 special handling from the template and don’t present the result as a tibble, so a small deduction on process/format.","You used P%^%n and %*% with the initial state to get 1‑ and 2‑year compositions, which is good. However, for 20‑year paid‑in‑full probabilities you reused the portfolio vector instead of starting from pure good or pure risky states, so the 20‑year good/risky results are incorrect and the required separate calculations are missing.","You used set.seed, rnorm, purrr::map, dplyr::lead, and tidyr::unnest exactly as in the template, producing a tibble with T, cov, and alt_cov, and your explanation correctly notes that the two covariance formulas give identical results and converge with larger T.",There is no Exercise 7 in this lab; this slot is unused.,There is no Exercise 8 in this lab; this slot is unused.,,
27,19,"You completed most of the coding tasks and your MH sampler and covariance comparison are well done. The main issues are a mis-specified transition matrix in Exercise 2, missing written derivation for Exercise 3, and incorrect interpretation of the 20-year loan outcomes in Exercise 5. Focus on following the specified workflows (e.g., using matrix powers and separate initial states) and ensuring all required explanations appear directly in the .qmd.",4,3,0,5,2,5,0,0,,,"You correctly defined P and computed 6 steps and summed non-churn states, but you used repeated %*% in a loop instead of P %^% 6 and the indicator vector approach requested in the rubric.","You solved for the stationary distribution correctly and verified pi*P and sum(pi), but the transition matrix P is mis-specified (rows should be [0.8,0.2] and [0.06,0.94]) and you hard-coded A instead of using diag/t().",No derivation is shown in the .qmd; referencing an attached file does not meet the requirement to show the four acceptance-probability cases in this document.,"You implemented an MH sampler with runif proposals and alpha(), generated 2000 samples, and compared sample quantiles to qpois; the workflow and output structure match the rubric.","You used P%^% with an initial vector and produced a table including 1-, 2-, and 20-year states, but you did not separately compute 20-year outcomes for good vs risky starting states and your interpretations of the 20-year paid-up percentages are incorrect.","You used set.seed, rnorm, purrr::map, dplyr::lead, and tidyr::unnest exactly as in the template and correctly explained that cov and alt_cov agree across sample sizes.",There is no content corresponding to an additional exercise; nothing to grade for this question.,There is no content corresponding to an additional exercise; nothing to grade for this question.,,
28,18,"You completed most of the coding tasks and demonstrated good use of matrix operations and the MH algorithm, and your covariance comparison is fully correct. The main losses are from an incorrect transition matrix and setup in Exercise 2, missing written derivation in Exercise 3, and mis-specified initial states for the 20-year loan outcomes in Exercise 5. Review how to construct Markov transition matrices and initial state vectors, and ensure all algebraic derivations are written directly in the .qmd.",4,3,0,4,2,5,0,0,,,"You correctly defined P and computed 6 steps and summed non-churn states, and your numeric answer is close to 75%. However, the rubric expected use of the %^% operator rather than a manual loop, so you lose some process-fidelity credit.","You set up A, b, and used qr.solve, and you checked pi %*% P and sum(pi). But the transition matrix P is incorrect (rows should be [0.8,0.2] and [0.06,0.94]), and you hard-coded A instead of computing t(diag(2)-P), so process and accuracy are only partially met.","No derivation is shown in the .qmd (only a reference to an attached file), so the four required cases and acceptance formulas are missing.","You implemented an MH sampler with runif proposals and alpha(), generated 2000 samples, and compared sample quantiles to qpois in a table. The only minor issue is not handling the x=0 boundary explicitly as in the template, so a small process deduction applies.","You used %*% and P%^%n to get 1-, 2-, and 20-year states, which is good. However, for the 20-year paid-in-full probabilities you reused the mixed initial state instead of separate initial vectors for good and risky loans, so the reported 8.08% and 53.74% are incorrect and the required separate 20-year calculations are missing.","You used set.seed, rnorm, purrr::map, dplyr::lead, and tidyr::unnest exactly as in the solution, and your explanation correctly notes that cov and alt_cov match across sample sizes, fully meeting the rubric.",There is no Exercise 7 in this lab; this slot is unused.,There is no Exercise 8 in this lab; this slot is unused.,,
29,18,"You completed most of the main coding tasks for Markov chains, MH sampling, and the covariance comparison, and several of your numeric answers are close to the expected values. The main issues are a missing written derivation for the MH acceptance probabilities, a mis‑specified transition matrix in Exercise 2, and incorrect setup for the 20‑year loan questions. Review the exact matrix definitions and initial state vectors, and ensure all written derivations appear directly in the .qmd file for full credit.",4,3,0,4,2,5,0,0,,,"You correctly defined P and computed 6 steps and summed non‑churn states, and your numeric answer is close to 75%. However, the rubric expected use of the %^% operator rather than a manual loop, so you lose a bit on process fidelity.","You set up and solved for the stationary distribution correctly and verified pi*P and sum(pi). But the transition matrix P is mis‑specified (rows should be [0.8,0.2] and [0.06,0.94]), and you hard‑coded A instead of computing t(diag(2)-P), so process fidelity and accuracy are only partial.","No derivation is shown in the .qmd (only a reference to an attached file), so the required four acceptance‑probability cases and formulas are missing.","You implemented an MH sampler with a for loop, runif proposals, and the provided alpha(), and you compared sample quantiles to qpois, which matches the intended workflow. A minor issue is that you don’t handle the x=0 boundary explicitly, so the proposal can generate invalid negative states; this slightly reduces process fidelity.","You used %*% and %^% to get 1‑ and 2‑year portfolio compositions, which is good. However, for the 20‑year questions you reused the mixed initial state instead of separate good and risky initial vectors, so the reported percentages for good and risky loans are incorrect and the specific 20‑year computations requested in the rubric are not followed.","Your code matches the provided solution: you use set.seed, rnorm, purrr::map, dplyr::lead, and tidyr::unnest to compute both covariance formulas across sample sizes, and your written interpretation correctly notes that the two methods give identical results and converge as T grows.","There is no content corresponding to an Exercise 7 in this lab submission, so this question cannot be awarded any points.","There is no content corresponding to an Exercise 8 in this lab submission, so this question cannot be awarded any points.",,
30,19,"You completed most of the coding tasks and generally followed the intended workflows, especially for the MH sampler and covariance comparison. The main issues are a missing written derivation for the MH acceptance probabilities, a mis-specified transition matrix in Exercise 2, and incorrect setup for the 20-year loan outcomes in Exercise 5. Addressing those conceptual and setup errors would significantly improve your score.",4,3.5,0,4.5,2,5,0,0,,,"You correctly defined P and computed 6 steps and summed non-churn states, but you used repeated %*% in a loop instead of P %^% 6 and the indicator-vector multiplication. Numeric answer is essentially correct; update to use %^% and the two-vector %*% workflow as in the instructions.","You set up A, b, and used qr.solve, and you checked pi %*% P and sum(pi), with a reasonable steady-state percentage. However, the transition matrix P is mis-specified (rows should be [0.8,0.2] and [0.06,0.94]), and you hard-coded A instead of computing t(diag(2)-P). Fix P and derive A from P directly.","No derivation is shown in the .qmd; referencing an attached file does not count for grading. You need to show the algebra for all four cases and arrive at the specified min(1, ·) formulas in the document.","You implemented an MH sampler with a for loop, runif proposals, and the provided alpha(), and you compared sample quantiles to qpois in a table. This matches the required workflow; minor differences from the template (separate function, different seed) are fine. Just ensure you mention clearly in text that the sample and theoretical quantiles agree closely.","You used %^% and %*% to get 1-, 2-, and 20-year portfolio states, which is good, but for the 20-year questions you reused the mixed initial state instead of separate initial vectors for good and risky loans. As a result, the reported percentages for good and risky loans are incorrect. Redo the 20-year calculations starting from c(1,0,0,0) and c(0,1,0,0).","You used set.seed, rnorm, purrr::map, dplyr::lead, and tidyr::unnest exactly as in the provided solution, and your explanation correctly notes that cov and alt_cov match across sample sizes. This fully meets the code and interpretation requirements.",There is no Exercise 7 in the provided lab; this slot is unused.,There is no Exercise 8 in the provided lab; this slot is unused.,,
31,19,"You completed most of the coding tasks with generally correct workflows for Markov chains, MH sampling, and the covariance comparison, and your numerical results are mostly reasonable. The main issues are the missing written derivation for the MH acceptance probabilities and misinterpreting the 20-year loan questions, plus a few deviations from the requested matrix-power and boundary-handling approaches. Focus on following the exact requested process (e.g., using %^%, separate initial states) and ensuring all theoretical work appears directly in the .qmd.",4,4,0,4,2,5,0,0,,,"You correctly defined P and computed 6 steps and summed non-churn states, and your numeric answer is close to 75%. However, the rubric specifically asked to use the %^% operator from expm rather than iterating with a for-loop, so you lose some process-fidelity credit.","You set up the 2x2 transition matrix, constructed A and b, solved for pi, and checked pi %*% P and sum(pi), with a reasonable steady-state percentage. The matrix P is not in the same row/column order as the intended solution, but your workflow matches the required linear-system approach, so only a small deduction for the unconventional construction of A and minor redundancy.",No derivation is shown in the .qmd; referring to an attached file does not count for grading. You need to present all four MH acceptance probability cases and algebraic steps directly in this document.,"You implemented an MH sampler with a for-loop, runif proposals, and the provided alpha(), then compared sample quantiles to qpois, which matches the required workflow. A small deduction because you did not handle the x=0 boundary case explicitly as in the reference solution, which can propose invalid negative states.","You correctly used %*% and %^% to get portfolio states at 1, 2, and 20 years, but you reused the mixed initial state for the 20-year calculations instead of separate initial vectors for good and risky loans. As a result, the reported 20-year percentages for good and risky loans are incorrect and do not match the intended questions.","Your code matches the provided solution exactly, using set.seed, rnorm, purrr::map, dplyr::lead, and tidyr::unnest to compute cov and alt_cov across sample sizes, and your written interpretation correctly notes that the two covariance calculations agree and converge with larger T.",There is no Exercise 7 content in this lab; this question receives 0 by default.,There is no Exercise 8 content in this lab; this question receives 0 by default.,,
32,20,"You completed most of the computational parts well, especially the MH sampler and covariance comparison, and your Markov chain calculations are mostly on track. The main gaps are the missing written derivation for the MH acceptance probabilities and incorrect setup for the 20‑year loan outcomes by starting from the wrong initial states. In future labs, ensure all requested algebra/markdown work appears in the .qmd and that you follow the specified workflows (e.g., initial state vectors and matrix-power approach) closely.",4,4.5,0,4.5,2,5,0,0,,,"You correctly defined P and computed 6 steps and summed non‑churn states, and your numeric answer is close to 75%. However, the rubric specifically asked to use P %^% 6 and matrix multiplications rather than a for-loop, so you lose a process point.","You built a valid transition matrix, constructed A and b, solved for pi, and checked pi %*% P and sum(pi); the steady-state subscriber probability is correct. The matrix A was hard-coded rather than derived via t(diag(2) - P), which slightly departs from the expected workflow.","No derivation is shown in the .qmd (only a reference to an attached file), so the required four-case algebraic work and final acceptance formulas are missing.","You implemented an MH sampler with runif proposals, used the provided alpha function, generated 2000 samples, and compared sample quantiles to qpois in a table. The only minor issue is not handling the x=0 boundary explicitly as in the template, but overall the process and outputs match expectations.","You correctly used %*% and P %^% n to get portfolio states at 1, 2, and 20 years, but for the 20‑year paid‑in‑full questions you reused the mixed initial state instead of separate good and risky initial vectors, so the 20‑year good/risky paid‑up percentages are incorrect.","You reproduced the intended code using set.seed, rnorm, purrr::map, dplyr::lead, and tidyr::unnest to compute cov and alt_cov across sample sizes, and your written interpretation correctly notes that the two covariance calculations agree and converge with larger T.",There is no content corresponding to an additional exercise beyond Q6 in this lab; this question receives no credit.,There is no content corresponding to an additional exercise beyond Q6 in this lab; this question receives no credit.,,
33,19,"You completed most of the core coding tasks, especially for the Markov chain computations, MH sampling, and covariance comparison, and your numerical results generally align with expectations. The main losses are from not including the written derivation for the MH acceptance probabilities and misinterpreting the 20-year loan questions, plus some minor deviations from the requested workflows. Focus on following the exact process instructions (e.g., using %^% and separate initial states) and ensuring all written derivations appear directly in the .qmd.",4,4,0,4,2,5,0,0,,,"You correctly defined P and computed 6 steps and summed non-churn states, and your numeric answer is close to 75%. However, the rubric specifically asked to use the %^% operator from expm rather than iterating with a for-loop, so you lose process-fidelity credit.","You set up the correct 2x2 transition matrix, constructed A and b, solved for pi, and checked pi %*% P and sum(pi); the steady-state subscriber probability is correct. The first row of P is transposed relative to the solution but still encodes the same probabilities, and you left the second code chunk empty, so there is a small process/clarity deduction.","No derivation is shown in the .qmd; referring to an attached file does not meet the requirement to show all work in this document, so none of the four required cases are demonstrated.","You implemented an MH sampler with runif proposals and the provided alpha function, generated 2000 samples, and compared sample quantiles to qpois in a table, which matches the expected workflow. Minor issues include not handling the x=0 boundary explicitly and some redundant initialization, so a small process-fidelity deduction applies.","You correctly used %*% and P %^% n to get portfolio composition at 1, 2, and 20 years from the given initial mix, but the questions about 20-year outcomes for loans starting as good vs risky require separate initial states c(1,0,0,0) and c(0,1,0,0). Instead you reused the mixed-state result, so the reported 20-year percentages for good and risky loans are incorrect.","Your code matches the provided solution: you generate data for the specified T values, compute both covariance formulas via map and lead, unnest the results, and your explanation correctly notes that the two methods give identical values and converge as T grows.","There is no content corresponding to an additional exercise beyond Q6 in this lab; if Q7 was expected, it is missing from the .qmd.","There is no content corresponding to an additional exercise beyond Q6 in this lab; if Q8 was expected, it is missing from the .qmd.",,
34,19,"You completed most of the core coding tasks for Markov chains, MH sampling, and covariance, and your numerical results are generally reasonable. The main issues are a missing written derivation for the MH acceptance probabilities, incorrect setup for the 20-year good/risky loan questions, and no work for later exercises beyond Q6. Focus on following the exact workflows requested in the rubric and ensuring all derivations and answers appear directly in the .qmd file.",4,4,0,4,2,5,0,0,,,"You correctly defined P, iterated 6 steps, and summed non-churn states, giving a reasonable probability. However, the rubric expected use of the %^% operator for P^6 and a final multiplication by indicator vector; your loop approach is fine but deviates slightly from the specified workflow.","You built a valid 2x2 transition matrix, constructed A and b, solved for pi, and checked pi %*% P and sum(pi), with a correct steady-state subscriber probability. The matrix P is not in the same row/column order as the template but is internally consistent; minor process deviation (manual A instead of diag/t) prevents full credit.","No derivation is shown in the .qmd; referencing an attached file does not meet the requirement to show all work in this document, so none of the four acceptance-probability cases can be evaluated.","You implemented an MH sampler with a for loop, runif proposals, and the provided alpha(), then compared sample quantiles to qpois, which matches the intended workflow. You did not handle the x=0 boundary explicitly as in the solution, but the overall process and outputs are essentially correct.","You correctly used %*% and P%^%n to get portfolio states at 1, 2, and 20 years from the given initial mix. However, for the 20-year good and risky loan questions you reused the mixed-state pi_20 instead of starting from pure good (c(1,0,0,0)) and pure risky (c(0,1,0,0)) states, so the reported percentages are not the requested quantities.","Your code matches the provided structure: set.seed, rnorm data generation, purrr::map over T, dplyr::lead for differences, and tidyr::unnest, producing cov and alt_cov columns. Your explanation correctly notes that both covariance formulas yield identical results and converge as T grows.","There is no content corresponding to an Exercise 7 in the submitted .qmd, so this question cannot be awarded any points.","There is no content corresponding to an Exercise 8 in the submitted .qmd, so this question cannot be awarded any points.",,
35,18.5,"You completed most of the coding tasks and generally produced reasonable numerical answers, especially for the MH sampler and covariance comparison. The main issues are missing written work for the MH acceptance derivation, some deviations from the requested matrix workflows, and incorrect setup for the 20-year loan outcomes. Focus on following the exact initial-state specifications and including all algebraic steps directly in the .qmd next time.",4,3.5,0,4,2,5,0,0,,,"You correctly defined P, iterated 6 steps, and summed non-churn states, giving a reasonable probability. However, the rubric expected use of the %^% operator for P^6 and the indicator-vector multiplication; using a loop instead slightly departs from the specified workflow.","You set up the correct stationary system, solved with qr.solve, and verified pi*P and sum(pi), with a reasonable steady-state percentage. But the transition matrix P is mis-ordered (rows/columns swapped), and you hard-coded A instead of computing t(diag(2) - P), so the process does not fully follow the requested workflow.","No derivation is shown in the .qmd (only a reference to an attached file), so the required four-case algebraic work and final acceptance formulas are missing.","You implemented an MH sampler with a for loop, runif proposals, and used alpha, then compared sample quantiles to qpois in a table. However, you did not handle the x=0 boundary case as in the template, and you ignored the pre-initialized samples vector, so the process is slightly off the specified workflow.","You correctly used %*% and P%^%n to get portfolio states at 1, 2, and 20 years, but for the 20-year paid-in-full questions you used the overall portfolio state (pi_20) instead of starting from pure good or pure risky states. This leads to incorrect 20-year percentages and does not follow the specified initial vectors for those parts.","You reproduced the intended code using set.seed, rnorm, purrr::map, dplyr::lead, and tidyr::unnest to compute cov and alt_cov across sample sizes, and your explanation correctly notes that the two covariance calculations coincide and converge as T grows.","There is no content corresponding to an additional exercise beyond Q6 in this lab; if Q7 exists in the rubric, it is not addressed in the submitted .qmd.","There is no content corresponding to an additional exercise beyond Q6 in this lab; if Q8 exists in the rubric, it is not addressed in the submitted .qmd.",,
36,18.5,"You completed most of the coding tasks for the Markov chain and Monte Carlo exercises, and your MH sampler and covariance comparison closely follow the intended workflows. The main issues are the missing written derivation for the MH acceptance probabilities, some process deviations (e.g., not using matrix powers in Q1, mis-specified transition structure in Q2), and incorrect setup for the 20-year loan outcomes in Q5. Focus on matching the exact workflow requested in the instructions and ensuring each exercise’s specific sub-steps are implemented and explained in the .qmd.",4,3.5,0,4,2,5,0,0,,,"You correctly defined P, iterated 6 steps, and summed non-churn states; the numeric answer is essentially correct. However, the rubric expected use of the %^% operator rather than a manual loop, so you lose a bit on process fidelity.","You set up P, constructed A and b, solved for pi, and checked pi%*%P and sum(pi), with a correct steady-state percentage. However, the transition matrix entries are misordered relative to the intended model (rows/columns swapped), and you hard-coded A instead of using diag(2)-P, so process fidelity is only partial.","No derivation is shown in the .qmd (only a reference to an attached file), so none of the required four acceptance-probability cases are demonstrated.","You implemented an MH sampler with runif proposals, used the provided alpha function, generated 2000 samples, and compared sample quantiles to qpois in a data frame. This matches the required workflow, though you did not handle the x=0 boundary explicitly as in the template, so there is a small process penalty.","You used %*% and %^% to get 1- and 2-year portfolio compositions, which is good. But for 20-year outcomes you reused the mixed initial state instead of separate good/risky initial vectors, so the 20-year paid-in-full percentages for good and risky loans are incorrect and the required separate calculations are missing.","Your code matches the provided solution: you use set.seed, rnorm, purrr::map, dplyr::lead, and tidyr::unnest to compute both covariance formulas across sample sizes, and your written interpretation correctly notes that the two methods give identical results and converge as T grows.",There is no Exercise 7 content in this lab; this question receives no points by rubric alignment.,There is no Exercise 8 content in this lab; this question receives no points by rubric alignment.,,
37,18,"You completed most of the core coding tasks for Markov chains, MH sampling, and the covariance comparison, and your explanations in Q1, Q4, and Q6 are solid. The main issues are an incorrect transition matrix in Q2, missing derivation in Q3, and mis-specified initial states for the 20-year loan outcomes in Q5, plus missing work for Q7–Q8. Focus on matching the exact model setup from the prompt and ensuring all required derivations and questions are answered directly in the .qmd.",4,3,0,4,2,5,0,0,,,"You correctly defined P and computed 6 steps and summed non-churn states, and your numeric answer is close. However, the rubric expected use of the %^% operator rather than a for-loop, so process fidelity is slightly off.","You set up A, b, and used qr.solve, and checked pi*P and sum(pi), but the transition matrix P is incorrect (rows should be [0.8,0.2] and [0.06,0.94]). This affects output accuracy and part of the process.",No derivation is shown in the .qmd; referencing an attached file does not meet the requirement to show all work here.,"You implemented an MH sampler with runif proposals and alpha(), generated 2000 samples, and compared sample quantiles to qpois. You did not handle the x=0 boundary explicitly as in the template, so process fidelity is slightly off.","You used %*% and P%^%n to get 1-, 2-, and 20-year states, which is good. However, for the 20-year paid-in-full probabilities you reused the portfolio vector instead of starting from pure good or pure risky states, so the reported percentages are incorrect.","You reproduced the intended code using set.seed, rnorm, purrr::map, dplyr::lead, and tidyr::unnest, and your explanation correctly notes that cov and alt_cov match and converge with larger T.","There is no Q7 content in the submitted .qmd, so this question cannot be awarded points.","There is no Q8 content in the submitted .qmd, so this question cannot be awarded points.",,
38,18,"You completed most of the coding tasks and showed good understanding of Markov chains, MH sampling, and the covariance identity, especially in Exercises 1, 4, and 6. The main issues are missing written work for the MH acceptance derivation, an incorrect transition matrix in Exercise 2, and mis-specified initial states for the 20-year loan questions. Review how to construct transition matrices carefully and ensure that all requested derivations and specific initial conditions are implemented directly in the .qmd.",4,3,0,4,2,5,0,0,,,"You correctly defined P and computed 6 steps via repeated %*%, and summed the non-churn states, giving a reasonable probability (~75%). However, the rubric expected use of the %^% operator from expm for P^6, so you lose some process-fidelity credit.","You set up and solved for the stationary distribution using a custom A matrix and qr.solve, and verified pi*P and sum(pi). However, the transition matrix P is incorrect (rows should be [0.8,0.2] and [0.06,0.94]), and A is hard-coded rather than built as t(diag(2)-P), so both process and output accuracy are partially off.","No derivation is provided in the .qmd (only a reference to an attached file), so the required four-case algebraic work and final acceptance formulas are missing.","You implemented an MH sampler with a for loop, runif proposals, and the given alpha(), and compared sample quantiles to qpois, which matches the intended workflow. You did not handle the x=0 boundary case explicitly as in the solution, so there is a small process-fidelity issue.","You used %^% and %*% to get 1-, 2-, and 20-year portfolio states, which is good. However, for the 20-year questions you reused the mixed initial state instead of separate initial vectors for good and risky loans, so the reported percentages for good and risky loans are incorrect and the specific required computations are not followed.","You reproduced the intended tibble/map/lead/unnest workflow exactly, and your explanation correctly notes that cov and alt_cov match across sample sizes and converge to the true covariance. This fully meets the rubric for code, process, and interpretation.","There is no Exercise 7 in the provided lab 9 .qmd, so no work can be graded for this question.","There is no Exercise 8 in the provided lab 9 .qmd, so no work can be graded for this question.",,
39,18.5,"You completed most of the main coding tasks and your Markov chain and MH sampler implementations are largely on the right track, with correct numerical interpretations in several places. The main losses are from not following the exact requested workflows (e.g., using %^% in Q1, constructing A from P in Q2) and from an incorrect setup for the 20-year loan outcomes plus a missing written derivation for Q3. For future labs, ensure all derivations appear in the .qmd and follow the specified computational steps closely, especially when separate initial states are requested.",4,3.5,0,4,2,5,0,0,,,"You correctly defined P and computed 6 steps and summed non-churn states, and your numeric answer is close to 75%. However, the rubric specifically asked to use the %^% operator from expm rather than iterating with a for-loop, so you lose some process-fidelity credit.","You set up the stationary distribution calculation with qr.solve, checked pi %*% P and sum(pi), and reported about 23% which is correct. But your transition matrix P is mis-ordered (rows/columns swapped), and you hard-coded A instead of computing t(diag(2) - P), so the process does not fully follow the expected workflow.",No derivation is shown in the .qmd; referencing an attached file does not count for grading. You need to show the four acceptance probability cases and algebraic simplification directly in this document.,"You implemented an MH sampler with a for-loop, runif proposals, and the provided alpha(), then compared sample quantiles to qpois, which matches the intended workflow. You did not handle the x=0 boundary case explicitly as in the template, so there is a small process-fidelity issue.","You correctly used %*% and P %^% n to get 1- and 2-year portfolio compositions, but for the 20-year questions you reused the mixed initial state instead of separate good and risky initial vectors, so the 20-year paid-in-full percentages are incorrect. You also did not compute the separate 20-year outcomes using c(1,0,0,0) and c(0,1,0,0) as requested.","Your code matches the provided solution: you use set.seed, rnorm, purrr::map, dplyr::lead, and tidyr::unnest to compute both covariance formulas across sample sizes, and your explanation correctly notes that the two methods give identical results and converge as T grows.","There is no content corresponding to an Exercise 7 in this lab; if a question was expected, it is missing from the .qmd.","There is no content corresponding to an Exercise 8 in this lab; if a question was expected, it is missing from the .qmd.",,
40,19,"You completed most of the core coding tasks for the Markov chain and Monte Carlo exercises, and your covariance implementation and interpretation are fully correct. The main losses are from omitting the written derivation in Q3, mis-specifying the 20-year loan calculations in Q5, and missing any work for Q7–Q8. To improve, ensure all exercises in the lab are addressed directly in the .qmd and follow the requested workflows (e.g., using %^% where specified and using the correct initial states for Markov predictions).",4,4,0,4,2,5,0,0,,,"You correctly defined P and computed 6 steps and summed non-churn states, and your numeric answer is close to 75%. However, the rubric specifically asked to use the %^% operator from expm rather than iterating with a for-loop, so you lose some process-fidelity credit.","You set up the 2x2 transition matrix, constructed A and b, solved for pi, and checked pi %*% P and sum(pi); the steady-state subscriber probability is correct. The entries of P are transposed relative to the solution but still form a valid Markov chain, and you left the second code chunk essentially unused, so there is a small process penalty.","No derivation is shown in the .qmd (only a reference to an attached file), so the required four-case algebraic work and final acceptance formulas are missing.","You implemented an MH sampler with runif proposals and the provided alpha function, generated 2000 samples, and compared sample quantiles to qpois in a table. You did not handle the x=0 boundary explicitly as in the template, so there is a small process-fidelity deduction.","You used %^% and %*% to get 1- and 2-year portfolio compositions, which is good. However, for the 20-year questions you reused the mixed initial state instead of separate good and risky initial vectors, so the reported 20-year paid-in-full percentages for good and risky loans are incorrect.","Your code matches the provided solution: you use set.seed, rnorm, purrr::map, dplyr::lead, and tidyr::unnest to compute both covariance formulas across sample sizes, and your written interpretation correctly notes that the two methods give identical results and converge as T grows.","There is no content corresponding to an Exercise 7 in this lab file, so no credit can be awarded.","There is no content corresponding to an Exercise 8 in this lab file, so no credit can be awarded.",,
41,18,"You completed most of the core coding tasks for Markov chains, MH sampling, and the covariance comparison, and your numerical results are generally reasonable where the process is correct. The main issues are a missing written derivation for the MH acceptance probabilities, mis‑specified or misinterpreted Markov setups in Exercises 2 and 5, and no work for later exercises. Focus on following the exact matrix workflows requested and ensuring each exercise is fully answered within the .qmd.",4,3,0,4,2,5,0,0,,,"You correctly defined P, iterated 6 steps with %*%, and summed non‑churn states, getting a probability near 75%. However, the rubric expected use of P %^% 6 and the indicator vector multiplication; your loop is acceptable but slightly off the requested workflow.","You set up the stationary system with A, b, and qr.solve and checked pi %*% P and sum(pi), and your steady‑state subscriber probability is correct. However, the transition matrix P is mis‑specified (rows should be [0.8,0.2] and [0.06,0.94]), and you hard‑coded A instead of computing t(diag(2) - P), so the process does not fully follow the intended workflow.",No derivation is provided in the .qmd; referencing an attached file does not count for grading. You need to show the algebra for all four MH acceptance cases directly in this document.,"You implemented an MH sampler with a for loop, runif proposals, and the given alpha(), then compared sample quantiles to qpois in a data frame. This matches the required workflow, but you did not handle the x=0 boundary case explicitly as in the template, which is a minor process issue.","You used P %^% n and %*% to get portfolio states and built a table including 1, 2, and 20 years, which covers the 1‑ and 2‑year composition steps. However, the 20‑year questions should be answered starting from pure good (c(1,0,0,0)) and pure risky (c(0,1,0,0)) states; instead you used the mixed initial state and misinterpreted entries, so the 20‑year paid‑in‑full percentages are incorrect.","You reproduced the intended tibble/map/unnest workflow with rnorm, lead, and the alternative covariance formula, and your explanation correctly notes that cov and alt_cov match across sample sizes and converge as T grows. This fully meets the rubric for code and interpretation.","There is no Exercise 7 content in the provided .qmd, so this question cannot be awarded any points.","There is no Exercise 8 content in the provided .qmd, so this question cannot be awarded any points.",,
42,18,"You completed most of the core coding tasks, especially for the MH sampler and covariance comparison, and your Markov chain computations in Q1 and Q2 are close to the intended results. The main issues are the missing written derivation for Q3, the mis-specified 2-state transition matrix in Q2, and incorrect setup for the 20-year good/risky loan calculations in Q5. Review the exact transition matrices and initial-state vectors, and ensure all required algebraic work appears directly in the .qmd.",4,3,0,4,2,5,0,0,,,"You correctly defined P, iterated 6 steps, and summed non-churn states, with a reasonable probability (~75%). However, the rubric asked specifically for using P %^% 6 and matrix multiplications; using a loop instead slightly departs from the expected workflow.","You set up the correct stationary system, solved it with qr.solve, and verified pi %*% P and sum(pi), with a reasonable steady-state subscriber probability (~23%). But the transition matrix P is mis-specified (rows should be [0.8,0.2] and [0.06,0.94]), and the second code chunk is left essentially empty.","No derivation is provided in the .qmd (only a reference to an attached file), so the four required acceptance-probability cases are missing.","You implemented an MH sampler with a for-loop, runif proposals, and the given alpha(), and compared sample quantiles to qpois quantiles in a data frame. The process is correct overall, though you did not handle the x=0 boundary explicitly as in the template, which could cause occasional invalid proposals.","You used P %^% n and %*% to get portfolio states at 1, 2, and 20 years, which matches the matrix-power approach, but you reused the mixed initial state for 20-year results instead of separate initial vectors for good and risky loans. As a result, the reported 20-year paid-up percentages for good and risky loans are incorrect and do not match the expected ~76.5% and ~19.6%.","You reproduced the full tibble workflow with map, lead, and unnest, computing both cov and alt_cov across the required sample sizes, and your written interpretation correctly notes that the two covariance calculations agree and converge as T grows.",There is no content corresponding to an additional exercise beyond Q6 in this lab; nothing to grade here.,There is no content corresponding to an additional exercise beyond Q6 in this lab; nothing to grade here.,,
43,18,"You completed most of the core coding tasks for Markov chains, MH sampling, and the covariance comparison, and your implementations generally run and follow the intended workflows. The main losses are from a missing written derivation in Q3, mis-specified or misused transition structures in Q2 and Q5, and no work for later exercises. Focus on matching the exact model setup (matrices and initial states) and ensuring all written derivations are included directly in the .qmd.",4,3,0,4,2,5,0,0,,,"You correctly defined P, iterated 6 steps, and summed non-churn states, and your numeric answer is essentially correct. However, the rubric expected use of the %^% operator and vector multiplications rather than a for-loop, so process fidelity is slightly off.","You set up the linear system correctly, solved for pi, checked pi %*% P and sum(pi), and reported a reasonable steady-state percentage. However, the transition matrix P is mis-specified (rows should be [0.8,0.2] and [0.06,0.94]), so the process and resulting stationary distribution are not fully correct.","No derivation is provided in the .qmd (only a reference to an attached file), so the four required acceptance probability cases are missing.","You implemented an MH sampler with runif proposals, used the provided alpha function, generated 2000 samples, and compared sample quantiles to qpois in a data frame. The only minor issue is not handling the x=0 boundary explicitly as in the template, but overall the workflow and outputs match the rubric.","You used %^% and %*% to get portfolio states at 1, 2, and 20 years, which is good. However, for the 20-year questions you reused the mixed initial state instead of separate initial vectors for good and risky loans, so the reported percentages for good and risky loans are incorrect and the specific 76.5% and 19.6% results are not obtained.","You reproduced the intended tibble workflow with map, lead, and unnest, computing both cov and alt_cov across the specified sample sizes, and your explanation correctly notes that the two covariance calculations agree and converge as T grows.","There is no content corresponding to an Exercise 7 in the submitted .qmd, so this question cannot be awarded points.","There is no content corresponding to an Exercise 8 in the submitted .qmd, so this question cannot be awarded points.",,
44,18,"You completed most of the core coding tasks, especially for the MH sampler and covariance comparison, and your Markov chain computations are largely on the right track. The main issues are a missing written derivation for the MH acceptance probabilities and some deviations from the specified workflows (matrix power in Q1, correct P and initial states in Q2 and Q5). Focus on following the exact process requested in the instructions and ensuring all written reasoning appears directly in the .qmd.",4,3,0,4,2,5,0,0,,,"You correctly defined P, iterated 6 steps with %*%, and summed the non-churn states, giving a reasonable probability (~75%). However, the rubric asked specifically for using P %^% 6 and the indicator-vector multiplication; using a loop is fine but loses a bit of process fidelity.","You set up and solved for the stationary distribution correctly and verified pi %*% P and sum(pi). However, the transition matrix P is mis-ordered (rows/columns swapped), and you hard-coded A instead of computing t(diag(2) - P), so the process does not fully follow the expected workflow.","No derivation is shown in the .qmd (only a reference to an attached file), so the required four-case algebraic work and final acceptance formulas are missing.","You implemented an MH sampler with a for-loop, runif proposals, and the provided alpha(), and compared sample quantiles to qpois, which matches the intended workflow. A small issue is that you allow proposals to go negative and do not handle the x=0 special case as in the solution, so the process is slightly off the specified algorithm.","You used P %^% n and %*% correctly to get portfolio states at 1, 2, and 20 years, which matches the matrix-power approach. However, for the 20-year questions you reused the mixed initial state instead of separate c(1,0,0,0) and c(0,1,0,0), so the reported 8.08% and 53.74% are not the correct conditional probabilities for good vs risky loans.","Your code matches the provided template exactly: you generate data for multiple T, compute both covariance formulas via purrr::map and dplyr::lead, unnest the results, and your explanation correctly notes that the two methods give identical values and converge as T grows.",There is no content corresponding to an additional exercise beyond Q6 in this lab; this question receives no credit.,There is no content corresponding to an additional exercise beyond Q6 in this lab; this question receives no credit.,,
45,18,"You completed most of the core coding tasks, especially for the MH sampler and covariance comparison, and your Markov chain calculations in Q1 and Q2 are close to the intended results. The main issues are a missing written derivation for Q3 and misinterpreting the initial states for the 20-year loan questions in Q5. Review the expected workflows (e.g., using matrix powers and correct initial vectors) and ensure all algebraic derivations appear directly in the .qmd next time.",4,3,0,4,2,5,0,0,,,"You correctly defined P, iterated 6 steps, and summed non-churn states, with a reasonable probability (~75%). However, the rubric asked specifically for using P%^% and matrix multiplications; using a loop instead slightly departs from the expected workflow.","You set up P, constructed A and b, solved for pi, and checked pi%*%P and sum(pi), with a steady-state subscriber probability around 23%. But the transition matrix entries are mis-ordered (rows/columns swapped), and you hard-coded A instead of using t(diag(2)-P), so the process does not fully match the expected workflow.",No derivation is shown in the .qmd; referencing an attached file does not count. You need to work through all four MH acceptance cases in the document and show the algebra leading to the given formulas.,"You implemented an MH sampler with a for loop, runif proposals, and the provided alpha(), then compared sample and theoretical quantiles in a data frame. This matches the intended process, though you did not use the pre-initialized samples vector or explicitly label the output columns as in the solution.","You used P%^% and %*% with an initial portfolio to get 1-, 2-, and 20-year compositions, which is good. However, for the 20-year questions you reused the mixed portfolio instead of separate initial states for good and risky loans, so the reported percentages (8.08% and 53.74%) are not the correct quantities requested.","Your code matches the provided solution: you generate data for multiple T, compute both covariance formulas via purrr::map and dplyr::lead, unnest the results, and your explanation correctly notes that the two methods give identical values and converge as T grows.",There is no content corresponding to an Exercise 7 in this lab; nothing to grade.,There is no content corresponding to an Exercise 8 in this lab; nothing to grade.,,
46,18,"You completed most of the coding tasks for the first six exercises and generally followed the intended workflows, especially for the MH sampler and covariance comparison. The main issues are an incorrect transition matrix and setup in Exercise 2, missing written derivation in Exercise 3, and mis-specified initial states for the 20-year loan questions in Exercise 5. Also, Exercises 7 and 8 are missing entirely; be sure all required exercises are present and that all reasoning appears directly in the .qmd.",4,3,0,4,2,5,0,0,,,"You correctly defined P and computed 6 steps via repeated %*%, then summed non-churn states and reported a reasonable probability. However, the rubric expected use of the %^% operator and the indicator-vector multiplication workflow, so you lose some process-fidelity credit.","You set up and solved for the stationary distribution using a custom A matrix and qr.solve, and verified pi*P and sum(pi). But the transition matrix P is incorrect (rows should be [0.8,0.2] and [0.06,0.94]), and A is hard-coded rather than built as t(diag(2)-P), so both process and accuracy are partially off.",No derivation is shown in the .qmd; referencing an attached file does not count. You need to show the algebra for all four MH acceptance cases directly in this document.,"You implemented an MH sampler with a for loop, runif proposals, and the provided alpha(), then compared sample quantiles to qpois in a table. This matches the required workflow, though you did not use the pre-initialized samples vector and your proposal does not guard against x=0, so there is a small process-fidelity issue.","You used %^% and %*% to get portfolio states at 1, 2, and 20 years, which is good. However, for the 20-year questions you reused the mixed initial state instead of separate initial vectors for good and risky loans, so the reported percentages (8.08% and 53.74%) are not the correct conditional probabilities; this breaks the required process and output accuracy.","You reproduced the provided tibble/map/lead/unnest workflow exactly and explained that cov and alt_cov match across sample sizes, which satisfies the code, process, and interpretation requirements.","There is no Exercise 7 content in the .qmd, so this question cannot be awarded any points.","There is no Exercise 8 content in the .qmd, so this question cannot be awarded any points.",,
47,18,"You completed most of the coding tasks and generally followed the intended workflows, especially for the MH sampler and covariance comparison. The main issues are a missing written derivation for Q3, a mis‑specified transition matrix and process in Q2, and incorrect setup for the 20‑year loan outcomes in Q5. Review how to construct Markov transition matrices, use matrix powers directly, and ensure all written derivations are included in the .qmd.",4,3,0,4,2,5,0,0,,,"Transition matrix is correct and you correctly propagate the state 6 steps and sum non‑churn states, with a reasonable probability. However, the rubric asked specifically to use P %^% 6 and matrix multiplications rather than a for-loop, so process fidelity is slightly off.","You set up A and b and solve for pi, check pi %*% P and sum(pi), and report about 23%, which is correct. But the transition matrix P is mis‑specified (rows should be [0.8,0.2] and [0.06,0.94]), and you hard‑code A instead of computing t(diag(2) - P), so the process and matrix are not fully correct.",No derivation is provided in the .qmd; referring to an attached file does not satisfy the requirement. All four acceptance probability cases and algebraic steps are missing.,"You implement an MH sampler with runif proposals and the given alpha function, generate 2000 samples, and compare sample quantiles to qpois in a data frame, which matches the intended workflow. You do not handle the x=0 boundary explicitly as in the template, so the process is slightly incomplete.","You correctly use P %^% n and %*% to get portfolio composition at 1 and 2 years, but for the 20‑year questions you use the mixed initial state instead of separate initial vectors for good and risky loans, leading to incorrect percentages. The required separate 20‑year outcomes for good and risky loans are not computed as specified.","Code matches the provided solution: you use set.seed, rnorm, purrr::map, dplyr::lead, and tidyr::unnest to compute both covariance formulas across sample sizes, and your explanation correctly notes that the two methods give identical results and converge as T increases.",There is no content corresponding to an additional exercise; only Exercises 1–6 are present.,There is no content corresponding to an additional exercise; only Exercises 1–6 are present.,,
48,18,"You completed most of the main coding tasks for Markov chains, MH sampling, and the covariance comparison, and several of your numeric answers are close to the expected values. The main issues are a missing written derivation for the MH acceptance probabilities, some deviations from the specified matrix workflows (especially in Q2 and Q5), and no work for later questions beyond Q6. Focus on following the exact process requested in the rubric and ensuring all exercises are answered within the .qmd file.",4,3,0,4,2,5,0,0,,,"You correctly defined P, iterated 6 steps, and summed non‑churn states, and your numeric answer is essentially correct. However, the rubric expected use of the %^% operator for P^6 and vector multiplications, so you lose a bit on process fidelity.","You set up P, constructed A and b, solved for pi, and checked pi%*%P and sum(pi), with a steady‑state subscriber probability close to 23%. But the transition matrix entries are misordered (rows/columns swapped), and you hard‑coded A instead of computing t(diag(2) - P), so process fidelity is only partial.","No derivation is shown in the .qmd (it just says 'Answer in attach file'), so the required four‑case algebraic work and final acceptance formulas are missing.","You implemented an MH sampler with a for loop, runif proposals, and the provided alpha(), and you compared sample quantiles to qpois, which matches the required workflow. You did not enforce the x≥0 constraint (y can be negative), so the process is slightly off the intended algorithm.","You used %^% and %*% to get 1‑ and 2‑year portfolio states, which is good. However, for the 20‑year questions you reused the mixed initial state instead of separate good and risky initial vectors, so the reported 20‑year paid‑up percentages for good and risky loans are incorrect and the specific required calculations are not followed.","Your code matches the provided solution: you generate data for the specified T values, compute cov and alt_cov via purrr::map, lead, and unnest, and your explanation correctly notes that the two covariance formulas give identical results and converge as T grows.","There is no content corresponding to an Exercise 7 in this lab file, so this question cannot be awarded any points.","There is no content corresponding to an Exercise 8 in this lab file, so this question cannot be awarded any points.",,
49,18,"You completed most of the main coding tasks for Markov chains, MH sampling, and the covariance comparison, and your numerical results are generally reasonable. The main issues are a missing written derivation for the MH acceptance probabilities, a mis-specified transition matrix and workflow in Exercise 2, and incorrect setup for the 20-year loan outcomes. For full credit in future labs, follow the exact matrix workflows requested, ensure each exercise’s specific initial conditions are used, and include all required written derivations directly in the .qmd.",4,3,0,4,2,5,0,0,,,"You correctly defined P, iterated 6 steps, and summed the non-churn states to get a probability near 75%. However, the rubric asked specifically for using the %^% operator from expm and matrix multiplications; using a loop instead slightly departs from the expected workflow.","You set up and solved for the stationary distribution correctly and verified pi %*% P and sum(pi). But the transition matrix P is mis-specified (rows should be [0.8,0.2] and [0.06,0.94]), and you hard-coded A instead of computing t(diag(2) - P), so the process does not fully follow the required steps.","No derivation is shown in the .qmd (only a reference to an attached file), so the four required acceptance-probability cases and algebraic steps are missing.","You implemented an MH sampler with a for loop, runif proposals, and the provided alpha(), and compared sample quantiles to qpois, which matches the intended workflow. A small issue is that you allow proposals to negative states and do not handle x=0 specially as in the solution, so the process is slightly off the specified algorithm.","You used %^% and %*% to get portfolio states at 1, 2, and 20 years, which is good. However, for the 20-year questions you reused the mixed initial state instead of separate initial vectors for good and risky loans, so the reported percentages for good and risky loans are incorrect and the specific required computations for c(1,0,0,0) and c(0,1,0,0) are missing.","Your code matches the provided template: you generate data with rnorm, use purrr::map, dplyr::lead, and tidyr::unnest to compute both cov and alt_cov across sample sizes, and your explanation correctly notes that the two covariance calculations agree and converge as T grows.","There is no content corresponding to an Exercise 7 in the submitted .qmd, so this question cannot be awarded any points.","There is no content corresponding to an Exercise 8 in the submitted .qmd, so this question cannot be awarded any points.",,
50,18,"You completed most of the main coding tasks, especially for the MH sampler and covariance comparison, and your Markov chain work in Q1 and Q2 is close but not fully aligned with the specified workflows. Be careful to match the exact transition matrices and initial states given in the questions, and ensure all derivations and answers appear directly in the .qmd (no external attachments). Also, if there are additional exercises (Q7–Q8) in the rubric, make sure to include at least partial attempts for them in future labs.",4,3,0,4,2,5,0,0,,,"You correctly defined P and computed 6 steps and summed non‑churn states, and your numeric answer is close to 75%. However, the rubric specifically asked to use P%^% from expm and vector multiplications; using a for-loop instead slightly departs from the expected workflow.","You set up and solved for the stationary distribution with qr.solve and verified pi*P and sum(pi), and your steady-state subscriber probability is correct. However, the transition matrix P is mis-specified (rows should be [0.8,0.2] and [0.06,0.94]), and you hard-coded A instead of computing t(diag(2)-P), so the process does not fully follow the expected workflow.",No derivation is shown in the .qmd; referring to an attached file does not count for grading. You need to show the four MH acceptance probability cases and algebra directly in this document.,"You implemented an MH sampler with a for-loop, runif proposals, and the provided alpha(), and you compared sample quantiles to qpois in a table. This matches the intended process, though you did not use the pre-initialized samples vector and your proposal does not guard against x=0, which could cause invalid negative states in some runs.","You correctly used P%^% and %*% with the initial portfolio to get 1- and 2-year compositions, but for the 20-year questions you reused the mixed initial state instead of starting from pure good or pure risky states. As a result, the reported 20-year paid-up percentages for good and risky loans are incorrect and the process does not follow the specified setup.","You reproduced the full tibble/map/lead/unnest workflow and computed both cov and alt_cov across the required sample sizes, and your explanation correctly notes that the two methods give identical results and converge as T grows. This fully matches the expected process and interpretation.","There is no Exercise 7 content in the .qmd, so this question cannot be awarded any points.","There is no Exercise 8 content in the .qmd, so this question cannot be awarded any points.",,
