Run,Total,OverallComment,Q1,Q2,Q3,Q4,Q5,Q6,Q7,Q8,Q9,Q10,Q1_feedback,Q2_feedback,Q3_feedback,Q4_feedback,Q5_feedback,Q6_feedback,Q7_feedback,Q8_feedback,Q9_feedback,Q10_feedback
1,22.5,"You completed most of the core computational tasks correctly, especially for the Markov chain power calculations, MH sampling, and covariance comparison, and your numeric answers align well with the solutions. The main gaps are in Exercise 3, where the required algebraic derivation is missing, and some minor deviations from the requested workflows (e.g., use of %^% and template structure). Tightening alignment with the provided scaffolding and adding the missing derivations would bring this to a fully complete solution.",4.5,3,1,4.5,4.5,5,0,0,,,"You defined the correct transition matrix and computed 6 steps via repeated %*% with the correct initial state, then summed non-churn states and reported ~74.85%. This matches the intended result, but the rubric specifically asked to use P %^% 6, so there is a small process deviation.","You set up and solved for the stationary distribution correctly in the first chunk (matrix P is correct, A and b are consistent with t(I−P) plus a row of ones, and you verify pi%*%P and sum(pi)). However, the provided P is not in the same row/column order as the solution (you swapped 0.2 and 0.06), and the second scaffolded chunk is left blank; overall process is partially followed but not cleanly aligned with the template.","You implemented a full MH sampler in code, but the exercise required an algebraic derivation of the four acceptance probability cases with explicit formulas. No written derivation or case-by-case expressions (λ/(x+1), x/λ, λ/2, 2/λ) are shown, so process and final formulas are missing.","You wrote an MH algorithm using the provided alpha(), generated 2000 samples from Poisson(20) starting at x0=1, and compared sample quantiles to qpois in a data frame. This matches the required workflow; minor differences from the template (no explicit set.seed label in the chunk header and slightly different structure) are acceptable but cost a small process point.","You correctly used matrix multiplication with the given P to get 1-year and 2-year portfolio compositions, and used P%^%20 (or an equivalent power) with appropriate initial states to compute the 20-year paid-up percentages for good and risky loans, reporting ~76.5% and ~19.6%. The only minor issue is using P %*% (P %^% 19) instead of directly P %^% 20 in one place, which is mathematically fine but slightly off the requested pattern.","You used the provided tibble/mutate/map/lead/unnest pipeline exactly as intended, generating cov and alt_cov across the specified sample sizes, and clearly stated that the two covariance calculations are (virtually) identical. This fully meets code, process, and interpretation requirements.","There is no Exercise 7 in the provided lab or student file, so no work can be graded for this question.","There is no Exercise 8 in the provided lab or student file, so no work can be graded for this question.",,
2,21.5,"You completed most of the core computational tasks correctly, especially for the Markov chain portfolio problem and the covariance comparison, and your MH implementation for Poisson sampling is solid. The main gap is Exercise 3, where a written derivation was required instead of code, and a few places where the expected workflow (e.g., using %^% or fully filling guided chunks) was not followed exactly. Tightening alignment with the requested methods and providing algebraic work where asked will help capture full credit in future labs.",3.5,3,1,4.5,4.5,5,0,0,,,"You correctly defined P, iterated 6 steps, and summed non-churn states, with a reasonable numeric answer. However, the rubric expected use of P %^% 6 and the two-step vector multiplications, so process fidelity is only partial.","You built a valid 2x2 transition matrix, constructed A and b, solved for pi, and checked pi %*% P and sum(pi), with the correct steady-state subscriber percentage. The second code chunk is left blank and P is not reused there, so the full guided workflow is not followed and some redundancy/ordering issues reduce process fidelity.","You implemented an MH sampler in code, but the exercise required an algebraic derivation of the four acceptance probability cases. No symbolic derivations or explicit formulas for the four cases are shown, so process and output criteria are not met.","You implemented a correct MH algorithm using the provided alpha(), drew 2000 samples from Poisson(20), and compared sample and theoretical quantiles in a clear table. Minor differences from the template (no explicit set.seed(8740) and slightly different structure) are acceptable but cost a small process-fidelity/discretionary point.","You correctly used matrix multiplication with the given P to get 1- and 2-year compositions and used matrix powers to compute 20-year outcomes for good and risky loans, with accurate percentages. One 20-year calculation uses P %*% (P %^% 19) instead of directly P %^% 20, which is redundant but still correct, so only a small process/discretionary deduction applies.","You used set.seed, rnorm, purrr::map, dplyr::lead, and tidyr::unnest exactly as in the reference, producing a tibble of T, cov, and alt_cov and correctly noting that the two covariance calculations agree up to rounding.",There is no Exercise 7 in the provided lab; this slot is unused.,There is no Exercise 8 in the provided lab; this slot is unused.,,
3,23,"You completed Exercises 1–6 with generally solid code and reasoning, especially for the MH sampling and Markov chain portfolio questions. The main gaps are the missing algebraic derivation in Q3 and the absence of any work for Q7–Q8 as implied by the rubric. To improve, focus on following the exact requested workflow (e.g., using %^% where specified and providing symbolic derivations when asked) and ensure all exercises in the rubric are addressed in your .qmd.",4,3.5,1,5,4.5,5,0,0,,,"You correctly defined P, used matrix multiplication to get 6-step probabilities, and summed non-churn states, with an answer close to 75%. However, the rubric expected use of P %^% 6 from expm and the two-vector multiplication workflow, so you lose a bit on process fidelity.","You set up the correct 2x2 transition matrix, constructed A and b, solved for pi, and checked pi %*% P and sum(pi), with a steady-state subscriber probability around 23%. The second code chunk is left blank and P is not reused there, so the workflow is partially incomplete; also P’s rows are swapped relative to the solution, though your algebra is consistent with your P.","Instead of the requested algebraic derivation of the four acceptance probability cases, you implemented a full MH sampler in R. This shows understanding of the algorithm but does not address the required symbolic derivations for the four specific cases, so only minimal credit is given.","You implemented a MH sampler using the provided alpha function, ran 2000 iterations with set.seed, and compared sample quantiles to qpois in a clear table. This matches the expected workflow and output structure well.","You correctly used matrix multiplication to get 1- and 2-year portfolio compositions and used P %^% 20 (or an equivalent power) with appropriate initial states to compute long-run paid percentages for good and risky loans, with values matching the solution. Minor redundancy in recomputing P and a slightly nonstandard P20 expression for good loans prevent full marks.","You used the provided tibble/mutate/map/unnest pipeline with rnorm, dplyr::lead, and the alternative covariance formula, and you clearly stated that the two covariance calculations agree up to rounding. This fully meets the rubric for code structure and interpretation.","There is no content corresponding to an Exercise 7 in the submitted .qmd, so no points can be awarded.","There is no content corresponding to an Exercise 8 in the submitted .qmd, so no points can be awarded.",,
4,22.5,"You completed most of the core coding tasks correctly, especially for the MH sampling, Markov chain loan portfolio, and covariance comparison, and your numeric answers align well with the solutions. The main gaps are in Exercise 3, where the required algebraic derivation is missing, and some minor deviations from the specified workflows (e.g., use of %^% and matrix orientation in Q2). Tightening alignment with the requested methods and fully completing all template chunks would further improve your score.",4,3.5,1,4.5,4.5,5,0,0,,,"You correctly defined P, started from the right initial state, and used repeated %*% to get the 6‑step distribution and summed non‑churn states, with a reasonable numeric answer. However, the rubric specifically asked for using P %^% 6 and the indicator-vector multiplication; not using %^% costs some process fidelity.","You built a valid 2x2 transition matrix and manually constructed A, b, and pi using qr.solve, and you checked pi %*% P and sum(pi). However, the matrix P is transposed relative to the intended solution (rows/columns swapped), and the second code chunk is left blank. This partially matches the required workflow but not fully, so process fidelity is incomplete; a small discretionary deduction for leaving template code unfinished.","You implemented a full MH sampler in code, but this exercise required an algebraic derivation of the four acceptance probability cases, showing the ratios leading to λ/(x+1), x/λ, λ/2, and 2/λ. No written derivation or explicit case formulas are provided, so process and output requirements are not met.","You wrote a correct MH algorithm using the provided alpha(), generated 2000 samples from Poisson(20) starting at x0=1, and compared sample quantiles to qpois in a data frame. This matches the expected workflow and output structure; minor differences from the template (no explicit set.seed(8740) and slightly different result formatting) are acceptable but warrant a small discretionary deduction.","You correctly used matrix multiplication with the given P to get 1‑year and 2‑year portfolio compositions, and used matrix powers (including %^% 20) to compute 20‑year paid‑in‑full percentages for good and risky loans, with values matching the solution. One 20‑year calculation uses P %*% (P %^% 19) instead of directly P %^% 20, which is mathematically fine; overall process and outputs are correct with only minor stylistic deviation.","You reproduced the intended tibble workflow using set.seed, rnorm, purrr::map, dplyr::lead, and tidyr::unnest to compute both covariance formulas across sample sizes, and you clearly stated that the two calculations are (virtually) identical. This fully satisfies code, process, and interpretation requirements.",There is no Exercise 7 in the provided lab; no work to grade.,There is no Exercise 8 in the provided lab; no work to grade.,,
5,23,"Most of the core Monte Carlo and Markov chain tasks (Q1, Q4–Q6) are implemented correctly with appropriate R workflows and reasonable interpretations. The main gaps are in Q2 (partially incorrect matrix setup and incomplete scaffold) and Q3 (no algebraic derivation as requested). To improve, focus on following the exact requested process (including algebraic work and specified operators) and ensure all scaffolded chunks are completed, even if similar work appears elsewhere.",4,3,1,5,5,5,0,0,,,"You correctly defined P, started from the right initial state, and used repeated %*% to get the 6‑step distribution and summed non‑churn states, with a reasonable numeric answer. However, the rubric expected use of P %^% 6 and the two‑vector multiplication workflow, so you lose some process fidelity.","You set up and solved for the stationary distribution correctly in the first chunk (matrix P is correct, A and b are consistent with t(I−P) plus a row of ones, and you verify pi%*%P and sum(pi)). However, the transition matrix entries are in the wrong positions relative to the stated model (rows/columns swapped), and the second scaffolded chunk is left blank, so process fidelity is only partial.","Instead of the requested algebraic derivation of the four acceptance probability cases, you implemented a full MH sampler in R. This shows understanding of the algorithm but does not address the required step‑by‑step derivations for the four cases, so only minimal credit is earned for effort.","You implemented a MH sampler using the provided alpha function, ran 2000 iterations with set.seed, and compared sample quantiles to qpois in a clear table. This matches the expected workflow and output structure, so full credit is earned.","You correctly used matrix multiplication to get 1‑ and 2‑year portfolio compositions, and used matrix powers (including %^% 20) with appropriate initial states to compute 20‑year paid‑in‑full percentages for good and risky loans, with accurate reported values. This fully matches the rubric.","You reproduced the intended tibble/map/lead/unnest workflow, computing both covariance formulas across the required sample sizes, and correctly noted that the two calculations agree up to small numerical differences. This satisfies all criteria.","There is no content corresponding to an additional exercise beyond Q6 in this lab file, so no points can be awarded.","There is no content corresponding to an additional exercise beyond Q6 in this lab file, so no points can be awarded.",,
6,23.5,"You did solid work on the computational Markov chain and Monte Carlo exercises (Q1, Q2, Q4, Q5, Q6), generally following the intended workflows and obtaining correct results. The main gap is Q3, where a mathematical derivation was required rather than code, and some minor rubric mismatches (e.g., use of %^% in Q1 and leaving template code in Q2). Focus on matching the requested form of the answer (derivation vs. code) and cleaning up unused scaffolding in future labs.",4,3.5,1,5,5,5,0,0,,,"You correctly defined P, started from the right initial state, and used repeated %*% to get the 6‑step distribution and summed non‑churn states, with a reasonable numeric answer. However, the rubric expected use of P %^% 6 and the indicator-vector multiplication; consider following that workflow next time.","Your stationary distribution calculation is essentially correct: P is right, A and b are constructed correctly, qr.solve is used, and you verify pi %*% P and sum(pi). However, the transition matrix entries are transposed relative to the intended layout, and the second code chunk is left as an empty template; clean up unused/incomplete code to avoid confusion.","You implemented an MH sampler in code, but this exercise required an algebraic derivation of the four acceptance probability cases, showing the ratios of Poisson pmf and proposal probabilities. No symbolic derivation or explicit case-by-case formulas are provided, so most rubric criteria are not met.","You implemented a valid MH algorithm using the provided alpha(), ran 2000 iterations from x0=1 with set.seed, and compared sample quantiles to qpois in a clear table. This matches the expected workflow and output structure well.","You correctly used matrix multiplication with the given P to get 1‑year and 2‑year portfolio compositions, and used matrix powers (including %^% 20) with appropriate initial states to obtain the 20‑year paid‑in‑full percentages for good and risky loans, with accurate reported values.","You used the provided tibble/mutate/map/unnest pipeline with rnorm, dplyr::lead, and the alternative covariance formula, and you clearly stated that the two covariance calculations agree up to small numerical differences, which is exactly what was requested.",There is no Exercise 7 in the provided lab; no work to grade.,There is no Exercise 8 in the provided lab; no work to grade.,,
7,23,"Most of the implemented exercises (Q1, Q2, Q4–Q6) follow the intended workflows and produce correct or nearly correct results, showing good command of Markov chains and Monte Carlo coding patterns. The main gap is in Q3, where the required algebraic derivation is missing, and there is no work for later exercises beyond Q6. To improve, focus on matching the requested form of the answer (derivations vs. code) and ensure all template sections are completed.",4,3,1,5,5,5,0,0,,,"You correctly defined P, started from the right initial state, and used repeated %*% to get the 6‑step distribution and summed non‑churn states, with a reasonable numeric answer. However, the rubric expected use of P %^% 6 and the two‑vector multiplication workflow, so you lose some process points.","You set up and solved for the stationary distribution correctly in the first chunk (matrix P is slightly mis‑ordered but still yields the right π and checks). However, the provided template chunk for building A, b, and pi is left blank, and P does not match the intended transition structure, so process fidelity is only partial.","You implemented an MH sampler in code, but this exercise required an algebraic derivation of the four acceptance probability cases. There is no written derivation of the formulas λ/(x+1), x/λ, λ/2, and 2/λ wrapped in min(1,·), so most process and accuracy points are lost.","You wrote a correct MH algorithm using the provided alpha(), generated 2000 samples from Poisson(20) starting at x0=1, and compared sample quantiles to qpois in a table. This matches the expected workflow and output structure; even though eval is FALSE, the code is complete and consistent with the rubric.","You correctly used matrix multiplication with the given P to get 1‑year and 2‑year portfolio compositions, and used matrix powers (including %^% 20) with appropriate initial states to compute 20‑year paid‑in‑full percentages for good and risky loans, with values matching the solution.","You used set.seed, rnorm, purrr::map, dplyr::lead, and tidyr::unnest exactly as in the reference solution to compute both covariance formulas over the required sample sizes, and your written interpretation correctly notes that the two calculations agree up to small numerical differences.","There is no content corresponding to an Exercise 7 in this file, so no points can be awarded.","There is no content corresponding to an Exercise 8 in this file, so no points can be awarded.",,
8,22.5,"You completed most of the core computational tasks correctly, especially for the Markov chain portfolio, MH sampling, and covariance comparison, and your numeric answers align well with the solutions. The main gap is Exercise 3, where a written derivation was required instead of code, and some minor process deviations (e.g., not using %^% in Q1 and leaving a template chunk blank in Q2) reduced a few points. Overall, your understanding of the computational methods appears solid; focus on matching the requested derivation/solution format more closely in future labs.",4,3.5,1,4.5,4.5,5,0,0,,,"You correctly defined P, used matrix multiplication to get 6-step probabilities, and summed non-churn states, with a reasonable numeric answer. However, the rubric expected use of P %^% 6 and the two-vector %*% approach, so process fidelity is slightly off.","You set up the correct 2x2 transition matrix, constructed A and b, solved for pi, and checked pi %*% P and sum(pi), with the correct steady-state subscriber percentage. The second code chunk is left blank and P is mis-ordered relative to the solution (rows/cols swapped), so process clarity and fidelity are only partial.","You implemented an MH sampler in code, but the exercise required an algebraic derivation of the four acceptance probability cases and explicit min(1,·) formulas. No written derivation or case-by-case expressions are shown, so process and final formulas are missing.","You wrote a valid MH algorithm using the provided alpha(), generated 2000 samples from Poisson(20), and compared sample and theoretical quantiles in a data frame. This matches the intended workflow; minor differences from the template (no explicit set.seed label chunk) are acceptable.","You correctly used matrix multiplication to get 1- and 2-year portfolio compositions and used P %^% 20 (or equivalent) with appropriate initial states to compute 20-year paid-up percentages for good and risky loans, with accurate numeric answers. One 20-year calculation uses P %*% (P %^% 19) instead of directly P %^% 20, but this is mathematically equivalent.","You used set.seed, rnorm, purrr::map, dplyr::lead, and tidyr::unnest exactly as in the reference solution, producing a tibble with T, cov, and alt_cov, and correctly noted that the two covariance calculations agree up to small numerical differences.",There is no Exercise 7 in the provided lab; no work to grade.,There is no Exercise 8 in the provided lab; no work to grade.,,
9,22.5,"Most of your work on the Markov chain and Monte Carlo exercises is structurally correct and follows the intended workflows, with good use of matrix operations and tidyverse tools. The main gap is Exercise 3, where you coded an MH sampler instead of providing the requested algebraic derivation, and a few minor process mismatches or omissions led to small deductions. Overall, your understanding of the computational methods looks solid; focus on matching the exact requested form of the solution (especially derivations) in future labs.",4,3.5,1,4.5,4.5,5,0,0,,,"You correctly defined P, started from the right initial state, and used repeated %*% to get the 6‑step distribution and summed non‑churn states, with a reasonable numeric answer. However, the rubric expected use of P %^% 6 and the two‑vector multiplication pattern, so you lose some process fidelity.","You set up the correct 2x2 transition matrix, constructed A (transpose(I−P) with a row of ones), defined b, solved for pi, and checked pi%*%P and sum(pi), with a correct steady‑state percentage. The second code chunk is left blank and P is slightly misordered relative to the solution, so partial process credit and a small discretionary deduction.","Instead of the requested algebraic derivation of the four acceptance probabilities, you implemented a full MH sampler in R. There is no written case‑by‑case derivation or explicit formulas for the four α(y|x) cases, so process and output criteria are not met.","You implemented an MH sampler using the provided alpha(), ran 2000 iterations with set.seed, and compared sample quantiles to qpois in a data frame, matching the intended workflow. Minor issues: you allow proposals of negative states and do not handle x==0 specially, which could cause problems in execution, so a small deduction.","You correctly used matrix multiplication to get 1‑ and 2‑year portfolio compositions and used P%^%20 (or an equivalent power) with appropriate initial states to compute 20‑year paid‑in‑full percentages for good and risky loans, with accurate numeric results. One 20‑year calculation uses P %*% (P %^% 19) instead of directly P %^% 20, which is fine but slightly nonstandard, so only a small discretionary deduction.","You reproduced the intended tibble/map/lead/unnest workflow, using rnorm to generate data and computing both cov and alt_cov across the specified sample sizes, and you clearly state that the two covariance calculations agree up to rounding. This fully meets code, process, and interpretation criteria.","There is no Exercise 7 in the provided lab or student file, so no work can be graded for this question.","There is no Exercise 8 in the provided lab or student file, so no work can be graded for this question.",,
10,21.5,"You completed most of the core coding tasks and your Markov chain and MH implementations generally follow the intended workflows, with correct numerical interpretations in Exercises 1, 4, 5, and 6. The main gaps are in Exercise 2 (partially incorrect transition matrix and incomplete second chunk) and Exercise 3 (missing algebraic derivation in markdown). Tightening alignment with the specified methods (e.g., using %^% and showing symbolic work where requested) will help you capture full credit in future labs.",3.5,3,1,4.5,4.5,5,0,0,,,"You correctly defined P and computed the 6-step distribution and summed non-churn states, and your numeric answer is close to 75%. However, the rubric expected use of P %^% 6 rather than a manual loop, so process fidelity is only partial.","You set up a valid 2x2 transition matrix and manually constructed A and b, solved for pi, and checked pi %*% P and sum(pi). However, P is not in the correct row/column order (subscriber/non-subscriber are swapped), and the second code chunk is left blank, so the workflow is incomplete and the process does not follow the diag/t() construction as in the rubric.","You implemented an MH sampler in code, but the exercise required an algebraic derivation of the four acceptance probability cases with explicit formulas. No symbolic derivation or the required case-by-case expressions (λ/(x+1), x/λ, λ/2, 2/λ) are shown.","Your MH implementation uses the provided alpha(), runs 2000 iterations from x0=1, and compares sample and theoretical quantiles in a data frame, matching the intended workflow. Minor issue: you do not handle the x=0 boundary explicitly, but overall the process and outputs align well with the rubric.","You correctly use matrix multiplication to get 1- and 2-year portfolio compositions and use P%^%20 (or equivalent) with appropriate initial states to obtain ~76.5% and ~19.6% paid in full, matching expected results. One minor deviation is computing P20 for good loans via P %*% (P%^%19) instead of directly P%^%20, but this is mathematically equivalent.","You reproduced the intended tibble/map/unnest workflow with rnorm, lead, and the alternative covariance formula, and you correctly interpret that the two covariance calculations are (up to rounding) the same. This fully meets the rubric for code, process, and interpretation.",There is no Exercise 7 in the provided lab; thus no work to grade for Q7.,There is no Exercise 8 in the provided lab; thus no work to grade for Q8.,,
11,23.5,"You did solid work on the computational Markov chain and Monte Carlo exercises (Q1, Q2, Q4, Q5, Q6), with correct code structure and reasonable interpretations. The main gap is Q3, where a written derivation was required, and the absence of any work for Q7–Q8. For future labs, ensure every exercise is addressed and that conceptual questions include the requested algebra or explanation, not just code.",4.5,3.5,1,5,4.5,5,0,0,,,"You correctly defined P, used matrix multiplication to get 6-step transitions, and summed non-churn states; the numeric answer (~74.85%) is accurate. However, the rubric expected use of the %^% operator rather than a manual loop, so there is a small process-fidelity deduction.","You set up the correct 2x2 transition matrix, constructed A and b, solved for pi, and checked pi %*% P and sum(pi); the steady-state subscriber probability (~23%) is correct. The second code chunk is left as an empty template and P is not reused there, so the workflow is a bit inconsistent and partially duplicated.","You implemented a full MH sampler in R, but the exercise asked for an algebraic derivation of the four acceptance probability cases with explicit formulas. No written derivation or case-by-case expressions (λ/(x+1), x/λ, λ/2, 2/λ) are shown, so process and output requirements are not met.","Your MH implementation uses the provided alpha(), runs 2000 iterations from x0=1, and then compares sample quantiles to qpois at the specified probabilities in a clear table. This matches the expected workflow and output structure well.","You correctly used matrix multiplication with the given P to get 1- and 2-year portfolio compositions and used matrix powers to compute 20-year outcomes for both good and risky loans, with accurate percentages (~76.5% and ~19.6%). One minor issue is using P %*% (P %^% 19) instead of directly P %^% 20 in one chunk, but it still yields the correct result.","You reproduced the intended tibble workflow with set.seed, rnorm, purrr::map, dplyr::lead, and tidyr::unnest, and you clearly state that cov and alt_cov agree up to rounding. This fully matches the required process and interpretation.","There is no Exercise 7 content in the submitted .qmd, so no points can be awarded.","There is no Exercise 8 content in the submitted .qmd, so no points can be awarded.",,
12,23,"You completed most of the core computational tasks, especially for the MH sampling, Markov-chain loan portfolio, and covariance comparison, and your numeric answers there are solid. The main gaps are in the theoretical derivation for the MH acceptance probabilities and in fully following the specified linear-algebra workflow for the 2-state Markov chain. Also, later exercises (Q7–Q8) are missing; be sure to address all exercises and follow the requested process (not just get the right numbers) in future labs.",4.5,3,1,5,4.5,5,0,0,,,"You correctly defined P, used matrix multiplication to get 6-step probabilities, and summed non-churn states; the numeric answer (~74.85%) is accurate. However, the rubric specifically asked for using the %^% operator from expm, which you replaced with a loop, so there is a small process-fidelity deduction.","You attempted to build the transition matrix and solve for the stationary distribution, and your reported steady-state subscriber probability (~23%) is correct. However, the P matrix is mis-specified (rows do not match the problem description), A is hard-coded instead of using t(diag(2) - P), and the second code chunk is left blank, so the required workflow (constructing A, b, solving, and explicitly checking pi %*% P - pi and sum(pi)) is incomplete.","You wrote a Metropolis–Hastings sampler in R, but this exercise required a mathematical derivation of the four acceptance probability cases, showing the algebra leading to λ/(x+1), x/λ, λ/2, and 2/λ inside min(1,·). No case-by-case symbolic derivation is shown, so process and formulas are missing.","You correctly implemented an MH sampler using the provided alpha function, generated 2000 samples from Poisson(20) starting at x0=1, and compared sample quantiles to qpois in a table. The workflow and expected output structure match the rubric well.","You correctly used matrix multiplication with the given P to get 1-year and 2-year portfolio compositions and used %^% (or an equivalent power) with appropriate initial states to compute 20-year paid-in-full percentages for good and risky loans, with accurate numeric results. One minor issue is the slightly convoluted P20 <- P %*% (P %^% 19) instead of directly using P %^% 20 for the good-loan case, but it still yields the correct power.","You used set.seed, rnorm, purrr::map, dplyr::lead, and tidyr::unnest exactly as in the intended solution to compute both covariance formulas across the required sample sizes, and you clearly stated that the two calculations agree up to rounding error. This fully meets the code, process, and interpretation requirements.","There is no Exercise 7 content in the provided .qmd, so no points can be awarded.","There is no Exercise 8 content in the provided .qmd, so no points can be awarded.",,
13,24,"You completed most of the key coding and conceptual tasks, especially for the MH sampling, Markov-chain loan portfolio, and covariance comparison, and your numerical results are generally correct. The main areas to improve are aligning exactly with the specified transition matrix in Exercise 2 and providing the requested algebraic derivations (rather than only code) for the MH acceptance probabilities in Exercise 3. Tightening those pieces would bring this very close to full credit.",4.5,3,2,5,4.5,5,0,0,,,"You correctly defined P, used matrix multiplication to get 6-step probabilities, and summed non-churn states, with a numerically accurate answer. However, the rubric expected use of the %^% operator rather than a manual loop, so you lose a small process-fidelity/discretionary point.","You set up and solved the stationary distribution correctly in the first chunk (matrix A, vector b, qr.solve, checks, and steady-state percent are all appropriate), but the transition matrix P is mis-specified (rows should be [0.8,0.2] and [0.06,0.94], not [0.8,0.06;0.2,0.94]). The second chunk is left blank. This yields the right qualitative workflow but with an incorrect P and incomplete code.","You implemented a full MH sampler with an acceptance function that implicitly uses the correct Poisson target and proposal, but the exercise asked for an algebraic derivation of the four acceptance formulas, case by case, in markdown. No explicit derivations or the requested min(1,·) expressions are shown, so process and presentation are incomplete.","You wrote a correct MH algorithm using the provided alpha function, generated 2000 samples from Poisson(20) starting at 1, and compared sample quantiles to qpois in a clear table. This matches the expected workflow and output structure well.","You correctly used matrix multiplication to get 1- and 2-year portfolio compositions and used P%^%20 (or an equivalent power) with appropriate initial states to compute long-run paid percentages for good and risky loans, with accurate numeric answers. One minor issue is the slightly convoluted P20 construction for good loans, but it still represents P^20, so only a small discretionary deduction applies.","You reproduced the intended tibble workflow with set.seed, rnorm, purrr::map, dplyr::lead, and tidyr::unnest, and you correctly interpreted that cov and alt_cov agree up to rounding. This fully matches the required process and conclusion.",There is no Exercise 7 in the provided lab; thus no work to grade for Q7.,There is no Exercise 8 in the provided lab; thus no work to grade for Q8.,,
14,23.5,"Most of your work is complete and closely follows the intended workflows, especially for the MH sampling, loan portfolio Markov chain, and covariance comparison. The main gaps are in Exercise 3, where the required algebraic derivation is missing, and some minor deviations from the specified matrix-power and stationary-distribution setup. Tightening alignment with the requested methods (e.g., using %^% and explicitly showing derivations) will help you capture full credit in future labs.",4.5,3.5,1,5,4.5,5,0,0,,,"You correctly defined P, used matrix multiplication to get 6-step probabilities, and summed non-churn states, with an accurate probability (~75%). However, the rubric expected use of the %^% operator rather than a manual loop, so a small process-fidelity deduction applies.","You set up the correct 2x2 transition matrix and solved for the stationary distribution using a custom A matrix and qr.solve, obtaining the right steady-state subscriber probability (~23%) and checking pi*P and sum(pi). However, the matrix P is not in the same row/column order as the solution (you swapped 0.2 and 0.06), and the second code chunk is left blank, so the process is not fully aligned with the expected transpose(I−P) construction.","You implemented a Metropolis–Hastings sampler in code, but the exercise required a step-by-step algebraic derivation of the four acceptance probability cases, with explicit formulas like λ/(x+1), x/λ, λ/2, and 2/λ wrapped in min(1,·). No such derivation is shown, so most process and accuracy credit cannot be awarded.","You correctly implemented an MH sampler using the provided alpha function, generated 2000 samples from Poisson(20) starting at x0=1, and compared sample quantiles to qpois in a clear table. The workflow and expected output structure match the rubric well.","You correctly used matrix multiplication with the given P to compute 1-year and 2-year portfolio compositions, and used matrix powers (including %^% for the risky-loan case) to obtain 20-year paid-in-full percentages for good and risky loans, with accurate values (~76.5% and ~19.6%). One minor issue is using P %*% (P %^% 19) instead of directly P %^% 20 in the good-loan calculation, though it yields the same result; small process deduction only.","You used set.seed, rnorm, purrr::map, dplyr::lead, and tidyr::unnest exactly as in the template to compute both covariance formulas across the required sample sizes, and you clearly stated that the two calculations agree up to rounding error. This fully meets the code, process, and interpretation expectations.",There is no Exercise 7 in the provided lab; this slot is unused.,There is no Exercise 8 in the provided lab; this slot is unused.,,
15,24,"You did solid work on the Markov chain and Monte Carlo coding tasks, especially in Exercises 1, 4, 5, and 6, where your workflows and interpretations closely match the solutions. The main gaps are in Exercise 2 (transition matrix specification and incomplete second chunk) and Exercise 3 (missing explicit algebraic derivations for the four acceptance-probability cases). Tightening alignment with the requested processes and showing more intermediate reasoning in the theory question would further improve your submission.",4.5,3,2,4.5,5,5,0,0,,,"You correctly defined P, iterated 6 steps with %*%, and summed non-churn states; the numeric answer (~74.85%) is accurate. You did not use %^% as requested, so process fidelity is slightly off.","You set up and solved for the stationary distribution correctly and reported ~23% subscribers, but the transition matrix P is mis-specified (rows should be [0.8,0.2] and [0.06,0.94]). The second code chunk is left blank, and checks of pi %*% P - pi and sum(pi) are only partially shown.","You implemented a general MH sampler and implicitly used the correct acceptance ratio, but the exercise asked for an algebraic derivation of the four specific α(y|x) cases. No explicit case-by-case formulas (λ/(x+1), x/λ, λ/2, 2/λ) are shown in the write-up.","Your MH function uses the provided alpha(), runs 2000 iterations from x0=1, and compares sample quantiles to qpois in a clear table; this matches the intended workflow. Minor issue: you allow proposals of negative states without handling x=0 specially, but for λ=20 this has negligible impact.",You correctly used matrix multiplication to get 1- and 2-year compositions and used matrix powers to compute 20-year outcomes for good and risky loans. The reported percentages (~76.5% and ~19.6%) match the expected results and the process is clear.,"You reproduced the intended tibble/map/unnest workflow with rnorm, lead, and the alternative covariance formula, and you correctly interpreted that the two covariance calculations are (up to rounding) the same. This fully meets the criteria.",There is no Exercise 7 in the provided lab; no work to grade.,There is no Exercise 8 in the provided lab; no work to grade.,,
16,23,"You completed most of the core computational tasks correctly, especially the MH sampling, Markov chain portfolio analysis, and covariance comparison. The main gaps are in the theoretical derivation for Exercise 3 and partially incomplete/atypical setup for the stationary distribution in Exercise 2. Focusing on following the exact requested workflow (e.g., specific matrix operations and written derivations) will help align your solutions more closely with the rubric.",4.5,3,1,5,4.5,5,0,0,,,"You correctly defined P, used repeated matrix multiplication to get 6 steps, and summed the non-churn states, with a probability close to 75%. However, the rubric asked specifically for use of %^% and the two-vector %*% approach, so there is a small process penalty.","You set up the correct 2x2 transition matrix and manually constructed A and b, then solved for pi and checked pi%*%P and sum(pi). However, P is not in the same form as the solution (rows/columns swapped), and you did not use t(diag(2)-P) to build A as requested; the second code chunk is left blank. This partially meets process and accuracy requirements.","You implemented a general MH sampler in code, but the exercise required a step-by-step algebraic derivation of the four acceptance probability cases, with explicit formulas like λ/(x+1), x/λ, λ/2, and 2/λ inside min(1,·). No such derivation is shown, so only minimal credit is given for understanding the MH structure.","You correctly wrote an MH algorithm using the provided alpha function, generated 2000 samples from Poisson(20) starting at x0=1, and compared sample quantiles to qpois in a table. This matches the expected workflow and output structure.","You correctly used matrix multiplication to get 1- and 2-year portfolio compositions and used P%^%20 (or equivalent) with appropriate initial states to compute 20-year paid-up percentages for good and risky loans, with values matching the solution. One minor issue is using P %*% (P %^% 19) instead of directly P %^% 20 in one chunk, but it is mathematically equivalent.","You used set.seed, rnorm, purrr::map, dplyr::lead, and tidyr::unnest exactly as in the template to compute both covariance formulas over the required sample sizes, and your markdown correctly notes that the two calculations are (virtually) identical.",There is no Exercise 7 in the provided lab; no work to grade.,There is no Exercise 8 in the provided lab; no work to grade.,,
17,23.5,"You completed most of the core tasks correctly, especially the MH sampling, Markov chain loan portfolio analysis, and covariance comparison, and your numeric answers align well with the solutions. The main gaps are in Exercise 2 (matrix setup and leaving the guided chunk incomplete) and Exercise 3 (missing the explicit algebraic derivations for the four acceptance-probability cases). Tightening alignment with the requested workflows and showing intermediate algebraic steps would further improve your submission.",4.5,3,1.5,5,4.5,5,0,0,,,"You correctly defined P, used matrix multiplication to get 6-step probabilities, and summed non-churn states, with an accurate numeric answer. However, the rubric expected use of the %^% operator rather than a for-loop, so process fidelity is slightly off.","You set up and solved for the stationary distribution correctly in the first chunk and reported the right steady-state subscriber percentage. But the transition matrix P is mis-ordered relative to the problem description, and the second guided chunk is left blank, so the required workflow (t(diag(2)-P), rbind, qr.solve, explicit checks) is not fully followed.","You implemented a general MH sampler for a Poisson target, which shows understanding of the acceptance ratio, but you did not provide the requested algebraic derivation for the four specific cases or explicitly show the simplified formulas λ/(x+1), x/λ, λ/2, and 2/λ wrapped in min(1,·).","You correctly implemented the MH algorithm using the provided alpha function, generated 2000 samples from Poisson(20), and compared sample quantiles to qpois in a clear table. The workflow and outputs match the rubric expectations.","You correctly used matrix multiplication and P%^%20 (or equivalent) to get 1-year, 2-year, and 20-year outcomes, and your reported percentages for good and risky loans paid in full match the solution. One minor issue is using P %*% (P %^% 19) instead of directly P %^% 20 in one chunk, but it is mathematically equivalent.","You used set.seed, rnorm, purrr::map, dplyr::lead, and tidyr::unnest exactly as in the template, producing a tibble with T, cov, and alt_cov, and correctly noted that the two covariance calculations agree up to rounding error.",There is no Exercise 7 in the provided lab; this slot is unused.,There is no Exercise 8 in the provided lab; this slot is unused.,,
18,23,"You completed most of the core computational tasks correctly, especially the MH sampling, Markov chain loan portfolio analysis, and covariance comparison. The main gaps are in the theoretical derivation for the MH acceptance probabilities and the incorrect transition matrix/partial work in Exercise 2. Tightening alignment with the specified matrices and including full algebraic derivations where requested will strengthen future submissions.",4.5,3,1,5,4.5,5,0,0,,,"You correctly defined P, used matrix multiplication to get 6-step probabilities, and summed non-churn states, with an accurate probability (~75%). However, the rubric expected use of P %^% 6 and the two-vector %*% approach, so there is a small process deviation.","You computed a stationary distribution numerically and reported the correct steady-state subscriber percentage, but the transition matrix P is incorrect (rows do not match the stated 0.2 cancel / 0.06 start model), and the second code chunk is left as placeholders. This breaks process fidelity and makes the verification steps incomplete.","You implemented an MH sampler in code, but the exercise required a step-by-step algebraic derivation of the four acceptance probability cases. No symbolic derivations or explicit case formulas (λ/(x+1), x/λ, λ/2, 2/λ) are shown in markdown, so most of the required reasoning is missing.","You defined an MH function using the provided alpha, ran 2000 iterations from x0=1 with λ=20, and compared sample quantiles to qpois in a clear table. This matches the expected workflow and output structure; even though eval is FALSE, the code is syntactically correct and follows the rubric.","You correctly used matrix multiplication to get 1- and 2-year portfolio compositions and used P%^%20 (or equivalent) with appropriate initial states to obtain ~76.5% and ~19.6% paid in full for good and risky loans. One 20-year calculation uses P %*% (P %^% 19) instead of directly P %^% 20, but this is mathematically equivalent; minor redundancy only.","You reproduced the intended tibble workflow with set.seed, rnorm, purrr::map, dplyr::lead, and tidyr::unnest, and you clearly stated that cov and alt_cov agree up to rounding. This fully matches the required process and interpretation.",There is no Exercise 7 in the provided lab; thus no work to grade for Q7.,There is no Exercise 8 in the provided lab; thus no work to grade for Q8.,,
19,23.5,"Most of the core Markov chain and Monte Carlo tasks (Q1, Q4, Q5, Q6) are implemented correctly with appropriate R workflows and reasonable interpretations. The main gaps are in Q2, where the guided linear-algebra workflow is only partially followed, and Q3, where the required algebraic derivation is replaced by code. Also, there is no work for Q7 and Q8; be sure to address all labeled exercises in future labs and to follow the requested solution structure closely.",4.5,3,1,5,5,5,0,0,,,"You correctly defined P, used repeated matrix multiplication to get 6 steps, and summed the non-churn states; the numeric answer (~74.85%) is accurate. However, the rubric expected use of the %^% operator and the two-vector %*% workflow, so there is a small process deviation.","You set up and solved for the stationary distribution correctly in the first chunk and reported the right steady-state subscriber percentage (~23%). However, the transition matrix P is mis-ordered relative to the solution (rows/columns swapped), and the second guided chunk is left blank, so the required transpose(I−P) construction and explicit checks of pi %*% P − pi and sum(pi) are not shown as requested.","Instead of the requested algebraic derivation of the four acceptance probability cases, you implemented a full MH sampler in R. The code is generally reasonable, but it does not show the step-by-step derivations for the four specific α(y|x) cases, so most of the process and all of the required formulas are missing.","You implemented a MH sampler using the provided alpha function, ran 2000 iterations with λ=20 starting at x0=1, and compared sample quantiles to qpois in a data frame. This matches the expected workflow and output structure well.",You correctly used matrix multiplication to get the 1-year and 2-year portfolio compositions and used matrix powers (or equivalent repeated multiplication) to compute 20-year outcomes for both all-good and all-risky initial states. The reported percentages for paid-in-full good and risky loans match the expected values.,"You reproduced the intended tibble workflow with set.seed, rnorm, purrr::map, dplyr::lead, and tidyr::unnest to compute both covariance formulas across the specified sample sizes, and your written interpretation correctly notes that the two methods agree up to small numerical differences.","There is no content corresponding to an Exercise 7 in this file, so no points can be awarded.","There is no content corresponding to an Exercise 8 in this file, so no points can be awarded.",,
20,23.5,"You completed most of the main computational tasks well, especially the MH sampling, Markov chain portfolio analysis, and covariance comparison, and your numerical answers align closely with the solutions. The main gaps are in the theoretical derivation for the MH acceptance probabilities and in fully following the specified workflow and correct matrix for the 2-state Markov chain. Also, later exercises (Q7–Q8) are missing entirely; be sure to include all required exercises and show the requested algebraic reasoning, not just code, in future labs.",4.5,3,1,5,5,5,0,0,,,"You correctly defined P, iterated 6 steps with %*%, and summed non-churn states, getting an appropriate probability (~75%). However, the rubric asked specifically for using P %^% 6 and the indicator-vector multiplication; your loop is fine mathematically but deviates slightly from the expected workflow.","You built a matrix and solved for a stationary distribution numerically and reported ~23%, but the transition matrix P is incorrect (rows do not match the described churn model), and the main rubric workflow (A <- t(diag(2)-P) |> rbind(c(1,1)); b; qr.solve) is only partially followed and left incomplete in the second chunk. Also, the verification steps (pi %*% P - pi and sum(pi)) are not clearly shown using the correct P.","You implemented a full MH sampler in R, but this exercise required an algebraic derivation of the four acceptance probability cases, showing the ratios of Poisson pmf and proposal probabilities. No symbolic derivation or explicit case-by-case formulas (λ/(x+1), x/λ, λ/2, 2/λ) are written out in the markdown, so most of the required reasoning is missing.","You defined an MH function using the provided alpha, ran 2000 iterations from x0=1, and then compared sample quantiles to qpois at the specified probabilities, assembling them into a clear data frame. This matches the expected algorithmic steps and comparison structure.","You correctly used matrix multiplication with the given P to compute the 1-year and 2-year portfolio compositions from the initial state, and then used matrix powers (including %^% 20) to find the 20-year paid-up percentages for both good and risky loans, with results matching the expected ~76.5% and ~19.6%.","You reproduced the intended tibble workflow with set.seed, rnorm, purrr::map, dplyr::lead, and tidyr::unnest to compute both covariance formulas across the specified sample sizes, and your written interpretation correctly notes that the two calculations are (virtually) identical.","There is no content corresponding to an Exercise 7 in this file, so no points can be awarded.","There is no content corresponding to an Exercise 8 in this file, so no points can be awarded.",,
21,23,"Most of the core computational exercises (MH sampling, Markov chain loan portfolio, and covariance comparison) are implemented correctly and follow the intended workflows. The main gaps are in Q2 (transition matrix and incomplete guided chunk) and Q3 (missing algebraic derivation), and there is no content for Q7–Q8. Tightening alignment with the requested methods (e.g., using %^% where specified and showing symbolic work when asked) will help capture full credit in future labs.",4,3,1,5,5,5,0,0,,,"You correctly defined P and computed 6 steps via repeated %*% and summed non‑churn states, giving a reasonable probability (~75%). However, the rubric specifically asked to use P %^% 6 and the indicator-vector multiplication; not using %^% costs process points.","You set up and solved for the stationary distribution correctly in the first code chunk (matrix A, b, qr.solve, checks, and ~23% subscriber share). But the transition matrix P is mis‑specified (rows swapped vs solution), and the second guided chunk is left blank; this hurts both process fidelity and accuracy.","Instead of the requested algebraic derivation of the four acceptance probability cases, you implemented a full MH sampler in R. This shows understanding of MH but does not address the required symbolic derivations, so only minimal credit for effort is given.","You implemented the MH sampler with the provided alpha(), ran 2000 iterations from x0=1, and compared sample quantiles to qpois in a clear table. This matches the expected workflow and output structure; full credit.","You correctly used matrix multiplication with the given P to get 1‑ and 2‑year compositions, and used matrix powers (including %^% 20) with appropriate initial states to obtain ~76.5% (good) and ~19.6% (risky) paid in full after 20 years. Process and results align well with the solution.","You reproduced the intended tibble workflow using set.seed, rnorm, purrr::map, dplyr::lead, and tidyr::unnest to compute both covariance formulas across sample sizes, and you correctly noted that the results are (virtually) identical. This fully meets the rubric.",No response; there is no Q7 content in the document.,No response; there is no Q8 content in the document.,,
22,23,"Most of the core exercises (1, 4, 5, 6) are implemented well, with correct use of Markov chain operations and Monte Carlo workflows. The main issues are a mis-specified transition matrix and missing guided code in Q2, and not providing the requested algebraic derivation in Q3. Also, there is no work for later questions (Q7–Q8); be sure to complete all exercises and follow the exact instructions (e.g., using %^% where requested) in future labs.",4,3,1,5,5,5,0,0,,,"You correctly defined P and computed 6 steps via repeated %*% and summed non-churn states, giving a reasonable probability. However, the rubric expected use of the %^% operator from expm and the indicator-vector multiplication workflow, so you lose some process points.","You set up and solved for the stationary distribution correctly in the first code chunk and verified pi*P and sum(pi). But the transition matrix P is mis-specified (rows should be [0.8,0.2] and [0.06,0.94]), and the second guided chunk is left blank, so process fidelity and accuracy are only partial.","You wrote a full MH sampler implementation, but the question asked for an algebraic derivation of the four acceptance probability cases. There is no step-by-step derivation or explicit formulas for the four cases, so most process and accuracy credit is lost.","Your MH implementation uses set.seed, a loop with runif for proposals and acceptance, the provided alpha function, and then compares sample quantiles to qpois in a clear table. This matches the expected workflow and output structure well.","You correctly used matrix multiplication to get 1- and 2-year portfolio compositions and used matrix powers (including %^% for the risky-loan case) to compute 20-year outcomes for good and risky loans, with accurate percentages. The process and results align with the rubric.","You reproduced the provided tibble/purrr/dplyr/unnest workflow exactly, computing both covariance formulas across the required sample sizes, and your written interpretation correctly notes they are (virtually) identical.","There is no content corresponding to an Exercise 7 in the submitted .qmd, so no points can be awarded.","There is no content corresponding to an Exercise 8 in the submitted .qmd, so no points can be awarded.",,
23,23,"Most of the core exercises (1, 4, 5, 6) are well done, with correct code structure and reasonable outputs. The main issues are the incorrect transition matrix and incomplete guided chunk in Q2, and the lack of the requested algebraic derivation in Q3. Also, there is no work for Q7 and Q8; be sure to address all exercises and follow the exact requested workflows (e.g., using %^% where specified) in future labs.",4,3,1,5,5,5,0,0,,,"You correctly defined P, iterated 6 steps with %*%, and summed non-churn states, giving a reasonable probability. However, the rubric specifically asked to use P %^% 6 and the indicator-vector multiplication; not using %^% loses some process fidelity.","You set up and solved for the stationary distribution correctly in the first code chunk and verified pi %*% P and sum(pi). However, the transition matrix P is mis-specified (rows should be [0.8,0.2] and [0.06,0.94]), and the second guided chunk is left blank, so process fidelity and clarity are incomplete.","You wrote a full MH sampler, but the question asked for an algebraic derivation of the four acceptance probability cases. There is no step-by-step derivation or explicit formulas for the four cases, so process and output requirements are largely unmet.","You implemented a MH sampler using the provided alpha(), ran 2000 iterations from x0=1, and compared sample quantiles to qpois in a table. This matches the expected workflow and output structure; minor differences in seeding are acceptable.","You correctly used matrix multiplication to get 1- and 2-year portfolio compositions and used matrix powers to compute 20-year outcomes for both good and risky initial states, reporting percentages that match the solution. Process and outputs are complete.","You used set.seed, rnorm, purrr::map, dplyr::lead, and tidyr::unnest exactly as in the template to compute both covariance formulas over the required sample sizes, and you clearly stated that the results are (virtually) identical. This fully meets the rubric.","There is no Exercise 7 content in the submitted .qmd, so no points can be awarded.","There is no Exercise 8 content in the submitted .qmd, so no points can be awarded.",,
24,23,"Most core coding tasks (MH sampler, Markov chain portfolio, and covariance comparison) are implemented correctly and follow the intended workflows. The main gaps are in Exercise 2 (matrix specification and incomplete guided chunk) and Exercise 3 (missing algebraic derivation of acceptance probabilities). Addressing those conceptual pieces would bring this to a fully complete submission.",4,3,1,5,5,5,0,0,,,"You correctly defined P, used matrix multiplication to get 6-step probabilities, and summed non-churn states, with a reasonable numeric answer. However, the rubric specifically asked for using P %^% 6 and the indicator-vector multiplication; using a loop instead loses 1 pt on process fidelity.","You set up and solved for the stationary distribution correctly in the first chunk and verified pi %*% P and sum(pi), with a reasonable steady-state percentage. However, the transition matrix P is mis-specified (rows swapped), and the second guided chunk is left blank; this hurts both process fidelity and accuracy.","You wrote a full MH sampler, but the question asked for an algebraic derivation of the four acceptance probability cases. There is no written derivation or explicit formulas for the four cases, so process and output criteria are not met.","You implemented the MH algorithm with the provided alpha function, generated 2000 samples from Poisson(20) starting at x0=1, and compared sample quantiles to qpois in a table. This matches the expected workflow and output structure.","You correctly used matrix multiplication and matrix powers to get 1-year and 2-year portfolio compositions and computed 20-year paid-in-full percentages for both good and risky loans, with values matching the solution. Process and outputs are complete.","You used set.seed, rnorm, purrr::map, dplyr::lead, and tidyr::unnest exactly as in the template to compute both covariance formulas across the required sample sizes, and you clearly stated that the results are (virtually) identical.",There is no Q7 in this lab; no work to grade.,There is no Q8 in this lab; no work to grade.,,
25,23,"Most core coding tasks (MH sampler, Markov chain matrix work, and covariance comparison) are implemented correctly and follow the intended workflows. The main gaps are in Exercise 3, where the required algebraic derivations are missing, and some minor process deviations (e.g., not using %^% in Q1 and leaving the guided chunk incomplete in Q2). Tightening alignment with the step-by-step instructions and fully answering all guided subparts would improve your score further.",4,3,1,5,5,5,0,0,,,"You correctly defined P, used matrix multiplication to get 6-step probabilities, and summed non-churn states, with a reasonable numeric answer. However, the rubric specifically asked for using P %^% 6 and the indicator-vector approach; using a for-loop instead loses some process points.","You set up and solved for the stationary distribution correctly in the first chunk and verified pi %*% P and sum(pi). But the transition matrix P is mis-specified (rows swapped), and the second guided chunk is left blank, so process fidelity and clarity are only partial.","You wrote a full MH sampler, but the question asked for an algebraic derivation of the four acceptance probability cases; no symbolic derivations or explicit case formulas (λ/(x+1), x/λ, λ/2, 2/λ) are shown, so process and output criteria are not met.","You implemented the MH algorithm with the provided alpha function, ran 2000 iterations from x0=1, and compared sample quantiles to qpois in a clear table. This matches the expected workflow and output structure well.","You correctly computed 1- and 2-year portfolio compositions and used matrix powers to get 20-year outcomes for both good and risky initial states, with percentages matching the expected values. The process and results align well with the rubric.","You used set.seed, rnorm, purrr::map, dplyr::lead, and tidyr::unnest exactly as in the template to compute both covariance formulas across the required sample sizes, and your written interpretation correctly notes they are (virtually) identical.",There is no Q7 in this lab; no work to grade.,There is no Q8 in this lab; no work to grade.,,
26,23,"Most of your code for the Markov chain and Monte Carlo exercises follows the intended workflows and produces the right kinds of results, especially for the MH sampling, loan portfolio, and covariance comparison. The main gaps are in Exercise 2 (transition matrix and incomplete guided chunk) and Exercise 3, where a written derivation was required instead of code. Addressing those issues would bring this submission very close to full credit.",4,3,1,5,5,5,0,0,,,"You correctly defined P and computed the 6‑step distribution and summed non‑churn states, with a reasonable probability (~75%). However, the rubric specifically asked to use P %^% 6 from expm rather than iterated %*%; update to use %^% for full credit.","You set up and solved the stationary distribution correctly in the first chunk (A, b, qr.solve, checks, and ~23% subscriber share), but the transition matrix P is mis‑specified (rows should be [0.8,0.2] and [0.06,0.94]) and the guided second chunk is left blank. Fix P and complete the second chunk following the template.","You wrote a working MH sampler, but the exercise required an algebraic derivation of the four acceptance probability cases, showing how the Poisson and proposal ratios simplify to the given formulas. Add the step‑by‑step derivations for the 4 cases; code is not needed here.","Your MH implementation uses the provided alpha(), runs 2000 iterations from x0=1, and compares sample quantiles to qpois in a clear table. This matches the requested workflow and expected output structure.","You correctly used matrix multiplication with the given P to get 1‑ and 2‑year portfolio compositions and used matrix powers to compute 20‑year outcomes for both good and risky loans, with probabilities matching the expected ~76.5% and ~19.6% paid in full.","You reproduced the full tibble workflow using purrr::map, dplyr::lead, and tidyr::unnest to compute both covariance formulas across sample sizes, and your written answer correctly notes that the two calculations agree up to small numerical differences.",There is no Q7 in this lab; no work to grade.,There is no Q8 in this lab; no work to grade.,,
27,23,"You completed most of the core coding tasks correctly, especially the MH sampling, Markov chain loan portfolio analysis, and covariance comparison, and your numerical answers align well with the solutions. The main gaps are in the theoretical derivation for the MH acceptance probabilities and some rubric‑specific process details (use of %^% in Q1, exact matrix setup and guided chunk completion in Q2). To improve, focus on following the requested workflow steps closely and providing full algebraic reasoning where the question asks for derivations rather than code.",4,3,1,5,5,5,0,0,,,"You correctly defined P and used repeated %*% multiplications to get the 6‑step distribution and summed non‑churn states, with a reasonable probability reported. However, the rubric expected use of the %^% operator and the specific vector multiplications, so you lose some process fidelity.","You set up and solved for the stationary distribution correctly in the first code chunk and verified pi*P and sum(pi). However, the transition matrix P is mis‑specified (rows swapped), and the second guided chunk is left blank, so process fidelity and clarity are incomplete.","You implemented an MH sampler in R, but this exercise required an algebraic derivation of the four acceptance probability cases with explicit formulas. No symbolic derivations or the required case‑by‑case expressions are shown.","You implemented the MH algorithm with the provided alpha function, generated 2000 samples from Poisson(20), and compared sample quantiles to qpois in a clear table. This matches the expected workflow and output structure.","You correctly used matrix multiplication and matrix powers to get 1‑year and 2‑year portfolio compositions and computed 20‑year paid‑in‑full percentages for good and risky loans, with values matching the solution. The process and results are complete.","You reproduced the full tibble workflow using map, lead, and unnest to compute both covariance formulas across sample sizes and clearly stated that they agree up to rounding. This fully meets the code and interpretation requirements.","There is no content corresponding to an additional exercise beyond Q6 in the provided .qmd, so no points can be awarded.","There is no content corresponding to an additional exercise beyond Q6 in the provided .qmd, so no points can be awarded.",,
28,23,"Most of the implemented exercises (Q1, Q4–Q6) follow the intended workflows and produce appropriate results, showing good command of Markov chains and MH sampling. However, Q2 has a mis-specified transition matrix and incomplete second chunk, Q3 lacks the required algebraic derivation, and Q7–Q8 are missing entirely. To improve, focus on matching the exact process requested in the rubric and ensuring all exercises are attempted in the .qmd.",4,3,1,5,5,5,0,0,,,"You correctly defined P, used matrix multiplication to get 6-step probabilities, and summed non-churn states, with a reasonable numeric answer. However, the rubric expected use of P %^% 6 and the two-vector %*% approach, so you lose process points for not using the specified matrix-power workflow.","You set up a system to solve for the stationary distribution and checked pi %*% P and sum(pi), and your final percentage is correct. But the transition matrix P is mis-specified (rows should be [0.8,0.2] and [0.06,0.94]), and the second code chunk is left blank, so process fidelity and accuracy are only partially met.","You implemented a general MH sampler in R, but the exercise required a written algebraic derivation of the four acceptance probability cases and the final min(1,·) formulas. No analytic work is shown, so process and output criteria are not met.","You implemented the MH algorithm with the provided alpha function, generated 2000 samples from Poisson(20) starting at x0=1, and compared sample quantiles to qpois in a table. This matches the required workflow and expected output structure.","You correctly used matrix multiplication with the given P to compute 1-year and 2-year portfolio compositions and used matrix powers to obtain 20-year outcomes for both good and risky loans, with percentages matching the expected values.","You used set.seed, rnorm, purrr::map, dplyr::lead, and tidyr::unnest exactly as in the template to compute both covariance formulas across the required sample sizes, and your written interpretation correctly notes that the two calculations agree up to rounding.","There is no Exercise 7 content in the submitted .qmd, so no points can be awarded.","There is no Exercise 8 content in the submitted .qmd, so no points can be awarded.",,
29,23,"Most of the implemented exercises (Q1, Q4–Q6) follow the intended workflows and produce or describe correct results, showing good understanding of Markov chains, MH sampling, and the covariance identity. The main gaps are the lack of the required algebraic derivation in Q3, some process issues and a mis‑specified matrix in Q2, and missing content for Q7–Q8. To improve, focus on following the exact requested process (especially for derivations) and completing all exercises in the template.",4,3,1,5,5,5,0,0,,,"You correctly defined P and used repeated %*% with an initial state to get the 6‑step distribution and summed non‑churn states, with a reasonable probability reported. However, the rubric expected use of P %^% 6 and the indicator vector multiplication, so you lose a point on process fidelity.","You set up and solved for the stationary distribution correctly in the first code chunk and verified pi %*% P and sum(pi). However, the transition matrix P is mis‑specified (rows swapped), and the second guided chunk is left blank; this hurts both process fidelity and clarity even though the final percentage is close.","You wrote a full MH sampler in R, but the question required an algebraic derivation of the four acceptance probability cases. There is no written derivation or explicit formulas for the four cases, so only minimal credit is given for engaging with the MH context.","You implemented the MH algorithm with the provided alpha function, ran 2000 iterations from x0=1, and compared sample quantiles to qpois in a clear table. This matches the expected workflow and output structure; even though eval is FALSE, the code is syntactically sound and follows the rubric.","You correctly computed 1‑ and 2‑year portfolio compositions using v0 %*% P and v1 %*% P, and used matrix powers to obtain 20‑year outcomes for both good and risky loans with results matching the expected percentages. The workflow and reported values align well with the rubric.","You used set.seed, rnorm, purrr::map, dplyr::lead, and tidyr::unnest exactly as in the reference solution to compute both covariance formulas across the required sample sizes, and you clearly stated that the results are (virtually) identical. This fully meets the criteria.","There is no Exercise 7 content in the submitted .qmd, so no points can be awarded.","There is no Exercise 8 content in the submitted .qmd, so no points can be awarded.",,
30,23,"Most of the core exercises (Q1, Q4–Q6) are well done, with correct code structure and reasonable interpretations. The main issues are the lack of algebraic work for the MH acceptance probabilities in Q3, a mis-specified transition matrix and incomplete guided chunk in Q2, and missing Q7–Q8. For future labs, align closely with the requested workflow (especially when derivations are asked for) and ensure all questions are attempted.",4,3,1,5,5,5,0,0,,,"You correctly defined P, used matrix multiplication to get 6-step probabilities, and summed non-churn states, with a reasonable numeric answer. However, the rubric expected use of P %^% 6 and the two-vector %*% approach, so you lose some process points.","You set up and solved for the stationary distribution correctly in the first code chunk and verified pi*P and sum(pi). But the transition matrix P is mis-specified (rows swapped), and the second guided chunk is left blank; this hurts both process fidelity and clarity.","You wrote a full MH sampler in R, but this exercise required an algebraic derivation of the four acceptance probability cases with explicit formulas. No symbolic derivation is shown, so only minimal credit is given for engaging with the MH context.","Your MH implementation for Poisson(20) follows the intended workflow: initialization, proposal and acceptance using the provided alpha(), 2000 samples, and comparison of sample and theoretical quantiles in a table. This matches the rubric’s code, process, and output expectations.","You correctly used matrix multiplication with the transition matrix to get 1- and 2-year portfolio compositions and used matrix powers to compute 20-year outcomes for both good and risky loans, with accurate percentages. This fully matches the required process and results.","You used the provided tibble/mutate/map/unnest pipeline with rnorm, lead, and the alternative covariance formula exactly as intended, and your written interpretation correctly notes that the two covariance calculations agree up to small numerical differences.","There is no Q7 content in the submitted .qmd, so no points can be awarded.","There is no Q8 content in the submitted .qmd, so no points can be awarded.",,
31,24,"You did solid work on the computational Markov chain and Monte Carlo exercises, especially the loan portfolio and covariance questions, and your numerical answers are generally correct. The main gaps are in following the exact requested workflows (e.g., using %^% and constructing A from t(diag(2)-P)) and in Exercise 3, where an algebraic derivation was required instead of code. Tightening alignment with the specified steps and providing full symbolic derivations where asked will strengthen future submissions.",4,3.5,2,4.5,5,5,0,0,,,"You correctly defined P, used matrix multiplication to get 6-step transitions, and summed non-churn states, with an accurate probability. However, the rubric expected use of P %^% 6 and the two-vector %*% approach, so you lose a bit on process fidelity.","You set up a reasonable transition matrix and solved for the stationary distribution with checks, and your steady-state subscriber probability is correct. But the matrix P is not in the expected row/column order, A is hard-coded instead of using t(diag(2) - P), and the second code chunk is left blank; this hurts process fidelity and clarity.","You implemented an MH sampler and implicitly used the correct acceptance ratio, but the question asked for an algebraic derivation of the four acceptance formulas. There is no explicit case-by-case derivation or final expressions for the four α(y|x) cases, so most of the process and accuracy credit is lost.","Your MH implementation for Poisson(20) with 2000 samples, starting at x0=1, is correct and uses the provided alpha function, and you compare sample and theoretical quantiles in a clear table. Minor issue: you don’t handle the x=0 boundary explicitly, but given the proposal and alpha this is a small process concern.","You correctly computed the 1- and 2-year portfolio compositions using the initial state and P, and used matrix powers to get 20-year outcomes for both good and risky loans with accurate percentages. The workflow matches the rubric expectations well.","You reproduced the intended tibble workflow with set.seed, rnorm, purrr::map, dplyr::lead, and tidyr::unnest, and you clearly state that cov and alt_cov agree up to rounding. This fully meets the code, process, and interpretation requirements.",There is no Exercise 7 in the provided lab; no work to grade.,There is no Exercise 8 in the provided lab; no work to grade.,,
32,24,"You did solid work on the Markov chain and Monte Carlo coding tasks, especially in Exercises 4–6 and the loan portfolio analysis. The main gaps are in following the exact requested workflows (e.g., using %^% in Q1, the linear-system setup in Q2) and providing the algebraic derivation for the MH acceptance probabilities in Q3. Review the rubric instructions more closely next time and ensure derivations are written out when requested.",4,3.5,2,4.5,5,5,0,0,,,"You correctly defined P, used matrix multiplication to get 6-step transitions, and summed non-churn states, with a numerically accurate probability. However, the rubric expected use of the %^% operator from expm rather than a manual loop, so you lose some process-fidelity credit.","You set up a reasonable 2x2 matrix and solved for the stationary distribution with checks, and your steady-state subscriber probability is correct. But the transition matrix entries are misordered relative to the intended model, and you did not implement the requested transpose(I−P) construction in the second code chunk, so process fidelity is only partial; also, code is marked eval: false, so it would not execute as written.","You implemented a full MH sampler and implicitly used the correct acceptance ratio, but the question asked for an algebraic derivation of the four specific acceptance formulas, case by case. There is no written derivation or explicit formulas for the four cases, so only partial credit for understanding the MH structure.","You wrote a correct MH algorithm using the provided alpha(), generated 2000 samples from Poisson(20), and compared sample quantiles to qpois in a clear table. This matches the expected workflow; a small deduction because the chunk is eval: false so results wouldn’t actually be produced without changing that option.","You correctly used the transition matrix to compute 1- and 2-year portfolio compositions and used matrix powers to obtain 20-year outcomes for both good and risky loans, with probabilities matching the expected values. The workflow and outputs fully align with the rubric.","You reproduced the intended tibble-based workflow with map, lead, and unnest to compute both covariance formulas across the required sample sizes, and your written interpretation correctly notes that the two methods agree up to small numerical differences.",There is no Exercise 7 in this lab; no work to grade.,There is no Exercise 8 in this lab; no work to grade.,,
33,23,"You completed most of the core computational tasks correctly, especially for the Markov chain simulations, MH sampling implementation, loan portfolio analysis, and covariance comparison. The main gaps are in following the exact requested workflows (e.g., using %^% and diag/t constructions) and providing the algebraic derivation for the MH acceptance probabilities in Exercise 3. Tightening alignment with the specified steps and ensuring all derivations are written out would bring this to full credit.",4,3.5,1.5,4.5,4.5,5,0,0,,,"You correctly defined P and used repeated %*% to get the 6‑step distribution and summed non‑churn states, with a reasonable numeric answer. However, the rubric expected use of P %^% 6 and the two‑vector multiplication workflow, so you lose some process points.","You set up a valid 2x2 transition matrix and manually constructed A and b, solved for pi, and checked pi%*%P and sum(pi), with the correct steady‑state subscriber percentage. But the matrix P is not in the same row/column order as the solution and you did not use the diag/t() construction for A in the main chunk; also the second scaffolded chunk is left blank, so process fidelity is partial.","You implemented a full MH sampler in code, but the question required an algebraic derivation of the four acceptance probability cases. There is no written derivation and the specific formulas λ/(x+1), x/λ, λ/2, and 2/λ wrapped in min(1,·) are not explicitly shown, so most process and accuracy credit is lost.","Your MH implementation uses the provided alpha(), runs 2000 iterations from x0=1, and compares sample quantiles to qpois in a table, matching the intended workflow. Minor issues: eval is FALSE so this chunk would not run as written, and you do not handle the x=0 boundary explicitly, so a small discretionary deduction applies.","You correctly used matrix multiplication to get 1‑ and 2‑year portfolio compositions and used matrix powers (including %^% 20) to compute 20‑year outcomes for good and risky loans, with accurate percentages. One minor process issue is the slightly convoluted P20 <- P %*% (P %^% 19) in one chunk, so a small discretionary deduction is applied.","You reproduced the intended tibble/map/lead/unnest workflow exactly, using set.seed, rnorm, purrr::map, dplyr::lead, and tidyr::unnest, and your markdown correctly notes that the two covariance calculations are (virtually) identical across sample sizes.",There is no Exercise 7 in this lab; no work to grade.,There is no Exercise 8 in this lab; no work to grade.,,
34,22.5,"You completed most of the core coding tasks correctly, especially for the MH sampling, loan portfolio Markov chain, and covariance comparison, and your numerical answers align well with the expected results. The main gaps are in following the exact requested workflows (e.g., using %^% in Q1, correct P and full linear-system setup in Q2) and providing the algebraic derivation for the MH acceptance probabilities in Q3. Tightening alignment with the stated instructions and ensuring all derivations are shown will strengthen future submissions.",3.5,3,2,4.5,4.5,5,0,0,,,"You correctly defined P and computed 6 steps via repeated %*%, then summed non-churn states and reported a reasonable probability. However, the rubric expected use of the %^% operator from expm, so process fidelity is slightly off.","You set up a matrix A and solved for pi, and your final steady-state subscriber probability is close to the expected 23%. However, the transition matrix P is incorrectly specified (rows do not match the problem description), and the second code chunk is left as a blank template, so the full linear-system workflow is not clearly demonstrated.","You implemented a full MH sampler in R, but this exercise required an algebraic derivation of the four acceptance probability cases. No symbolic derivations for the specified cases (x≥1,y=x+1; x≥2,y=x−1; x=0,y=1; x=1,y=0) are shown, so process and formula outputs are missing.","You wrote a correct MH algorithm using the provided alpha(), generated 2000 samples from Poisson(20), and compared sample quantiles to qpois in a data frame. This matches the required workflow; minor deduction because the chunk is set eval: false so results would not actually be produced on render.","You correctly used matrix multiplication to get 1- and 2-year portfolio compositions and used matrix powers (including %^% for the risky-loan case) to compute 20-year outcomes for good and risky loans, with probabilities matching the expected ~76.5% and ~19.6%. One minor issue is using P %*% (P %^% 19) instead of directly P %^% 20 for the good-loan case, but numerically this is equivalent.","Your code matches the provided solution: you use set.seed, rnorm, purrr::map, dplyr::lead, and tidyr::unnest to compute both covariance formulas across the required sample sizes, and your written interpretation correctly notes that the two calculations are (up to rounding) identical.",There is no Exercise 7 in this lab; no work to grade.,There is no Exercise 8 in this lab; no work to grade.,,
35,23.5,"You completed most of the core computational tasks correctly, especially for the Markov chain portfolio problem and the covariance comparison, and your MH implementation in Q4 is close to the intended solution. The main gaps are in Q3, where the requested algebraic derivation is missing, and some minor process mismatches in Q1–Q2. Tightening alignment with the specified workflows and fully answering derivation-style questions will help you capture all available points.",4,3.5,1.5,4.5,5,5,0,0,,,"You correctly defined P, used matrix multiplication to get 6-step probabilities, and summed non-churn states, with a reasonable numeric answer. However, the rubric expected use of P %^% 6 and the two-vector %*% approach, so you lose some process-fidelity credit.","You built a valid 2x2 transition matrix, constructed A and b, solved for pi, and checked pi %*% P and sum(pi), with the correct steady-state subscriber percentage. But the first matrix P has rows swapped relative to the intended model, and the second code chunk is left blank, so process fidelity is only partially met.","You implemented a full MH sampler with the correct generic acceptance ratio, but the question asked for an algebraic derivation of the four explicit α(y|x) formulas. No case-by-case symbolic work is shown, so most process and accuracy credit is lost.","Your MH implementation uses the provided alpha(), runs 2000 iterations from x0=1, and compares sample quantiles to qpois in a clear table, matching the expected workflow. Minor issue: you allow proposals of negative states without guarding against them, which could cause execution problems, so a small discretionary deduction applies.","You correctly used the transition matrix to compute 1- and 2-year portfolio compositions and used matrix powers to get 20-year outcomes for both good and risky loans, with results matching the expected percentages. Process and outputs fully align with the rubric.","You reproduced the intended tibble workflow with map, lead, and unnest, computing both covariance formulas across the required sample sizes and correctly noting they agree up to rounding. This fully meets code, process, and interpretation expectations.",There is no Exercise 7 in the provided lab; no work to grade.,There is no Exercise 8 in the provided lab; no work to grade.,,
36,22,"You completed all six exercises that exist in this lab with generally solid code and mostly correct numerical results. The main areas to improve are following the exact workflows requested in the rubric (e.g., using %^% and constructing A via t(diag(I) - P)) and providing the explicit algebraic derivations where asked (Exercise 3). Otherwise, your Markov chain and Monte Carlo implementations are on the right track.",3.5,3.5,1,4.5,4.5,5,0,0,,,"You correctly defined P and used repeated %*% with an initial state to get the 6‑step distribution and summed non‑churn states, with a reasonable numeric answer. However, the rubric expected use of the %^% operator from expm and the indicator-vector multiplication workflow, so process fidelity is only partial.","You built a valid 2×2 transition matrix, constructed A and b, solved for pi with qr.solve, and checked pi %*% P and sum(pi), with a correct steady‑state subscriber percentage. The second code chunk is left blank and A is hard‑coded rather than built via t(diag(2) - P), so the process is only partially aligned with the expected workflow.","You implemented a full MH sampler and implicitly used the correct acceptance ratio, but the question asked for an algebraic derivation of the four acceptance formulas (λ/(x+1), x/λ, λ/2, 2/λ) with case‑by‑case work. No explicit symbolic derivations or the required four cases are shown, so process and output criteria are not met.","You wrote an MH algorithm using runif for proposals and acceptance, drew 2000 samples from Poisson(20) starting at x0=1, and compared sample quantiles to qpois in a clear table. The only minor deviation is not explicitly storing n, x, lambda, samples as separate initial variables as in the template, but the workflow and outputs match the rubric well.","You correctly used matrix multiplication with the given P to get 1‑year and 2‑year portfolio compositions, and used P%^%20 (or an equivalent P20) with appropriate initial vectors to compute 20‑year paid‑in‑full percentages for good and risky loans, with values matching the solution. One 20‑year calculation uses P %*% (P %^% 19) instead of directly P %^% 20, which is equivalent but slightly off the expected pattern.","You reproduced the intended tibble/purrr/dplyr/tidyr workflow, using rnorm, lead, map, and unnest to compute both covariance formulas across the requested sample sizes, and your written interpretation correctly notes that the two methods give (virtually) identical results.",There is no Exercise 7 in the provided lab; no work to grade.,There is no Exercise 8 in the provided lab; no work to grade.,,
37,22.5,"You completed most of the core coding tasks and obtained correct numerical results for the Markov chain and Monte Carlo exercises, and your covariance comparison is fully correct. The main gaps are in following the exact matrix-power workflow in Q1, using the correct 2-state transition matrix and full linear-system setup in Q2, and providing the required algebraic derivation (rather than code) in Q3. Addressing these process and explanation issues would bring your work fully in line with the rubric.",3.5,3,2,4.5,4.5,5,0,0,,,"You correctly defined P and computed 6 steps via repeated %*%, and your numeric answer (~74.85%) is accurate. However, the rubric expected use of the %^% operator and the indicator-vector multiplication workflow, so process fidelity is only partial.","You set up a matrix and solved for a stationary distribution with a reasonable numeric answer (~23%), but the transition matrix P is incorrect (rows do not match the stated churn/start probabilities), and the second code chunk is left blank. This breaks the required (I−P)^T construction and full verification steps.","You implemented a full MH sampler in R, but the exercise required an algebraic derivation of the four acceptance probability cases. There is no written derivation of the formulas λ/(x+1), x/λ, λ/2, and 2/λ, so process and output are incomplete.","Your MH implementation for Poisson(20) with 2000 samples and comparison of sample vs theoretical quantiles is correct and follows the intended workflow. Minor issue: the chunk is set eval: false, so it would not actually run as written, which slightly reduces execution credit.","You correctly used matrix multiplication to get 1- and 2-year compositions and used matrix powers to obtain 20-year outcomes for good and risky loans, with accurate percentages (~76.5% and ~19.6%). One 20-year calculation uses P %*% (P %^% 19) instead of directly P %^% 20, which is equivalent but slightly off the expected pattern.","You reproduced the intended tibble workflow using set.seed, rnorm, purrr::map, dplyr::lead, and tidyr::unnest, and you correctly interpret that cov and alt_cov agree up to small numerical differences. This fully meets the rubric for code, process, and interpretation.",There is no Q7 in this lab; no work to grade.,There is no Q8 in this lab; no work to grade.,,
38,24,"You completed most of the core coding tasks correctly, especially for the Markov chain portfolio problem and the covariance comparison, and your MH implementation in Q4 is solid. The main gaps are in Q2’s matrix setup details and Q3, where the required algebraic derivation of the acceptance probabilities is missing. Tightening alignment with the requested workflows (e.g., using %^% in Q1 and showing symbolic steps in Q3) will help you capture full credit in future labs.",4,3.5,2,4.5,5,5,0,0,,,"You correctly defined P, iterated 6 steps with %*%, and summed non-churn states, getting the right probability. However, the rubric specifically asked to use P %^% 6 and the indicator-vector multiplication; not using %^% costs some process-fidelity credit.","You set up a valid 2x2 P and solved for the stationary distribution with qr.solve, checked pi %*% P and sum(pi), and reported ~23%. But the transition matrix entries are in the wrong positions (rows/columns swapped), and the second code chunk is left blank; this hurts process fidelity and clarity.","You implemented a full MH sampler and implicitly used the correct acceptance ratio, but the question asked for an algebraic derivation of the four explicit α(y|x) formulas. There is no step-by-step derivation of the four cases, so most process and accuracy credit is lost.","Your MH implementation for Poisson(20) with 2000 samples and x0=1 is correct and you compare sample quantiles to qpois in a table, matching the expected workflow. Minor issue: you don’t handle the x=0 boundary explicitly, which could cause occasional invalid proposals, so a small process penalty applies.","You correctly used the given P, computed 1- and 2-year portfolio compositions from the initial state, and used matrix powers to get 20-year outcomes for good and risky loans, reporting ~76.5% and ~19.6% paid in full. This matches the expected process and results.","You reproduced the intended tibble workflow with set.seed, rnorm, purrr::map, dplyr::lead, and tidyr::unnest, computing both cov and alt_cov across the required sample sizes, and clearly stated that the results are (virtually) identical. This fully meets the rubric.",There is no Q7 in this lab; no work to grade.,There is no Q8 in this lab; no work to grade.,,
39,21.5,"You completed most of the core coding tasks and obtained reasonable numerical answers for the Markov chain, MH sampling, loan portfolio, and covariance exercises. The main gaps are in following the exact matrix-power workflow for Q1, correctly specifying and solving the stationary distribution with the prescribed linear algebra steps in Q2, and providing the required algebraic derivation (rather than code) for the MH acceptance probabilities in Q3. Tightening alignment with the requested methods and fully completing all derivation/verification steps will strengthen future submissions.",3.5,3,1.5,4,4.5,5,0,0,,,"You correctly defined P and used repeated %*% with an initial state to get the 6‑step distribution and summed non‑churn states, with a reasonable numeric answer. However, the rubric expected use of the %^% operator and the indicator-vector multiplication workflow rather than a for-loop, so process fidelity is only partial.","You attempted to build the 2x2 matrix and solve for the stationary distribution, and your reported steady-state percent is close to the expected 23%. However, the transition matrix entries are mis-specified (rows do not match the problem description), A is hard-coded instead of using t(diag(2)−P), and the second code chunk is left blank, so the required linear-system workflow and verification steps are incomplete.","You implemented a full MH sampler in code, but the exercise required an algebraic derivation of the four acceptance probability cases, showing the ratios of Poisson probabilities and proposal probabilities. No written derivation or explicit case-by-case formulas (λ/(x+1), x/λ, λ/2, 2/λ) are provided, so process fidelity and output accuracy are largely missing.","You wrote a MH algorithm using a for-loop, runif, and the provided alpha function, generated 2000 samples from Poisson(20), and compared sample quantiles to qpois in a data frame, which matches the required workflow. Minor issues include not handling the x=0 boundary explicitly and using eval: false (so code wouldn’t run as-is), so a small deduction is applied.","You correctly used matrix multiplication with the initial portfolio to get 1- and 2-year compositions and used %^% to compute 20-year outcomes for good and risky loans, with results matching the expected percentages. One minor issue is the slightly convoluted computation of P20 for good loans instead of directly using P %^% 20, but overall the process and answers are correct.","You reproduced the intended tibble/purrr/dplyr/tidyr workflow, using rnorm, lead, map, and unnest to compute both covariance formulas across the specified sample sizes, and your written interpretation correctly notes that the two calculations are (virtually) identical. This fully meets the rubric for code, process, and interpretation.",There is no Exercise 7 in this lab; no work to grade.,There is no Exercise 8 in this lab; no work to grade.,,
40,24,"Most of the core computational tasks (Markov chains, MH sampling, and covariance comparison) are implemented correctly and show good understanding of the workflows. The main gaps are in Exercise 3, where the required algebraic derivation is missing, and some rubric-specific details (use of %^% in Q1, exact P and full workflow in Q2). Tightening alignment with the specified methods and providing the requested written derivations would bring this to full credit.",4,3.5,2,4.5,5,5,0,0,,,"You correctly defined P, iterated 6 steps with %*%, and summed non‑churn states, getting an appropriate probability. However, the rubric specifically asked to use P %^% 6 and the indicator-vector multiplication; not using %^% loses some process-fidelity credit.","You set up and solved for the stationary distribution correctly and verified pi %*% P ≈ pi and sum(pi)=1, with a reasonable steady-state subscriber percent. But the transition matrix P is mis-specified (rows should be [0.8,0.2] and [0.06,0.94]), and the second code chunk is left as placeholders, so the full prescribed workflow is not shown.","You implemented a general MH sampler in code, but this exercise required an algebraic derivation of the four acceptance-probability cases and explicit formulas (λ/(x+1), x/λ, λ/2, 2/λ) inside min(1,·). No written derivation or case-by-case formulas are provided, so only partial credit for engaging with MH ideas.","You wrote a valid MH algorithm using the provided alpha(), generated 2000 Poisson(20) samples from x0=1, and compared sample quantiles to qpois in a table. One minor issue is that the proposal allows y<0 when x=0, which is outside the intended state space; otherwise the process and outputs match the rubric well.","You correctly used matrix multiplication with the given P to get 1‑year and 2‑year portfolio compositions, and used P %^% 20 with appropriate initial vectors to find the 20‑year paid‑in‑full percentages for good and risky loans, with values matching the expected results.","You reproduced the intended tibble workflow with set.seed, rnorm, purrr::map, dplyr::lead, and tidyr::unnest, and clearly stated that cov and alt_cov agree up to tiny rounding error, which is exactly what was requested.",There is no Exercise 7 in this lab; no work to grade.,There is no Exercise 8 in this lab; no work to grade.,,
41,21.5,"You completed most of the core coding tasks correctly, especially for the MH sampling, loan portfolio Markov chain, and covariance comparison, and your numerical answers are in line with the solutions. The main gaps are in following the exact matrix‑power workflow in Q1, fully using the provided stationary‑distribution template in Q2, and providing the required algebraic derivation (rather than code) for the MH acceptance probabilities in Q3. Addressing those process and explanation issues would bring this submission very close to full credit.",3.5,3,1,4.5,4.5,5,0,0,,,"You defined P correctly and computed the 6‑step distribution and summed non‑churn states, but you used repeated %*% in a loop instead of P %^% 6 and did not use the indicator vector multiplication; numeric answer is essentially correct. To fully match the expected workflow, switch to P6 <- P %^% 6 and (c(1,0,0,0) %*% P6) %*% c(1,1,1,0).","You built a valid 2×2 transition matrix and solved for the stationary distribution with correct checks and steady‑state percentage, but the matrix P is transposed relative to the intended layout and the second code chunk is left blank. Fill in A <- t(diag(2) - P) |> rbind(c(1,1)), b, and pi in the provided chunk using qr.solve to align with the specified process.","You wrote a full MH sampler, but the question asked for an algebraic derivation of the four acceptance probability cases; no symbolic work or explicit formulas for the four cases are shown. Replace or supplement the code with step‑by‑step derivations yielding λ/(x+1), x/λ, λ/2, and 2/λ inside min(1,·) for the four specified cases.","Your MH implementation uses the provided alpha(), runs 2000 iterations from x0=1, and compares sample quantiles to qpois in a clear table, matching the expected workflow; code is marked eval: false but structurally correct. For full alignment, explicitly set.seed(8740) as in the template and ensure the proposal respects the x=0 special case (though it is unlikely to matter for λ=20).","You correctly computed 1‑ and 2‑year portfolio compositions and used matrix powers to get 20‑year outcomes for good and risky loans with accurate percentages. To fully match the rubric, use P %^% 2 for the 2‑year step and P %^% 20 consistently (rather than P %*% (P %^% 19)) and avoid redundant redefinitions of P.","You used set.seed, rnorm, purrr::map, dplyr::lead, and tidyr::unnest exactly as in the solution, producing a tibble of T, cov, and alt_cov over the required sample sizes and correctly noting that the two covariance calculations agree up to rounding. This fully meets the expected process and interpretation.",There is no Exercise 7 in this lab; no work to grade.,There is no Exercise 8 in this lab; no work to grade.,,
42,21.5,"You completed most of the core coding tasks and your numerical results for the Markov chain and MH exercises are in line with the solutions. The main gaps are in following the exact matrix‑power workflow in Q1, correctly specifying P and constructing A in Q2, and providing the requested algebraic derivation rather than code in Q3. Cleaning up eval flags and aligning more closely with the template steps would bring this to full credit.",3.5,3,1,4.5,4.5,5,0,0,,,"You defined P correctly and computed the 6‑step distribution and summed non‑churn states, but you used repeated %*% in a loop instead of P %^% 6 and did not use the indicator vector multiplication; numeric answer is essentially correct. To fully match the expected workflow, use P6 <- P %^% 6 and (c(1,0,0,0) %*% P6) %*% c(1,1,1,0).","You built a matrix P and solved for a stationary distribution with qr.solve and checked pi %*% P and sum(pi), but P is mis‑specified (rows should be [0.8,0.2] and [0.06,0.94]) and A is hard‑coded rather than computed as t(diag(2) - P); the second code chunk is left blank. This gives the right steady‑state percentage by coincidence but does not follow the required construction of A and P.","You wrote a full MH sampler implementation, but the exercise asked for an algebraic derivation of the four acceptance probability cases and the min(1,·) forms; no such symbolic derivation is shown. Provide step‑by‑step ratios for the four (x,y) cases to earn full credit.","You implemented an MH sampler with 2000 draws from Poisson(20), starting at 1, using the provided alpha() and compared sample quantiles to qpois; this matches the required workflow. Minor issue: the chunk is eval: false so it would not actually run as written; remove eval: false to ensure execution.","You correctly used matrix multiplication to get 1‑ and 2‑year portfolio compositions and used P %^% 20 (or equivalent) with appropriate initial states to get ~76.5% and ~19.6% paid in full after 20 years. One 20‑year calculation uses P %*% (P %^% 19) instead of directly P %^% 20, but it is algebraically equivalent; ensure all chunks are set to eval if you want them to execute.","You reproduced the intended tibble workflow with set.seed, rnorm, purrr::map, dplyr::lead, and tidyr::unnest, and computed both cov and alt_cov across the requested sample sizes. Your written interpretation correctly notes that the two covariance calculations agree up to small numerical differences.",There is no Exercise 7 in this lab; no work to grade.,There is no Exercise 8 in this lab; no work to grade.,,
43,22.5,"You completed most of the core Markov chain and Monte Carlo tasks, with correct code and reasonable interpretations for Exercises 1, 2, 4, 5, and 6. The main gap is Exercise 3, where the required algebraic derivations are missing, and there is no work for later exercises beyond 6. To improve, focus on following the exact requested workflow (e.g., using matrix powers and symbolic derivations) and ensure all exercises in the lab are addressed.",4,3.5,1,4.5,4.5,5,0,0,,,"You correctly defined P and computed the 6-step distribution and non-churn probability, with a reasonable numeric answer. However, the rubric expected use of the %^% operator for P^6 rather than iterating a loop, so you lose some process-fidelity credit.","You set up P correctly and used a linear system with an added constraint row to solve for the stationary distribution, and you checked pi*P and sum(pi). However, the matrix A was hard-coded rather than built as t(diag(2) - P) with rbind, and the second code chunk is left blank; this partially misses the expected workflow.","You wrote an MH sampler but did not show the requested algebraic derivations for the four acceptance-probability cases. The exercise required explicit symbolic work leading to λ/(x+1), x/λ, λ/2, and 2/λ inside min(1,·).","Your MH implementation for Poisson(20) follows the intended structure (set.seed, loop, runif proposals and accept/reject using alpha) and you compare sample and theoretical quantiles in a table. Minor differences from the template (e.g., not handling x=0 specially) are acceptable but slightly reduce process fidelity.","You correctly used matrix multiplication to get 1- and 2-year compositions and used matrix powers to obtain 20-year outcomes for good and risky loans, with accurate percentages. One 20-year calculation uses P %*% (P %^% 19) instead of directly P %^% 20, which is equivalent but slightly departs from the simpler expected pattern.","You reproduced the intended tibble/map/unnest workflow using rnorm, purrr::map, dplyr::lead, and tidyr::unnest, and you correctly interpreted that the two covariance calculations agree up to small numerical differences.","There is no content corresponding to an Exercise 7, so no points can be awarded.","There is no content corresponding to an Exercise 8, so no points can be awarded.",,
44,22.5,"You completed most of the core coding tasks correctly, especially for the MH sampling, Markov chain loan portfolio, and covariance comparison, and your numerical answers are in line with the solutions. The main gaps are in following the exact requested workflows (e.g., using %^% in Q1, the precise linear system setup in Q2) and providing the algebraic derivation for the MH acceptance probabilities in Q3. Tightening alignment with the specified steps and including full mathematical explanations where requested will strengthen future submissions.",4,3.5,1,4.5,4.5,5,0,0,,,"You correctly defined P and computed the 6‑step distribution and summed non‑churn states, but you used a loop instead of the required %^% operator from expm. The final probability is essentially correct, so only process fidelity is slightly off.","You set up P correctly and built A and b and solved for pi with qr.solve, and you checked pi %*% P and sum(pi). However, the transition matrix entries are in the wrong positions compared to the intended model, and the second code chunk is left as an empty template. This partially matches the required workflow but not fully.","You wrote a full MH sampler, but the question asked for an algebraic derivation of the four acceptance probability cases, which is missing. No step‑by‑step derivation or the requested formulas are shown.","Your MH implementation for Poisson(20) with 2000 samples and x0=1 is correct and you compare sample and theoretical quantiles in a data frame. You did not explicitly use the provided alpha function inside the loop, but the overall process and outputs match the rubric well.","You correctly use matrix multiplication to get 1‑ and 2‑year compositions and use matrix powers to get 20‑year outcomes for good and risky loans, with accurate percentages. One 20‑year calculation uses P %*% (P %^% 19) instead of directly P %^% 20, but this is mathematically equivalent; overall process is solid.","You reproduced the intended tibble/map/lead/unnest workflow exactly, using set.seed, rnorm, purrr::map, dplyr::lead, and tidyr::unnest, and you clearly state that cov and alt_cov agree up to rounding. This fully meets all criteria.",There is no Exercise 7 in the provided lab; no work to grade.,There is no Exercise 8 in the provided lab; no work to grade.,,
45,22,"You completed most of the core coding tasks for Markov chains, MH sampling, and the covariance comparison, and your numerical interpretations are generally correct. The main gaps are in the theoretical derivation for the MH acceptance probabilities and the mis-specified transition matrix in Exercise 2, plus missing work for Q7–Q8. Focus on matching the exact process requested in the rubric (e.g., required matrix forms and algebraic derivations) and ensuring all exercises are attempted.",4,3,1,4,5,5,0,0,,,"You correctly defined P and computed 6 steps via repeated %*%, then summed non-churn states and reported a reasonable probability. However, the rubric expected use of P %^% 6 and the indicator-vector multiplication, so process fidelity is slightly off.","You set up and solved for the stationary distribution correctly and verified pi %*% P and sum(pi). But the transition matrix P is mis-specified (rows should be [0.8,0.2] and [0.06,0.94]), and the second code chunk is left blank, so process and accuracy are only partially met.","You implemented a general MH sampler, but the question asked for an algebraic derivation of the four acceptance probability cases. No explicit case-by-case derivation or final formulas (λ/(x+1), x/λ, λ/2, 2/λ) are shown, so process and output requirements are not met.","Your MH implementation for Poisson(20) with 2000 samples and quantile comparison is structurally correct and uses the provided alpha() function. Minor issues: code is eval: false so not executed, and you don’t handle the x=0 boundary explicitly, but overall process and expected output structure are present.","You correctly used matrix multiplication and P %^% 20 to get 1-year, 2-year, and 20-year outcomes, and reported approximately 76.5% and 19.6% for good and risky loans paid in full. This matches the expected workflow and results.","You reproduced the intended tibble/map/lead/unnest workflow, using rnorm, purrr::map, dplyr::lead, and tidyr::unnest, and correctly stated that the two covariance calculations are (virtually) identical across sample sizes.",No content was provided for this question.,No content was provided for this question.,,
46,21.5,"You completed most of the core coding tasks, especially for the MH sampler, loan portfolio Markov chain, and covariance comparison, and your numerical answers there are consistent with the solutions. The main gaps are in the theoretical derivation for Exercise 3 and the partially incorrect/unfinished stationary distribution work in Exercise 2. Tightening alignment with the requested methods (e.g., using %^% where specified and fully answering derivation questions) will help on future labs.",3.5,3,1,4.5,4.5,5,0,0,,,"You defined P correctly and computed the 6‑step distribution and summed non‑churn states, with a reasonable numeric answer. However, the rubric expected use of the %^% operator rather than iterated %*%, so process fidelity is slightly off.","You set up P and solved for the stationary distribution with correct logic and a correct steady‑state percentage, but the matrix P is mis‑specified (rows should be [0.8,0.2] and [0.06,0.94]) and the second code chunk is left blank. This hurts both process fidelity and accuracy.","You wrote a full MH sampler, but the question asked for an algebraic derivation of the four acceptance probability cases. No case‑by‑case formulas (λ/(x+1), x/λ, λ/2, 2/λ) are shown, so the required derivation is missing.","Your MH implementation uses the provided alpha(), runs 2000 iterations from x0=1, and compares sample quantiles to qpois in a table, matching the intended workflow. Minor issue: eval is set to FALSE, so the code would not execute as written in the document.","You correctly compute 1‑ and 2‑year portfolio compositions and use matrix powers to get 20‑year outcomes for good and risky loans with accurate percentages. One 20‑year calculation uses P %*% (P %^% 19) instead of directly P %^% 20, which is slightly off the expected pattern but mathematically equivalent.","You reproduced the full tibble/map/lead/unnest workflow, computing both covariance formulas across the required sample sizes, and your written interpretation correctly notes they are (virtually) identical.",There is no Q7 in this lab; no work to grade.,There is no Q8 in this lab; no work to grade.,,
47,21.5,"You completed most of the core coding tasks and obtained reasonable numerical results for the Markov chain and MH exercises, and your covariance comparison is fully correct. The main gaps are in Q2 (matrix setup and incomplete second chunk) and Q3 (missing algebraic derivation in favor of code). Tightening alignment with the requested workflows and providing the requested mathematical work would raise your score.",3.5,3,1,4.5,4.5,5,0,0,,,"You defined P correctly and computed the 6‑step distribution and summed non‑churn states, with a reasonable numeric answer. However, the rubric expected use of the %^% operator rather than iterated %*%, so process fidelity is slightly off.","You set up P and solved for the stationary distribution with correct logic and a reasonable steady‑state percentage, but the transition matrix entries are misplaced (rows/columns swapped), and the second code chunk is left blank. This hurts both process fidelity and accuracy.","You wrote a full MH sampler, but the question asked for an algebraic derivation of the four acceptance probability cases. There is no step‑by‑step derivation or explicit formulas for the four cases, so process and output requirements are not met.","Your MH implementation uses the provided alpha function, runs 2000 iterations from x0=1, and compares sample and theoretical quantiles in a table, matching the intended workflow. Minor deviation from the template (no explicit set.seed label and eval=FALSE) is acceptable but could affect reproducibility.","You correctly use matrix multiplication and %^% to get 1‑year, 2‑year, and 20‑year outcomes, and your reported percentages for good and risky loans match expectations. One 20‑year calculation uses P %*% (P %^% 19) instead of P %^% 20, but numerically this is equivalent; overall process is solid.","You reproduced the provided tibble/map/lead/unnest workflow exactly, and your written interpretation correctly notes that the two covariance calculations agree up to small rounding error. This fully meets code, process, and interpretation criteria.",There is no Exercise 7 in the provided lab; no work to grade.,There is no Exercise 8 in the provided lab; no work to grade.,,
48,22.5,"You completed most of the coding tasks correctly, especially for the Markov chain simulations, MH sampling, and covariance comparison, and your numerical answers align well with the solutions. The main gap is Exercise 3, where a mathematical derivation was required instead of code, and some minor process deviations (e.g., not using %^% in Q1, partial template use in Q2). Focusing on matching the requested workflow and providing algebraic work when asked will help you capture the remaining points.",4,3.5,1,4.5,4.5,5,0,0,,,"You correctly defined P and computed the 6‑step distribution and summed non‑churn states, with a reasonable probability (~75%). However, the rubric expected use of the %^% operator from expm rather than iterating a loop, so process fidelity is slightly off.","You set up P correctly and built A and b to solve for the stationary distribution, obtaining the correct ~23% subscriber probability and checking pi %*% P and sum(pi). However, P is not in the canonical layout (rows/columns swapped), and the second code chunk is left as an empty template, so the workflow is only partially aligned with the rubric.","You wrote a full MH sampler, but the question asked for an algebraic derivation of the four acceptance probability cases. There is no symbolic derivation or explicit formulas for the four cases, so process and output requirements are not met.","Your MH implementation for Poisson(20) with 2000 samples and x0=1 is correct and you compare sample quantiles to qpois in a data frame. Minor issue: you do not handle the x=0 boundary as in the template, but overall the process and outputs match the rubric well.","You correctly use matrix multiplication to get 1‑ and 2‑year compositions and use matrix powers to compute 20‑year outcomes for good and risky loans, with probabilities matching the expected ~76.5% and ~19.6%. One minor deviation is computing P20 as P %*% (P %^% 19) in one chunk instead of directly P %^% 20, but the workflow is essentially correct.","You reproduced the intended tibble workflow with set.seed, rnorm, purrr::map, dplyr::lead, and tidyr::unnest, and you clearly state that cov and alt_cov agree up to rounding. This fully meets the code, process, and interpretation requirements.",There is no Exercise 7 in the provided lab; thus no work to grade for Q7.,There is no Exercise 8 in the provided lab; thus no work to grade for Q8.,,
49,21.5,"You completed most of the core coding tasks and produced reasonable numeric answers for the Markov chain, MH sampling, loan portfolio, and covariance exercises. The main gaps are in Exercise 2 (matrix setup and incomplete second chunk) and Exercise 3, where the required algebraic derivation is missing. Tightening alignment with the specified workflows (e.g., using %^% where requested and providing full symbolic work) will help you capture all available points.",3.5,3,1,4.5,4.5,5,0,0,,,"You defined P correctly and computed the 6‑step distribution and summed non‑churn states, with a reasonable numeric answer. However, the rubric expected use of the %^% operator for P^6 rather than iterated %*%, so process fidelity is slightly off.","You set up P and solved for the stationary distribution with qr.solve, checked pi %*% P and sum(pi), and reported ~23%. However, the transition matrix entries are mis‑placed (0.8 and 0.2 should be in the same row, likewise 0.06 and 0.94), and the second code chunk is left blank, so the process is only partially correct.","Instead of the requested algebraic derivation of the four acceptance probability cases, you provided an R implementation of an MH sampler. There is no step‑by‑step derivation showing the four cases and resulting formulas, so both process and final expressions are missing.","You implemented an MH sampler using the provided alpha function, drew 2000 samples from Poisson(20), and compared sample quantiles to qpois in a table, matching the expected workflow. Minor issue: the proposal step does not guard against negative states when x=0, but overall the process and outputs align well with the rubric.","You correctly used matrix multiplication to get 1‑ and 2‑year portfolio compositions and used P%^%20 (or equivalent) with appropriate initial states to find long‑run paid‑in‑full percentages for good and risky loans, with accurate numeric answers. One minor deviation is computing P20 for good loans via P %*% (P%^%19) instead of directly P%^%20, but the logic is sound.","You reproduced the intended tibble workflow with set.seed, rnorm, purrr::map, dplyr::lead, and tidyr::unnest, computing both cov and alt_cov across the specified sample sizes, and you correctly noted that the two covariance calculations agree up to small numerical differences.",There is no Exercise 7 in this lab; no work to grade.,There is no Exercise 8 in this lab; no work to grade.,,
50,21.5,"You completed most of the core coding tasks, especially for the MH sampler, Markov chain portfolio, and covariance comparison, and your numerical answers are generally correct. The main gaps are in Exercise 3, where the required algebraic derivation is missing, and in Exercise 2, where the transition matrix is mis‑specified and one guidance chunk is left blank. Review the exact matrix setup for two‑state chains and focus on showing algebraic steps when the question asks for a derivation.",3.5,3,1,4.5,4.5,5,0,0,,,"You defined P correctly and computed the 6‑step distribution and summed non‑churn states, with a reasonable numeric answer. However, the rubric expected use of the %^% operator for P^6 rather than iterated %*%, so process fidelity is slightly off.","You set up P and solved for the stationary distribution with qr.solve, checked pi %*% P and sum(pi), and reported ~23%. However, the transition matrix entries are misplaced (0.8 and 0.2 should be in the same row, and 0.06 and 0.94 in the other), and the second code chunk is left blank, so process and accuracy are only partially correct.","Instead of the requested algebraic derivation of the four acceptance probability cases, you provided an R implementation of an MH sampler. There is no written derivation showing the four cases and resulting formulas, so process and output criteria are not met.","You implemented an MH sampler using the provided alpha(), drew 2000 samples from Poisson(20) starting at 1, and compared sample quantiles to qpois in a table. This matches the expected workflow; minor deviation from the exact loop structure in the solution is acceptable.","You correctly used matrix multiplication with the given P to get 1‑ and 2‑year portfolio compositions and used P^20 with appropriate initial states to obtain ~76.5% and ~19.6% paid in full. One 20‑year calculation uses P %*% (P %^% 19) instead of directly P %^% 20, but this is mathematically equivalent.","You reproduced the intended tibble workflow using set.seed, rnorm, purrr::map, dplyr::lead, and tidyr::unnest to compute both covariance formulas across sample sizes, and your written interpretation correctly notes they are (virtually) identical.",There is no Exercise 7 in the provided lab; no work to grade.,There is no Exercise 8 in the provided lab; no work to grade.,,
