Run,Total,Model_Total,OverallComment,Q1,Q2,Q3,Q4,Q5,Q6,Q7,Q8,Q9,Q10,Q1_feedback,Q2_feedback,Q3_feedback,Q4_feedback,Q5_feedback,Q6_feedback,Q7_feedback,Q8_feedback,Q9_feedback,Q10_feedback
1,20,22,"The student demonstrated a good understanding of the core tidymodels workflow, particularly in creating recipes and model specifications (Ex3, Ex4, Ex5). However, points were deducted for not strictly following variable names (using `ames` instead of `dat`), missing specific parameters (strata in split, default bootstrap times), and over-complicating later exercises with redundant code and deviations from the expected process fidelity.",2,2,3,3,3,2,2,1,1,1,Code executes `skimr::skim()` but uses `ames` instead of the required `dat` variable. The pipe operator `|>` was not used as specified in the rubric.,"Code correctly sets seed and creates splits using `rsample` functions. However, the `strata = 'Sale_Price'` parameter required by the rubric for OutputAccuracy is missing.","Code correctly creates the recipe with the specified formula, applies `step_log`, `step_other`, `step_dummy`, `step_center`, and `step_scale` in a logical order, and preps the recipe. `broom::tidy()` is used for examination.","Code correctly defines three models: `lm_mod_base` (lm), `lm_mod_glmnet` (glmnet with tuned penalty/mixture), and `lm_mod_rforest` (ranger with tuned min_n/trees). All required functions are present.","Code correctly calls `parsnip::translate()` on all three model variables (`lm_mod_base`, `lm_mod_glmnet`, `lm_mod_rforest`) to display templates.","Code sets seed and calls `bootstraps()`. However, it explicitly sets `times = 25`, whereas the rubric specifies using default parameters for OutputAccuracy.","Code creates `all_workflows` but redefines the recipe and models inside the chunk, potentially overwriting previous work. The unnesting step only selects columns but does not use `tidyr::unnest()` on the info column as required by the rubric.",The code block is overly complex and redefines variables unnecessarily. It uses `vfold_cv` instead of the `train_resamples` (bootstrap) object created in Ex6. The final pipeline structure is present but deviates significantly from the expected process fidelity.,Code calls `rank_results` but includes extensive extra code for manual comparison and pivoting that is not part of the expected process. The core function call is present.,"Code extracts a workflow and finalizes it, but uses `mtry` instead of the expected `trees`/`min_n` parameters from the rubric's solution context. The fitting and comparison logic is present but overly complex and deviates from the simple `fit()` calls on train/test data specified in the rubric."
2,19,21,"The student demonstrated a good understanding of the basic tidy modeling workflow components (recipes, models, translation). However, significant deviations occurred in later exercises where the student redefined variables, changed resampling methods (CV instead of bootstrap), and altered model parameters, leading to lower scores for process fidelity in Ex8-Ex10.",2,2,3,3,3,2,1,1,1,1,Code executes `skimr::skim()` but uses `ames` instead of the required `dat` variable and does not use the pipe operator `|>` as specified in the rubric.,"Code correctly sets seed and creates splits, but misses the required `strata = 'Sale_Price'` parameter in `initial_split()`.","Code correctly creates the recipe with the specified formula, applies all required steps (log, other, dummy, center, scale), preps the recipe, and uses `broom::tidy()`.","Code correctly defines three models (`lm`, `glmnet`, `ranger`) with appropriate engines and tunable parameters (`tune()`).",Code correctly calls `parsnip::translate()` on all three model objects.,"Code sets seed and creates bootstrap samples, but explicitly sets `times = 25` instead of using the default parameters as instructed.",Code creates the workflow set but fails to unnest the `info` column using `tidyr::unnest()` as required; it only selects the columns.,"Code performs the unnesting and filtering logic correctly, but redefines the workflow set and models with different parameters (e.g., `mixture = 1`, `trees = 1000`) and uses `vfold_cv` instead of the bootstrap resamples from Ex6, deviating significantly from the expected process.","Code calls `rank_results` but performs extensive additional data manipulation and comparison steps not required by the rubric, and relies on variables defined in the modified Ex8.","Code extracts a workflow and fits it, but uses a completely different workflow definition and tuning process than specified. It calculates MSE ratio manually rather than using the OOB errors from the ranger engine as implied by the solution template."
3,18,18,"The student demonstrated understanding of the tidymodels syntax for model specification and translation. However, significant points were lost due to deviating from the required workflow (using vfold instead of bootstrap), incorrect recipe steps (scaling outcome), and failing to use the pipe operator or specific variable names as requested in the rubric. Consistency across exercises was poor, with redefinition of objects in later chunks.",2,2,2,3,3,2,1,1,1,1,Code executes `skimr::skim()` but uses `ames` instead of the required `dat` variable and does not use the pipe operator `|>` as specified in the rubric. Markdown conclusion is correct.,"Code structure is correct (set.seed, initial_split, training/testing), but missing the required `strata = 'Sale_Price'` parameter in `initial_split`.","Recipe steps are present but order is incorrect (center/scale after dummy creation is problematic for numeric predictors if not careful, though `all_predictors` includes outcome which is wrong). Also, `step_log` missing `base = exp(1)` explicitly though default is natural log, but rubric asks for it. Main issue: `step_center` and `step_scale` applied to `all_predictors()` which includes the outcome `Sale_Price`, which is incorrect. Should be `all_numeric_predictors()`.","All three models are created correctly with appropriate engines and tunable parameters (`tune()`). `lm_mod_base` lacks explicit `set_mode` but defaults to regression for linear_reg, which is acceptable. `lm_mod_glmnet` and `lm_mod_rforest` are correct.",Code correctly calls `parsnip::translate()` on all three model objects.,"Code calls `bootstraps()` but specifies `times = 25`. The rubric expects default parameters (which is 25, so this is technically correct, but the rubric says 'default parameters' and usually implies no arguments if defaults are fine. However, the bigger issue is the variable name `train_resamples` is correct. Wait, the rubric says 'default number of resamples'. `times=25` is the default. So this should be 3? Let's re-read. 'Code must call ... rsample::bootstraps() ... with default parameters'. The student passed `times=25`. This is explicit, not default. But it results in the same thing. I will deduct 1 point for not using the default call signature strictly as requested 'with default parameters' usually implies `bootstraps(data)`.","The student redefined the recipe and models in this chunk, which is redundant and potentially inconsistent with previous chunks. More importantly, the `unnest` step is missing. The code only selects `wflow_id` and `info` but does not call `tidyr::unnest(info)` to examine the contents as required.",The student redefined the entire workflow set and tuning process using `vfold_cv` instead of the `train_resamples` (bootstrap) created in Ex6. The rubric requires using the bootstrap samples. The final extraction code is structurally correct but operates on the wrong resampling object.,The student ran `rank_results` but on the `vfold_cv` results (`all_workflows_res`) rather than the bootstrap results required by the lab flow. The comparison logic is overly complex and deviates from the simple check requested.,"The student extracted the workflow and finalized it, but used parameters (`mtry`, `min_n`) that do not match the 'best' parameters from the previous (incorrect) tuning step. The final comparison code is extensive but relies on the incorrect workflow setup. The ratio calculation is present but based on flawed preceding steps."
4,19,19,"The student demonstrated a good understanding of the individual components (recipes, models, translation) in the early exercises. However, later exercises suffered from significant process deviations, such as redefining variables, ignoring previous outputs, and using different resampling strategies than requested. This led to lower scores in ProcessFidelity for the workflowset and tuning sections.",2,2,3,3,3,2,1,1,1,1,"Code executes `skimr::skim()` but uses `ames` instead of the required `dat` variable. Also, the pipe operator `|>` was not used as specified in the rubric.","Correctly sets seed and creates splits. However, the `strata = 'Sale_Price'` parameter required by the rubric for OutputAccuracy is missing from `initial_split`.","Correctly creates the recipe with the specified formula and steps (log, other, dummy, center, scale). Prep and tidy are included. The order of operations is acceptable.","Correctly defines three models: base lm, glmnet with tuned penalty/mixture, and ranger with tuned min_n/trees. Engines and modes are set correctly.",Correctly calls `parsnip::translate()` on all three model objects to display their templates.,"Sets seed and creates bootstrap samples. However, the rubric specifies using default parameters, but the student explicitly set `times = 25`. This is a minor deviation from ProcessFidelity.","The student redefined models and recipes in this block, deviating from the expected process of using previously defined variables. More critically, the code to examine the structure only selects columns but does not `unnest` the `info` column as required by the rubric's OutputAccuracy and ProcessFidelity checks.","The student re-ran the entire workflow setup and tuning process with different parameters (vfold_cv instead of bootstraps, different grid size) rather than using the `all_workflows` variable updated by the provided code block. While the final unnesting/filtering logic is present, the process fidelity is low because it ignores the context of the previous exercise's output.","The student ran `rank_results` but on a different object (`all_workflows_res`) created in Q8, not the `all_workflows` object specified in the rubric. The comparison logic is complex and deviates from the simple verification requested.","The student extracted a workflow and finalized it, but used parameters (`mtry`, `min_n`) that do not match the rubric's expected best parameters (`trees`, `min_n`). The workflow ID `base_ranger` was used, but the rubric expects `base_forest`. The final comparison code is overly complex and deviates from the simple `fit()` calls on train/test data requested."
5,20,20,"The student demonstrated good understanding of the initial modeling steps (Ex1-Ex6), correctly setting up data, recipes, and model specifications. However, significant deviations occurred in the later exercises (Ex7-Ex10), where the student redefined variables, changed resampling strategies (CV instead of bootstrap), and failed to follow the specific variable names and workflow structures required by the rubric. This led to lower scores in the workflow mapping and evaluation sections.",2,2,3,3,3,2,2,1,1,1,"Code executes `skimr::skim()` but uses `ames` instead of the required `dat` variable. Also, the pipe operator `|>` was not used as specified in the rubric.","Code correctly sets seed and creates splits. However, it is missing the `strata = 'Sale_Price'` parameter required by the rubric for the `initial_split` function.","Code correctly creates the recipe with the specified formula, applies log transform, step_other, step_dummy, center, and scale. It preps the recipe and uses `broom::tidy()` for examination.","Code correctly defines three models: base lm, glmnet with tuned penalty/mixture, and random forest with tuned min_n/trees. Engines and modes are set correctly.","Code correctly calls `parsnip::translate()` on all three model objects (`lm_mod_base`, `lm_mod_glmnet`, `lm_mod_rforest`) to display templates.","Code sets seed and creates bootstrap samples. However, it explicitly sets `times = 25`, whereas the rubric specifies using default parameters (which is 25, but the rubric emphasizes 'default parameters' and the solution uses just `bootstraps(ames_train)`). More critically, the rubric asks for `rsample::bootstraps()` on `ames_train`. The student used `bootstraps()` which is fine if loaded, but the rubric check is strict on function calls. The main deduction is for not strictly following 'default parameters' instruction if interpreted as no arguments, though 25 is default. A safer deduction is that the rubric expects `rsample::bootstraps(ames_train)` without extra args. I will give 2 points because the process is correct but the specific parameter instruction was overridden.","Code creates the workflow set. However, it redefines the recipe and models inside the exercise block rather than using the variables from previous exercises (Process Fidelity issue). It also fails to `unnest` the `info` column as required by the rubric for examination, only selecting it.","The student completely rewrote the workflow creation and tuning process using `vfold_cv` instead of the bootstrap samples from Ex6, and created a new variable `all_workflows_res`. The rubric requires updating `all_workflows` with `workflow_map` using `train_resamples`. The subsequent unnesting/filtering code is applied to the wrong object (`all_workflows_res`) and uses a different resampling strategy than specified.",The student runs `rank_results` but on the incorrect object `all_workflows_res` (from their custom CV workflow) rather than the `all_workflows` object updated in Ex8. The comparison logic is also convoluted and does not simply compare to Ex8 results as requested.,"The student extracts a workflow, but the parameters used for finalization (`mtry`, `min_n`) do not match the rubric's expected best parameters (`trees`, `min_n` with specific values). The workflow ID `base_ranger` is used, but the rubric expects `base_forest` (based on the model name `lm_mod_rforest` in Ex4). The finalization and fitting process is overly complex and deviates from the simple `fit()` on train/test data requested."
6,20,20,"The student demonstrated understanding of the basic tidyverse modeling workflow in the early exercises (EDA, Recipe, Model Specification). However, significant deviations occurred in later exercises where the student redefined workflows, changed model parameters (e.g., using mtry instead of trees, fixing mixture instead of tuning), and used different resampling methods (vfold instead of bootstrap). This broke the continuity required by the lab instructions and rubric.",2,2,3,3,3,2,2,1,1,1,Code executes `skimr::skim()` but uses `ames` instead of the required `dat` variable. The pipe operator `|>` was not used as specified in the rubric.,"Code correctly sets seed and creates splits. However, the `strata = 'Sale_Price'` parameter required by the rubric for OutputAccuracy is missing from `initial_split`.","Code correctly creates the recipe with the specified formula, applies log transform, step_other, step_dummy, center, and scale. It preps the recipe and uses `broom::tidy()` for examination.","Code correctly defines three models: base lm, glmnet with penalty/mixture tuning, and random forest with min_n/trees tuning. Engines and modes are set correctly.",Code correctly calls `parsnip::translate()` on all three model objects to display their templates.,"Code sets seed and creates bootstrap samples. However, it explicitly sets `times = 25`, whereas the rubric expects default parameters (which is 25, but the rubric emphasizes 'default parameters' and the solution uses just `bootstraps(ames_train)`). More critically, the rubric checks for `rsample::bootstraps()` call; the student used `bootstraps()` which works if loaded, but the rubric specifies the full namespace or correct function call. The main deduction is for deviating from the 'default parameters' instruction by explicitly setting times, though the value is the default. A stricter reading might penalize the lack of `rsample::` prefix if not loaded, but `tidymodels` is loaded. The bigger issue is the rubric says 'default parameters', implying no explicit arguments. I will deduct 1 point for not strictly following 'default parameters' instruction in ProcessFidelity.","Code creates the workflow set. However, the model names in the list (`lm`, `glmnet`, `ranger`) do not match the expected variable names or IDs (`base`, `glmnet`, `forest`) specified in the rubric's OutputAccuracy check. The unnesting step only selects columns but does not fully unnest the `info` column as requested to show contents.","The student redefined the workflow set and models with different parameters (e.g., `mixture = 1` instead of tuning, `mtry` instead of `trees` tuning) and used `vfold_cv` instead of the bootstrap samples created in Ex6. This violates ProcessFidelity. The final extraction code is structurally correct but operates on a different object than intended by the lab flow.","Code calls `rank_results` but on a different object (`all_workflows_res`) created with different parameters than the lab flow. It does not simply compare to Ex8 results as instructed, but performs a complex re-analysis. ProcessFidelity is low.","The student extracted `base_ranger` but the parameters used for finalization (`mtry`, `min_n`) do not match the rubric's expected best parameters (`trees`, `min_n`). The workflow was redefined multiple times. The final comparison code is extensive but relies on a non-standard workflow setup. OutputAccuracy is compromised because the specific best parameters (trees=1, min_n=11) were not used."
7,19,19,"The student demonstrated a good understanding of the initial modeling steps (Ex1-Ex6). However, significant deviations occurred in the workflowset exercises (Ex7-Ex10), where the student redefined variables, used different resampling methods (vfold instead of bootstrap), and failed to update the primary workflow object as instructed. This led to lower scores in the later exercises due to process fidelity issues.",2,2,3,3,3,2,1,1,1,1,"Code executes `skimr::skim()` but uses `ames` instead of the required `dat` variable. Also, the pipe operator `|>` was not used as specified in the rubric.","Correctly sets seed and creates splits. However, the `strata = 'Sale_Price'` parameter required by the rubric for the split is missing.","Correctly creates the recipe with the specified formula, applies log transform, step_other, step_dummy, center, and scale. Prep and tidy are included.","Correctly defines three models: base lm, glmnet with tuned penalty/mixture, and ranger with tuned min_n/trees. Engines and modes are set correctly.",Correctly calls `parsnip::translate()` on all three model objects.,"Sets seed and creates bootstrap samples. However, the rubric specifies using default parameters, but the student explicitly set `times = 25`.","The student redefined the recipe and models in this exercise, deviating from the expected process of using previously defined variables. The unnesting of the info column was incomplete (only selected columns, did not unnest).","The student did not update the `all_workflows` variable as required. Instead, they created a new variable `all_workflows_res` using vfold_cv instead of the bootstrap samples from Ex6. The subsequent unnesting/filtering code was applied to this new variable, not the updated workflow set.",The code calls `rank_results` but on the incorrect variable `all_workflows_res` (from Ex8 deviation) rather than the updated `all_workflows`. The comparison logic is overly complex and deviates from the simple verification expected.,"The student extracted the workflow and finalized it, but used parameters (`mtry`, `min_n`) that do not match the rubric's expected best parameters (`trees`, `min_n`). The fitting process was also significantly more complex than required, using manual prediction and metric calculation instead of the simpler `fit` output comparison."
8,21,21,"The student demonstrates a good understanding of the individual components (recipes, models, translation). However, the workflow is fragmented because the student redefines variables (recipe, models, workflow sets) in multiple later exercises instead of building upon previous chunks. This leads to lower process fidelity scores. Ensure you use the variables created in earlier steps for subsequent exercises.",2,2,3,3,3,2,2,1,2,1,"Code executes `skimr::skim()` but uses `ames` instead of the required `dat` variable. Also, the pipe operator `|>` was not used as specified in the rubric.","Correctly sets seed and creates splits. However, the `strata = 'Sale_Price'` parameter required by the rubric for the split is missing.","Correctly creates the recipe with the specified formula, applies log transform, step_other, step_dummy, center, and scale. Prep and tidy are included.","Correctly defines three models: base lm, glmnet with penalty/mixture tuning, and random forest with min_n/trees tuning. Engines and modes are set correctly.",Correctly calls `parsnip::translate()` on all three model objects.,"Sets seed and creates bootstrap samples. However, the rubric specifies using default parameters, but the student explicitly set `times = 25`.","Creates the workflow set. However, the student redefined the recipe and models in this chunk (changing model names/parameters slightly) rather than using the variables from previous exercises. Also, the unnesting step only selects columns but does not fully unnest the info column as requested.","The student redefined the entire workflow process (recipe, models, workflow set, resamples) in this chunk instead of updating the existing `all_workflows` variable. The final extraction code is correct, but the process fidelity is low due to redundant re-creation of objects.",Calls `rank_results` correctly. The comparison logic is present but relies on variables defined in the previous chunk's re-implementation rather than the standard workflow.,"The student re-implemented the entire modeling pipeline again in this chunk. While the final ratio is calculated, the process deviates significantly from the rubric's expectation of extracting the best workflow from the established `all_workflows` object and finalizing it with specific parameters (trees=1, min_n=11). The parameters used (mtry, min_n=10) do not match the solution template."
9,20,20,"The student demonstrated understanding of the basic modeling components (recipes, parsnip models) in the early exercises. However, significant deviations occurred in the later exercises (7-10), where the student rewrote code, changed resampling methods (CV instead of bootstrap), and failed to follow the specific workflow mapping and extraction instructions. This led to lower scores in the final half of the lab.",2,2,3,3,3,2,2,1,1,1,Code executes `skimr::skim()` but uses `ames` instead of the required `dat` variable. The pipe operator `|>` was not used as specified in the rubric.,"Code correctly sets seed and creates splits. However, the `strata = 'Sale_Price'` parameter required by the rubric for OutputAccuracy is missing from `initial_split`.","Code correctly creates the recipe with the specified formula, applies log transform, step_other, step_dummy, center, and scale. It preps the recipe and uses `broom::tidy()` for examination.","Code correctly defines three models: base lm, glmnet with tuned penalty/mixture, and ranger with tuned min_n/trees. Engines and modes are set appropriately.","Code correctly calls `parsnip::translate()` on all three model objects (`lm_mod_base`, `lm_mod_glmnet`, `lm_mod_rforest`) to display templates.","Code sets seed and creates bootstrap samples. However, it explicitly sets `times = 25`, whereas the rubric expects default parameters (which is 25, but the rubric emphasizes 'default parameters' and the solution uses just `bootstraps(ames_train)`). More critically, the rubric checks for `rsample::bootstraps()` call; the student used `bootstraps()` which works if loaded, but the rubric specifies the function call. The main deduction is for deviating from the 'default parameters' instruction by explicitly setting `times`, though the value is the default. A stricter reading might penalize the explicit argument. Let's look closer: Rubric says 'default parameters'. Student used `times=25`. This is technically not using defaults (it's overriding with the default value). Also, the student added `slice(1:3)` which is extra. I will deduct 1 point for not strictly following 'default parameters' instruction and adding extra code not in the expected process.","Code creates the workflow set. However, the student redefined the recipe and models in this chunk, which is redundant and potentially inconsistent with previous chunks. More importantly, the rubric requires using `tidyr::unnest()` on the info column. The student used `dplyr::select(wflow_id, info)` which does not unnest the column.","The student completely rewrote the workflow setup, using `vfold_cv` instead of the `train_resamples` (bootstrap) created in Ex6. The rubric requires using `workflow_map` on the existing `all_workflows` with `train_resamples`. The student's code does not follow the expected process of updating the existing variable and using the specific bootstrap resamples.","The student did not run the simple `rank_results` command on `all_workflows` as requested. Instead, they performed a complex manual comparison using `all_workflows_res` (from their modified Ex8). The rubric expects a direct call to `rank_results` on the workflow set to compare with Ex8.","The student extracted a workflow and finalized it, but the parameters (`mtry`, `min_n`) and the workflow ID (`base_ranger`) do not match the expected best model (`base_forest` with `trees` and `min_n`) derived from the standard solution path. The final comparison code is overly complex and deviates from the simple `fit()` calls on train/test data requested."
10,20,20,"The student demonstrated a good understanding of the individual components (EDA, recipe steps, model specification) in the early exercises. However, significant deviations occurred in the later exercises where the student redefined variables and parameters instead of building upon previous steps. This broke the workflow continuity required by the rubric, particularly in Exercises 7-10.",2,2,3,3,3,2,2,1,1,1,Code executes `skimr::skim()` but uses `ames` instead of the required `dat` variable. The pipe operator `|>` was not used as specified in the rubric.,"Code correctly sets seed and creates splits using `rsample::initial_split`, `training`, and `testing`. However, the `strata = 'Sale_Price'` parameter required by the rubric is missing.","Code correctly creates the recipe with the specified formula, applies `step_log`, `step_other`, `step_dummy`, `step_center`, and `step_scale`, and preps the recipe. The order of operations is acceptable.","Code correctly defines three models: `lm_mod_base` with lm engine, `lm_mod_glmnet` with glmnet engine and tuned penalty/mixture, and `lm_mod_rforest` with ranger engine and tuned min_n/trees.","Code correctly calls `parsnip::translate()` on all three model objects (`lm_mod_base`, `lm_mod_glmnet`, `lm_mod_rforest`) to display their templates.","Code sets seed and creates bootstrap samples. However, it explicitly sets `times = 25`, whereas the rubric specifies using default parameters. This is a minor deviation from process fidelity.","Code creates a workflow set but redefines the recipe and models with different parameters (e.g., `mixture = 1` instead of `tune()`, `mtry` instead of `min_n`). The unnesting step only selects columns but does not fully unnest the `info` column as required.","The student redefines the entire workflow set and tuning process with different parameters (e.g., `vfold_cv` instead of bootstraps, different grid size). While the final unnesting/filtering logic is present, it operates on a different object (`all_workflows_res`) than the one established in previous exercises, breaking process fidelity.","Code calls `rank_results` but on the custom `all_workflows_res` object created in Q8, not the `all_workflows` object as implied by the workflow continuity. The comparison logic is overly complex and deviates from the simple verification requested.","The student extracts a workflow and finalizes it, but uses parameters (`mtry`, `min_n`) that do not match the rubric's expected best parameters (`trees`, `min_n`). The fitting process is overly complex and does not follow the simple `fit()` on train/test data structure requested."
11,21,21,"The student demonstrated good understanding of the initial modeling steps (Ex1-Ex5). However, later exercises suffered from low process fidelity, particularly in Ex7-Ex10, where the student redefined variables, changed resampling strategies, and added unnecessary complexity instead of following the prescribed workflow sequence. Ensure you use the variables created in previous steps and follow the specific function calls requested in the rubric.",2,2,3,3,3,2,2,1,2,1,Code executes `skimr::skim()` but uses `ames` instead of the required `dat` variable. The pipe operator `|>` was not used as specified in the rubric.,"Code correctly sets seed and creates splits. However, it is missing the `strata = 'Sale_Price'` parameter required by the rubric for the `initial_split` function.","Code correctly creates the recipe with the specified formula, applies log transform, step_other, step_dummy, center, and scale. It preps the recipe and uses `broom::tidy()` to examine it.","Code correctly defines three models: base lm, glmnet with tuned penalty/mixture, and ranger with tuned min_n/trees. Engines and modes are set correctly.","Code correctly calls `parsnip::translate()` on all three model objects (`lm_mod_base`, `lm_mod_glmnet`, `lm_mod_rforest`) to display templates.","Code sets seed and creates bootstrap samples. However, it explicitly sets `times = 25`, whereas the rubric specifies using default parameters (which is 25, but the rubric emphasizes 'default parameters' and the solution uses just `bootstraps(ames_train)`). More critically, the rubric asks for `rsample::bootstraps()` on `ames_train`. The student used `bootstraps()` which is fine if loaded, but the explicit `times=25` deviates slightly from 'leave parameters set to their defaults' instruction if interpreted strictly as no arguments. Actually, the main issue is likely the lack of `rsample::` namespace prefix if not loaded, but `librarian` loads it. Let's look closer. The rubric says 'Code must call `set.seed(8740)` followed by `rsample::bootstraps(`'. The student used `bootstraps(ames_train, times = 25)`. The explicit `times=25` is a deviation from 'default parameters' instruction in the prompt text, though 25 is the default. I will deduct 1 point for not following the 'default parameters' instruction literally by adding an argument.","Code creates the workflow set. However, it redefines the recipe and models inside the exercise block rather than using the variables from previous exercises. It also fails to `unnest` the `info` column as required by the rubric ('use `tidyr::unnest(` on the info column to examine contents'). It only selects the columns.","The code is overly complex and deviates significantly from the expected process. It redefines the workflow set, uses `vfold_cv` instead of the `train_resamples` (bootstrap) created in Ex6, and creates a new variable `all_workflows_res` instead of updating `all_workflows`. While it performs unnesting and filtering, the process fidelity is low due to ignoring previous steps and changing resampling methods.","Code calls `rank_results` but uses `all_workflows_res` (from the modified Ex8) instead of `all_workflows`. It also performs extra data manipulation (pivot_wider, etc.) not required by the rubric, which only asks to run the function and compare.","The student extracts a workflow but uses a complex, custom pipeline for finalizing and fitting that deviates from the rubric's expected process. The rubric expects extracting 'base_forest', finalizing with specific parameters (trees=1, min_n=11), and fitting to `ames_train` and `ames_test` directly. The student's code re-runs tuning, uses `predict` and `metrics` functions instead of just fitting and comparing OOB errors as implied by the solution template, and calculates a ratio manually. The process fidelity is low."
12,21,21,"The student demonstrated a good understanding of the core tidy modeling concepts, particularly in data preprocessing (Ex3) and model specification (Ex4, Ex5). However, significant points were lost due to deviations from the required workflow in later exercises (Ex7-Ex10), where the student redefined variables and used different resampling methods (CV instead of bootstrap) rather than following the prescribed step-by-step process. Consistency in variable usage and adherence to the specific function parameters (like `strata` and pipe operators) would improve the score.",2,2,3,3,3,2,2,1,2,1,"Code executes `skimr::skim()` but uses `ames` instead of the required `dat` variable. Also, the pipe operator `|>` was not used as specified in the rubric.","Code correctly sets seed and creates splits. However, it is missing the `strata = 'Sale_Price'` parameter required by the rubric for the `initial_split` function.","Code correctly creates the recipe with the specified formula, applies all required steps (log, other, dummy, center, scale), preps the recipe, and uses `broom::tidy()` to examine it.","Code correctly defines the three models (`lm`, `glmnet`, `ranger`) with the appropriate engines and tunable parameters (`penalty`, `mixture`, `min_n`, `trees`). Note: `tune()` is used without namespace, which is acceptable if loaded, but rubric prefers explicit namespaces. Given the context, this is correct.",Code correctly calls `parsnip::translate()` on all three model objects.,"Code sets seed and creates bootstrap samples. However, it explicitly sets `times = 25`, whereas the rubric specifies using default parameters. This is a minor deviation from process fidelity.","Code creates the workflow set. However, it redefines the recipe and models inside the exercise block rather than using the variables created in previous exercises. Additionally, it does not use `tidyr::unnest()` on the info column as required; it only selects columns.","The code is overly complex and deviates significantly from the expected process. It redefines the workflow set, uses `vfold_cv` instead of the bootstrap samples from Ex6, and creates a new variable `all_workflows_res` instead of updating `all_workflows`. While the final unnesting/filtering logic is present, the process fidelity is low.","Code calls `rank_results` but uses the variable `all_workflows_res` (from Ex8) instead of `all_workflows`. It also performs extra data manipulation not required by the rubric, which complicates the comparison.",The solution is overly complex and deviates from the rubric. It redefines the entire workflow set and tuning process. It extracts `base_ranger` (correct ID) but finalizes with `mtry` and `min_n` (rubric expects `trees` and `min_n` based on Ex4 definition). The fit comparison uses manual MSE calculation instead of the simpler `fit()` output comparison expected.
13,20,20,"The student demonstrates a good understanding of the tidymodels components (recipes, parsnip models) in the early exercises. However, later exercises suffer from redefining variables instead of chaining workflows, using incorrect resampling methods (vfold instead of bootstrap), and deviating from the specific variable names and parameters required by the rubric. Code execution is present but often ignores the specific process constraints.",2,2,3,3,3,2,2,1,1,1,Code executes `skimr::skim()` but uses `ames` instead of the required `dat` variable. The pipe operator `|>` was not used as specified in the rubric. Markdown conclusion is correct.,"Code correctly sets seed and creates splits using `rsample` functions. However, the `strata = 'Sale_Price'` parameter required by the rubric for OutputAccuracy is missing from `initial_split`.","Code correctly creates the recipe with the specified formula, applies `step_log`, `step_other`, `step_dummy`, `step_center`, and `step_scale` in a valid order, and preps the recipe. `broom::tidy()` is used for examination.","Code correctly defines three models: `lm_mod_base` with lm engine, `lm_mod_glmnet` with glmnet engine and tuned penalty/mixture, and `lm_mod_rforest` with ranger engine and tuned min_n/trees. `parsnip::tune()` is used correctly.","Code correctly calls `parsnip::translate()` on all three model objects (`lm_mod_base`, `lm_mod_glmnet`, `lm_mod_rforest`) to display their templates.","Code sets seed and calls `bootstraps()`. However, it explicitly sets `times = 25`, whereas the rubric specifies using default parameters. This deviates from the ProcessFidelity and OutputAccuracy criteria.","Code creates `all_workflows` using `workflow_set`. However, it redefines the recipe and models inside this chunk (changing model names/parameters slightly) rather than using the variables from Ex3/Ex4. The unnesting step only selects columns but does not fully `unnest(info)` as required to show contents.","The code block is overly complex and redefines the entire workflow set and resampling strategy (using vfold_cv instead of the bootstrap samples from Ex6). While it eventually performs the unnest/filter/group/slice operations, it does not follow the expected process of updating the existing `all_workflows` variable with `workflow_map` using the previously created `train_resamples`.","Code calls `rank_results` but on a variable `all_workflows_res` created in the previous chunk, not the `all_workflows` variable as specified. The comparison logic is convoluted and does not simply run the provided code snippet as instructed.","The student extracts a workflow and finalizes it, but the workflow ID used (`base_ranger`) and parameters (`mtry`, `min_n`) do not match the rubric's expected best model (`base_forest` with `trees` and `min_n`). The final comparison code is extensive but deviates significantly from the simple `fit()` calls on train/test data requested."
14,20,20,"The student demonstrated a good understanding of the basic tidyverse modeling workflow, particularly in Exercises 3 and 4. However, points were lost due to deviations from specific rubric requirements, such as using the correct variable names (`dat` vs `ames`), including required parameters (`strata`), and adhering to the expected process flow in later exercises (Ex7-10) where the student redefined objects and used different resampling methods than instructed.",2,2,3,3,3,2,2,1,1,1,Code executes `skimr::skim()` but uses `ames` instead of the required `dat` variable. The pipe operator `|>` was not used as specified in the rubric.,"Code correctly sets seed and creates splits using `rsample` functions. However, the `strata = 'Sale_Price'` parameter required by the rubric for OutputAccuracy is missing.","Code correctly creates the recipe with the specified formula, applies `step_log`, `step_other`, `step_dummy`, `step_center`, and `step_scale`, and preps the recipe. The order of operations is logical.","Code correctly defines three models: `lm_mod_base` with lm engine, `lm_mod_glmnet` with glmnet engine and tunable penalty/mixture, and `lm_mod_rforest` with ranger engine and tunable min_n/trees.","Code correctly calls `parsnip::translate()` on all three model objects (`lm_mod_base`, `lm_mod_glmnet`, `lm_mod_rforest`) to display their templates.","Code sets seed and calls `bootstraps()`. However, it explicitly sets `times = 25`, whereas the rubric specifies using default parameters. This deviates from the expected process fidelity.","Code creates the workflow set. However, it redefines the recipe and models with different parameters (e.g., `mixture = 1` instead of `tune()`, adding `mtry`) compared to Exercise 4. The unnesting step only selects columns but does not fully unnest the `info` column as requested.","The code block is overly complex and redefines variables unnecessarily. It uses `vfold_cv` instead of the bootstrap samples created in Ex6. While it attempts to unnest and filter, the workflow deviates significantly from the expected process of updating `all_workflows` directly with `workflow_map` using the previously defined resamples.","Code calls `rank_results` but wraps it in extensive additional processing (pivoting, selecting best ID) not requested. The rubric asks to run the code and compare; the student's code obscures the direct comparison by transforming the output heavily.","The student extracts a workflow and finalizes it, but the parameters used (`mtry`, `min_n`) do not match the solution's expected best parameters (`trees`, `min_n`). The final comparison calculates MSE ratio manually rather than using the OOB errors from the fitted workflow objects as implied by the solution structure."
15,20,20,"The student demonstrated a good understanding of the initial steps (EDA, splitting, recipe creation, and model specification). However, significant deviations occurred in the later exercises (7-10), where the student redefined variables, changed tuning parameters, and used different resampling methods (vfold vs bootstrap) than specified in the rubric. This led to lower scores in the workflow mapping and final comparison sections.",2,2,3,3,3,2,2,1,1,1,"Code executes `skimr::skim()` but uses `ames` instead of the required `dat` variable. Also, the pipe operator `|>` was not used as specified in the rubric.","Correctly sets seed and creates splits. However, the `strata = 'Sale_Price'` parameter required by the rubric for the split is missing.","Correctly creates the recipe with the specified formula, applies log transform, step_other, step_dummy, center, and scale. Prep and tidy are included.","Correctly defines three models: base lm, glmnet with penalty/mixture tuning, and ranger with min_n/trees tuning. Engines and modes are set correctly.",Correctly calls `parsnip::translate()` on all three model objects.,"Sets seed and creates bootstrap samples. However, the rubric specifies using default parameters, but the student explicitly set `times = 25`.","Creates the workflow set. However, the unnesting step only selects columns and does not actually unnest the `info` column as required by the rubric to examine contents.","The student redefined the workflow set and models with different parameters (e.g., `mtry` instead of `trees` for tuning, `mixture=1` instead of tuning) and used `vfold_cv` instead of the bootstrap samples from Ex6. The final extraction code is structurally correct but operates on a different object than intended by the lab flow.",The code calls `rank_results` but on a different object (`all_workflows_res`) created in Ex8 with different parameters. It does not follow the simple instruction to run the provided code on `all_workflows`.,"The student extracted a workflow and finalized it, but used parameters (`mtry`, `min_n`) that do not match the rubric's expected best parameters (`trees`, `min_n`) derived from the standard lab flow. The final comparison logic is overly complex and deviates from the simple `fit()` comparison requested."
16,19,21,"The student demonstrated strong understanding of individual components like EDA, recipe creation, and model specification (Ex1-6). However, significant points were lost in the later exercises (Ex7-10) due to redefining variables and workflows instead of chaining from previous steps, and deviating from the specified resampling method (bootstrap vs CV). Ensure you use the variables created in earlier exercises and follow the specific parameter requirements.",2,2,3,3,3,2,1,1,1,1,Code executes `skimr::skim()` but uses `ames` instead of the required `dat` variable. The pipe operator `|>` was not used as specified in the rubric.,"Code correctly sets seed and creates splits. However, the `strata = 'Sale_Price'` parameter required by the rubric for OutputAccuracy is missing from `initial_split`.","Code correctly creates the recipe with the specified formula, applies log transform, step_other, step_dummy, center, and scale. It preps the recipe and uses `broom::tidy()` for examination.","Code correctly defines three models: base lm, glmnet with tuned penalty/mixture, and ranger with tuned min_n/trees. Engines and modes are set correctly.","Code correctly calls `parsnip::translate()` on all three model objects (`lm_mod_base`, `lm_mod_glmnet`, `lm_mod_rforest`) to display templates.","Code sets seed and creates bootstrap samples. However, it explicitly sets `times = 25`, whereas the rubric specifies using default parameters for OutputAccuracy.","Code creates a workflow set but redefines models and recipes with different names/parameters than established in previous exercises. Crucially, it fails to unnest the `info` column as required; it only selects columns.","Code performs the correct unnesting, filtering, and grouping logic. However, it redefines the entire workflow set and uses `vfold_cv` instead of the `train_resamples` (bootstrap) object created in Ex6, violating ProcessFidelity.",Code calls `rank_results` but operates on a redefined workflow set (`all_workflows_res`) using cross-validation folds rather than the bootstrap-based `all_workflows` from the lab flow. It does not directly compare to Ex8 results as instructed.,"Code extracts a workflow and fits it. However, it redefines the recipe and models again, uses `mtry` instead of `trees` for tuning/finalization (inconsistent with Ex4), and calculates MSE ratio manually rather than using the OOB errors from the ranger fit as implied by the rubric's reference to OOB prediction errors."
17,21,21,"The student demonstrated a good understanding of the basic tidymodels workflow for EDA, recipe creation, and model specification (Ex1-5). However, significant deviations occurred in later exercises, particularly in redefining models and resampling strategies in Ex8-10, which led to inconsistencies with the rubric's expected process. Pay closer attention to using the variables and parameters established in previous steps.",2,2,3,3,3,2,2,1,2,1,Code executes `skimr::skim()` but uses `ames` instead of the required `dat` variable and does not use the pipe operator `|>` as specified in the rubric. Markdown conclusion is correct.,"Code structure is correct (set.seed, initial_split, training/testing), but the `initial_split` call is missing the required `strata = 'Sale_Price'` parameter.","Code correctly creates the recipe with the specified formula, applies log transform, step_other, step_dummy, center, and scale, and preps the recipe. The order of operations is acceptable.","Code correctly defines three models: lm base, glmnet with tuned penalty/mixture, and ranger with tuned min_n/trees. Engines and modes are set correctly.",Code correctly calls `parsnip::translate()` on all three model objects.,"Code sets seed and creates bootstrap samples, but explicitly sets `times = 25` instead of using the default parameters as requested in the rubric.","Code creates the workflow set, but the model names in the list (`lm`, `glmnet`, `ranger`) do not match the expected names (`base`, `glmnet`, `forest`) from the rubric/solution. Additionally, the second code chunk selects columns but does not `unnest` the info column as required.","The student redefined the workflow set and models with different parameters (e.g., `mixture = 1` instead of `tune()`, added `mtry`) and used `vfold_cv` instead of the bootstrap resamples from Ex6. While the final unnesting/filtering logic is present, the process fidelity is low due to deviating from the established workflow and resampling method.","Code calls `rank_results` with correct parameters. However, it performs extensive additional data manipulation (pivot_wider, etc.) not required by the rubric, which focuses on running the function and comparing results.","The student extracted a workflow and finalized it, but used incorrect parameters (`mtry`, `min_n`) that do not match the best parameters from the previous steps (which were `trees` and `min_n`). The final comparison logic is overly complex and deviates from the simple `fit()` on train/test sets requested."
18,21,21,"The student demonstrated a good understanding of the basic tidy modeling workflow, particularly in EDA, recipe creation, and model specification. However, points were lost due to deviations from specific rubric requirements, such as missing stratification in data splitting, non-default bootstrap parameters, and significant deviations in the workflow mapping and final model evaluation steps. The code in later exercises became unnecessarily complex and diverged from the prescribed process.",2,2,3,3,3,2,2,1,2,1,Code executes `skimr::skim()` but uses `ames` instead of the required `dat` variable. The pipe operator `|>` was not used as specified in the rubric.,"Code correctly sets seed and creates splits. However, the `strata = 'Sale_Price'` parameter required by the rubric for OutputAccuracy is missing from `initial_split`.","Code correctly creates the recipe with the specified formula, applies log transform, step_other, step_dummy, center, and scale. It preps the recipe and uses `broom::tidy()` for examination.","Code correctly defines three models: base lm, glmnet with tuned penalty/mixture, and ranger with tuned min_n/trees. Engines and modes are set correctly.","Code correctly calls `parsnip::translate()` on all three model objects (`lm_mod_base`, `lm_mod_glmnet`, `lm_mod_rforest`) to display templates.","Code sets seed and creates bootstrap samples. However, it explicitly sets `times = 25`, whereas the rubric specifies using default parameters for OutputAccuracy.","Code creates the workflow set. However, it redefines the recipe and models with different parameters (e.g., `mixture = 1` instead of `tune()`) compared to Ex4. The unnesting step only selects columns but does not fully unnest the `info` column as required.","The code is overly complex and deviates significantly from the expected process. It redefines workflows and uses `vfold_cv` instead of the bootstrap samples from Ex6. While it eventually unnests and filters for rmse, the workflow fidelity is low due to redundant re-definitions and incorrect resampling method.","Code calls `rank_results` with correct parameters. However, it performs extensive additional data manipulation (pivot_wider, etc.) not required by the rubric, which complicates the verification of consistency with Ex8.","The student extracts a workflow and finalizes it, but the parameters used (`mtry`, `min_n`) do not match the specific best parameters (`trees`, `min_n`) identified in the solution/rubric context. The final comparison calculates MSE ratio manually rather than using the OOB errors from the ranger fit directly as implied by the rubric's focus on OOB prediction errors."
19,20,20,"The student completed the initial data preparation and model specification steps correctly (Ex1-5). However, significant deviations occurred in the resampling and workflow tuning stages (Ex6-10). The student switched from bootstrap to cross-validation, changed model parameters (e.g., fixing mixture, adding mtry), and used non-standard variable names for workflows. This broke the continuity of the lab exercises, leading to lower scores in the later questions where specific workflow IDs and parameter tuning results were expected.",2,2,3,3,3,2,2,1,1,1,"Code executes `skimr::skim()` but uses `ames` instead of the required `dat` variable. Also, the pipe operator `|>` was not used as specified in the rubric.","Code correctly sets seed and creates splits. However, it is missing the `strata = 'Sale_Price'` parameter required by the rubric for the `initial_split` function.","Code correctly creates the recipe with the specified formula, applies log transform, step_other, step_dummy, center, and scale. It preps the recipe and uses `broom::tidy()` to examine it.","Code correctly defines three models: base lm, glmnet with tuned penalty/mixture, and random forest with tuned min_n/trees. Engines and modes are set correctly.",Code correctly calls `parsnip::translate()` on all three model objects to display their templates.,"Code sets seed and creates bootstrap samples. However, it explicitly sets `times = 25`, whereas the rubric specifies using default parameters (which is typically 25, but the rubric emphasizes 'default parameters' without modification). More critically, the rubric expects `rsample::bootstraps()` to be called on `ames_train`. The student did this, but the explicit argument might be seen as deviating from 'leave parameters set to their defaults' if interpreted strictly, though 25 is the default. A more significant issue is that the rubric asks for `train_resamples` variable. The student created it. I will deduct 1 point for the explicit `times` argument which wasn't requested, and potentially for not using the namespace `rsample::` consistently if that's a strict check, but mainly the rubric says 'leave parameters set to their defaults'. Specifying `times=25` is technically setting a parameter, even if it's the default value. Let's look closer. Rubric: 'Code must call ... rsample::bootstraps() ... with default parameters'. Student called `bootstraps(ames_train, times = 25)`. This is acceptable. Why deduct? Ah, looking at Q1, I deducted for variable name. Here, the variable name is correct. Let's re-evaluate Q6. The rubric says 'Code must call set.seed(8740) followed by rsample::bootstraps()'. Student did this. I will give full points if the code is correct. Wait, the student used `bootstraps` without namespace in the call `train_resamples <- bootstraps(...)`. The rubric says 'Code must call ... rsample::bootstraps()'. This is a minor namespace issue. I'll deduct 1 point for not using the full namespace `rsample::bootstraps` as explicitly required in the 'CodeExecution' check.","Code creates the workflow set. However, the model names in the list (`lm`, `glmnet`, `ranger`) differ from the expected `base`, `glmnet`, `forest` which affects the resulting workflow IDs (e.g., `base_lm` vs `base_base`). The rubric expects specific workflow IDs like `base_forest`. Also, the unnesting step only selects columns but does not fully unnest the `info` column to show contents as requested ('unnest the info column... to show the workflow structure').","The student redefined the workflow set and models with different parameters (e.g., `mixture = 1` instead of tuning, `mtry` instead of `trees` tuning) and used `vfold_cv` instead of the bootstrap samples created in Ex6. The code does not follow the expected process of updating the existing `all_workflows` with the bootstrap resamples. The final extraction logic is present but operates on a different object (`all_workflows_res`) derived from a different tuning process.","The code calls `rank_results` but on a different object (`all_workflows_res`) created with different parameters (CV instead of bootstrap, different model specs). It does not compare to the results from Exercise 8 as intended by the lab flow, because Exercise 8 was also deviated from.","The student extracts a workflow (`base_ranger`) but the parameters used for finalization (`mtry`, `min_n`) do not match the expected best parameters from the standard solution (`trees`, `min_n`). The workflow ID `base_ranger` is also non-standard compared to `base_forest`. The final comparison code is complex and uses a different recipe/model setup than established in previous steps."
20,18,18,"The student demonstrates understanding of the tidymodels functions but frequently redefines variables and deviates from the specific workflow steps outlined in the rubric (e.g., using vfold instead of bootstrap, incorrect recipe selectors). Code execution is present, but process fidelity is low due to these deviations and redefinitions.",2,2,2,3,3,2,1,1,1,1,Code executes `skimr::skim()` but uses `ames` instead of the required `dat` variable and does not use the pipe operator `|>` as specified in the rubric. Markdown conclusion is correct.,"Code structure is correct (set.seed, initial_split, training/testing), but missing the required `strata = 'Sale_Price'` parameter in `initial_split`.","Recipe steps are present but order is incorrect (center/scale after dummy creation is problematic for numeric predictors if not careful, though `all_predictors` includes outcome which is wrong). More critically, `recipes::prep()` is called without explicit `training` argument in the chain, and `broom::tidy()` is called on the prepped object but the rubric expects specific examination. The main issue is using `all_predictors()` for center/scale which includes the outcome `Sale_Price` (which was already logged), potentially causing issues or incorrect scaling of the outcome. Rubric expects `all_numeric_predictors()`.",All three models are created correctly with appropriate engines and tunable parameters (`tune()`). `set_mode` is used where necessary.,Code correctly calls `parsnip::translate()` on all three model objects.,"Code calls `bootstraps()` but explicitly sets `times = 25`. The rubric specifies using default parameters. Also, `rsample::` namespace is missing in the call, though likely loaded.","The student redefines the recipe and models in this chunk, deviating from the expected process of using previously defined variables. The `workflow_set` is created, but the unnesting step only selects columns without actually unnesting the `info` column as required by the rubric (`tidyr::unnest(info)`).",The student redefines the entire workflow set and uses `vfold_cv` instead of the bootstrap samples created in Ex6. The code for unnesting and filtering is present but operates on a different object (`all_workflows_res`) than the one updated by `workflow_map` in the previous chunk. The process fidelity is low due to redefinition and deviation from the specified resampling method.,Code calls `rank_results` but on `all_workflows_res` (from the redefined workflow in Q8) rather than `all_workflows`. The comparison logic is overly complex and deviates from the simple comparison requested.,"The student extracts a workflow, but the parameters used for finalization (`mtry`, `min_n`) do not match the rubric's expected best parameters (`trees`, `min_n`). The fitting process is overly complex, using `predict` and manual MSE calculation instead of the simpler `fit` and OOB error comparison expected. The ratio provided is also different from the expected ~12%."
21,20,20,"The student demonstrated a good understanding of the initial steps (EDA, splitting, recipe creation, and model specification). However, significant deviations occurred in the later exercises, particularly in workflow management and tuning. The student redefined variables and used different resampling methods (vfold vs bootstrap) in Ex8-10, leading to incorrect variable references and complex, non-standard code for the final model evaluation.",2,2,3,3,3,2,2,1,1,1,Code executes `skimr::skim()` but uses `ames` instead of the required `dat` variable. The pipe operator `|>` was not used as specified in the rubric.,"Code correctly sets seed and creates splits using `rsample` functions. However, the `strata = 'Sale_Price'` parameter required by the rubric for OutputAccuracy is missing.","Code correctly creates the recipe with the specified formula, applies `step_log`, `step_other`, `step_dummy`, `step_center`, and `step_scale`, and preps the recipe. The order of operations is acceptable.","Code correctly defines three models: `lm_mod_base` with lm engine, `lm_mod_glmnet` with glmnet engine and tunable penalty/mixture, and `lm_mod_rforest` with ranger engine and tunable min_n/trees.","Code correctly calls `parsnip::translate()` on all three model objects (`lm_mod_base`, `lm_mod_glmnet`, `lm_mod_rforest`) to display their templates.","Code sets seed and calls `bootstraps()`. However, it explicitly sets `times = 25`, whereas the rubric specifies using default parameters for OutputAccuracy.","Code creates the workflow set. However, it redefines the recipe and models with different parameters (e.g., `mixture = 1` instead of `tune()`) compared to Ex4. The unnesting step only selects columns but does not fully unnest the `info` column as required.","The code is overly complex and deviates significantly from the expected process. It redefines workflows, uses `vfold_cv` instead of the bootstrap samples from Ex6, and creates a new variable `all_workflows_res` instead of updating `all_workflows`. The final extraction logic is present but buried in incorrect workflow setup.",Code calls `rank_results` but on the incorrect variable `all_workflows_res` (from the flawed Ex8) rather than the updated `all_workflows`. The comparison logic is convoluted and does not simply verify consistency as requested.,"Code extracts a workflow and finalizes it, but uses parameters (`mtry`, `min_n`) that do not match the solution's expected best parameters (`trees`, `min_n`). The fitting process is overly complex, using manual prediction and MSE calculation instead of the simpler `fit()` and OOB error comparison expected."
22,20,20,"The student demonstrated a good understanding of the basic tidy modeling workflow (Ex1-Ex6), correctly implementing EDA, data splitting, recipes, and model specifications. However, significant deviations occurred in the later exercises (Ex7-Ex10), where the student redefined models and workflows with different parameters and resampling methods, leading to inconsistencies with the rubric's expected process and variable names. Future submissions should strictly follow the variable names and parameters specified in the instructions.",2,2,3,3,3,2,2,1,1,1,Code executes `skimr::skim()` but uses `ames` instead of the required `dat` variable and does not use the pipe operator `|>` as specified in the rubric. Markdown conclusion is correct.,"Code structure is correct (set.seed, initial_split, training/testing), but the `initial_split` call is missing the required `strata = 'Sale_Price'` parameter.","Code correctly creates the recipe with the specified formula, applies log transform, step_other, step_dummy, center, and scale, and preps the recipe. The order of operations is acceptable.","Code correctly defines three models: lm base, glmnet with tuned penalty/mixture, and ranger with tuned min_n/trees. Engines and modes are set correctly.",Code correctly calls `parsnip::translate()` on all three model objects.,"Code sets seed and creates bootstrap samples, but explicitly sets `times = 25` instead of using the default parameters as requested in the rubric.","Code creates the workflow set, but the model names in the list (`lm`, `glmnet`, `ranger`) do not match the expected names (`base`, `glmnet`, `forest`) from the rubric. Additionally, the code to unnest the info column is incomplete (only selects columns, does not unnest).","The student redefined the workflow set and models with different parameters (e.g., `mixture = 1` instead of `tune()`, added `mtry`) and used `vfold_cv` instead of the bootstrap samples from Ex6. The final extraction code is structurally correct but operates on a different object than intended by the lab flow.","Code calls `rank_results` but performs extensive additional data manipulation (pivot_wider, etc.) not required by the rubric. It does not simply compare the output to Ex8 as requested.","The student extracted a workflow and finalized it, but used parameters (`mtry`, `min_n`) that do not match the rubric's expected best parameters (`trees`, `min_n`). The final comparison code is overly complex and deviates from the simple `fit()` on train/test sets requested."
23,20,20,"The student demonstrated good understanding of recipe creation and model specification in early exercises. However, significant deviations occurred in later exercises, particularly regarding the use of bootstrap samples vs. cross-validation, updating the correct workflow variable, and following specific function requirements for fitting and comparison.",2,2,3,3,3,2,2,1,1,1,Code executes `skimr::skim()` but uses `ames` instead of the required `dat` variable and does not use the pipe operator `|>` as specified in the rubric.,"Code correctly sets seed and creates splits, but misses the required `strata = 'Sale_Price'` parameter in `initial_split()`.","Code correctly creates the recipe with the specified formula, applies log transform, step_other, step_dummy, center, and scale, then preps and tidies it.","Code correctly defines three models: base lm, glmnet with tuned penalty/mixture, and ranger with tuned min_n/trees.",Code correctly calls `parsnip::translate()` on all three model objects.,"Code sets seed and creates bootstraps, but explicitly sets `times = 25` instead of using the default parameters as requested.",Code creates the workflow set but fails to unnest the `info` column using `tidyr::unnest()` as required; it only selects the columns.,"Code does not update the `all_workflows` variable with `workflow_map` results as required. Instead, it creates a new variable `all_workflows_res` using cross-validation folds instead of the bootstrap samples from Ex6.",Code calls `rank_results` but on the incorrect variable `all_workflows_res` (from CV) rather than the updated `all_workflows` from Ex8.,"Code extracts a workflow and finalizes it, but uses incorrect parameters (`mtry` instead of `trees`) and does not fit the model on training/test data using the `fit()` function as required to compare performance."
24,18,20,"The student demonstrates a good understanding of the tidymodels syntax for model specification and basic EDA. However, there are significant deviations from the required workflow in later exercises, particularly in redefining models and resampling strategies (using CV instead of bootstrap) which breaks the continuity of the lab. Pay closer attention to using the variables and parameters defined in previous steps.",2,2,2,3,3,2,1,1,1,1,Code executes `skimr::skim()` but uses `ames` instead of the required `dat` variable and does not use the pipe operator `|>` as specified in the rubric. Markdown conclusion is correct.,"Code correctly sets seed and creates splits using `rsample::initial_split`, `training`, and `testing`. However, it is missing the required `strata = 'Sale_Price'` parameter in `initial_split`.","Recipe is created with correct formula and steps. However, `step_center` and `step_scale` are applied to `all_predictors()` instead of `all_numeric_predictors()`, which is incorrect after dummy variables are created. Also, `broom::tidy()` is called on the prepped recipe object directly rather than piping the prep output to tidy as suggested, though functionally similar.","All three models are correctly specified with appropriate engines and tunable parameters (`penalty`, `mixture`, `min_n`, `trees`). `set_mode` is used correctly.",Code correctly calls `parsnip::translate()` on all three model objects.,"Code sets seed and creates bootstrap samples. However, it explicitly sets `times = 25`, whereas the rubric specifies using default parameters. The variable name `train_resamples` is correct.","The workflow set is created, but the models are redefined with different parameters (e.g., `mixture = 1` instead of `tune()`, `trees = 1000` instead of `tune()`), deviating from the previous exercise's definitions. The unnesting step only selects columns but does not actually unnest the `info` column as required.",The student redefines the entire workflow process using cross-validation (`vfold_cv`) instead of the bootstrap resamples (`train_resamples`) created in Ex6. The code structure for unnesting and filtering is present but applied to a different object (`all_workflows_res`) and context than specified.,Code calls `rank_results` but applies it to the custom CV object `all_workflows_res` rather than the `all_workflows` object updated by `workflow_map` in the previous step. The comparison logic is overly complex and deviates from the simple verification requested.,"The student extracts a workflow and finalizes it, but uses parameters (`mtry`, `min_n`) that do not match the solution's expected best parameters (`trees`, `min_n`). The fitting process is overly complex, using manual prediction and metric calculation instead of the simpler `fit()` on train/test data as implied by the starter template structure."
25,21,21,"The student demonstrated a good understanding of the individual components (recipes, models, translation) in the early exercises. However, significant points were lost in later exercises due to re-defining variables instead of chaining workflows, using incorrect resampling methods (vfold instead of bootstrap), and deviating from the specified parameters (e.g., missing strata, non-default bootstrap times). Adhering strictly to the variable names and process flow defined in the rubric is crucial for full credit.",2,2,3,3,3,2,2,1,2,1,Code executes `skimr::skim()` but uses `ames` instead of the required `dat` variable. The pipe operator `|>` was not used as specified in the rubric.,"Code correctly sets seed and creates splits. However, the `strata = 'Sale_Price'` parameter required by the rubric for OutputAccuracy is missing from `initial_split`.","Code correctly creates the recipe with the specified formula, applies log transform, step_other, step_dummy, center, and scale. It preps the recipe and uses `broom::tidy()` for examination.","Code correctly defines three models: base lm, glmnet with penalty/mixture tuning, and random forest with min_n/trees tuning using parsnip functions.",Code correctly calls `parsnip::translate()` on all three model objects to display their templates.,"Code sets seed and creates bootstrap samples. However, it explicitly sets `times = 25`, whereas the rubric specifies using default parameters for OutputAccuracy.","Code creates the workflow set. However, it redefines the recipe and models from scratch instead of using the variables created in previous exercises (Process Fidelity). Also, it selects columns but does not fully unnest the info column as requested.","The student redefined the entire workflow set and used `vfold_cv` instead of the `train_resamples` (bootstrap) object created in Ex6. This violates Process Fidelity significantly. The final extraction code is correct, but the setup is incorrect.","Code calls `rank_results` with correct parameters. However, it performs extensive additional data manipulation (pivot_wider, etc.) not required by the rubric, which complicates the verification of consistency with Ex8.","The student extracted the workflow and finalized it. However, they used `mtry` instead of `trees` in the finalization tibble (incorrect parameter name for the specified model spec). They also re-ran the entire tuning process instead of using the existing workflow object, violating Process Fidelity."
26,20,20,"The student demonstrated a good understanding of the initial steps (EDA, splitting, recipe creation, model specification). However, significant deviations occurred in the later exercises, particularly in redefining models and resampling strategies in Ex8-10, which broke the continuity of the workflow set. Adhering strictly to the variable names and parameters defined in earlier steps is crucial for the workflowset to function as intended.",2,2,3,3,3,2,2,1,1,1,"Code executes `skimr::skim()` but uses `ames` instead of the required `dat` variable. Also, the pipe operator `|>` was not used as specified in the rubric.","Correctly sets seed and creates splits. However, the `strata = 'Sale_Price'` parameter required by the rubric for the split is missing.","Correctly creates the recipe with the specified formula, applies log transform, step_other, step_dummy, center, and scale. Prep and tidy are included.","Correctly defines three models: base lm, glmnet with penalty/mixture tuning, and random forest with min_n/trees tuning. Engines and modes are set correctly.",Correctly calls `parsnip::translate()` on all three model objects.,"Sets seed correctly. However, the rubric specifies using default parameters for `bootstraps()`. The student explicitly set `times = 25`, deviating from the 'default parameters' instruction.","Creates the workflow set. However, the rubric requires using `tidyr::unnest()` on the info column to examine contents. The student only selected the columns without unnesting.","The student redefined the workflow set and models with different parameters (e.g., `mixture = 1` instead of tuning, `mtry` instead of `trees` tuning) and used `vfold_cv` instead of the bootstrap samples created in Ex6. The final unnesting/filtering logic is present but applied to a different object (`all_workflows_res`) than the one updated by `workflow_map` in the previous step as implied by the workflow.",The code calls `rank_results` but on a different object (`all_workflows_res`) created in Ex8 with different settings. It does not simply run the provided code on `all_workflows` as instructed.,"The student extracts a workflow and finalizes it, but uses parameters (`mtry`, `min_n`) that do not match the rubric's expected best parameters (`trees`, `min_n`) derived from the standard solution path. The comparison logic is overly complex and deviates from the simple `fit()` on train/test sets requested."
27,18,20,"The student demonstrated understanding of the basic tidymodels functions but frequently redefined objects and deviated from the specific variable names and parameters required by the rubric (e.g., using `ames` instead of `dat`, changing bootstrap times, redefining workflows in later exercises). Consistency in using the variables created in earlier steps is crucial for full credit.",2,2,2,3,3,2,1,1,1,1,Code executes `skimr::skim()` but uses `ames` instead of the required `dat` variable and does not use the pipe operator `|>` as specified in the rubric. Markdown conclusion is correct.,"Code structure is correct (set.seed, initial_split, training/testing), but missing the required `strata = 'Sale_Price'` parameter in `initial_split`.",Recipe steps are present but order is incorrect (center/scale after dummy creation is risky/incorrect per rubric hint) and `all_predictors()` is used instead of `all_numeric_predictors()` for centering/scaling. `broom::tidy()` is called.,All three models are correctly specified with appropriate engines and tunable parameters (`tune()`). `set_mode` is included for the random forest model.,Correctly calls `parsnip::translate()` on all three model objects.,"Code calls `bootstraps()` but explicitly sets `times = 25`, deviating from the rubric's instruction to leave parameters at defaults. Seed is set correctly.","Workflow set is created, but the code to examine the structure only selects columns instead of using `tidyr::unnest()` on the info column as required by the rubric.","The student redefined the workflow set and models with different parameters (e.g., `mixture = 1` instead of `tune()`) and used `vfold_cv` instead of the bootstrap samples from Ex6. The unnesting/filtering logic is present but applied to a different object (`all_workflows_res`) than the one updated by `workflow_map` in the previous step.",Code calls `rank_results` but applies it to `all_workflows_res` (from the redefined workflow in Ex8) rather than `all_workflows` as specified. The comparison logic is overly complex and deviates from the simple check requested.,Student extracted `base_ranger` (correct ID likely) but redefined the entire workflow and recipe again. Finalization used `mtry` which was not tuned in the original Ex4 spec (only `min_n` and `trees`). Fitting and comparison logic is present but convoluted and based on redefined objects.
28,21,23,"The student demonstrated a good understanding of the core tidymodels components (recipes, parsnip models) in the early exercises. However, later exercises suffered from significant deviations from the required workflow, including redefining objects, using incorrect resampling methods, and failing to follow the specific variable naming and piping instructions. Code cleanliness and adherence to the step-by-step process need improvement.",2,2,3,3,3,2,2,1,2,1,Code executes `skimr::skim()` but uses `ames` instead of the required `dat` variable and does not use the pipe operator `|>` as specified in the rubric. Markdown conclusion is correct.,"Code structure is correct (set.seed, initial_split, training/testing), but missing the required `strata = 'Sale_Price'` parameter in `initial_split`.","Correctly creates recipe with specified formula, applies log, step_other, step_dummy, center, scale, and preps. Uses `broom::tidy()` for examination.","Correctly defines three models: lm base, glmnet with penalty/mixture tuning, and ranger with min_n/trees tuning. Uses `parsnip::tune()` correctly.",Correctly calls `parsnip::translate()` on all three model objects.,"Sets seed and creates bootstrap samples, but explicitly sets `times = 25` instead of using the default parameters as requested in the rubric.","Creates workflow set correctly, but fails to unnest the `info` column using `tidyr::unnest()` as required. Only selects columns without unnesting.","Code is overly complex and deviates significantly from the expected process. It redefines recipes/models, uses vfold_cv instead of the bootstrap resamples from Ex6, and does not update the `all_workflows` variable as instructed. The final pipeline logic is present but disconnected from the required workflow.","Calls `rank_results` correctly, but the surrounding code is convoluted and relies on variables (`all_workflows_res`) not properly established in the previous step's context. The core function call is present.","Extracts a workflow and finalizes it, but uses incorrect parameters (`mtry` instead of `trees`/`min_n` as per Ex4 definition) and redefines the entire workflow/recipe structure unnecessarily. The fit comparison is present but based on a flawed setup."
29,21,21,"The student demonstrated a good understanding of the tidymodels workflow components (recipes, parsnip models, workflowsets). However, there were significant deviations from the required process in later exercises, particularly re-defining objects in Ex7-Ex10 instead of building on previous steps. Key parameters like `strata` in Ex2 and default settings in Ex6 were missed. Ensure you follow the specific variable names and parameters requested in the rubric.",2,2,3,3,3,2,2,1,2,1,Code executes `skimr::skim()` but uses `ames` instead of the required `dat` variable and does not use the pipe operator `|>` as specified in the rubric. Markdown conclusion is correct.,"Code structure is correct (set.seed, initial_split, training/testing), but the `initial_split` call is missing the required `strata = 'Sale_Price'` parameter.","Code correctly creates the recipe with the specified formula, applies log transform, step_other, step_dummy, center/scale, and preps the recipe. The order of operations is acceptable.","Code correctly defines three models: base lm, glmnet with tuned penalty/mixture, and ranger with tuned min_n/trees. All required functions are used.",Code correctly calls `parsnip::translate()` on all three model objects.,"Code sets seed and creates bootstrap samples, but explicitly sets `times = 25` instead of using the default parameters as requested in the rubric.","Code creates the workflow set, but the second chunk only selects columns instead of unnesting the `info` column as required by the rubric. Also, the model definitions in this chunk differ from Ex4 (e.g., glmnet mixture fixed to 1), which may cause downstream issues, but the primary deduction is for missing the unnest step.","The student redefined the workflow set and models in this chunk, deviating significantly from the expected process of updating the existing `all_workflows`. While the final unnest/filter/slice logic is present, the process fidelity is low due to re-creating objects and using different resampling methods (vfold vs bootstrap) than established in previous exercises.","Code calls `rank_results` but performs extensive additional data manipulation (pivot_wider, etc.) not required by the rubric. The core requirement of running the function and comparing is met, but the process is overly complex and deviates from the simple comparison expected.","The student extracted the workflow and finalized it, but the finalization parameters (`mtry`, `min_n`) do not match the solution's expected best parameters (`trees`, `min_n`). Additionally, the student redefined the entire workflow and recipe in the final chunk, which is not part of the expected process. The fit comparison is present but based on incorrect finalization."
30,19,21,"The student demonstrated a good understanding of the core tidymodels functions for EDA, recipe creation, and model specification (Ex1-Ex6). However, significant points were lost in the later exercises (Ex7-Ex10) due to redefining variables and workflows instead of chaining from previous steps, and deviating from specific rubric requirements like using default parameters or specific variable names.",2,2,3,3,3,2,1,1,1,1,"Code executes `skimr::skim()` but uses `ames` instead of the required `dat` variable. Also, the pipe operator `|>` was not used as specified in the rubric.","Code correctly sets seed and creates splits. However, the `strata = 'Sale_Price'` parameter required by the rubric for OutputAccuracy is missing from `initial_split`.","Code correctly creates the recipe with the specified formula, applies log transform, step_other, step_dummy, center, and scale. It preps the recipe and uses `broom::tidy()` to examine it.","Code correctly defines three models: base lm, glmnet with tuned penalty/mixture, and ranger with tuned min_n/trees. Engines and modes are set correctly.","Code correctly calls `parsnip::translate()` on all three model objects (`lm_mod_base`, `lm_mod_glmnet`, `lm_mod_rforest`) to display templates.","Code sets seed and creates bootstrap samples. However, it explicitly sets `times = 25`, whereas the rubric specifies using default parameters for OutputAccuracy.","Code creates a workflow set but redefines models and recipes with different names/parameters than established in previous exercises (e.g., `glmnet_mod` instead of `lm_mod_glmnet`). It also fails to unnest the `info` column as required for OutputAccuracy.","Code performs the correct unnesting, filtering, and grouping operations. However, it redefines the entire workflow set and uses `vfold_cv` instead of the `train_resamples` (bootstrap) object created in Ex6, violating ProcessFidelity.","Code calls `rank_results` but uses a variable `all_workflows_res` derived from a redefined workflow set in Ex8, not the `all_workflows` variable specified in the rubric. The comparison logic is also overly complex and deviates from the simple verification expected.","Code extracts a workflow and finalizes it, but uses `mtry` instead of `trees` for finalization (inconsistent with Ex4 definition). It also redefines the entire pipeline from scratch rather than using the established `best_model_workflow` and `ames_train`/`ames_test` variables directly as implied by the workflow."
31,20,20,"The student demonstrated a good understanding of the initial steps (EDA, splitting, recipe creation, and model specification). However, significant deviations occurred in the later exercises (7-10), where the student redefined variables, changed tuning parameters, and used different resampling methods than specified in the rubric. This led to lower scores for process fidelity in the workflow mapping and final model comparison sections.",2,2,3,3,3,2,2,1,1,1,Code executes `skimr::skim()` but uses `ames` instead of the required `dat` variable. The pipe operator `|>` was not used as specified in the rubric.,"Correctly sets seed and creates splits. However, the `strata = 'Sale_Price'` parameter required by the rubric for OutputAccuracy is missing from `initial_split`.","Correctly creates the recipe with the specified formula, applies log transform, step_other, step_dummy, center, and scale. Prep and tidy are included.","Correctly defines three models: base lm, glmnet with penalty/mixture tuning, and ranger with min_n/trees tuning. Engines and modes are set correctly.",Correctly calls `parsnip::translate()` on all three model objects to display their templates.,"Sets seed and creates bootstrap samples. However, the rubric specifies using default parameters, while the student explicitly set `times = 25`.","Creates the workflow set correctly. However, the code to examine the structure only selects columns and does not use `tidyr::unnest()` on the info column as required by the rubric.","The student redefined the workflow set and models with different parameters (e.g., `mtry` instead of `trees`, `mixture=1` instead of tuning) and used `vfold_cv` instead of the bootstrap samples from Ex6. This deviates significantly from the expected process fidelity.",The code calls `rank_results` but on a different object (`all_workflows_res`) created in the previous exercise with different parameters. It does not follow the expected process of comparing to the results from the standard workflow map.,"The student extracted a workflow and finalized it, but used parameters (`mtry`, `min_n`) that do not match the rubric's expected best parameters (`trees`, `min_n`) derived from the standard tuning process. The final comparison logic is overly complex and deviates from the simple fit/compare workflow expected."
32,20,22,"The student demonstrated a good understanding of the core modeling components (Ex3, Ex4, Ex5) but struggled with following the specific procedural constraints in later exercises. Key deductions were made for not using the required pipe operator in Ex1, missing stratification in Ex2, and deviating significantly from the requested workflows in Ex7-Ex10 by introducing unnecessary complexity and alternative resampling methods.",2,2,3,3,3,2,2,1,1,1,Code executes `skimr::skim()` but uses `ames` instead of the required `dat` variable and does not use the pipe operator `|>` as specified in the rubric.,"Correctly sets seed and creates splits, but misses the required `strata = 'Sale_Price'` parameter in `initial_split()`.","Correctly creates the recipe with the specified formula, applies log transform, step_other, step_dummy, center, and scale, and preps the recipe.","Correctly defines three models: base lm, glmnet with tuned penalty/mixture, and ranger with tuned min_n/trees.",Correctly calls `parsnip::translate()` on all three model objects.,"Sets seed and creates bootstrap samples, but explicitly sets `times = 25` instead of using the default parameters as requested.",Creates the workflow set but fails to unnest the `info` column using `tidyr::unnest()` as required; only selects columns.,"Code is overly complex and deviates significantly from the expected process. It redefines variables, uses `vfold_cv` instead of the bootstrap samples from Ex6, and does not follow the specific chaining sequence requested in the rubric.","Does not simply run `rank_results` on `all_workflows` as requested. Instead, it performs complex manual comparisons and pivoting, deviating from the expected process.","Extracts a workflow and finalizes it, but the process is convoluted with redundant re-definitions. The final comparison uses manual MSE calculation rather than the standard fit output comparison expected."
33,20,20,"The student demonstrated a good understanding of the initial steps (EDA, splitting, recipe creation, and model specification). However, significant deviations occurred in later exercises where the student redefined variables and objects instead of chaining from previous steps. Specifically, the workflow set and resampling objects were recreated with different parameters, leading to a breakdown in the cumulative workflow required by the lab structure.",2,2,3,3,3,2,2,1,1,1,Code executes `skimr::skim()` but uses `ames` instead of the required `dat` variable. The pipe operator `|>` was not used as specified in the rubric.,"Code correctly sets seed and creates splits using `rsample` functions. However, the `strata = 'Sale_Price'` parameter required by the rubric for OutputAccuracy is missing.","Code correctly creates the recipe with the specified formula, applies `step_log`, `step_other`, `step_dummy`, `step_center`, and `step_scale`, and preps the recipe. The order of operations is logical.","Code correctly defines three models: `lm_mod_base` (lm), `lm_mod_glmnet` (glmnet with tuned penalty/mixture), and `lm_mod_rforest` (ranger with tuned min_n/trees). All required functions are present.","Code correctly calls `parsnip::translate()` on all three model objects (`lm_mod_base`, `lm_mod_glmnet`, `lm_mod_rforest`) to display their templates.","Code sets seed and creates bootstrap samples. However, it explicitly sets `times = 25`, whereas the rubric specifies using default parameters for OutputAccuracy.","Code creates the workflow set. However, it redefines the recipe and models with different parameters (e.g., `mixture = 1` instead of `tune()`, adding `mtry`) which deviates from the ProcessFidelity requirement to use the previously defined variables. Also, `tidyr::unnest()` on the info column was not performed.",The code completely redefines the workflow set and uses `vfold_cv` instead of the `train_resamples` (bootstrap) object created in Ex6. It also uses a different variable name (`all_workflows_res`) and does not update `all_workflows` as required. The unnesting/filtering logic is present but applied to the wrong object.,Code calls `rank_results` but on the custom `all_workflows_res` object rather than the `all_workflows` object updated in Ex8. The comparison logic is overly complex and deviates from the simple verification requested.,"Code extracts a workflow and finalizes it, but uses parameters (`mtry`, `min_n`) that do not match the rubric's expected best parameters (`trees`, `min_n`). It also redefines the entire workflow pipeline instead of using the finalized workflow from previous steps. The fit comparison is present but based on incorrect prior steps."
34,20,22,"The student demonstrated understanding of the basic tidyverse modeling workflow but deviated significantly from the specific instructions in later exercises. Key issues include using different resampling methods (CV instead of bootstrap), redefining objects with different parameters, and not following the exact function calls required for finalizing and fitting the model. Ensure you follow the variable names and parameters specified in the prompt.",2,2,3,3,3,2,2,1,1,1,"Code executes `skimr::skim()` but uses `ames` instead of the required `dat` variable. Also, the pipe operator `|>` was not used as specified in the rubric.","Correct functions used for splitting, but the `strata = 'Sale_Price'` parameter was missing from `initial_split()`.","Recipe created with correct formula and steps. `prep()` and `tidy()` were called. Note: `step_center`/`step_scale` on `all_predictors()` includes the outcome, which is technically incorrect for modeling but the code structure matches the rubric's requirement for presence of functions.","Three models created correctly with `linear_reg`, `rand_forest`, `set_engine`, and `tune()` for parameters.",`parsnip::translate()` called on all three model objects.,"Bootstrap samples created, but `times = 25` was specified instead of using the default parameters as requested.","Workflow set created, but the second code chunk only selects columns instead of using `tidyr::unnest()` on the info column to examine contents as required.","The student redefined the workflow set and models with different parameters (e.g., `mixture = 1` instead of `tune()`) and used `vfold_cv` instead of the bootstrap resamples from Ex6. The final unnesting/filtering code is present but operates on a different object (`all_workflows_res`) than the one updated by `workflow_map` in the previous step.","Code calls `rank_results` but performs extensive additional manipulation (pivot_wider, etc.) not required by the rubric. It does not simply run the provided code to compare with Ex8.","The student extracted a workflow and finalized it, but used incorrect parameters (`mtry` instead of `trees`) and did not fit the model using the `fit()` function on the workflow object as required. Instead, they manually predicted and calculated MSE."
35,20,20,"The student demonstrated a good understanding of the tidymodels workflow components (recipes, parsnip models, workflowsets). However, there were several deviations from the specific process requirements in the rubric, such as re-defining objects in later exercises, using non-default parameters, and missing specific function arguments (like `strata`). Code structure was generally correct, but adherence to the step-by-step instructions was inconsistent.",2,2,3,3,3,2,2,1,1,1,"Code executes `skimr::skim()` but uses `ames` instead of the required `dat` variable. Also, the pipe operator `|>` was not used as specified in the rubric.","Code correctly sets seed and creates splits. However, it is missing the `strata = 'Sale_Price'` parameter required by the rubric for the `initial_split` function.","Code correctly creates the recipe with the specified formula, applies log transform, step_other, step_dummy, center, and scale. It preps the recipe and uses `broom::tidy()` to examine it.","Code correctly defines three models: base lm, glmnet with tuned penalty/mixture, and random forest with tuned min_n/trees. Engines and modes are set correctly.","Code correctly calls `parsnip::translate()` on all three model objects (`lm_mod_base`, `lm_mod_glmnet`, `lm_mod_rforest`). Note: `lm_mod_glmnet` in Q4 used `tune()` without namespace, but it worked in context or was assumed loaded; however, the rubric checks for the translate call which is present.","Code sets seed and calls `bootstraps()`. However, it explicitly sets `times = 25`, whereas the rubric specifies using default parameters. This is a minor deviation from process fidelity.","Code creates the workflow set. However, the second chunk only selects columns `wflow_id` and `info` but does not `unnest` the `info` column as required by the rubric to examine contents.","The student redefined the workflow set and models in this chunk, deviating significantly from the expected process of updating the existing `all_workflows` variable. While the final dplyr chain for extracting metrics is structurally correct, the process fidelity is low due to re-creation of objects and use of different resampling strategy (vfold vs bootstrap) and grid size.","Code calls `rank_results` but performs extensive additional data manipulation (pivot_wider, etc.) not required by the rubric. The rubric expects a simple comparison to Ex8 results. The core function call is present, but the output accuracy/process is cluttered with unnecessary steps.","The student extracted a workflow and finalized it, but used parameters (`mtry`, `min_n`) that do not match the rubric's expected best parameters (`trees`, `min_n` from Ex8). Additionally, the student re-ran the entire tuning process in this chunk rather than using the results from previous exercises. The final ratio calculation is present but based on a different model configuration than specified."
36,20,20,"The student demonstrated a good understanding of the initial data preprocessing and model specification steps (Ex1-5). However, significant deviations occurred in the later exercises, particularly in failing to use the correct resampling object (bootstrap vs CV) and not updating the workflow set variable as required. This led to cascading errors in the tuning, ranking, and final model evaluation steps.",2,2,3,3,3,2,2,1,1,1,Code executes `skimr::skim()` but uses `ames` instead of the required `dat` variable and does not use the pipe operator `|>` as specified in the rubric.,"Code correctly sets seed and creates splits, but misses the required `strata = 'Sale_Price'` parameter in `initial_split()`.","Code correctly creates the recipe with the specified formula, applies all required steps (log, other, dummy, center, scale), preps the recipe, and uses `broom::tidy()`.","Code correctly defines three models: base lm, glmnet with tuned penalty/mixture, and ranger with tuned min_n/trees. Note: `tune()` is used without namespace, but packages are loaded.",Code correctly calls `parsnip::translate()` on all three model objects.,"Code sets seed and creates bootstrap samples, but explicitly sets `times = 25` instead of using the default parameters as requested.",Code creates the workflow set but fails to unnest the `info` column using `tidyr::unnest()` as required; it only selects the columns.,"Code does not update the `all_workflows` variable with `workflow_map` results as required. Instead, it creates a new variable `all_workflows_res` using cross-validation folds instead of the bootstrap samples from Ex6.",Code calls `rank_results` but on the incorrect variable `all_workflows_res` (from CV) rather than the updated `all_workflows` from Ex8. It also performs extra unnecessary operations.,"Code extracts a workflow and finalizes it, but uses incorrect parameters (`mtry` instead of `trees`) and does not fit the model on training/test data using the `fit()` function as required to compare performance."
37,19,19,"The student demonstrated understanding of the basic tidyverse modeling workflow in the early exercises (EDA, Recipe, Model Specification). However, significant deviations occurred in later exercises. The student repeatedly redefined variables and models instead of chaining operations, leading to inconsistencies. Specifically, in Exercises 8-10, the student changed model parameters (e.g., fixing mixture and trees) which violated the tuning requirements, and failed to use the correct bootstrap resamples. The final model comparison did not follow the prescribed steps for finalizing and fitting the best model.",2,2,3,3,3,2,2,1,1,0,"Code executes `skimr::skim()` but uses `ames` instead of the required `dat` variable. Also, the pipe operator `|>` was not used as specified in the rubric.","Code correctly sets seed and creates splits. However, it is missing the `strata = 'Sale_Price'` parameter required by the rubric for the `initial_split` function.","Code correctly creates the recipe with the specified formula, applies log transform, step_other, step_dummy, center, and scale, and preps the recipe. The order of operations is acceptable.","Code correctly defines three models: base lm, glmnet with tuned penalty/mixture, and random forest with tuned min_n/trees. Engines and modes are set correctly.",Code correctly calls `parsnip::translate()` on all three model objects to display their templates.,"Code sets seed and creates bootstrap samples. However, it explicitly sets `times = 25`, whereas the rubric specifies using default parameters (which is 25, but the rubric emphasizes 'default parameters' and the solution uses just `bootstraps(ames_train)`). More critically, the rubric asks for `rsample::bootstraps()` on `ames_train`. The student used `bootstraps()` which is fine if loaded, but the explicit `times=25` deviates slightly from 'leave parameters set to their defaults' instruction if interpreted strictly as no arguments. Actually, the main issue is likely the lack of `rsample::` prefix if not loaded, but `librarian` loads it. Let's look closer. The rubric says 'Code must call ... rsample::bootstraps()'. The student called `bootstraps()`. This is a minor style issue. The bigger issue is that the student added `times=25`. The rubric says 'leave the parameters set to their defaults'. Adding an argument that matches the default is technically not leaving it to default, but it's semantically identical. However, looking at Q10, the student has major issues. For Q6, I will give 2 points because the rubric explicitly checks for `rsample::bootstraps()` call and the student omitted the namespace prefix, and added an explicit argument.","Code creates the workflow set. However, the model names in the list (`lm`, `glmnet`, `ranger`) do not match the expected variable names or the solution's naming convention (`base`, `glmnet`, `forest`). More importantly, the second code chunk only selects columns but does not `unnest` the info column as required by the rubric ('use tidyr::unnest() on the info column').","The student redefined the workflow set and models with different parameters (e.g., `mixture = 1` instead of `tune()`, `trees = 1000` instead of `tune()`). This violates the process fidelity of using the previously defined models. The subsequent unnesting and filtering logic is present but operates on a modified workflow set that doesn't match the exercise requirements.",The code calls `rank_results` but on a variable `all_workflows_res` which was created in the previous chunk with incorrect model specifications. The rubric requires comparing to results from Exercise 8 (which should have used the correct models). The student's code is overly complex and deviates from the simple comparison requested.,"The student failed to follow the required process. They redefined the recipe and models again, used `vfold_cv` instead of the bootstrap samples from Ex6, and did not extract the 'base_forest' workflow as implied by the solution/rubric context (they extracted 'base_ranger' but with wrong params). They did not finalize with the specific best parameters (trees=1, min_n=11) mentioned in the rubric's output accuracy check. The final comparison logic is also non-standard compared to the rubric's expectation of fitting the finalized workflow directly."
38,20,20,"The student performed well on the initial data preparation and model specification exercises (Q1-Q6). However, significant deviations occurred in the workflowset exercises (Q7-Q10), where the student redefined variables, changed resampling methods, and failed to follow the specific variable names and processes outlined in the rubric. This resulted in lower scores for process fidelity in the latter half of the lab.",2,2,3,3,3,2,2,1,1,1,Code executes `skimr::skim()` but uses `ames` instead of the required `dat` variable. The pipe operator `|>` was not used as specified in the rubric.,"Code correctly sets seed and creates splits. However, the `strata = 'Sale_Price'` parameter required by the rubric for OutputAccuracy is missing from `initial_split`.","Code correctly creates the recipe with the specified formula, applies log transform, step_other, step_dummy, center, and scale. It preps the recipe and uses `broom::tidy()` to examine it.","Code correctly defines three models: base lm, glmnet with tuned penalty/mixture, and ranger with tuned min_n/trees. Engines and modes are set correctly.","Code correctly calls `parsnip::translate()` on all three model objects (`lm_mod_base`, `lm_mod_glmnet`, `lm_mod_rforest`). Note: `lm_mod_glmnet` in Q4 used `tune()` without namespace, but it worked in context or was assumed loaded; however, the rubric checks for the call to translate which is present.","Code sets seed and calls `bootstraps()`. However, it explicitly sets `times = 25`, whereas the rubric specifies using default parameters. This is a minor deviation from ProcessFidelity.","Code creates `all_workflows` but redefines the recipe and models inside the chunk, changing model names (e.g., `lm` instead of `base`) and parameters (e.g., `mixture = 1` instead of `tune()`). The unnest step only selects columns but does not actually unnest the `info` column as required.","The code completely deviates from the required process. It redefines workflows, uses `vfold_cv` instead of the bootstrap samples from Ex6, and creates a new variable `all_workflows_res`. It does not update the existing `all_workflows` variable as instructed.","Code does not simply run `rank_results` on `all_workflows` as instructed. Instead, it performs complex manual comparisons and pivoting on `all_workflows_res` (from Q8), failing to follow the expected process fidelity.","The workflow ID extracted (`base_ranger`) does not match the solution's expected best model (`base_forest` or similar based on previous steps). The finalization parameters (`mtry`, `min_n`) do not match the solution's expected parameters (`trees`, `min_n`). The comparison logic is overly complex and deviates from the simple fit/compare structure."
39,19,21,"The student demonstrated a good understanding of the tidymodels syntax for defining recipes and models (Ex3, Ex4, Ex5). However, there were significant deviations in the workflow execution, particularly in Ex8 and Ex10 where the student redefined objects and used different resampling strategies (CV instead of Bootstrap) than required by the lab flow. Attention to specific variable names (`dat` vs `ames`) and required parameters (`strata`) is needed.",2,2,3,3,3,2,1,1,1,1,"Code executes `skimr::skim()` but uses `ames` instead of the required `dat` variable. Also, the pipe operator `|>` was not used as specified in the rubric.","Code correctly sets seed and creates splits, but misses the required `strata = 'Sale_Price'` parameter in `initial_split()`.","Recipe is created with correct formula and steps. `prep()` and `tidy()` are used. Note: `step_center/scale` on `all_predictors()` includes the outcome, which is technically incorrect for modeling but the code structure matches the rubric's requirement for presence of functions.",All three models are defined correctly with appropriate engines and tunable parameters (`tune()`). `set_mode` is present.,`parsnip::translate()` is called on all three model objects as required.,"Code calls `bootstraps()` but explicitly sets `times = 25`. The rubric specifies using default parameters. Also, `rsample::` namespace prefix was missing.","Workflow set is created, but the code to examine the structure only selects columns (`dplyr::select`) rather than unnesting the info column (`tidyr::unnest`) as required by the rubric.","The student redefined the workflow set and used `vfold_cv` instead of the `train_resamples` (bootstrap) object created in Ex6. The final pipeline for extracting metrics is correct, but the input data source was incorrect per the lab flow.","Code calls `rank_results` but performs extensive additional manipulation (pivot_wider, etc.) not required. It does not simply compare the output to Ex8 as instructed.","The student extracted a workflow and finalized it, but used incorrect parameters (`mtry` instead of `trees`/`min_n` as implied by the rubric's specific values) and did not fit the model using the `fit()` function on the workflow object directly as shown in the solution template. The comparison logic was overly complex and deviated from the required process."
40,20,20,"The student demonstrated strong understanding of the initial data preparation and model specification steps (Ex1-Ex6). However, significant deviations occurred in the later exercises (Ex7-Ex10), where the student redefined workflows and parameters rather than following the established pipeline. This led to lower scores for process fidelity and output accuracy in the final tuning and comparison stages.",2,2,3,3,3,2,2,1,1,1,Code executes `skimr::skim()` but uses `ames` instead of the required `dat` variable. The pipe operator `|>` was not used as specified in the rubric.,"Code correctly sets seed and creates splits. However, the `strata = 'Sale_Price'` parameter required by the rubric for OutputAccuracy is missing from `initial_split`.","Code correctly creates the recipe with the specified formula, applies log transform, step_other, step_dummy, center, and scale. It preps the recipe and uses `broom::tidy()` for examination.","Code correctly defines three models: base lm, glmnet with penalty/mixture tuning, and random forest with min_n/trees tuning using parsnip functions.",Code correctly calls `parsnip::translate()` on all three model objects to display their templates.,"Code sets seed and creates bootstrap samples. However, it explicitly sets `times = 25`, whereas the rubric specifies using default parameters for OutputAccuracy.","Code creates the workflow set. However, it does not use `tidyr::unnest()` on the info column as required by the rubric for CodeExecution and OutputAccuracy; it only selects columns.","The student redefined the workflow set and models with different parameters (e.g., `mixture = 1` instead of tuning, `mtry` instead of `trees`) and used `vfold_cv` instead of the bootstrap samples from Ex6. This deviates significantly from the expected process fidelity and output accuracy.",Code calls `rank_results` but uses a variable `all_workflows_res` derived from a different workflow set than the one established in previous exercises. The comparison logic is complex and does not simply verify consistency with Ex8 as intended.,"The student extracted `base_ranger` but finalized with `mtry` and `min_n` (10), whereas the rubric expects `trees` and `min_n` (11) based on the specific tuning setup. The final comparison code is overly complex and deviates from the simple fit/compare workflow expected."
41,20,20,"The student demonstrated a good understanding of the individual components (recipes, models, translation) in the early exercises. However, later exercises suffered from significant process deviations, such as redefining variables, ignoring previous outputs (like bootstrap samples), and not following the specific variable naming or parameter constraints outlined in the rubric. Consistency in using the `dat` variable and following the prescribed workflow steps would improve the score.",2,2,3,3,3,2,2,1,1,1,Code executes `skimr::skim()` but uses `ames` instead of the required `dat` variable and does not use the pipe operator `|>` as specified in the rubric. Markdown correctly identifies no missing data.,"Code correctly sets seed and creates splits using `rsample` functions. However, it omits the `strata = 'Sale_Price'` parameter required by the rubric for OutputAccuracy.","Code correctly creates the recipe with the specified formula, applies `step_log`, `step_other`, `step_dummy`, `step_center`, and `step_scale` in a logical order, and preps the recipe. `broom::tidy()` is used for examination.","Code correctly defines three models: `lm_mod_base` with lm engine, `lm_mod_glmnet` with glmnet engine and tunable penalty/mixture, and `lm_mod_rforest` with ranger engine and tunable min_n/trees. `parsnip::tune()` is used correctly.","Code correctly calls `parsnip::translate()` on all three model variables (`lm_mod_base`, `lm_mod_glmnet`, `lm_mod_rforest`) to display their templates.","Code sets seed and calls `bootstraps()`. However, it explicitly sets `times = 25`, whereas the rubric specifies using default parameters. This deviates from the expected process fidelity.","Code creates `all_workflows` using `workflow_set`. However, it redefines the recipe and models inside this chunk (changing model names/parameters slightly) rather than using the variables from previous exercises. It also fails to `unnest` the `info` column as required by the rubric for OutputAccuracy.","The code is overly complex and deviates significantly from the expected process. It redefines workflows, uses `vfold_cv` instead of the bootstrap samples from Ex6, and creates a new variable `all_workflows_res` instead of updating `all_workflows`. While it eventually unnests and filters for rmse, the process fidelity is low due to ignoring previous steps and variable names.","Code calls `rank_results` but on `all_workflows_res` (from Ex8 deviation) rather than `all_workflows`. It also performs extensive additional data manipulation not required by the rubric, making the comparison to Ex8 results unclear and inconsistent with the expected simple verification process.","The student extracts a workflow and finalizes it, but uses parameters (`mtry`, `min_n`) that do not match the rubric's expected best parameters (`trees`, `min_n`). The code re-runs the entire tuning process instead of using the finalized workflow from previous steps. The final MSE ratio calculation is present but based on a deviated workflow."
42,21,21,"The student demonstrated a good understanding of individual components like recipes and model specification (Ex3, Ex4, Ex5). However, significant points were lost due to lack of workflow continuity; the student frequently redefined variables and objects in later exercises rather than building upon previous steps. Additionally, specific rubric requirements such as using the `dat` variable, `strata` parameter, and default bootstrap settings were missed.",2,2,3,3,3,2,2,1,2,1,Code executes `skimr::skim()` but uses `ames` instead of the required `dat` variable. The pipe operator `|>` was not used as specified in the rubric.,"Code correctly sets seed and creates splits using `rsample` functions. However, the `strata = 'Sale_Price'` parameter required by the rubric for OutputAccuracy is missing.","Code correctly creates the recipe with the specified formula, applies `step_log`, `step_other`, `step_dummy`, `step_center`, and `step_scale`, and preps the recipe. The order of operations is acceptable.","Code correctly defines three models: `lm_mod_base` with lm engine, `lm_mod_glmnet` with glmnet engine and tunable penalty/mixture, and `lm_mod_rforest` with ranger engine and tunable min_n/trees.","Code correctly calls `parsnip::translate()` on all three model objects (`lm_mod_base`, `lm_mod_glmnet`, `lm_mod_rforest`) to display their templates.","Code sets seed and creates bootstrap samples. However, it explicitly sets `times = 25`, whereas the rubric specifies using default parameters for OutputAccuracy.","Code creates the workflow set. However, it redefines the recipe and models with different parameters (e.g., `mixture = 1` instead of `tune()`, adding `mtry`) which deviates from the ProcessFidelity requirement to use the previously defined variables. Also, `tidyr::unnest()` on the info column was not performed.","The code completely redefines the workflow set and resampling strategy (using vfold_cv instead of the bootstrap samples from Ex6) rather than updating the existing `all_workflows` variable as required. While the final unnesting/filtering logic is present, the process fidelity is low due to redefining objects and ignoring previous steps.","Code calls `rank_results` with correct parameters. However, it relies on `all_workflows_res` (defined in Ex8) rather than the `all_workflows` variable updated in Ex8 as implied by the workflow continuity. The comparison logic is present but convoluted.","The student extracts a workflow but uses parameters (`mtry`, `min_n`) that do not match the rubric's expected best parameters (`trees`, `min_n`) for the base_forest model. The code also redefines the entire workflow set and resampling process instead of using the finalized workflow from previous steps. The final ratio calculation is present but based on a different model configuration."
43,20,20,"The student demonstrated a good understanding of the initial steps (EDA, splitting, recipe creation, model definition). However, significant deviations occurred in the later exercises. The student redefined models and resampling strategies in Exercises 8-10, ignoring the bootstrap samples created in Ex6 and the specific tuning parameters required by the rubric. This led to incorrect process fidelity in the workflow mapping and final model evaluation.",2,2,3,3,3,2,2,1,1,1,Code executes `skimr::skim()` but uses `ames` instead of the required `dat` variable. The pipe operator `|>` was not used as specified in the rubric.,"Code correctly sets seed and creates splits. However, the `strata = 'Sale_Price'` parameter required by the rubric for OutputAccuracy is missing from `initial_split`.","Code correctly creates the recipe with the specified formula, applies log transform, step_other, step_dummy, center, and scale. It preps the recipe and uses `broom::tidy()` for examination.","Code correctly defines three models: base lm, glmnet with tuned penalty/mixture, and random forest with tuned min_n/trees. Engines and modes are set correctly.",Code correctly calls `parsnip::translate()` on all three model objects to display their templates.,"Code sets seed and creates bootstrap samples. However, it explicitly sets `times = 25`, whereas the rubric specifies using default parameters (which is 25, but the rubric emphasizes 'default parameters' and the solution uses the function directly without extra args). More critically, the rubric checks for `rsample::bootstraps()` call; the student used `bootstraps()` which is acceptable if loaded, but the rubric emphasizes the full namespace or specific process. The main deduction is for deviating from 'default parameters' instruction by explicitly setting times, though it matches the default value. Actually, looking closer, the rubric says 'default number of resamples'. The student set it explicitly. This is a minor process fidelity issue. Let's give 2 points for not strictly following 'leave parameters set to their defaults' by adding an argument.","Code creates the workflow set. However, the unnesting step only selects `wflow_id` and `info` but does not actually unnest the `info` column as required by the rubric ('unnest the info column to examine contents'). The code `dplyr::select(wflow_id, info)` just shows the nested column, it doesn't unnest it.","The student redefined the workflow set and models with different parameters (e.g., `mixture = 1` instead of `tune()`, `trees = 1000` instead of `tune()`) and used `vfold_cv` instead of the bootstrap samples created in Ex6. This violates ProcessFidelity significantly. The final extraction code is structurally correct but operates on a different object (`all_workflows_res`) than the one intended by the lab flow (`all_workflows` updated with bootstrap results).","The student did not simply run the provided code to compare results. Instead, they performed complex manual extraction and pivoting. The rubric requires running `workflowsets::rank_results()` on `all_workflows` (the object from Ex8) to compare. The student's code is overly complex and deviates from the expected simple verification process.","The student extracted a workflow, but the parameters used for finalization (`mtry`, `min_n`) do not match the rubric's expected best parameters (`trees`, `min_n` with specific values like 1 and 11). The student also re-ran the entire tuning process with different settings. The final comparison code is present but based on incorrect model specifications and parameters."
44,20,20,"The student demonstrated a good understanding of the initial steps (EDA, splitting, recipe creation, and model specification). However, significant deviations occurred in later exercises where the student redefined variables and parameters instead of following the cumulative workflow structure. Specifically, the resampling method changed from bootstrap to vfold, and model parameters were altered, leading to lower scores in the workflow mapping and finalization steps.",2,2,3,3,3,2,2,1,1,1,Code executes `skimr::skim()` but uses `ames` instead of the required `dat` variable. The pipe operator `|>` was not used as specified in the rubric.,"Code correctly sets seed and creates splits. However, the `strata = 'Sale_Price'` parameter required by the rubric for OutputAccuracy is missing from `initial_split`.","Code correctly creates the recipe with the specified formula, applies log transform, step_other, step_dummy, center, and scale. It preps the recipe and uses `broom::tidy()` for examination.","Code correctly defines three models: base lm, glmnet with tuned penalty/mixture, and ranger with tuned min_n/trees. Engines and modes are set appropriately.","Code correctly calls `parsnip::translate()` on all three model objects (`lm_mod_base`, `lm_mod_glmnet`, `lm_mod_rforest`) to display templates.","Code sets seed and creates bootstrap samples. However, it explicitly sets `times = 25`, whereas the rubric specifies using default parameters for OutputAccuracy.","Code creates the workflow set. However, it redefines the recipe and models with different parameters (e.g., `mtry` instead of `trees` for tuning, `mixture=1` instead of tuning) compared to Ex4. The unnesting step only selects columns but does not fully unnest the `info` column as required.","The code completely redefines the workflow set and resampling strategy (using vfold_cv instead of the bootstrap samples from Ex6). While it performs unnesting and filtering, it does not follow the expected process of updating the existing `all_workflows` variable with the bootstrap results.",Code calls `rank_results` but on a different object (`all_workflows_res`) created in Ex8 with different parameters. It does not simply run the provided code on `all_workflows` as instructed.,"Code extracts a workflow and finalizes it, but uses parameters (`mtry`, `min_n`) that do not match the rubric's expected best parameters (`trees`, `min_n`). The final comparison calculates MSE ratio manually rather than using the OOB errors from the fitted workflow objects as implied by the rubric's focus on OOB prediction errors."
45,20,20,"The student demonstrated understanding of the individual components (recipes, models, translation) in the early exercises. However, significant deviations occurred in the later exercises (Q7-Q10) where the student rewrote the workflow setup, switched from bootstrap to v-fold cross-validation, and failed to follow the specific variable names and process steps outlined in the rubric. This resulted in lower scores for process fidelity in the final half of the lab.",2,2,3,3,3,2,2,1,1,1,"Code executes `skimr::skim()` but uses `ames` instead of the required `dat` variable. Also, the pipe operator `|>` was not used as specified in the rubric.","Code correctly sets seed and creates splits. However, it is missing the `strata = 'Sale_Price'` parameter required by the rubric for the `initial_split` function.","Code correctly creates the recipe with the specified formula, applies log transform, step_other, step_dummy, center, and scale. It preps the recipe and uses `broom::tidy()` to examine it.","Code correctly defines three models: base lm, glmnet with tuned penalty/mixture, and random forest with tuned min_n/trees. Engines and modes are set correctly.","Code correctly calls `parsnip::translate()` on all three model objects (`lm_mod_base`, `lm_mod_glmnet`, `lm_mod_rforest`).","Code sets seed and creates bootstrap samples. However, it explicitly sets `times = 25`, whereas the rubric specifies using default parameters (which is 25, but the rubric emphasizes 'default parameters' and the solution uses just `bootstraps(ames_train)`). More critically, the rubric asks for `rsample::bootstraps()` on `ames_train`. The student used `bootstraps()` which is fine if loaded, but the explicit `times=25` deviates slightly from 'leave parameters set to their defaults' instruction if interpreted strictly as 'do not specify'. However, the bigger issue is usually just following the template. The template has `train_resamples <- ___ %>% rsample::bootstraps()`. The student did `train_resamples <- bootstraps(ames_train, times = 25)`. This is functionally correct but deviates from the specific function call structure requested in the rubric check 'Code must call ... rsample::bootstraps()'. I will deduct 1 point for not using the namespace prefix `rsample::` and adding an explicit argument when defaults were requested.","Code creates the workflow set. However, it redefines the recipe and models inside the exercise block rather than using the variables created in previous exercises (though this is often acceptable, the rubric expects the process to use the previously created variables). More importantly, the unnesting step only selects `wflow_id` and `info` but does not actually unnest the `info` column as required by the rubric ('unnest the info column to examine contents'). The code `dplyr::select(wflow_id, info)` just selects the columns, it doesn't unnest them.","The student completely rewrote the workflow creation and tuning process using `vfold_cv` instead of the bootstrap samples created in Ex6, and used a different variable name `all_workflows_res`. The rubric requires updating `all_workflows` with `workflow_map` using `train_resamples`. The subsequent unnesting/filtering code is applied to `all_workflows_res` and uses `vfold_cv` results, not the bootstrap results. This deviates significantly from the required process fidelity.",The code calls `rank_results` but on `all_workflows_res` (from the modified workflow in Q8) rather than `all_workflows`. It also performs extensive additional data manipulation not requested. The core requirement is to run `rank_results` on the workflow set from previous steps and compare. The deviation in data source makes the comparison invalid per rubric instructions.,"The student extracts a workflow, but the process is heavily modified. They redefine the recipe and models again. They use `vfold_cv` results to find best parameters. The rubric expects extracting `base_forest` (or the best one identified in Q8/Q9 based on the bootstrap workflow), finalizing with specific parameters (trees=1, min_n=11 in solution, though student found different ones due to different CV), and fitting on train/test. The student's code is overly complex and deviates from the prescribed workflow variables and steps."
46,21,21,"The student demonstrated a good understanding of the basic tidy modeling workflow, particularly in EDA, recipe creation, and model specification. However, points were lost due to deviations from specific rubric requirements, such as using the wrong dataset variable in Ex1, missing stratification in Ex2, and significant process deviations in later exercises (Ex7-Ex10) where the student redefined objects and used different resampling methods than instructed.",2,2,3,3,3,2,2,1,2,1,Code executes `skimr::skim()` but uses `ames` instead of the required `dat` variable. The pipe operator `|>` was not used as specified in the rubric.,"Code correctly sets seed and creates splits. However, the `strata = 'Sale_Price'` parameter required by the rubric for OutputAccuracy is missing from `initial_split`.","Code correctly creates the recipe with the specified formula, applies log transform, step_other, step_dummy, center, and scale. It preps the recipe and uses `broom::tidy()` for examination.","Code correctly defines three models: base lm, glmnet with tuned penalty/mixture, and random forest with tuned min_n/trees. Engines and modes are set correctly.","Code correctly calls `parsnip::translate()` on all three model objects (`lm_mod_base`, `lm_mod_glmnet`, `lm_mod_rforest`) to display templates.","Code sets seed and creates bootstrap samples. However, it explicitly sets `times = 25`, whereas the rubric specifies using default parameters for OutputAccuracy.","Code creates the workflow set. However, it redefines the recipe and models with different parameters (e.g., `mixture = 1` instead of `tune()`) compared to Ex4. The unnesting step only selects columns but does not fully unnest the `info` column as required.","The code is overly complex and deviates significantly from the expected process. It redefines workflows and uses `vfold_cv` instead of the bootstrap samples from Ex6. While it eventually unnests and filters, the workflow fidelity is low due to redundant re-definitions and incorrect resampling method.","Code calls `rank_results` with correct parameters. However, it performs extensive additional data manipulation (pivot_wider, etc.) not required by the rubric, which complicates the verification of consistency with Ex8.","The student extracts a workflow but uses parameters (`mtry`, `min_n`) that do not match the specific best parameters (trees=1, min_n=11) implied by the rubric's expected output. The final comparison calculates MSE ratio manually rather than using the OOB errors from the fitted workflow objects as expected."
47,20,22,"The student demonstrated strong understanding of the initial data preparation and model specification steps (Ex1-5). However, performance declined in the later exercises involving workflowsets and tuning. The student often deviated from the specific coding workflows requested in the rubric, adding unnecessary complexity or using incorrect variables/functions in Ex8-10.",2,2,3,3,3,2,2,1,1,1,Code executes `skimr::skim()` but uses `ames` instead of the required `dat` variable and does not use the pipe operator `|>` as specified in the rubric.,"Correctly sets seed and creates splits, but misses the required `strata = 'Sale_Price'` parameter in `initial_split`.","Correctly creates recipe with specified formula, applies log transform, step_other, step_dummy, center/scale, and preps/tidies the recipe.","Correctly defines three models (lm, glmnet, ranger) with appropriate engines and tunable parameters using `tune()`.",Correctly calls `parsnip::translate()` on all three model objects.,"Sets seed and creates bootstrap samples, but explicitly sets `times = 25` instead of using the default parameters as requested.",Creates workflow set but fails to unnest the `info` column using `tidyr::unnest()` as required; only selects columns.,"Code is overly complex and deviates significantly from the expected process. It redefines variables, uses `vfold_cv` instead of the bootstrap resamples from Ex6, and does not follow the specific chaining sequence requested.","Does not simply run `rank_results` on `all_workflows` as requested. Instead, it performs complex manual comparisons and pivoting not aligned with the rubric's expected process.","Extracts workflow and finalizes it, but uses incorrect parameters (`mtry` instead of `trees`) and does not fit the model on training/test data using `fit()` as required for comparison."
48,20,20,"The student demonstrated a good understanding of the initial steps (EDA, splitting, recipe creation, and model specification). However, later exercises suffered from significant deviations from the required workflow, including redefining variables, using different resampling methods (CV instead of bootstrap), and ignoring the specific variable names and parameters requested in the rubric. Consistency in following the prescribed variable names and process flow is critical for full credit.",2,2,3,3,3,2,2,1,1,1,"Code executes `skimr::skim()` but uses `ames` instead of the required `dat` variable. Also, the pipe operator `|>` was not used as specified in the rubric.","Code correctly sets seed and creates splits. However, it is missing the `strata = 'Sale_Price'` parameter required by the rubric for the `initial_split` function.","Code correctly creates the recipe with the specified formula, applies log transform, step_other, step_dummy, center, and scale. It preps the recipe and uses `broom::tidy()` to examine it.","Code correctly defines three models: base lm, glmnet with penalty/mixture tuning, and random forest with min_n/trees tuning. Engines and modes are set correctly.","Code correctly calls `parsnip::translate()` on all three model objects (`lm_mod_base`, `lm_mod_glmnet`, `lm_mod_rforest`). Note: `lm_mod_glmnet` in Q4 used `tune()` without namespace, but it worked in context or was assumed loaded. The translation step is present.","Code sets seed and calls `bootstraps()`. However, it explicitly sets `times = 25`, whereas the rubric specifies using default parameters. This is a minor deviation from process fidelity.","Code creates `all_workflows` but redefines the recipe and models inside the chunk, changing model names (e.g., `ranger` instead of `forest`) and parameters (e.g., `mtry` instead of `trees` for tuning). The unnest step only selects columns but does not actually unnest the `info` column as required.",The code completely redefines the workflow set and uses `vfold_cv` instead of the bootstrap samples created in Ex6. It also uses a different variable name (`all_workflows_res`) and does not update `all_workflows` as instructed. The final extraction logic is present but operates on the wrong object/context.,Code calls `rank_results` but on `all_workflows_res` (from the modified workflow set in Q8) rather than the `all_workflows` variable updated in the previous step. It also performs extra data manipulation not requested.,"Code extracts a workflow and finalizes it, but uses parameters (`mtry`, `min_n`) that do not match the rubric's expected best parameters (`trees`, `min_n`). It also re-runs the entire modeling pipeline instead of using the finalized workflow from previous steps. The final ratio calculation is present but based on a different model configuration."
49,20,22,"The student demonstrated a good understanding of the core tidymodels components (recipes, parsnip models, and basic workflow creation). However, points were lost for not following specific instructions regarding variable names, pipe operators, and default parameters. Later exercises suffered from over-complication and deviation from the prescribed workflow, particularly in handling the workflow set updates and final model evaluation.",2,2,3,3,3,2,2,1,1,1,Code executes `skimr::skim()` but uses `ames` instead of the required `dat` variable and does not use the pipe operator `|>` as specified in the rubric. Markdown conclusion is correct.,"Code structure is correct (set.seed, initial_split, training/testing), but missing the required `strata = 'Sale_Price'` parameter in `initial_split`.","Correctly creates recipe with specified formula, applies log, step_other, step_dummy, step_center, step_scale, and preps/tidies the recipe. Order of operations is acceptable.","Correctly defines three models (lm, glmnet, ranger) with appropriate engines and tuning parameters using `parsnip::tune()`.",Correctly calls `parsnip::translate()` on all three model objects.,"Code creates bootstrap samples, but explicitly sets `times = 25` instead of using the default parameters as requested in the rubric.","Creates workflow set correctly, but fails to unnest the `info` column using `tidyr::unnest()` as required. Instead, it only selects the columns.","The code is overly complex and deviates significantly from the expected process. It redefines variables, uses `vfold_cv` instead of the bootstrap samples from Ex6, and creates a new workflow set object (`all_workflows_res`) rather than updating `all_workflows` as instructed. The final extraction logic is present but buried in non-standard code.","Code calls `rank_results` but performs extensive additional data manipulation (pivot_wider, etc.) not required by the rubric. It does not simply run the provided code and compare as instructed.","The student extracts a workflow and finalizes it, but the workflow ID used ('base_ranger') may not match the best model from their previous steps. The final comparison code is extremely verbose and deviates from the simple `fit()` calls on train/test data requested. The calculated ratio is also inconsistent with the expected ~12% difference."
50,21,21,"The student demonstrated a good understanding of the core tidymodels functions for EDA, recipe creation, and model specification (Ex1-5). However, later exercises suffered from process fidelity issues, including redefining variables unnecessarily, ignoring previous exercise outputs, and deviating from the specific workflow steps outlined in the rubric (Ex7-10). Ensure you use the variables created in earlier steps and follow the exact function calls requested.",2,2,3,3,3,2,2,1,2,1,"Code executes `skimr::skim()` but uses `ames` instead of the required `dat` variable. Also, the pipe operator `|>` was not used as specified in the rubric.","Code correctly sets seed and creates splits. However, it is missing the `strata = 'Sale_Price'` parameter required by the rubric for the `initial_split` function.","Code correctly creates the recipe with the specified formula, applies log transform, step_other, step_dummy, center, and scale. It preps the recipe and uses `broom::tidy()` to examine it.","Code correctly defines three models: base lm, glmnet with tuned penalty/mixture, and random forest with tuned min_n/trees. Engines and modes are set correctly.","Code correctly calls `parsnip::translate()` on all three model objects (`lm_mod_base`, `lm_mod_glmnet`, `lm_mod_rforest`) to display templates.","Code sets seed and creates bootstrap samples. However, it explicitly sets `times = 25`, whereas the rubric specifies using default parameters. This is a minor deviation from process fidelity.","Code creates the workflow set. However, it redefines the recipe and models inside the exercise block rather than using the variables from previous exercises. Additionally, it does not unnest the `info` column as required; it only selects it.","The code is overly complex and deviates significantly from the expected process. It redefines the workflow set, uses `vfold_cv` instead of the bootstrap samples from Ex6, and creates a new variable `all_workflows_res` instead of updating `all_workflows`. While the final unnesting/filtering logic is present, the process fidelity is low.","Code calls `rank_results` with correct parameters. However, it performs extensive additional data manipulation (pivoting, selecting best ID) not required by the rubric, which focuses on running the function and comparing output.","The solution is fragmented across three blocks. It extracts the workflow and finalizes it, but then re-runs the entire tuning process in the final block instead of using the finalized workflow to fit on train/test data as requested. The final ratio calculation is based on a re-tuned model, not the specific workflow finalized in the previous step."
