Run,Total,OverallComment,Q1,Q2,Q3,Q4,Q5,Q6,Q7,Q8,Q9,Q10,Q1_feedback,Q2_feedback,Q3_feedback,Q4_feedback,Q5_feedback,Q6_feedback,Q7_feedback,Q8_feedback,Q9_feedback,Q10_feedback
1,20,"You completed all exercises with generally correct use of tidymodels, rsample, recipes, parsnip, and workflowsets, and your code shows a solid understanding of the modeling workflow. Most deductions are for not following the exact object names, step order, or function arguments specified in the rubric (e.g., specific model names, translate targets, rank_results arguments, and the prescribed best-model workflow). For future labs, pay close attention to the requested function signatures, object names, and exact workflows, even if your alternative approach is technically valid.",1,3,2,2,1,3,2,2,2,2,"You correctly used skimr::skim(), but did not follow the required pipe syntax (dat |> skimr::skim()) and added extra intermediate objects; your written conclusion about missingness also contradicts the expected 'no missing data' statement.","You set the seed, used rsample::initial_split() with prop = 0.75 and strata = Sale_Price, and then correctly created ames_train and ames_test from the split.","You created a recipe with the correct formula, applied step_log to the outcome, step_other to Neighborhood, dummy variables, and centering/scaling, and prepped/tidied it. However, the order of steps does not match the expected (center/scale numeric predictors before dummy creation), so process fidelity is slightly off.","You specified a base linear_reg() with lm engine, a glmnet linear_reg() with penalty and mixture tuned, and a rand_forest() with min_n and trees tuned. However, the object names (glmnet_mod_tune, rf_mod_tune) do not match the expected lm_mod_glmnet and lm_mod_rforest, which breaks the prescribed workflow naming.","You correctly called parsnip::translate() on three models, but the rubric expects translate() to be applied specifically to lm_mod_base, lm_mod_glmnet, and lm_mod_rforest; your different object names reduce process fidelity.","You set the seed and created train_resamples with rsample::bootstraps(ames_train), matching the expected process and output structure.","You built a workflow_set with one recipe and three models and then unnested the info column (using unnest_wider), which satisfies the main requirements, but you used a different recipe (rec_base) and model names than specified and did not follow the exact unnest(info) pattern.","You used workflow_map() to tune across workflows and then unnested metrics, filtered for rmse, grouped by wflow_id, and arranged by .estimate descending before slicing the top row. However, your code deviates from the expected select/unnest chain and uses collect_metrics/map instead of directly unnesting result and .metrics.","You called workflowsets::rank_results(all_workflows, rank_metric = 'rmse') and compared its output to your manual results, but you did not set select_best = TRUE as required by the rubric.","You identified the best workflow using rank_results, extracted its tuning results, selected best parameters, finalized the workflow, and compared train/test MSE. However, you did not specifically extract the 'base_forest' workflow or hard-code trees = 1 and min_n = 11 as specified, and your reported MSE ratio differs from the expected benchmark."
2,25,"Your lab shows a solid grasp of tidymodels workflows, recipes, model specification, tuning, and evaluation, and most exercises follow the intended process. The main issues are minor deviations from the specified object names and exact workflows (especially in Q1, Q4, Q7, and Q10) and one incorrect EDA conclusion about missingness. Aligning more closely with the provided templates and rubric instructions will make your work easier to follow and ensure full credit in future labs.",1,3,3,2,3,3,2,3,3,2,"You correctly used skimr::skim(), but did not use the pipe from dat to skim in a single step and your written conclusion about missing data contradicts the Ames dataset (which has no missing values).","You set the seed, used rsample::initial_split with prop = 0.75 and strata = Sale_Price, and correctly created ames_train and ames_test from data_split.","You created norm_recipe with the correct formula, applied step_log to the outcome, pooled Neighborhood, created dummies, centered and scaled predictors, and then prepped and tidied the recipe; the overall preprocessing workflow matches the rubric.","You specified a base linear_reg with lm engine and tunable glmnet and ranger models with the correct tunable parameters, but the object names (glmnet_mod_tune, rf_mod_tune) do not match the expected lm_mod_glmnet and lm_mod_rforest, which may cause issues with later workflow construction.","You applied parsnip::translate() to each of the three model specifications, correctly showing the underlying engine-specific templates.","You set the seed and created train_resamples using rsample::bootstraps(ames_train), producing the expected bootstrap resampling object.","You built all_workflows with workflow_set using a recipe and three models and then unnested the info structure, but you used a different recipe (rec_base) and model names than specified, and unnested with unnest_wider(info) instead of unnest(info) as in the template.","You mapped tune_grid over all_workflows, then unnested metrics (via collect_metrics), filtered for rmse, grouped by wflow_id, arranged by .estimate in descending order, and sliced the top row per group, matching the required workflow even if implemented slightly differently.","You called workflowsets::rank_results(all_workflows, rank_metric = 'rmse') and compared its top rmse configurations to your manual results from Q8, satisfying the comparison requirement.","You correctly used extract_workflow_set_result, select_best, extract_workflow, finalize_workflow, and fit on train/test data, and computed the MSE ratio, but you did not explicitly extract the 'base_forest' workflow or hard-code the specified best parameters (trees = 1, min_n = 11), so the process diverges from the rubric."
3,20,"You completed all exercises with generally correct use of tidymodels, rsample, recipes, parsnip, and workflowsets, and your code shows a solid understanding of the workflow. Most deductions are for not following the exact object names, step order, or parameter choices specified in the rubric, and for a few deviations in how results are summarized. For future labs, align more closely with the requested function calls, naming conventions, and step order, and keep extra exploratory code separate from the core required workflow.",1,3,2,2,3,3,2,2,2,2,"You correctly used skimr::skim(), but did not use the pipe from dat to skim() as specified, added unnecessary extra objects, and your written conclusion about missing data contradicts the expected 'no missing data'.","You set the seed, used rsample::initial_split with prop = 0.75 and strata = Sale_Price, and correctly created ames_train and ames_test from data_split.","You created a recipe with the correct formula and included log-transform, step_other, dummy creation, centering, and scaling, then prepped and tidied it. However, the order of steps does not match the expected (center/scale numeric predictors before dummy creation), and you used base-10 log instead of explicitly specifying base = exp(1).","You specified a linear_reg lm model, a glmnet model with penalty and mixture tuned, and a ranger random forest with min_n and trees tuned, and used set_engine/set_mode correctly. However, the object names (glmnet_mod_tune, rf_mod_tune) do not match the expected lm_mod_glmnet and lm_mod_rforest.","You applied parsnip::translate() to each of the three model specifications, which correctly exposes the underlying engine-specific templates.","You set the seed and created train_resamples using rsample::bootstraps(ames_train), producing the expected bootstrap resampling object.","You built a workflow_set with one recipe and three models and then unnested the info structure, but you used a different recipe object (rec_base) and different model names than specified, and unnested_wider(info) instead of unnest(info) as in the expected workflow.","You used workflow_map to tune across workflows and then unnested metrics, filtered for rmse, grouped by wflow_id, arranged in descending order, and sliced the top row. However, your code deviates from the expected select/unnest pattern and adds extra compatibility logic not required by the rubric.","You called workflowsets::rank_results(all_workflows, rank_metric = 'rmse') and compared its output to your manual results, but added extra transformations and did not explicitly use select_best = TRUE as specified.","You identified a best workflow using rank_results, extracted and finalized it with select_best, and then fit to training and test data and computed an MSE ratio. However, you did not follow the exact expected process (extracting 'base_forest' and hard-coding trees = 1, min_n = 11), and your reported MSE ratio differs from the target value."
4,24,"You implemented most of the tidymodels workflow correctly, including splitting, recipe creation, model specifications, workflow sets, tuning, and performance comparison. The main issues are minor deviations from the requested object names and specific workflow choices, and a couple of rubric-specific expectations (EDA piping and the prescribed best-model parameters) not being followed exactly. Tightening alignment with the provided naming conventions and instructions will make your code easier to integrate with the rest of the lab and grading scripts.",1,3,3,2,2,3,2,3,3,2,"You correctly used skimr::skim(), but did not use the pipe from dat to skim() as requested and added extra intermediate objects; your written conclusion about missingness is also incorrect per the rubric expectation of no missing data.","You set the seed, used rsample::initial_split() with prop = 0.75 and strata = Sale_Price, and correctly created ames_train and ames_test from data_split.","You created norm_recipe with the correct formula, applied step_log to the outcome, pooled Neighborhood with step_other, created dummies, and centered/scaled predictors, then prepped and tidied the recipe; this matches the required preprocessing steps.","You specified a base linear_reg() with lm engine and tuned glmnet and ranger models with penalty/mixture and min_n/trees, but the object names (glmnet_mod_tune, rf_mod_tune) do not match the expected lm_mod_glmnet and lm_mod_rforest, which may break later workflow expectations.","You correctly called parsnip::translate() on each of your three model objects, but since the model names differ from the specified ones, this partially diverges from the expected workflow though the function usage is correct.","You set the seed and created train_resamples with rsample::bootstraps(ames_train), storing it in the correct variable; this matches the expected bootstrap resampling process.","You built all_workflows with workflow_set() using a recipe and three models and then unnested the info structure, but you used a different recipe (rec_base) and model names and unnested with unnest_wider(info) instead of unnest(info), which is slightly off the specified structure.","You updated all_workflows with workflow_map(tune_grid) and then unnested metrics, filtered for rmse, grouped by wflow_id, arranged in descending .estimate, and sliced the top row per group, achieving the requested best-rmse summary.","You used workflowsets::rank_results(all_workflows, rank_metric = 'rmse') and compared its top configurations to your manual rmse_top results, which aligns with the intended verification process.","You correctly used extract_workflow_set_result, select_best, extract_workflow, finalize_workflow, and then fit the finalized workflow on train and test data and computed an MSE ratio, but you did not explicitly extract the 'base_forest' workflow or hard-code the specified best parameters (trees = 1, min_n = 11), and your reported ratio differs from the target value."
5,25,"Your lab shows solid understanding of tidymodels workflows, recipes, model tuning, and workflowsets, with most required steps implemented correctly. The main issues are minor deviations from the specified variable names and exact workflows, and a couple of mismatches with the expected conclusions/parameters. Review the rubric instructions closely in future labs to align naming, specific workflow steps, and written interpretations with what is requested.",1,3,3,2,3,3,2,3,3,2,"You correctly used skimr::skim(), but did not use the pipe from dat to skim() as specified and your written conclusion about missing data contradicts the expected 'no missing data' result.","You set the seed, used rsample::initial_split with prop = 0.75 and strata = Sale_Price, and then correctly created ames_train and ames_test with training() and testing().","You created norm_recipe with the correct formula, applied step_log to the outcome, pooled Neighborhood with step_other, created dummies, and centered/scaled predictors, then prepped and tidied the recipe; this matches the required preprocessing steps.","You specified a base linear_reg with lm and tuned glmnet and ranger models with penalty/mixture and min_n/trees, but you did not use the exact variable names lm_mod_glmnet and lm_mod_rforest requested in the rubric.","You applied parsnip::translate() to each of the three model specifications, which is exactly what was required to inspect the engine-specific templates.","You set the seed and created train_resamples with rsample::bootstraps(ames_train), producing the correct bootstrap resampling object.","You built all_workflows with workflow_set using a recipe and three models and then unnested the info structure, but you used a different recipe and model names than specified and unnested with unnest_wider(info) instead of unnest(info) as in the template.","You used workflow_map to tune, then unnested metrics, filtered for rmse, grouped by wflow_id, arranged in descending .estimate, and sliced the top row per group, matching the required workflow.","You called workflowsets::rank_results with all_workflows and rank_metric = 'rmse', and compared these results to those from Exercise 8, satisfying the exercise requirements.","You correctly used extract_workflow_set_result, select_best, finalize_workflow, and fit to compare train/test MSE, but you did not explicitly extract the 'base_forest' workflow or hard-code the specified best parameters (trees = 1, min_n = 11), and your reported MSE ratio differs from the expected value."
6,25,"Your lab shows solid command of tidymodels workflows, tuning, and evaluation, with all major steps implemented and most code following the intended process. The main issues are minor deviations from the specified variable names/objects (e.g., model and recipe names) and not matching the exact expected workflow in Q10. Aligning more closely with the template objects and stated conclusions (like missingness) will help ensure full credit in future labs.",1,3,3,2,3,3,2,3,3,2,"You correctly used skimr::skim(), but did not use the pipe from dat to skim in a single step and your written conclusion about missing data contradicts the Ames dataset (which has no missing values).","You set the seed, used rsample::initial_split with prop = 0.75 and strata = Sale_Price, and then correctly created ames_train and ames_test with training() and testing().","You created norm_recipe with the correct formula on ames_train, applied step_log to the outcome, step_other on Neighborhood, dummy variables, and centering/scaling, then prepped and tidied the recipe; the overall preprocessing matches the expected transformations.","You specified a base linear_reg with lm and tuned glmnet and ranger models with penalty/mixture and min_n/trees, but the tuned models are not assigned to the expected variable names (lm_mod_glmnet, lm_mod_rforest), which may cause downstream mismatch with the template.","You applied parsnip::translate() to each of your three model specifications, correctly showing the underlying engine-specific templates.","You set the seed and created train_resamples using rsample::bootstraps(ames_train), producing the expected bootstrap resampling object.","You built a workflow_set with one recipe and three models and then unnested the info structure, but you used a different recipe (rec_base) and model names than specified and unnested with unnest_wider(info) instead of unnest(info) as in the template.","You used workflow_map to tune over train_resamples and then unnested metrics, filtered for rmse, grouped by wflow_id, arranged by .estimate in descending order, and sliced the top row per group as requested.","You correctly called workflowsets::rank_results(all_workflows, rank_metric = 'rmse') and compared its top configurations to your manual rmse_top results.","You correctly identified the best workflow via rank_results, extracted its tuning results, selected best parameters, finalized the workflow, and compared train/test MSE; however, you did not follow the specific instruction to extract 'base_forest' with fixed trees = 1 and min_n = 11, and your reported MSE ratio differs from the expected reference value."
7,24,"You completed all exercises with generally correct use of tidymodels, workflowsets, and rsample, and your tuning and ranking workflows are well structured. Most deductions are for not following the exact naming/step order or specific workflow IDs and parameters required by the rubric, and for a couple of interpretive mismatches (EDA missingness and best-model specification). For future labs, focus on mirroring the requested object names, step order, and specific model choices so your code aligns exactly with the grading criteria.",1,3,2,2,3,3,2,3,3,2,"You correctly used skimr, but did not use the pipe from dat to skim() as specified and your written conclusion about missing data contradicts the expected 'no missing data' statement.","You set the seed, used initial_split with prop = 0.75 and strata = Sale_Price, and correctly created ames_train and ames_test from data_split.","You created a recipe with the correct formula and included log, step_other, dummy, centering, and scaling, then prepped and tidied it. However, the order of steps does not match the expected (center/scale numeric predictors before dummy creation), so process fidelity is slightly off.","You specified a linear_reg lm model and tunable glmnet and ranger models with the correct tunable parameters, but you did not name the glmnet and forest models as lm_mod_glmnet and lm_mod_rforest as in the rubric, which may break later workflow expectations.","You correctly called parsnip::translate() on each of the three model specifications, satisfying the required workflow and expected outputs.","You set the seed and created train_resamples using rsample::bootstraps(ames_train), matching the expected process and output structure.","You built a workflow_set with one recipe and three models and then unnested the info structure, but you used a different recipe (rec_base) and model names than specified and unnested with unnest_wider(info) instead of unnest(info), so the process only partially matches the rubric.","You used workflow_map to tune, then selected/unnested metrics, filtered for rmse, grouped by wflow_id, arranged by .estimate descending, and sliced the top row, matching the required sequence of dplyr/tidyr operations and intended output.","You called workflowsets::rank_results with all_workflows and rank_metric = 'rmse', and compared its results to those from Exercise 8, aligning with the expected process and output.","You correctly used extract_workflow_set_result, select_best, finalize_workflow, and fit to compare train/test performance, but you did not explicitly extract the 'base_forest' workflow or use the specified best parameters (trees = 1, min_n = 11), so the final model and MSE ratio differ from the reference."
8,25,"Your lab shows solid understanding of tidymodels workflows, recipes, model specification, tuning, and evaluation. Most exercises follow the required processes and use the correct functions, with only minor deviations in naming and some differences from the exact expected workflow in Q4, Q7, and Q10. To improve, align more closely with the specified variable names and target workflow (especially for the best-model selection and parameter choices) and ensure your EDA conclusions match the actual data characteristics.",1,3,3,2,3,3,2,3,3,2,"You correctly used skimr::skim(), but did not use the pipe from dat to skim in a single step and your written conclusion about missing data contradicts the Ames dataset (which has no missing values).","You set the seed, used rsample::initial_split with prop = 0.75 and strata = Sale_Price, and correctly created ames_train and ames_test from data_split.","You created norm_recipe with the correct formula, applied step_log to the outcome, pooled Neighborhood with step_other, created dummies, centered and scaled predictors, and then prepped and tidied the recipe; the overall process and transformations match the requirements.","You specified a base linear_reg with lm engine and two tunable models (glmnet and ranger) with the correct tunable parameters, but the glmnet and ranger models are not assigned to the expected variable names (lm_mod_glmnet and lm_mod_rforest), which may break later workflow expectations.","You applied parsnip::translate() to each of the three model specifications, correctly showing the underlying engine-specific templates.","You set the seed and created train_resamples using rsample::bootstraps(ames_train), producing the expected bootstrap resampling object.","You built a workflow_set with a single recipe and three models and then unnested the info column, but you used a different recipe (rec_base) and model names than specified and unnested with unnest_wider(info) instead of the simpler unnest(info) shown in the template.","You mapped tune_grid over all_workflows, then unnested metrics, filtered for rmse, grouped by wflow_id, arranged by .estimate in descending order, and sliced the top row per group, matching the required workflow.","You called workflowsets::rank_results(all_workflows, rank_metric = 'rmse') and compared its top rmse results to those from Exercise 8, following the intended comparison process.","You correctly used extract_workflow_set_result, select_best, extract_workflow, finalize_workflow, and fit to compare train/test MSE, but you did not explicitly extract the 'base_forest' workflow or hard-code the specified best parameters (trees = 1, min_n = 11), and your reported MSE ratio differs from the expected value."
9,24,"You completed all exercises with generally correct use of tidymodels, workflowsets, and rsample, and your code shows a solid understanding of the modeling workflow. Most deductions are for not following the exact object names, step order, or specific workflow/parameter choices required by the rubric. For future labs, pay close attention to the requested naming conventions and step sequences, and align your written interpretations with the expected conclusions.",1,3,2,2,3,3,2,3,3,2,"You correctly used skimr::skim(), but did not use the pipe from dat to skim() as specified and added extra intermediate objects; your written conclusion about missingness is also incorrect per the rubric expectation of no missing data.","You set the seed, used rsample::initial_split() with prop = 0.75 and strata = Sale_Price, and then correctly created ames_train and ames_test from the split.","You created a recipe with the correct formula and included log transform, step_other, dummies, centering, and scaling, then prepped and tidied it; however, the order of steps does not match the expected sequence (center/scale numeric predictors before dummy creation), so process fidelity is slightly off.","You specified a linear_reg lm model, a glmnet model with penalty and mixture tuned, and a ranger random forest with min_n and trees tuned, but the object names (glmnet_mod_tune, rf_mod_tune) do not match the expected lm_mod_glmnet and lm_mod_rforest, which may break later workflow expectations.","You correctly applied parsnip::translate() to each of the three model specifications, satisfying the required workflow and expected outputs.","You set the seed and created train_resamples using rsample::bootstraps(ames_train), matching the expected process and output structure.","You built a workflow_set with one recipe and three models and then unnested the info column; however, you used a different recipe object (rec_base) and model names than specified and unnested with unnest_wider(info) instead of the simpler unnest(info), so the structure is slightly off rubric expectations.","You used workflow_map() to tune across workflows and then selected/unnested metrics, filtered for rmse, grouped by wflow_id, arranged by .estimate descending, and sliced the top row, matching the required sequence of dplyr/tidyr operations and intended output.","You called workflowsets::rank_results(all_workflows, rank_metric = 'rmse') and compared its results to those from Exercise 8, appropriately handling possible column name differences and aligning with the rubric.","You correctly used extract_workflow_set_result, select_best, extract_workflow, finalize_workflow, and fit() on train and test data, and computed an MSE ratio; however, you did not explicitly extract the 'base_forest' workflow or hard-code the specified best parameters (trees = 1, min_n = 11), so the process deviates from the expected solution."
10,24,"Your lab shows solid understanding of tidymodels workflows, tuning, and evaluation, and most required functions and steps are present. The main issues are small deviations from the specified variable names/step order and a couple of mismatches with the expected best-model configuration and EDA conclusion. Tightening adherence to the given process (names, order, and specific parameters) will align your work more closely with the rubric in future labs.",1,3,2,2,3,3,2,3,3,2,"You correctly used skimr::skim(), but did not use the pipe from dat to skim in a single step and your written conclusion about missing data contradicts the Ames dataset (which has no NAs).","You set the seed, used rsample::initial_split with prop = 0.75 and strata = Sale_Price, and then correctly created ames_train and ames_test with training() and testing().","You created a recipe with the correct formula and used step_log, step_other, step_dummy, and centering/scaling, then prepped and tidied it. However, the order of steps does not match the expected (center/scale numeric predictors before dummy creation), so process fidelity is slightly off.","You specified a linear_reg lm model and tunable glmnet and ranger models with the correct tunable parameters, but you did not name the glmnet and ranger models as lm_mod_glmnet and lm_mod_rforest as in the expected workflow, which may break later steps.","You correctly called parsnip::translate() on each of the three model specifications, satisfying the required workflow and expected outputs.","You set the seed and created train_resamples using rsample::bootstraps(ames_train), matching the expected process and object type.","You built a workflow_set with one recipe and three models and then unnested the info column, but you used a different recipe (rec_base) and model names than specified and unnested with unnest_wider(info) instead of the simpler unnest(info).","You updated all_workflows with workflow_map(tune_grid) and then correctly unnested metrics, filtered for rmse, grouped by wflow_id, arranged by descending .estimate, and sliced the top row per group, matching the required workflow.","You used workflowsets::rank_results(all_workflows, rank_metric = 'rmse') and compared its top configurations to your manual rmse_top results, which aligns with the expected process and output intent.","You correctly used extract_workflow_set_result, select_best, extract_workflow, finalize_workflow, and fit on train/test data and computed an MSE ratio, but you did not explicitly extract the 'base_forest' workflow or hard-code the specified best parameters (trees = 1, min_n = 11), and your reported ratio differs from the target."
11,24,"Your lab shows solid understanding of tidymodels workflows, recipes, model specification, tuning, and evaluation. Most exercises follow the intended process, with only minor deviations in naming conventions and some differences from the exact expected best-model selection and reported metrics. To improve, align more closely with the provided variable names and instructions (especially for Q1’s conclusion and Q10’s specific workflow/parameters) so your code integrates seamlessly with the template and rubric expectations.",1,3,3,2,2,3,2,3,3,2,"You correctly used skimr::skim(), but did not use the pipe from dat to skim in a single step and your written conclusion about missingness contradicts the Ames data (which has no NAs).","You set the seed, used rsample::initial_split with prop = 0.75 and strata = Sale_Price, and then correctly created ames_train and ames_test with training() and testing().","You created norm_recipe with the correct formula, applied step_log to the outcome, pooled Neighborhood with step_other, created dummies, and centered/scaled predictors, then prepped and tidied the recipe; the overall preprocessing matches the intended transformations.","You specified a linear_reg lm model and tunable glmnet and ranger models with the correct tunable parameters, but you did not name the glmnet and ranger specs as lm_mod_glmnet and lm_mod_rforest as in the expected workflow, which may cause issues later.","You correctly called parsnip::translate() on each of your three model objects, but again the model variable names differ from the expected ones, which slightly breaks process fidelity relative to the template.","You set the seed and created train_resamples with rsample::bootstraps(ames_train), producing the correct bootstrap resampling object.","You built all_workflows with workflow_set using a recipe and the three models and then unnested the info structure; however, the recipe and model names differ from the norm_recipe / lm_mod_* convention and you used unnest_wider(info) instead of unnest(info), which is slightly off the expected process.","You mapped tune_grid over all_workflows and then unnested metrics, filtered for rmse, grouped by wflow_id, arranged in descending .estimate, and sliced the top row per workflow, matching the required workflow even though you used collect_metrics() instead of direct unnesting.","You used workflowsets::rank_results(all_workflows, rank_metric = 'rmse') and compared its top rmse per workflow to your manual results from Q8, which satisfies the required process and output intent.","You correctly used extract_workflow_set_result, select_best, extract_workflow, finalize_workflow, and fit on train/test data, but you did not explicitly extract the 'base_forest' workflow or hard-code the specified best parameters (trees = 1, min_n = 11), and your reported MSE ratio differs from the target value."
12,19,"You completed all exercises with generally correct use of tidymodels, rsample, recipes, parsnip, and workflowsets, and your code shows a solid understanding of the modeling workflow. Most deductions are for not following the exact object names, step order, or function arguments specified in the rubric, and for a few mismatches with the expected best-model selection. For future labs, align more closely with the provided templates and instructions, especially regarding naming, step order, and specific parameter choices.",1,3,2,2,2,3,2,2,2,2,"You correctly used skimr::skim(), but did not use the pipe from dat to skim in a single step and your written conclusion about missingness contradicts the Ames data (which has no NAs).","You set the seed, used rsample::initial_split with prop = 0.75 and strata = Sale_Price, and then correctly created ames_train and ames_test with training() and testing().","You created a recipe with the correct formula and used step_log, step_other, step_dummy, and then centering/scaling, and prepped/tidied it. However, the order of steps does not match the expected (center/scale numeric predictors before dummy creation), so process fidelity is slightly off.","You specified a linear_reg lm model, a glmnet model with penalty and mixture tuned, and a rand_forest model with min_n and trees tuned, using set_engine and set_mode appropriately. However, the object names (glmnet_mod_tune, rf_mod_tune) do not match the expected lm_mod_glmnet and lm_mod_rforest, which may cause issues with later workflow code.","You correctly called parsnip::translate() on each of your three model objects, but the rubric expects translate() to be applied to lm_mod_base, lm_mod_glmnet, and lm_mod_rforest specifically; your differing object names reduce process fidelity.","You set the seed and created train_resamples with rsample::bootstraps(ames_train), matching the expected workflow and output structure.","You built a workflow_set with one recipe and three models and then unnested the info column (using unnest_wider), which satisfies the main goal. However, you did not use the specified norm_recipe and model object names, and your unnesting approach differs from the expected tidyr::unnest(info) pattern.","You used workflow_map to tune the workflows and then unnested metrics, filtered for rmse, grouped by wflow_id, arranged in descending order, and sliced the top row. The logic is correct, but you did not follow the exact select/unnest chain from the template, and you added extra compatibility code, so process fidelity is partial.","You called workflowsets::rank_results(all_workflows, rank_metric = 'rmse') and compared its output to your manual results, but you omitted select_best = TRUE and added extra transformation logic beyond the rubric’s expected simple comparison.","You correctly used extract_workflow_set_result, select_best, finalize_workflow, and fit to compare train/test performance and computed an MSE ratio, but you did not explicitly extract the 'base_forest' workflow or hard-code the specified best parameters (trees = 1, min_n = 11), and your final ratio differs from the expected value."
13,21,"Your lab shows solid understanding of tidymodels workflows, resampling, and tuning, and most required functions and steps are present. The main issues are deviations from the specified object names and recipe/model structures, and a few mismatches with the expected process (especially in Exercises 1, 3, 4, 7, and 10). For future labs, align more closely with the provided templates and instructions so that downstream steps and comparisons match the rubric exactly.",1,3,2,2,2,3,2,3,3,2,"You correctly used skimr, but did not use the pipe from dat to skim() as specified, added unnecessary intermediate objects, and your written conclusion about missingness contradicts the Ames data (which has no NAs).","You set the seed, used rsample::initial_split with prop = 0.75 and strata = Sale_Price, and correctly created ames_train and ames_test from data_split.","You created the correct recipe with the right variables and steps and prepped it, but the order of operations does not match the expected solution (log outcome should be after centering/scaling predictors), and you did not explicitly specify base = exp(1) in step_log.","You correctly specified a base linear_reg with lm and tuned glmnet and ranger models, but you did not name the glmnet and ranger models as lm_mod_glmnet and lm_mod_rforest as in the template, which may break later workflow expectations.","You used parsnip::translate() on all three model objects, but the models translated are glmnet_mod_tune and rf_mod_tune instead of the expected lm_mod_glmnet and lm_mod_rforest names from Exercise 4.","You set the seed, used rsample::bootstraps() on ames_train, and stored the result in train_resamples as required.","You created a workflow_set with one recipe and three models and unnested the info structure, but you did not use the norm_recipe from Exercise 3 and your model names differ from the expected base/glmnet/forest naming.","You updated all_workflows with workflow_map, then unnested metrics, filtered for rmse, grouped by wflow_id, arranged in descending .estimate, and sliced the top row per group, matching the requested workflow even though you used collect_metrics instead of direct unnesting.","You called workflowsets::rank_results with all_workflows and rank_metric = 'rmse', and compared these results to your manual rmse_top from Exercise 8, satisfying the process and intent.","You correctly used extract_workflow_set_result, select_best, finalize_workflow, and fit on train/test data, but you did not specifically extract the 'base_forest' workflow or use the given best parameters (trees = 1, min_n = 11), and your reported MSE ratio differs from the expected value."
14,19,"You completed all exercises with generally correct use of tidymodels, workflowsets, and rsample, and your code shows good understanding of the modeling workflow. Most deductions are for not following the exact object names, step ordering, or specific parameter choices required by the rubric, and for a couple of interpretive issues (e.g., missing data in Q1). For future labs, align more closely with the specified variable names and step order, and keep your written conclusions consistent with the code and data.",1,3,2,2,2,3,2,2,2,2,"You correctly used skimr::skim(), but did not use the pipe from dat to skim() as specified, added unnecessary extra objects, and your written conclusion about missingness contradicts the Ames data (there is no missing data).","You set the seed, used rsample::initial_split() with prop = 0.75 and strata = Sale_Price, and then correctly created ames_train and ames_test with training() and testing().","You created a recipe with the correct formula, applied step_log to the outcome, step_other to Neighborhood, dummy variables, and centering/scaling, and then prepped and tidied it. However, the order of steps does not match the expected process (centering/scaling should occur before dummy creation and only on numeric predictors), so process fidelity is slightly off.","You specified a linear_reg lm model, a glmnet model with penalty and mixture tuned, and a ranger random forest with min_n and trees tuned, and used set_engine() and set_mode() appropriately. However, the object names (glmnet_mod_tune, rf_mod_tune) do not match the expected lm_mod_glmnet and lm_mod_rforest, which will cause mismatches with later rubric expectations.","You correctly called parsnip::translate() on each of your three model objects, but because the model names differ from the expected ones, this partially diverges from the specified workflow, even though the functional intent is correct.","You set the seed and created train_resamples with rsample::bootstraps(ames_train), producing the correct bootstrap resampling object with default settings.","You created a workflow_set with a recipe and three models and then unnested the info column (using unnest_wider) to inspect structure, which meets the main goals. However, you used a different recipe (rec_base) and model names than specified, and the unnesting approach differs slightly from the expected tidyr::unnest(info) pattern.","You used workflow_map() to tune across workflows and then wrote code to unnest metrics, filter for rmse, group by wflow_id, arrange in descending order, and slice the top row. The logic is correct, but it does not follow the exact select/unnest chain given in the rubric and uses collect_metrics via map instead of unnesting result and .metrics directly.","You called workflowsets::rank_results(all_workflows, rank_metric = 'rmse') and compared its output to your manual results, which matches the intent. The additional handling of mean vs .estimate is extra but acceptable, though more complex than needed relative to the rubric.","You correctly used extract_workflow_set_result(), select_best(), extract_workflow(), finalize_workflow(), and then fit the finalized workflow on training and test data and computed an MSE ratio. However, you did not explicitly extract the 'base_forest' workflow or hard-code trees = 1 and min_n = 11 as specified, and your reported MSE ratio differs from the expected approximate value."
15,19,"You completed all exercises with generally correct use of tidymodels, rsample, recipes, parsnip, and workflowsets, and your code shows a solid understanding of the workflow. Most deductions are for not following the exact object names, step order, or function arguments specified in the rubric (e.g., specific recipe steps, model object names, and rank_results parameters). For future labs, align more closely with the requested process and naming conventions, and ensure written interpretations (like missing data) match the actual data and rubric expectations.",1,3,2,2,2,3,2,2,2,2,"You correctly used skimr, but did not use the pipe from dat to skim in a single step and added extra intermediate objects; also your written conclusion about missingness contradicts the Ames data (which has no NAs).","You set the seed, used rsample::initial_split with prop = 0.75 and strata = Sale_Price, and then correctly created ames_train and ames_test from the split.","You created the correct recipe with the specified variables and used step_log, step_other, step_dummy, and centering/scaling, then prepped and tidied it. However, the order of steps does not match the expected process (centering/scaling should occur before dummy creation and only on numeric predictors).","You specified a base linear_reg with lm engine and tunable glmnet and ranger models with the correct tunable parameters, but you did not name the glmnet and ranger models as lm_mod_glmnet and lm_mod_rforest as in the expected workflow.","You correctly called parsnip::translate() on each of your three model objects, but the rubric expects translate() to be applied specifically to lm_mod_base, lm_mod_glmnet, and lm_mod_rforest.","You set the seed and created train_resamples using rsample::bootstraps(ames_train), matching the expected process and output structure.","You built a workflow_set with one recipe and three models and then unnested the info column, but you used a different recipe (rec_base) and model names than specified and unnested with unnest_wider(info) instead of the simpler unnest(info).","You used workflow_map to tune across workflows and then unnested metrics, filtered for rmse, grouped by wflow_id, and arranged by .estimate descending, but your code deviates from the expected select/unnest chain and uses collect_metrics via map instead of unnesting result and .metrics directly.","You correctly called workflowsets::rank_results with all_workflows and rank_metric = 'rmse' and compared to your manual results, but you did not set select_best = TRUE as required by the rubric.","You used extract_workflow_set_result, select_best, finalize_workflow, and then fit the finalized workflow on train and test data and computed an MSE ratio, but you did not explicitly extract the 'base_forest' workflow or hard-code the best parameters (trees = 1, min_n = 11) as specified."
16,20,"You completed all exercises with generally correct use of tidymodels, rsample, recipes, parsnip, and workflowsets, and your code shows a solid understanding of the modeling workflow. Most deductions are for not following the exact specified process (naming, step order, specific workflow IDs/parameters) and a couple of interpretation mismatches. For future labs, focus on matching the requested function calls, object names, and step order more closely, and keep your written conclusions consistent with the data and rubric expectations.",1,3,2,2,3,3,2,2,2,2,"You correctly used skimr, but did not use the pipe from dat to skim() as specified, added unnecessary intermediate objects, and your written conclusion about missingness contradicts the Ames data (which has no missing values).","You set the seed, used rsample::initial_split with prop = 0.75 and strata = Sale_Price, and correctly created ames_train and ames_test; this matches the expected workflow.","You created a recipe with the correct formula and included log-transform, step_other, dummies, centering, and scaling, then prepped and tidied it. However, the order of steps does not match the expected (center/scale numeric predictors before dummy creation), and you used all_predictors() instead of all_numeric_predictors() for centering/scaling.","You specified a base linear_reg with lm engine and tuned glmnet and ranger models with penalty/mixture and min_n/trees using tune(), which is correct. However, the object names (glmnet_mod_tune, rf_mod_tune) do not match the expected lm_mod_glmnet and lm_mod_rforest, which may cause issues with later workflow_set code per the template.","You correctly called parsnip::translate() on each of the three model specifications, satisfying the required process and expected outputs.","You set the seed and created train_resamples using rsample::bootstraps(ames_train), which matches the expected workflow and output structure.","You created a workflow_set with a recipe and three models and then unnested the info column (using unnest_wider), which is acceptable. However, you used a different recipe (rec_base) and model names than specified and added cross = TRUE, so the setup does not exactly match the expected base recipe and model naming.","You used workflow_map with tune_grid and then unnested metrics, filtered for rmse, grouped by wflow_id, and arranged in descending order of .estimate, which aligns with the requested process. The code is more complex than needed and uses collect_metrics/map instead of direct unnesting of result and .metrics, but it still achieves the intended workflow.","You called workflowsets::rank_results with all_workflows and rank_metric = 'rmse' and compared these to your manual results, which meets most of the requirements. You did not set select_best = TRUE explicitly, as requested in the rubric.","You correctly used extract_workflow_set_result, select_best, extract_workflow, finalize_workflow, and fit to compare train/test performance and computed an MSE ratio, but you did not specifically extract the 'base_forest' workflow or hard-code the given best parameters (trees = 1, min_n = 11), and your final ratio differs from the expected reference value."
17,24,"You completed all exercises with generally correct use of tidymodels, rsample, recipes, parsnip, and workflowsets, and your tuning and evaluation workflows are well structured. Most deductions are for not following the exact variable names or specified objects (e.g., norm_recipe, lm_mod_glmnet, base_forest) and for a couple of interpretation mismatches (EDA missingness and final model choice/parameters). Aligning more closely with the template naming and instructions will make your code easier to integrate with later steps and grading scripts.",1,3,3,2,2,3,2,3,3,2,"You correctly used skimr::skim(), but did not use the pipe from dat to skim() as specified, added unnecessary extra objects, and your written conclusion about missingness contradicts the Ames data (should be no missing data).","You set the seed, used rsample::initial_split with prop = 0.75 and strata = Sale_Price, and correctly created ames_train and ames_test from data_split.","You created norm_recipe with the correct formula on ames_train, applied step_log to the outcome, step_other on Neighborhood, dummy variables, and centering/scaling of predictors, then prepped and tidied the recipe; the overall preprocessing workflow matches the requirements.","You specified a linear_reg lm model and tunable glmnet and ranger models correctly, but you did not name the glmnet and ranger models as lm_mod_glmnet and lm_mod_rforest as in the expected workflow, which may break later steps.","You called parsnip::translate() on each of your three model objects, but because the glmnet and ranger models are not named lm_mod_glmnet and lm_mod_rforest, this does not fully align with the expected model variable names.","You set the seed and created train_resamples using rsample::bootstraps(ames_train), producing the correct bootstrap resampling object.","You built a workflow_set with a recipe and three models and then unnested the info structure, but you used a different recipe (rec_base) than the specified norm_recipe and different model names than in the template.","You mapped tune_grid over all_workflows, then unnested metrics, filtered for rmse, grouped by wflow_id, arranged by .estimate in descending order, and sliced the top row per group, matching the requested workflow.","You used workflowsets::rank_results with all_workflows and rank_metric = 'rmse', and compared those results to your manual rmse_top from Exercise 8, which satisfies the process and intent.","You correctly used extract_workflow_set_result, select_best, extract_workflow, finalize_workflow, and then fit the finalized workflow on train and test data and computed an MSE ratio, but you did not explicitly extract the 'base_forest' workflow or use the specified fixed parameters (trees = 1, min_n = 11), and your reported ratio differs from the expected value."
18,24,"Your lab shows solid understanding of tidymodels workflows, resampling, and tuning, and most exercises follow the intended structure. The main deductions are for minor deviations from the specified processes (naming, recipe details, and exact workflow/parameter choices) and a misinterpretation of missingness in the Ames data. Tightening alignment with the provided templates and rubric instructions would bring this to full credit.",1,3,2,2,3,3,2,3,3,2,"You correctly used skimr::skim(), but did not use the pipe from dat to skim in a single step and your written conclusion about missingness contradicts the Ames data (which has no NAs).","You set the seed, used rsample::initial_split with prop = 0.75 and strata = Sale_Price, and then correctly created ames_train and ames_test with training() and testing().","You created a recipe with the correct formula and used step_log, step_other, step_dummy, and centering/scaling, then prepped and tidied it. However, the order of steps does not match the expected process (centering/scaling should precede dummy creation and use all_numeric_predictors), so process fidelity is slightly off.","You specified a linear_reg lm model, a glmnet model with penalty and mixture tuned, and a ranger random forest with min_n and trees tuned, using set_engine and set_mode appropriately. However, the object names (glmnet_mod_tune, rf_mod_tune) do not match the expected lm_mod_glmnet and lm_mod_rforest, which may cause issues with later workflow construction per the template.","You correctly called parsnip::translate() on each of the three model specifications, satisfying the required workflow and expected outputs.","You set the seed and created train_resamples with rsample::bootstraps(ames_train), matching the expected process and output structure.","You built a workflow_set with a recipe and three models and then unnested the info column (using unnest_wider), which satisfies the main goal. However, you used a different recipe (rec_base) than the specified norm_recipe and a different unnesting approach than tidyr::unnest(info), so process fidelity is slightly off.","You updated all_workflows with workflow_map(tune_grid) and then unnested metrics, filtered for rmse, grouped by wflow_id, arranged in descending order, and sliced the top row, matching the required sequence of dplyr/tidyr operations and intended output.","You used workflowsets::rank_results(all_workflows, rank_metric = 'rmse') and compared its results to those from Exercise 8, correctly handling possible column name differences and aligning with the rubric.","You used extract_workflow_set_result, select_best, extract_workflow, finalize_workflow, and fit to compare train/test performance, which meets most functional requirements. However, you did not explicitly extract the 'base_forest' workflow or hard-code the specified best parameters (trees = 1, min_n = 11), and your reported MSE ratio differs from the expected reference value."
19,24,"Your lab shows a solid grasp of tidymodels workflows, tuning, and evaluation, and most exercises follow the intended functions and steps. The main issues are minor deviations from the specified object names/recipes and a couple of mismatches with the expected conclusions or exact workflow (especially in Q1, Q4, Q7, and Q10). Tightening alignment with the provided instructions and naming conventions will make your code easier to integrate with the rest of the lab pipeline.",1,3,3,2,2,3,2,3,3,2,"You correctly used skimr::skim(), but did not use the pipe from dat to skim in a single step and your written conclusion about missingness contradicts the Ames data (which has no NAs).","You set the seed, used rsample::initial_split with prop = 0.75 and strata = Sale_Price, and then correctly created ames_train and ames_test with training() and testing().","You created norm_recipe with the correct formula, applied step_log to the outcome, pooled Neighborhood with step_other, created dummies, and centered/scaled predictors, then prepped and tidied the recipe; the overall preprocessing matches the intended transformations.","You specified a base linear_reg with lm and tuned glmnet and ranger models with penalty/mixture and min_n/trees, but you did not name the glmnet and ranger specs as lm_mod_glmnet and lm_mod_rforest as in the expected workflow, which may cause issues later.","You correctly called parsnip::translate() on each model, but again used glmnet_mod_tune and rf_mod_tune instead of the expected lm_mod_glmnet and lm_mod_rforest objects.","You set the seed and created train_resamples with rsample::bootstraps(ames_train), matching the expected bootstrap resampling process.","You built a workflow_set with one recipe and three models and then unnested the info column, but you used a different recipe (rec_base with many extra steps) and model names than specified, so it does not exactly match the intended base recipe and model naming.","You used workflow_map to tune over train_resamples and then unnested metrics, filtered for rmse, grouped by wflow_id, arranged by descending .estimate, and sliced the top row per workflow as requested.","You called workflowsets::rank_results(all_workflows, rank_metric = 'rmse') and compared its top configurations to your manual rmse_top results, which aligns with the expected verification process.","You correctly used extract_workflow_set_result, select_best, finalize_workflow, and then fit the finalized workflow on train and test data and computed the MSE ratio, but you did not explicitly extract the 'base_forest' workflow or hard-code the specified best parameters (trees = 1, min_n = 11), and your reported ratio differs from the target."
20,19,"You completed all exercises and demonstrated a solid understanding of tidymodels workflows, tuning, and evaluation. Most required functions and steps are present, but there are several deviations from the specified object names, step order, and some rubric-specific details (e.g., select_best = TRUE, base_forest extraction, and the exact EDA and recipe structure). For future labs, align more closely with the provided templates and rubric instructions, and keep your written interpretations consistent with the code and data.",1,3,2,2,2,3,2,2,2,2,"You correctly used skimr::skim(), but did not use the pipe from dat to skim in a single step and added extra intermediate objects; also your written conclusion about missingness contradicts the Ames data (which has no NAs).","You set the seed, used rsample::initial_split with prop = 0.75 and strata = Sale_Price, and then correctly created ames_train and ames_test with training() and testing().","You created a recipe with the correct formula, applied step_log to the outcome, step_other to Neighborhood, step_dummy to nominal predictors, and then centered/scaled predictors and prepped the recipe. However, the order of steps does not match the expected (center/scale before dummying), and you did not explicitly specify base = exp(1) in step_log.","You specified a linear_reg lm model and tunable glmnet and rand_forest models with penalty/mixture and min_n/trees, and used set_engine correctly. However, the object names (glmnet_mod_tune, rf_mod_tune) do not match the expected lm_mod_glmnet and lm_mod_rforest, which may break later workflow expectations.","You correctly called parsnip::translate() on each of your three model objects, but the rubric expects translate() to be applied to lm_mod_base, lm_mod_glmnet, and lm_mod_rforest specifically; your different naming slightly diverges from the specified process.","You set the seed and created train_resamples using rsample::bootstraps(ames_train), matching the expected process and output structure.","You built a workflow_set with a recipe and three models and then unnested the info column, which matches the intent. However, you used a different recipe (rec_base) and model names and added cross = TRUE, so the structure does not exactly match the single base recipe with three models described in the rubric.","You used workflow_map to tune the workflows and then unnested metrics, filtered for rmse, grouped by wflow_id, arranged in descending order, and sliced the top row. The logic is correct, but you deviated from the exact dplyr/tidyr chain in the template and used collect_metrics/map instead of unnesting result and .metrics directly.","You called workflowsets::rank_results(all_workflows, rank_metric = 'rmse') and compared its output to your manual results, but you did not set select_best = TRUE as specified in the rubric and added extra complexity beyond what was required.","You correctly used extract_workflow_set_result, select_best, finalize_workflow, and then fit the finalized workflow on train and test data and computed an MSE ratio. However, you did not explicitly extract the 'base_forest' workflow or hard-code trees = 1 and min_n = 11 as in the rubric, and your reported MSE ratio differs from the expected approximate value."
21,21,"Most exercises are completed with appropriate tidymodels functions and generally correct workflows. The main issues are deviations from the specified object names and exact processes (especially in model naming, workflow construction, and final model selection) and a few mismatches with the expected narrative conclusions. Tightening alignment with the provided templates and rubric steps would help secure full credit on future labs.",1,3,3,2,3,3,2,2,2,2,"You correctly used skimr::skim(dat), but did not use the pipe operator from dat and created extra objects; also your written conclusion about missingness contradicts the expected 'no missing data' statement.","You set the seed, used rsample::initial_split with prop = 0.75 and strata = Sale_Price, and correctly created ames_train and ames_test from data_split.","Your recipe uses the correct formula, log-transforms the outcome, pools Neighborhood, creates dummies, and then centers/scales predictors; you also prep and tidy the recipe, matching the required process.","You defined the three required model specs with appropriate engines and tunable parameters, but the object names (glmnet_mod_tune, rf_mod_tune) do not match the specified lm_mod_glmnet and lm_mod_rforest, which may cause issues with later workflow code.","You applied parsnip::translate() to each of the three model objects, correctly showing the underlying engine-specific templates.","You set the seed and created train_resamples with rsample::bootstraps(ames_train), producing the expected bootstrap resampling object.","You created a workflow_set with one recipe and three models and then unnested the info structure, but you used a different recipe (rec_base) and model names than specified and unnested with unnest_wider(info) instead of unnest(info).","You correctly mapped tune_grid over all_workflows and then unnested metrics, filtered for rmse, grouped by wflow_id, and arranged by descending .estimate, but you used collect_metrics/map instead of directly unnesting result and .metrics as in the expected workflow.","You called workflowsets::rank_results with rank_metric = 'rmse' and compared its output to your manual results, but the comparison logic is more complex than needed and does not explicitly confirm matching best configurations as in the rubric.","You identified a best model via rank_results/collect_metrics, finalized a workflow with select_best, and fit to train/test data to compute an MSE ratio, but you did not explicitly extract the 'base_forest' workflow or hard-code the specified best parameters (trees = 1, min_n = 11), and your reported ratio differs from the expected value."
22,22,"Most of the required tidymodels workflow is present and generally correct, including splitting, recipe creation, model specs, workflow sets, tuning, and performance comparison. The main issues are deviations from the exact object names and function chains expected in the rubric (e.g., different model names, alternative unnesting/metric collection, and not explicitly using the base_forest workflow with the given best parameters). Tightening alignment with the provided templates and rubric steps would bring this to full credit.",1,3,2,2,3,3,2,2,2,2,"You correctly used skimr::skim(), but did not use the pipe from dat and created extra objects; also your markdown conclusion about missingness contradicts the expected 'no missing data' statement.","Correct use of set.seed(8740), rsample::initial_split with prop = 0.75 and strata = Sale_Price, and proper extraction to ames_train and ames_test.","You created and prepped a recipe with the right variables and steps, but the order differs from the expected (log, center/scale, other, dummy) and you used all_predictors() instead of all_numeric_predictors(), which is less precise.","You specified the three models with correct engines and tunable parameters, but the object names (glmnet_mod_tune, rf_mod_tune) do not match the expected lm_mod_glmnet and lm_mod_rforest, which may break later workflow expectations.","You correctly called parsnip::translate() on each of the three model specifications, satisfying the required workflow and output intent.",You set the seed and created train_resamples with rsample::bootstraps(ames_train) as expected; the process and object naming match the rubric.,"You built a workflow_set with one recipe and three models and examined its structure, but you used a different recipe object (rec_base) and unnest_wider(info) instead of unnest(info), so the process only partially matches the specified pattern.","You updated all_workflows with workflow_map(tune_grid) and then unnested metrics, filtered rmse, grouped by wflow_id, and arranged by .estimate, but you used collect_metrics via map instead of directly unnesting result and .metrics as in the template.","You correctly called workflowsets::rank_results(all_workflows, rank_metric = 'rmse') and compared to your manual results, but you did not use select_best = TRUE as specified in the rubric.","You identified a best model using rank_results/collect_metrics and finalized a workflow, then fit to train and test and computed an MSE ratio, but you did not explicitly extract the 'base_forest' workflow or hard-code the specified best parameters (trees = 1, min_n = 11)."
23,23,"Most exercises are completed with correct use of tidymodels functions and reasonable workflows, and you clearly understand the modeling and tuning process. Points were mainly lost where your code diverged from the exact objects, arguments, or steps specified in the rubric (e.g., naming conventions, specific workflow IDs, and required parameters), and in Q1 where the EDA pipeline and conclusion did not fully match expectations. For future labs, align more closely with the requested function calls, object names, and narrative conclusions to avoid losing rubric-based points.",1,3,3,2,3,3,2,2,2,2,"You correctly used skimr::skim(), but did not use the pipe from dat and created extra objects; also your markdown conclusion about missingness contradicts the expected 'no missing data' statement.","Correct use of set.seed(8740), rsample::initial_split with prop = 0.75 and strata = Sale_Price, and proper creation of ames_train and ames_test.","Recipe uses the correct formula, applies log to the outcome, pools Neighborhood, creates dummies, and centers/scales predictors, then preps and tidies; order is acceptable and meets the rubric.","You correctly specified lm, glmnet, and ranger models with tunable parameters, but the object names (glmnet_mod_tune, rf_mod_tune) do not match the expected lm_mod_glmnet and lm_mod_rforest variables.","parsnip::translate() is correctly called on each of the three model specifications, satisfying the workflow and output expectations.","You set the seed and created train_resamples with rsample::bootstraps(ames_train), matching the expected process and output.","You created a workflow_set with one recipe and three models and examined its structure, but you used a different recipe object (rec_base) and unnest_wider(info) instead of unnest(info) as in the expected workflow.","You correctly mapped tune_grid over all_workflows and then unnested metrics, filtered for rmse, grouped by wflow_id, and arranged by .estimate, but you used collect_metrics/map instead of directly unnesting result and .metrics as specified.","You used workflowsets::rank_results with rank_metric = 'rmse' and compared to your manual results, but you omitted select_best = TRUE as required by the rubric.","You identified a best model via rmse, extracted and finalized a workflow, and compared train/test MSE, but you did not explicitly extract the 'base_forest' workflow or set trees = 1 and min_n = 11, and your reported MSE ratio differs from the expected value."
24,20,"You completed all exercises with generally correct use of tidymodels, rsample, recipes, parsnip, and workflowsets. Most workflows are present and logically structured, but there are several deviations from the requested object names, specific arguments, and some rubric details (e.g., rank_results parameters, specific workflow/parameter choices). Tightening alignment with the template (names, exact functions/arguments, and specified conclusions) will help you earn full credit in future labs.",1,3,2,2,3,3,2,2,2,2,"You correctly used skimr::skim(), but did not use the pipe from dat and created extra objects; also your markdown conclusion about missingness contradicts the expected 'no missing data' statement.","Correct use of set.seed(8740), rsample::initial_split with prop = 0.75 and strata = Sale_Price, and proper extraction to ames_train and ames_test.","You created an appropriate recipe with log-transform, step_other, dummies, centering and scaling, and prepped it; however, you used all_predictors() instead of all_numeric_predictors(), so scaling is not restricted to numeric predictors as specified.","You defined the three model specs with correct engines and tunable parameters, but the object names (glmnet_mod_tune, rf_mod_tune) do not match the requested lm_mod_glmnet and lm_mod_rforest, which may break later workflow expectations.","You correctly called parsnip::translate() on each of the three model objects, satisfying the required workflow and output intent.",You set the seed and created train_resamples with rsample::bootstraps(ames_train) as required; the resulting object matches the expected bootstrap resampling structure.,"You built a workflow_set with a recipe and three models and unnested the info-like structure, but you used a different recipe object (rec_base) and model names than specified and unnested with unnest_wider(info) instead of unnest(info) as in the template.","You updated all_workflows with workflow_map(tune_grid) and then unnested metrics, filtered for rmse, grouped by wflow_id, and arranged in descending .estimate; however, the code deviates from the provided dplyr/unnest pattern and adds extra compatibility logic not required by the rubric.","You correctly called workflowsets::rank_results(all_workflows, rank_metric = 'rmse') and compared to your manual results, but you did not use select_best = TRUE as specified in the rubric.","You extracted the best workflow, finalized it with select_best parameters, and fit to training and test data to compute an MSE ratio, but you did not specifically extract the 'base_forest' workflow or hard-code the given best parameters (trees = 1, min_n = 11), and your reported ratio differs from the expected reference."
25,21,"You completed all exercises with generally correct use of tidymodels, rsample, recipes, parsnip, and workflowsets, and your tuning and evaluation workflows are coherent. Most deductions are for not following the exact object names or step ordering specified in the rubric and for a couple of interpretive mismatches (e.g., missing data conclusion, specific best-model parameters). For future labs, align more closely with the provided templates and rubric expectations, especially object names and prescribed workflows.",1,3,2,2,2,3,2,3,3,2,"You correctly used skimr::skim(), but did not use the pipe from dat to skim() as specified and your markdown conclusion about missing data contradicts the expected 'no missing data' statement.","You set the seed, used rsample::initial_split with prop = 0.75 and strata = Sale_Price, and correctly created ames_train and ames_test from data_split.","You created the recipe with the correct formula, log-transformed the outcome, pooled Neighborhood, created dummies, and centered/scaled predictors, then prepped and tidied it. However, the order of steps differs from the expected (center/scale before dummying), so process fidelity is slightly off.","You specified a base linear_reg with lm engine and tuned glmnet and ranger models with the correct tunable parameters, but you did not name them lm_mod_glmnet and lm_mod_rforest as in the rubric, which may break the expected workflow.","You correctly called parsnip::translate() on each model, but again used glmnet_mod_tune and rf_mod_tune instead of the rubric’s lm_mod_glmnet and lm_mod_rforest names, reducing process fidelity relative to the template.","You set the seed and created train_resamples with rsample::bootstraps(ames_train), matching the expected process and output structure.","You built a workflow_set with a (more complex) base recipe and three models and then unnested the info column, but you did not use the norm_recipe from Exercise 3 and your model names differ from the template, so the process does not fully match the specified workflow.","You used workflow_map to tune, then unnested metrics, filtered for rmse, grouped by wflow_id, arranged by .estimate descending, and sliced the top row, satisfying the required sequence of dplyr/tidyr operations and intended output.","You called workflowsets::rank_results with rank_metric = 'rmse' and compared its output to your Exercise 8 results, aligning with the expected process and interpretation.","You correctly used extract_workflow_set_result, select_best, finalize_workflow, and fit to compare train/test MSE, but you did not explicitly extract the 'base_forest' workflow or hard-code the specified best parameters (trees = 1, min_n = 11), so your process diverges from the rubric."
26,17,"You completed all exercises with generally correct use of tidymodels, rsample, recipes, parsnip, and workflowsets, and your code shows a solid understanding of the modeling workflow. Most deductions are for not following the exact object names or step selections specified in the rubric (e.g., model variable names, centering/scaling only numeric predictors, and the exact unnesting pattern). For future labs, align more closely with the provided templates and rubric instructions so that your code integrates seamlessly with subsequent steps.",1,3,2,2,2,3,2,2,,,"You correctly used skimr::skim(), but did not use the pipe from dat to skim() as specified and added extra intermediate objects; your markdown conclusion about missingness is also incorrect per the rubric expectation.","You set the seed, used rsample::initial_split() with prop = 0.75 and strata = Sale_Price, and correctly created ames_train and ames_test from data_split.","You created the recipe with the correct formula, applied step_log to the outcome, step_other to Neighborhood, dummies, and centering/scaling, and prepped/tidied it. However, you used all_predictors() instead of all_numeric_predictors() for centering/scaling, which does not fully match the expected process.","You specified a base linear_reg with lm and tuned glmnet and ranger models with the correct tunable parameters, but you did not name them lm_mod_glmnet and lm_mod_rforest as in the rubric, which will break the expected workflow for later exercises.","You correctly called parsnip::translate() on each of your three model objects, but since the model variable names differ from the rubric (no lm_mod_glmnet / lm_mod_rforest), the solution is not fully aligned with the specified process.","You set the seed and created train_resamples with rsample::bootstraps(ames_train), matching the expected workflow and output structure.","You built a workflow_set with one recipe and three models and then unnested the info column (using unnest_wider), which satisfies the intent. However, you used a different recipe object (rec_base) and model names than specified, and did not use tidyr::unnest(info) as in the template.","You updated all_workflows with workflow_map(tune_grid) and then unnested metrics, filtered for rmse, grouped by wflow_id, and arranged by .estimate descending. The logic is correct, but you deviated from the requested dplyr::select/unnest chain and used collect_metrics/map instead of unnesting result and .metrics directly.",,
27,23,"Your lab shows solid understanding of tidymodels workflows, recipes, model tuning, and evaluation, and most required functions and steps are present. The main deductions are for deviations from the specified object names and exact workflows (e.g., different model names, alternative unnesting/metric collection, and not explicitly using the base_forest workflow with the given parameters). For future labs, align more closely with the provided templates and rubric instructions, especially regarding naming, argument forms, and the exact sequence of operations.",1,3,3,2,3,3,2,2,2,2,"You correctly used skimr::skim(), but did not use the pipe from dat to skim in a single step and your markdown conclusion about missingness contradicts the expected 'no missing data' statement.","You set the seed, used rsample::initial_split with prop = 0.75 and strata = Sale_Price, and correctly created ames_train and ames_test from data_split.","You created the recipe with the correct formula, log-transformed the outcome, pooled Neighborhood, created dummies, and centered/scaled predictors, then prepped and tidied the recipe; the process and functions match the rubric.","You specified a base linear_reg with lm and tuned glmnet and ranger models with the correct tunable parameters, but the model object names (glmnet_mod_tune, rf_mod_tune) do not match the expected lm_mod_glmnet and lm_mod_rforest.","You applied parsnip::translate() to each of the three model specifications, correctly showing the underlying engine templates.","You set the seed and created train_resamples using rsample::bootstraps(ames_train), matching the expected bootstrap resampling workflow.","You built all_workflows with workflow_set using a recipe and three models and then unnested the info structure, but you changed the recipe and model list names and used unnest_wider(info) instead of unnest(info) as in the template.","You used workflow_map to tune and then unnested metrics, filtered for rmse, grouped by wflow_id, and arranged by .estimate descending, but you relied on collect_metrics via map rather than directly unnesting result and .metrics as specified.","You called workflowsets::rank_results with rank_metric = 'rmse' and compared to your Exercise 8 results, but added extra complexity and did not explicitly use select_best = TRUE as in the rubric.","You identified a best model via rank_results/collect_metrics, finalized a workflow with select_best, and fit to train and test data to compute an MSE ratio, but you did not explicitly extract the 'base_forest' workflow or fix parameters to trees = 1 and min_n = 11 as in the expected solution."
28,24,"You completed all exercises with generally correct use of tidymodels, rsample, recipes, parsnip, and workflowsets, and your tuning and evaluation workflows are well structured. Most deductions are for not following the exact object names or specific workflow choices required by the rubric (e.g., model variable names, base_forest extraction, and the precise skim/EDA pattern). Aligning more closely with the specified variable names and steps in future labs will help ensure full credit even when your alternative approaches are technically valid.",1,3,3,2,2,3,2,3,3,2,"You correctly used skimr::skim(), but did not use the pipe from dat to skim in a single step and your written conclusion about missing data contradicts the expected 'no missing data' result.","You set the seed, used rsample::initial_split with prop = 0.75 and strata = Sale_Price, and correctly created ames_train and ames_test from data_split.","You created the recipe with the correct formula, log-transformed the outcome, pooled Neighborhood, created dummies, and centered/scaled predictors, then prepped and tidied the recipe; the overall process and transformations match the requirements.","You specified a base linear_reg with lm and tuned glmnet and ranger models with the correct tunable parameters, but you did not assign the glmnet and ranger specs to the expected variable names (lm_mod_glmnet and lm_mod_rforest), which breaks the prescribed workflow.","You used parsnip::translate() on three models, but they are glmnet_mod_tune and rf_mod_tune rather than the rubric-specified lm_mod_glmnet and lm_mod_rforest, so the structure does not fully align with the expected workflow objects.","You set the seed and created train_resamples with rsample::bootstraps(ames_train), matching the expected process and output structure.","You created all_workflows with workflow_set using a recipe and three models and then unnested the info structure, but you used a different recipe (rec_base) and model names and unnested with unnest_wider(info) instead of unnest(info), so the workflow differs slightly from the specified one.","You updated all_workflows with workflow_map(tune_grid) and then selected/unnested metrics, filtered for rmse, grouped by wflow_id, arranged in descending .estimate, and sliced the top row per group, satisfying the required sequence of operations.","You called workflowsets::rank_results(all_workflows, rank_metric = 'rmse') and compared its output to your manual rmse_top results, which matches the intended process and output comparison.","You correctly used extract_workflow_set_result, select_best, finalize_workflow, and then fit the finalized workflow on train and test data and computed the MSE ratio, but you did not explicitly extract the 'base_forest' workflow or hard-code the specified best parameters (trees = 1, min_n = 11), so the process diverges from the rubric."
29,20,"You completed all exercises with generally correct use of tidymodels, rsample, recipes, parsnip, and workflowsets, and your code shows a solid understanding of the workflow. Most deductions are for not following the exact object names, step order, or function arguments specified in the rubric (e.g., specific recipe steps, model object names, rank_results arguments, and the exact best-model extraction/finalization). For future labs, focus on matching the requested process and naming conventions closely, and align your narrative answers (like missing data and performance ratios) with the expected conclusions.",1,3,2,2,3,3,2,2,2,2,"You correctly used skimr::skim(), but did not use the pipe from dat and created extra objects; also your markdown conclusion about missingness contradicts the expected 'no missing data' statement.","Correct use of set.seed(8740), rsample::initial_split with prop = 0.75 and strata = Sale_Price, and proper extraction to ames_train and ames_test.","You created the correct recipe with the right variables and steps, and prepped/tidied it; however, the order of steps does not match the expected (log outcome, then center/scale numeric predictors, then step_other, then step_dummy on nominal predictors).","You specified the three models with correct engines and tunable parameters, but the object names do not match the expected lm_mod_glmnet and lm_mod_rforest, and you did not explicitly set mode = 'regression' for all models as in the template.","You correctly called parsnip::translate() on each of the three model specifications, satisfying the required workflow and output intent.",You set the seed and used rsample::bootstraps() on ames_train to create train_resamples as expected.,"You created all_workflows with workflow_set using a recipe and three models, but you changed the recipe and model object names and unnested info with unnest_wider instead of unnest(info) as specified.","You mapped workflow_map over all_workflows and then unnested metrics, filtered for rmse, grouped by wflow_id, and arranged in descending order; however, the code deviates from the exact select/unnest pipeline in the rubric and uses collect_metrics via map instead of unnesting result and .metrics directly.","You correctly called workflowsets::rank_results with rank_metric = 'rmse' and compared to your manual results, but you did not use select_best = TRUE as required by the rubric.","You identified a best model using rmse, extracted and finalized a workflow, and fit to train and test data to compute an MSE ratio; however, you did not explicitly extract the 'base_forest' workflow or hard-code trees = 1 and min_n = 11 as specified, and your reported ratio differs from the expected approximate value."
30,25,"Most exercises are completed with appropriate use of tidymodels, workflowsets, and rsample, and your tuning and ranking workflows are well structured. The main issues are naming/recipe deviations from the template, the incorrect missing-data conclusion in Q1, and not following the exact best-model specification in Q10. Tightening alignment with the requested object names, recipes, and parameter choices will make your work fully consistent with the rubric.",1,3,3,2,3,3,2,3,3,2,"You correctly used skimr::skim(), but did not use the pipe from dat and created extra objects; also your markdown conclusion about missingness contradicts the expected 'no missing data' statement.","You set the seed, used rsample::initial_split() with prop = 0.75 and strata = Sale_Price, and correctly created ames_train and ames_test.","You built norm_recipe with the correct formula, applied step_log to the outcome, pooled Neighborhood with step_other, created dummies, and centered/scaled predictors, then prepped and tidied the recipe.","You specified an lm model, a glmnet model with tunable penalty and mixture, and a ranger random forest with tunable min_n and trees, but the object names (glmnet_mod_tune, rf_mod_tune) do not match the requested lm_mod_glmnet and lm_mod_rforest.",You correctly called parsnip::translate() on each of the three model specifications to inspect the engine-specific templates.,"You set the seed and created train_resamples using rsample::bootstraps(ames_train), matching the expected bootstrap resampling workflow.","You created a workflow_set with a recipe and three models and then unnested the info column, but you used a different recipe object (rec_base) and model names than specified and added cross = TRUE, which deviates from the expected simpler setup.","You mapped tune_grid over all_workflows and then unnested metrics, filtered for rmse, grouped by wflow_id, arranged by .estimate in descending order, and sliced the top row per group as required.","You used workflowsets::rank_results(all_workflows, rank_metric = 'rmse') and compared its output to your manual rmse_top results, satisfying the required process.","You correctly used extract_workflow_set_result, select_best, finalize_workflow, and fit on train/test data, but you did not explicitly extract the 'base_forest' workflow or hard-code the specified best parameters (trees = 1, min_n = 11), and your reported MSE ratio differs from the expected value."
31,20,"You completed all exercises with generally correct use of tidymodels, rsample, recipes, parsnip, and workflowsets, and your code shows a solid understanding of the workflow. Most deductions are for not following the exact object names and simpler patterns expected in the template, and for deviating slightly from the specified best-model extraction and summary statements. For future labs, align more closely with the provided naming conventions and required steps, and keep markdown conclusions consistent with the intended results.",1,3,3,2,2,3,2,2,2,2,"You correctly used skimr::skim(), but did not use the pipe from dat to skim in a single step and your markdown conclusion about missingness contradicts the expected 'no missing data' statement.","Train/test split is done with set.seed(8740), rsample::initial_split on dat, and rsample::training/testing with strata = Sale_Price and prop = 0.75; this matches the required process.","You created norm_recipe with the correct formula, log-transformed the outcome, pooled Neighborhood, created dummies, and centered/scaled predictors, then prepped and tidied the recipe; this aligns with the specified preprocessing steps.","You defined an lm model, a glmnet model with tunable penalty and mixture, and a ranger random forest with tunable min_n and trees, but you did not name them lm_mod_glmnet and lm_mod_rforest as specified, which may break later workflow expectations.","You correctly called parsnip::translate() on each model, but again used glmnet_mod_tune and rf_mod_tune instead of the expected lm_mod_glmnet and lm_mod_rforest objects.","You set the seed and created train_resamples with rsample::bootstraps(ames_train), producing the correct bootstrap resampling object.","You built a workflow_set with a recipe and three models and then unnested the info column, but you used a different recipe (rec_base) and model names and unnested with unnest_wider(info) instead of the simpler unnest(info) expected in the template.","You used workflow_map to tune and then unnested metrics, filtered for rmse, grouped by wflow_id, and arranged by .estimate descending, but the code is more complex than needed and does not follow the exact select/unnest pattern from the rubric.","You called workflowsets::rank_results(all_workflows, rank_metric = 'rmse') and compared to your manual results, but added extra logic and did not use select_best = TRUE as specified.","You identified a best model via rank_results, extracted and finalized a workflow, and compared train/test MSE, but you did not explicitly extract the 'base_forest' workflow or hard-code the given best parameters (trees = 1, min_n = 11), and your reported MSE ratio differs from the expected value."
32,20,"Most core tidymodels workflows are implemented correctly, including splitting, recipe creation, model specs, workflow sets, tuning, and performance comparison. The main issues are naming inconsistencies with the template objects, some deviations from the exact processes requested (especially in Q1, Q4–Q5, Q7–Q8), and not following the specific best-model extraction described in the rubric. Aligning object names and closely mirroring the provided solution patterns would improve rubric alignment and reproducibility.",1,3,3,2,2,3,2,2,2,2,"You correctly used skimr, but did not use the pipe from dat to skim in a single step and added extra intermediate objects; the written conclusion about missingness is also incorrect per the rubric expectation.","Train/test split is done with set.seed(8740), initial_split on dat, and training()/testing() with prop = 0.75 and strata = Sale_Price; this matches the required process.","You created norm_recipe with the correct formula, log-transformed the outcome, pooled Neighborhood, created dummies, and centered/scaled predictors, then prepped and tidied the recipe; this aligns with the specified workflow.","You defined the three required model specs with correct engines and tunable parameters, but the variable names (glmnet_mod_tune, rf_mod_tune) do not match the expected lm_mod_glmnet and lm_mod_rforest, which can break later workflow expectations.","You called parsnip::translate() on each model, but again used glmnet_mod_tune and rf_mod_tune instead of the rubric-specified lm_mod_glmnet and lm_mod_rforest.","You set the seed and created train_resamples with rsample::bootstraps(ames_train), producing the correct bootstrap resampling object.","You built a workflow_set with a recipe and three models and unnested the info structure, but used a different recipe (rec_base) and model names than specified and unnested with unnest_wider(info) instead of unnest(info) as in the template.","You used workflow_map to tune and then unnested metrics, filtered rmse, grouped by wflow_id, and arranged by .estimate descending; however, the code deviates from the provided select/unnest pattern and relies on collect_metrics and extra logic.","You correctly called workflowsets::rank_results with all_workflows and rank_metric = 'rmse', but added extra comparison logic beyond the simple call and did not explicitly state that the rankings match Exercise 8.","You used extract_workflow_set_result, select_best, extract_workflow, and finalize_workflow to get a final_wflow and then fit it on train/test and computed an MSE ratio; however, you did not specifically extract the 'base_forest' workflow or hard-code the best parameters (trees = 1, min_n = 11) as in the rubric."
33,23,"Most core tidymodels workflows—splitting, recipes, model specs, workflow sets, tuning, and evaluation—are implemented correctly and show good understanding. Points were lost mainly for not following some naming and argument details exactly (e.g., specific object names, rank_results arguments, and the prescribed best-model parameters) and for a few overcomplicated or slightly off-spec solutions. Tightening alignment with the provided templates and rubric instructions would bring this to full credit.",1,3,3,2,2,3,3,2,2,2,"You correctly used skimr, but did not use the pipe from dat to skim in a single step and added extra EDA; the written conclusion about missingness contradicts the expected 'no missing data' result.","Train/test split is done with set.seed(8740), initial_split on dat, and training()/testing() with strata = Sale_Price and prop = 0.75, matching the required process.","Your recipe uses the correct formula, logs the outcome, pools Neighborhood, creates dummies, and then centers/scales predictors; you prep and tidy the recipe, so the required transformations and workflow are present.","You specified an lm model, a glmnet model with tunable penalty and mixture, and a ranger random forest with tunable min_n and trees, but you did not name them lm_mod_glmnet and lm_mod_rforest as in the spec, which may break later workflow expectations.","You correctly call parsnip::translate() on each model, but you use glmnet_mod_tune and rf_mod_tune instead of the expected lm_mod_glmnet and lm_mod_rforest objects.","You set the seed and create train_resamples with rsample::bootstraps(ames_train), matching the expected bootstrap resampling process.","You build a workflow_set with a recipe and three models and then unnest the info structure (via unnest_wider), which satisfies the workflow creation and inspection requirements.","You use workflow_map to tune and then unnest metrics, filter rmse, group by wflow_id, arrange in descending order, and slice the top row; however, you deviate from the requested select/unnest chain and rely on collect_metrics and extra logic, which is more complex than needed.","You call workflowsets::rank_results(all_workflows, rank_metric = 'rmse') and compare to your manual results, but you omit select_best = TRUE and add extra processing beyond what was requested.","You correctly use extract_workflow_set_result, select_best, extract_workflow, finalize_workflow, and fit on train/test data, but you do not explicitly extract the 'base_forest' workflow or hard-code the specified best parameters, and your reported MSE ratio differs from the target."
34,21,"You completed all exercises with generally correct use of tidymodels, rsample, recipes, parsnip, and workflowsets, and your code shows a solid understanding of the modeling workflow. Most deductions are for not following the exact object names, argument patterns, or specific instructions in the rubric (e.g., particular workflow IDs, parameter values, or function chains). For future labs, align more closely with the requested variable names and minimal workflows, and keep written interpretations consistent with the expected results.",1,3,3,2,3,3,2,2,2,2,"You correctly used skimr, but did not use the pipe from dat to skim in a single step and added extra EDA; also your written conclusion about missingness contradicts the expected 'no missing data'.","Train/test split is done correctly with set.seed(8740), initial_split on dat, strata = Sale_Price, prop = 0.75, and training()/testing() to create ames_train and ames_test.","Your recipe uses the correct formula, log-transforms the outcome, pools Neighborhood, creates dummies, and then centers/scales predictors; you prep and tidy the recipe, matching the required process.","You specified the three models with correct engines and tunable parameters, but you did not set the mode for the linear models explicitly and did not use the exact variable names (lm_mod_glmnet, lm_mod_rforest) requested in the rubric.","You applied parsnip::translate() to each of the three model specifications, which correctly exposes the underlying engine templates.","You set the seed and created train_resamples with rsample::bootstraps(ames_train), producing the expected bootstrap resampling object.","You created a workflow_set with one recipe and three models and then unnested the info column, but you changed the recipe and model object names from those in earlier exercises and used unnest_wider(info) instead of unnest(info) as in the expected workflow.","You used workflow_map to tune and then unnested metrics, filtered for rmse, grouped by wflow_id, and arranged by .estimate descending; however, you deviated from the simpler select/unnest pattern in the rubric and added extra compatibility logic.","You correctly called workflowsets::rank_results with rank_metric = 'rmse' and compared to your manual results, but added extra transformations and did not use select_best = TRUE as specified.","You used extract_workflow_set_result, select_best, and finalize_workflow to obtain a finalized workflow and then fit it on train and test data and computed the MSE ratio; however, you did not explicitly extract the 'base_forest' workflow or hard-code the specified best parameters (trees = 1, min_n = 11), and your workflow object name differs from best_model_workflow."
35,21,"Most core tidymodels workflows—splitting, recipes, model specs, workflowsets, tuning, and evaluation—are implemented and generally correct. The main issues are naming inconsistencies with the template, some deviations from the exact unnesting and ranking patterns requested, and not following the specific best-model extraction and parameter values in Exercise 10. Tightening alignment with the provided solution structure and rubric (especially object names and required arguments) would improve your score.",1,3,3,2,3,3,2,2,2,2,"You correctly used skimr, but did not use the pipe from dat to skim in a single step and added extra EDA; the written conclusion about missingness is also incorrect per the rubric expectation.","Train/test split is done with set.seed(8740), rsample::initial_split, training(), and testing(), using prop = 0.75 and strata = Sale_Price; this matches the expected workflow.","You created norm_recipe with the correct formula, log-transformed the outcome, pooled Neighborhood, created dummies, and centered/scaled predictors, then prepped and tidied the recipe; the overall process and transformations match the rubric.","You specified a base linear_reg with lm and tuned glmnet and ranger models with the correct tunable parameters, but you did not name them lm_mod_glmnet and lm_mod_rforest as in the expected workflow, which may break later steps.","parsnip::translate() is correctly applied to each of the three model specifications, showing the underlying engine-specific templates as required.","You set the seed and created train_resamples with rsample::bootstraps(ames_train), producing the expected bootstrap resampling object.","You built a workflow_set with a base recipe and three models and then unnested the info column (using unnest_wider), but model object names differ from the template and the unnesting approach is slightly off the expected tidyr::unnest(info) pattern.","You used workflow_map (in a separate chunk) and then unnested metrics, filtered for rmse, grouped by wflow_id, and arranged by .estimate descending; however, the code deviates from the specified select/unnest chain and relies on collect_metrics/map rather than directly unnesting result and .metrics.","workflowsets::rank_results is called with all_workflows and rank_metric = 'rmse', but select_best = TRUE is omitted and the comparison to Exercise 8 is more elaborate than required.","You correctly used extract_workflow_set_result, select_best, finalize_workflow, and fit to compare train/test MSE, but you did not explicitly extract the 'base_forest' workflow or hard-code the specified best parameters (trees = 1, min_n = 11), and the reported MSE ratio differs from the target value."
36,23,"Most core tidymodels workflows—splitting, recipes, model specs, workflow sets, tuning, and evaluation—are implemented correctly and show good understanding. Points were mainly lost where your code diverged from the exact object names, function arguments, or specific workflows/parameters required by the rubric. For future labs, align more closely with the requested naming and steps, and keep extra exploratory code separate from what the rubric explicitly asks for.",1,3,3,2,3,3,2,2,2,2,"You correctly used skimr::skim(), but did not use the pipe from dat to skim in a single step and added extra intermediate objects; the written conclusion about missingness is also incorrect per the rubric expectation.","Train/test split is done with set.seed(8740), rsample::initial_split, and training()/testing() using strata = Sale_Price and prop = 0.75, matching the expected workflow.","You created norm_recipe with the correct formula, log-transformed the outcome, pooled Neighborhood, created dummies, and centered/scaled predictors, then prepped and tidied the recipe; the overall process and transformations match the rubric.","You specified a base linear_reg with lm and tuned glmnet and ranger models correctly, but you did not name the glmnet and ranger models as lm_mod_glmnet and lm_mod_rforest as in the expected workflow.","parsnip::translate() is applied to each of the three model specifications, correctly showing the underlying engine templates.","You set the seed and created train_resamples with rsample::bootstraps(ames_train), producing the expected bootstrap resampling object.","You built all_workflows with workflow_set using a recipe and three models and then unnested the info structure, but the recipe and model object names differ from the template and you used unnest_wider(info) instead of unnest(info) as specified.","You used workflow_map and then unnested metrics, filtered for rmse, grouped by wflow_id, and arranged by .estimate descending, but the code deviates from the exact select/unnest pattern in the template and adds extra compatibility logic.","You correctly called workflowsets::rank_results(all_workflows, rank_metric = 'rmse') and compared to your manual results, but you did not use select_best = TRUE as specified in the rubric.","You used extract_workflow_set_result, select_best, and finalize_workflow to obtain a finalized workflow and then fit it on train and test data to compute an MSE ratio, but you did not explicitly extract the 'base_forest' workflow or hard-code the specified best parameters (trees = 1, min_n = 11)."
37,20,"Most of the required tidymodels workflow is present: you correctly split the data, built recipes, specified and tuned models, created workflow sets, and compared performance. Points were lost mainly for not following some naming and function details exactly (e.g., model object names, rank_results arguments, and the specific best-parameter values) and for a few deviations from the prescribed code patterns. Tightening alignment with the provided templates and rubric would bring this to full credit.",1,3,3,2,2,3,2,2,2,2,"You correctly used skimr::skim(), but did not use the pipe from dat to skim in a single step and your markdown conclusion about missingness contradicts the expected 'no missing data' statement.","Train/test split is done correctly with set.seed(8740), rsample::initial_split(), and training()/testing(), using prop = 0.75 and strata = Sale_Price.","Your recipe uses the correct formula, applies log to the outcome, pools Neighborhood, creates dummies, and centers/scales predictors, then preps and tidies the recipe; the process and functions match the requirements.","You correctly specified an lm model, a glmnet model with tunable penalty and mixture, and a ranger random forest with tunable min_n and trees, but you did not name them lm_mod_glmnet and lm_mod_rforest as in the expected workflow, which may break later steps.","You used parsnip::translate() on all three model objects, but they are glmnet_mod_tune and rf_mod_tune instead of the expected lm_mod_glmnet and lm_mod_rforest, so the naming is inconsistent with the rubric.","You set the seed and created train_resamples with rsample::bootstraps(ames_train), matching the expected bootstrap resampling process.","You created a workflow_set with one recipe and three models and then unnested the info column, but you used a different recipe (rec_base) and model names and unnested with unnest_wider(info) instead of unnest(info), though the structure is still examined.","You correctly mapped tune_grid over all_workflows and then unnested metrics, filtered for rmse, grouped by wflow_id, and arranged by .estimate, but you used collect_metrics() and custom logic instead of the exact select/unnest chain specified in the template.","You called workflowsets::rank_results(all_workflows, rank_metric = 'rmse') and compared to your manual results, but you did not set select_best = TRUE as required by the rubric.","You used extract_workflow_set_result(), select_best(), extract_workflow(), finalize_workflow(), and fit() on train and test data, but you did not explicitly extract the 'base_forest' workflow or hard-code the specified best parameters (trees = 1, min_n = 11), and your reported MSE ratio differs from the expected value."
38,17,"You completed most of the required tidymodels workflow: splitting, recipes, model specs, workflow sets, tuning, and metric extraction are all present and largely correct. The main issues are mismatched object names relative to the rubric (especially for the glmnet and random forest models) and some deviations from the exact unnesting and piping patterns requested. Aligning your object names and following the specified pipelines more literally will help ensure full credit and smoother downstream use of your code.",1,3,3,2,1,3,2,2,,,"You correctly used skimr, but did not use the pipe from dat to skim in a single step and added extra intermediate objects; the written conclusion about missingness is also incorrect per the rubric expectation.","Train/test split is done with set.seed(8740), initial_split on dat, and training/testing with prop = 0.75 and strata = Sale_Price; this matches the required workflow.","Your recipe uses the correct formula, log-transforms the outcome, pools Neighborhood, creates dummies, and then centers/scales predictors; you also prep and tidy the recipe, so the full process is present and in a reasonable order.","You correctly specified a base linear_reg with lm and tuned glmnet and ranger models, but you did not assign the glmnet and ranger specs to the expected variable names (lm_mod_glmnet, lm_mod_rforest), which will break later rubric checks.","You used parsnip::translate() on three models, but because the glmnet and ranger models are not stored in the rubric-specified variables, this only partially aligns with the expected workflow.","You set the seed and created train_resamples with rsample::bootstraps(ames_train), matching the required process and output structure.","You created a workflow_set with one recipe and three models and then unnested the info column, but the model names differ from the rubric (lm/glmnet/ranger vs base/glmnet/forest), so the structure does not fully match expectations.","You used workflow_map to tune and then unnested metrics, filtered rmse, grouped by wflow_id, and arranged by .estimate, but you used collect_metrics via map instead of unnesting result and .metrics directly as specified.",,
39,20,"You completed all exercises with generally correct use of tidymodels, rsample, recipes, parsnip, workflowsets, and tuning functions. Most workflows and transformations follow the intended process, and your code is thorough. To improve, align more closely with the specified object names and exact workflows in the template (especially model and workflow IDs, and the specific best-parameter example in Q10), and keep EDA and summary answers consistent with the rubric’s expectations.",1,3,3,2,2,3,2,2,2,2,"You correctly used skimr, but did not use the pipe from dat to skim in a single step and added extra intermediate objects; the written conclusion about missingness is also incorrect per the rubric expectation.","You set the seed, used initial_split with prop = 0.75 and strata = Sale_Price, and correctly created ames_train and ames_test from data_split.","You created the specified recipe on the correct formula, applied log to the outcome, pooled Neighborhood, created dummies, centered and scaled predictors, and prepped/tidied the recipe in a coherent order.","You defined a base linear_reg with lm and tuned glmnet and ranger models with the correct tunable parameters, but you did not name them lm_mod_glmnet and lm_mod_rforest as specified, which may break the later workflow-set structure.","You correctly called parsnip::translate() on each of your three model objects, but since the model variable names differ from the template, this slightly diverges from the expected workflow though the intent is met.","You set the seed and created train_resamples with rsample::bootstraps(ames_train), matching the expected bootstrap resampling process.","You built a workflow_set with a recipe and three models and examined its structure, but you used a different recipe (rec_base) and model names and unnested info with unnest_wider instead of unnest(info), so the structure does not exactly match the expected base recipe and naming.","You used workflow_map to tune, then unnested metrics, filtered rmse, grouped by wflow_id, and arranged by .estimate descending, but you relied on collect_metrics via map rather than unnesting result and .metrics directly as in the template.","You correctly called workflowsets::rank_results with rank_metric = 'rmse' and compared to your manual results, but added extra logic and did not explicitly show that the ranked best configurations match the Exercise 8 output.","You used extract_workflow_set_result, select_best, extract_workflow, finalize_workflow, and fit on train/test with MSE ratio, but you did not specifically extract the 'base_forest' workflow or hard-code the given best parameters (trees = 1, min_n = 11), and your workflow object name differs from best_model_workflow."
40,18,"You completed all exercises with generally correct use of tidymodels, rsample, recipes, parsnip, and workflowsets, and your workflow tuning and comparison logic is solid. Most deductions are for not following the exact variable names, step scopes, or code patterns specified in the rubric (e.g., centering/scaling all predictors, different model object names, and EDA piping). For future labs, align more closely with the requested function calls, argument values, and object names, and keep markdown conclusions consistent with the expected interpretations.",1,3,2,2,3,3,2,2,,,"You correctly used skimr::skim(), but did not use the pipe from dat to skim() as specified, added extra intermediate objects, and your markdown conclusion about missingness contradicts the expected 'no missing data' statement.","Train/test split is done with set.seed(8740), rsample::initial_split on dat, and rsample::training/testing, using strata = Sale_Price and prop = 0.75, matching the required process.","You created a recipe with the correct formula and used step_log, step_other, step_dummy, centering and scaling, then prepped and tidied it. However, you log-transformed all outcomes without specifying base = exp(1) and centered/scaled all predictors (including dummies) rather than just numeric predictors as requested.","You specified a linear_reg lm model and tunable glmnet and ranger models with the correct tunable parameters and engines, but you did not set the mode explicitly to 'regression' and did not use the exact variable names (lm_mod_glmnet, lm_mod_rforest) expected in the rubric.","You applied parsnip::translate() to each of the three model specifications, correctly showing the underlying engine-specific templates as required.","You set the seed to 8740 and created train_resamples with rsample::bootstraps(ames_train), producing the correct bootstrap resampling object.","You built a workflow_set with a recipe and three models and then unnested the info column (using unnest_wider), which satisfies the intent. However, the preproc recipe differs from the specified norm_recipe and the models list names differ from those in the rubric.","You used workflow_map to tune, then unnested metrics, filtered for rmse, grouped by wflow_id, arranged in descending order, and sliced the top row, but you did not follow the exact select/unnest chain shown in the template and the code is more complex than needed.",,
41,18,"You completed most of the required steps, including splitting the data, defining recipes and models, creating workflow sets, tuning, and extracting metrics. Some deviations from the specified object names, recipe structure, and minor process details (e.g., EDA piping, step order, and naming) prevent full credit on several exercises. For future labs, align more closely with the provided templates and rubric expectations, and ensure your written interpretations (like missing data) match the actual outputs and instructions.",1,3,2,2,3,3,2,2,,,"You correctly used skimr::skim(dat), but did not use the pipe from dat and added unnecessary extra steps; your written conclusion about missing data contradicts the expected 'no missing data'.","Train/test split is done with set.seed(8740), rsample::initial_split on dat, and rsample::training/testing with prop = 0.75 and strata = Sale_Price, matching the expected process.","You created a recipe with the correct formula and used step_log, step_other, step_dummy, and centering/scaling, then prepped and tidied it. However, the order of steps differs from the reference (log is applied to all outcomes, and other/dummy steps precede centering/scaling), so the process is slightly off.","You specified a base linear_reg with lm engine, a glmnet model with tunable penalty and mixture, and a ranger random forest with tunable min_n and trees. However, the object names (glmnet_mod_tune, rf_mod_tune) do not match the expected lm_mod_glmnet and lm_mod_rforest, which may cause issues with later workflow code.","You correctly called parsnip::translate() on each of the three model specifications, satisfying the required workflow and output intent.","You set the seed and created train_resamples with rsample::bootstraps(ames_train), producing the expected bootstrap resampling object.","You built a workflow_set with a recipe and three models and unnested the info structure, but you used a different recipe (rec_base) and model names than specified and unnested with unnest_wider(info) instead of unnest(info), so the process only partially matches the rubric.","You used workflow_map to tune across workflows and then unnested metrics, filtered for rmse, grouped by wflow_id, and arranged by .estimate descending, but you relied on collect_metrics and custom logic rather than the simpler select/unnest pattern in the template; the overall intent is met but the process deviates.",,
42,22,"Most core tidymodels steps are present: you correctly split the data, built recipes, specified and translated models, created resamples, workflow sets, tuned, and compared performance. Points were lost mainly for not following some naming and process details exactly (e.g., specific object names, exact recipe order, required arguments like select_best = TRUE, and extracting the prescribed base_forest workflow). Tightening alignment with the provided templates and rubric instructions would bring this to full credit.",1,3,2,2,3,3,2,2,2,2,"You correctly used skimr::skim(), but did not use the pipe from dat and added unnecessary extra objects; also your markdown conclusion about missingness contradicts the expected 'no missing data' statement.","Train/test split is done with set.seed(8740), rsample::initial_split, training(), and testing(), using prop = 0.75 and strata = Sale_Price as required.","You created and prepped a recipe with the correct variables and applied log, other, dummy, centering, and scaling, but the order differs from the expected (log after centering/scaling in the rubric) and you used all_predictors() instead of all_numeric_predictors(), which is slightly off the specified process.","You specified a linear_reg lm model, a glmnet model with penalty and mixture tuned, and a ranger random forest with min_n and trees tuned, but the object names (glmnet_mod_tune, rf_mod_tune) do not match the requested lm_mod_glmnet and lm_mod_rforest.","You correctly called parsnip::translate() on each of the three model specifications, satisfying the required workflow and expected outputs.","You set the seed and created train_resamples with rsample::bootstraps(ames_train), matching the expected process and output structure.","You built a workflow_set with one recipe and three models and unnested the info column (using unnest_wider), but you did not use the norm_recipe from Exercise 3 and the unnesting approach differs slightly from the rubric’s tidyr::unnest(info) expectation.","You used workflow_map and then unnested metrics, filtered for rmse, grouped by wflow_id, and arranged in descending order, but the code deviates from the exact select/unnest chain in the template and adds extra compatibility logic not required by the rubric.","You correctly called workflowsets::rank_results(all_workflows, rank_metric = 'rmse') and compared to your manual results, but you did not set select_best = TRUE as specified.","You identified a best model via rank_results/collect_metrics and finalized a workflow, then fit to train and test and computed an MSE ratio; however, you did not explicitly extract the 'base_forest' workflow with the specified fixed parameters (trees = 1, min_n = 11), so the process does not fully match the rubric."
43,19,"You completed all exercises with generally correct use of tidymodels, rsample, recipes, parsnip, and workflowsets, and your code is mostly coherent and reproducible. Most deductions are for not following the exact object names, function sequences, or parameter choices specified in the rubric (e.g., model names, recipe details, and the exact workflow extraction/finalization steps). To improve, align more closely with the provided templates and instructions, and ensure your written interpretations (like missing data) match the actual outputs.",1,3,2,2,2,3,2,2,2,2,"You correctly used skimr::skim(), but did not use the pipe from dat and added unnecessary extra objects; also your markdown conclusion about missingness contradicts the actual Ames data (there is no missing data).","Correct use of set.seed(8740), rsample::initial_split with prop = 0.75 and strata = Sale_Price, and extraction of ames_train and ames_test; process and code match the rubric.","You created a recipe with the correct formula, applied log to the outcome, pooled Neighborhood, created dummies, and centered/scaled predictors, then prepped and tidied; however, the order differs from the reference (dummying before centering/scaling) and you used base-10 log instead of explicitly specifying base = exp(1).","You specified a linear_reg lm model, a glmnet model with penalty and mixture tuned, and a ranger random forest with min_n and trees tuned, but the object names (glmnet_mod_tune, rf_mod_tune) do not match the expected lm_mod_glmnet and lm_mod_rforest, and you did not explicitly set mode = 'regression' on all models.","You correctly called parsnip::translate() on each of your three model objects, but again the model names differ from the expected ones, so it only partially aligns with the specified workflow.",You set the seed and created train_resamples with rsample::bootstraps(ames_train) as required; the process and object name match the rubric.,"You built a workflow_set with a recipe and three models and then unnested the info column (using unnest_wider), which satisfies the intent; however, you used a different recipe (rec_base) than the specified norm_recipe and a different unnesting approach than tidyr::unnest(info).","You used workflow_map with tune_grid and then unnested metrics, filtered for rmse, grouped by wflow_id, and arranged in descending order, but you deviated from the expected dplyr/tidyr pipeline (using collect_metrics and map) and did not follow the exact select/unnest sequence from the template.","You correctly called workflowsets::rank_results(all_workflows, rank_metric = 'rmse') and processed the output, but you did not use select_best = TRUE as specified and added extra comparison logic beyond the requested minimal check.","You identified a best model using rmse, extracted and finalized a workflow with tuned parameters, and fit to train and test data to compute an MSE ratio; however, you did not explicitly extract the 'base_forest' workflow with the given fixed parameters (trees = 1, min_n = 11), and your workflow construction diverges from the reference process."
44,18,"Most core tidymodels steps—splitting, recipe creation, model specs, bootstraps, workflow_set, tuning, and metric extraction—are present and largely correct. The main issues are deviations from the specified object names and workflows, some differences in recipe details, and a few places where your process diverges from the exact unnesting/pipe patterns in the rubric. Align your object names and step order more closely with the template, and keep your EDA conclusions consistent with the expected interpretation.",1,3,2,2,3,3,2,2,,,"You correctly used skimr::skim(), but did not use the pipe from dat and added unnecessary extra objects; also your markdown conclusion about missingness contradicts the expected 'no missing data' statement.","Train/test split is done with set.seed(8740), rsample::initial_split, training(), and testing(), using prop = 0.75 and strata = Sale_Price as required.","You created and prepped a recipe with the correct variables and included log, other, dummy, centering, and scaling steps, but you log-transformed all outcomes without specifying base = exp(1) and the order of steps (log vs. center/scale) does not fully match the expected solution.","You specified a base linear_reg with lm engine and tuned glmnet and ranger models with penalty/mixture and min_n/trees, but the object names differ from the template (glmnet_mod_tune, rf_mod_tune instead of lm_mod_glmnet, lm_mod_rforest), which may break later workflow expectations.",You correctly called parsnip::translate() on each of the three model specifications to inspect the engine-specific templates.,"You set the seed and created train_resamples with rsample::bootstraps(ames_train), producing the expected bootstrap resampling object.","You built a workflow_set with a recipe and three models and unnested the info structure, but you used a different recipe (rec_base) than the specified norm_recipe and changed model IDs/names from the template.","You used workflow_map to tune and then unnested metrics, filtered for rmse, grouped by wflow_id, and arranged by .estimate, but you used collect_metrics/map instead of directly unnesting result and .metrics as in the expected workflow.",,
45,19,"You completed all exercises with generally correct use of tidymodels, rsample, recipes, parsnip, and workflowsets, and your code shows a solid understanding of the workflow. Most deductions are for not following the exact object names or process details in the rubric (e.g., specific model IDs, select_best argument, and expected best model) and a couple of minor conceptual mismatches (like arranging by highest rmse). For future labs, align more closely with the provided templates and rubric expectations, especially regarding object names, step order, and specified parameter values.",1,3,2,2,2,3,2,2,2,2,"You correctly used skimr::skim(), but did not use the pipe from dat and added unnecessary extra steps; the conclusion about missingness is also incorrect per the rubric (should state no missing data).","You set the seed, used rsample::initial_split with prop = 0.75 and strata = Sale_Price, and correctly created ames_train and ames_test.","You created a recipe with the correct formula, log-transformed the outcome, pooled Neighborhood, created dummies, and centered/scaled predictors, then prepped and tidied it. However, the order of steps differs from the expected (center/scale before dummying), so process fidelity is slightly off.","You specified a base linear_reg with lm engine, a glmnet model with penalty and mixture tuned, and a ranger random forest with min_n and trees tuned. However, the object names do not match the expected lm_mod_glmnet and lm_mod_rforest, which may break later workflow expectations.","You correctly called parsnip::translate() on each model, but again used glmnet_mod_tune and rf_mod_tune instead of the rubric-specified lm_mod_glmnet and lm_mod_rforest.","You set the seed and created train_resamples with rsample::bootstraps(ames_train), matching the expected process and output.","You built a workflow_set with a recipe and three models and then unnested the info column (using unnest_wider), which satisfies the intent. The recipe and model object names differ from the norm_recipe / lm_mod_* names, but the workflow structure is correct.","You used workflow_map to tune and then unnested metrics, filtered for rmse, grouped by wflow_id, arranged in descending order, and sliced the top row. However, you did not follow the exact select/unnest chain shown in the template, and arranging by highest rmse (rather than lowest) is not ideal for accuracy.","You called workflowsets::rank_results with rank_metric = 'rmse' and compared to your manual results, but did not set select_best = TRUE as specified in the rubric.","You identified a best model via rank_results/collect_metrics and finalized a workflow with best parameters, then fit to train and test and computed an MSE ratio. However, you did not specifically extract the 'base_forest' workflow with trees = 1 and min_n = 11, and your reported ratio differs from the expected reference value."
46,20,"Most core tidymodels concepts are implemented correctly: you created appropriate splits, recipes, models, workflows, tuning, and performance comparisons. The main deductions are for not following some naming and process details exactly as in the rubric (e.g., specific variable names, exact unnesting workflow, rank_results arguments, and the prescribed best-model extraction). Tightening alignment with the provided templates and rubric instructions would bring this to full credit.",1,3,2,2,3,3,2,2,2,2,"You correctly used skimr::skim() on dat, but did not use the pipe operator as requested and added extra intermediate objects; the conclusion about missingness is also incorrect per the rubric (should state no missing data).","Train/test split is done with set.seed(8740), rsample::initial_split on dat, and rsample::training/testing with prop = 0.75 and strata = Sale_Price; this matches the expected workflow.","You created a recipe with the correct formula, applied log to the outcome, pooled Neighborhood, created dummies, and centered/scaled predictors, then prepped and tidied it. However, the order of steps differs from the exemplar (dummying before centering/scaling numeric predictors), so process fidelity is slightly off.","You specified a linear_reg lm model and tunable glmnet and ranger models with the correct tunable parameters and engines, but you did not use the exact variable names requested (lm_mod_glmnet, lm_mod_rforest), which may break later workflow expectations.","You correctly called parsnip::translate() on each of the three model specifications, satisfying the required process and output expectations.","You set the seed and created train_resamples with rsample::bootstraps(ames_train), matching the expected bootstrap resampling workflow.","You built a workflow_set with a recipe and three models and then unnested the info structure, but you used a different recipe object (rec_base) and model names than specified and unnested with unnest_wider(info) instead of unnest(info), so the structure is slightly different from the exemplar.","You used workflow_map to tune across workflows and then unnested metrics, filtered for rmse, grouped by wflow_id, and arranged by .estimate descending, but you relied on collect_metrics() rather than directly unnesting result and .metrics as in the template; logic is correct but process deviates.","You called workflowsets::rank_results(all_workflows, rank_metric = 'rmse') and compared to your manual results, but you did not set select_best = TRUE as specified in the rubric, even though the comparison logic is otherwise sound.","You identified a best model using rmse, extracted and finalized a workflow with select_best and finalize_workflow, and computed train/test MSE and their ratio. However, you did not explicitly extract the 'base_forest' workflow with the given fixed parameters, and your reported MSE ratio differs from the exemplar target."
47,21,"Your lab shows solid understanding of tidymodels workflows, tuning, and evaluation, and most exercises include working code that follows the intended ideas. The main deductions are for not strictly following the specified object names and exact workflows in the rubric (e.g., specific recipe steps/order, model object names, and exact workflow extraction/finalization). For future labs, align your code more closely with the provided templates and rubric instructions, even if your alternative approach is technically valid.",1,3,2,1,3,3,2,2,2,2,"You correctly used skimr::skim(), but did not use the pipe from dat and added extra objects; also your markdown conclusion about missingness contradicts the expected 'no missing data' statement.","Train/test split is done with set.seed(8740), rsample::initial_split on dat, and rsample::training/testing with prop = 0.75 and strata = Sale_Price; this matches the required process.","You created a recipe with the correct formula and used step_log, step_other, step_dummy, and centering/scaling, then prepped and tidied it. However, you log-transformed all outcomes without specifying base = exp(1) and the order of steps differs from the expected (log outcome after centering/scaling numeric predictors in the rubric).","You specified appropriate parsnip models and used tune() for glmnet and ranger, but the object names do not match the expected lm_mod_glmnet and lm_mod_rforest, and you did not explicitly set mode = 'regression' for the linear models as in the rubric.","You correctly called parsnip::translate() on each of the three model specifications, satisfying the required workflow and expected outputs.","You set the seed and created train_resamples with rsample::bootstraps(ames_train), matching the expected process and output structure.","You built a workflow_set with one recipe and three models and unnested the info column (using unnest_wider), but the recipe and model object names differ from the template and you did not follow the simpler expected unnest(info) pattern.","You used workflow_map to tune and then unnested metrics, filtered for rmse, grouped by wflow_id, and arranged by .estimate descending, but you used collect_metrics/map instead of directly unnesting result and .metrics as in the rubric.","You called workflowsets::rank_results(all_workflows, rank_metric = 'rmse') and compared to your manual results, but did not set select_best = TRUE exactly as specified in the rubric.","You identified a best model via rank_results/collect_metrics and finalized a workflow with select_best, then fit to train and test and computed an MSE ratio. However, you did not explicitly extract the 'base_forest' workflow with the given fixed parameters (trees = 1, min_n = 11), so the process diverges from the expected solution."
48,19,"You completed all exercises with generally correct use of tidymodels, rsample, recipes, parsnip, and workflowsets, and your code shows a solid understanding of the modeling workflow. Most deductions are for not following the exact variable names, step order, or function arguments specified in the rubric, and for a couple of minor deviations (e.g., missing select_best = TRUE, different best-model extraction). For future labs, align more closely with the provided templates and rubric instructions, especially regarding object names, step order, and required arguments, while keeping your code as simple as the exercise expects.",1,3,2,2,2,3,2,2,2,2,"You correctly used skimr::skim(), but did not use the pipe from dat to skim in a single step and your markdown conclusion about missing data is incorrect per the rubric (should state no missing data).","You set the seed, used rsample::initial_split with prop = 0.75 and strata = Sale_Price, and then correctly created ames_train and ames_test with training() and testing().","You created a recipe with the correct formula, applied log to the outcome, pooled Neighborhood, created dummies, and centered/scaled predictors, then prepped and tidied it. However, the order of steps differs from the expected (center/scale before dummying), so process fidelity is slightly off.","You specified a base linear_reg with lm engine, a glmnet model with penalty and mixture tuned, and a ranger random forest with min_n and trees tuned. However, you did not name the glmnet and forest models as lm_mod_glmnet and lm_mod_rforest as in the expected workflow, which may break later steps.","You correctly called parsnip::translate() on each of your three model objects, but again the model variable names differ from the expected ones, which slightly reduces process fidelity relative to the template.","You set the seed and created train_resamples using rsample::bootstraps(ames_train), matching the expected process and output structure.","You built a workflow_set with a recipe and three models and then unnested the info column (using unnest_wider), which satisfies the main goals. However, you used a different recipe (rec_base) than the specified norm_recipe and a different unnesting approach than tidyr::unnest(info), so process fidelity is not exact.","You used workflow_map to tune across workflows and then unnested metrics, filtered for rmse, grouped by wflow_id, arranged by .estimate descending, and sliced the top row. The logic matches, but you deviated from the exact select/unnest chain in the template and added extra compatibility code, so process fidelity is partial.","You called workflowsets::rank_results(all_workflows, rank_metric = 'rmse') and compared its output to your manual results, but did not set select_best = TRUE as specified in the rubric, and added extra transformation logic beyond what was requested.","You identified a best model via rank_results/collect_metrics, finalized a workflow with best parameters, and then fit to train and test data and computed an MSE ratio. However, you did not explicitly extract the 'base_forest' workflow with the specified fixed parameters (trees = 1, min_n = 11), and your workflow construction diverges from the expected simpler path."
49,18,"You completed all exercises with generally correct use of tidymodels, rsample, recipes, parsnip, and workflowsets, and your code shows a solid understanding of the workflow. Most deductions are for not following the exact variable names, step order, or unnesting patterns specified in the rubric, and for an incorrect EDA conclusion about missingness. For future labs, align more closely with the provided templates and rubric instructions, and keep your answers as simple and direct as required.",1,3,2,2,3,3,2,2,,,"You correctly used skimr::skim(), but did not use the pipe from dat to skim in a single step and added extra intermediate objects; your markdown conclusion about missingness is also incorrect per the rubric expectation.","You set the seed, used rsample::initial_split with prop = 0.75 and strata = Sale_Price, and correctly created ames_train and ames_test from data_split.","You created a recipe with the correct formula, applied log to the outcome, pooled Neighborhood, created dummies, and centered/scaled predictors, then prepped and tidied; however, the order of steps does not match the expected sequence (center/scale before dummying) and you used base-10 log instead of explicitly specifying base = exp(1).","You specified a linear_reg lm model, a glmnet model with penalty and mixture tuned, and a rand_forest model with min_n and trees tuned, but you did not use the exact variable names requested (lm_mod_glmnet, lm_mod_rforest) and did not explicitly set mode = 'regression' on all models as in the template.","You correctly called parsnip::translate() on each of the three model specifications, which will display the underlying engine-specific templates.","You set the seed and created train_resamples using rsample::bootstraps(ames_train), matching the expected bootstrap resampling workflow.","You built a workflow_set with a recipe and three models and then unnested the info column (using unnest_wider), but you did not follow the simpler expected structure (no cross argument) and the unnesting approach differs from the rubric’s tidyr::unnest(info) pattern.","You used workflow_map to tune over resamples and then unnested metrics, filtered for rmse, grouped by wflow_id, and arranged by .estimate descending; however, the code is more complex than needed and does not follow the exact select/unnest chain specified in the template.",,
50,20,"Most core tidymodels steps—splitting, recipe creation, model specs, workflow_set, tuning, and evaluation—are present and generally correct. The main issues are mismatches with the exact object names and processes in the template, some ordering/selection choices (e.g., descending rmse), and not following the specific base_forest finalization in Q10. Tightening alignment with the provided workflow (names, functions, and selection criteria) would bring this to full credit.",1,3,2,2,3,3,2,2,2,2,"You correctly used skimr::skim(), but did not use the pipe from dat to skim in a single step and added extra objects; the conclusion about missingness is also incorrect per the rubric expectation of no missing data.","Train/test split is done correctly with set.seed(8740), rsample::initial_split on dat, and rsample::training/testing, using prop = 0.75 and strata = Sale_Price.","You created and prepped a recipe with the correct formula, log-transformed the outcome, pooled Neighborhood, and created dummies, but you centered and scaled all predictors (including dummies) rather than just numeric predictors, and did not specify base = exp(1) explicitly.","You specified three appropriate parsnip models with correct engines and tunable parameters, but the object names do not match the expected lm_mod_glmnet and lm_mod_rforest, which may cause issues with later workflow_set usage per the template.","You correctly called parsnip::translate() on each of the three model specifications, satisfying the required workflow and expected outputs.","You set the seed and created train_resamples using rsample::bootstraps(ames_train), matching the expected process and output structure.","You created a workflow_set with one recipe and three models and then unnested the info column, but you used a different recipe object (rec_base) and model names than in Exercise 3/4 and unnested with unnest_wider(info) instead of unnest(info) as in the template.","You used workflow_map to tune and then unnested metrics, filtered for rmse, grouped by wflow_id, and arranged/sliced, but you deviated from the exact select/unnest chain in the template and arranged in descending order of rmse (worse models first) rather than identifying the best (lowest) rmse.","You correctly called workflowsets::rank_results with rank_metric = 'rmse' and compared to your manual results, but the ranking logic is more complex than needed and partially tied to the earlier descending-rmse choice, so it does not cleanly mirror the best-model comparison described in the rubric.","You used extract_workflow_set_result, select_best, finalize_workflow, and then fit a finalized workflow to train and test data and computed an MSE ratio, but you did not explicitly extract the 'base_forest' workflow with fixed parameters (trees = 1, min_n = 11) and your reported ratio differs from the expected reference value."
