Run,Total,OverallComment,Q1,Q2,Q3,Q4,Q5,Q6,Q7,Q8,Q9,Q10,Q1_feedback,Q2_feedback,Q3_feedback,Q4_feedback,Q5_feedback,Q6_feedback,Q7_feedback,Q8_feedback,Q9_feedback,Q10_feedback
1,25,"Most of the required tidymodels workflow is implemented correctly, including model specifications, workflow sets, resampling, and tuning summaries. The main issues are in Exercise 1 (extra intermediate object and not piping directly) and Exercise 3 (log base and centering/scaling all predictors instead of only numeric). Tightening those steps to match the specified process would bring this very close to full credit.",1,2,1,3,3,3,3,3,3,3,"You correctly used skimr::skim() on dat, but did not use the pipe from dat directly (you reassigned dat and created an intermediate object). The conclusion about no missing data is present, but the workflow does not fully match the expected single-step piping process.","You set the seed and used rsample::initial_split(), training(), and testing() with a 0.75 prop, which is good. However, you did not use strata = 'Sale_Price', and the variable names differ from the expected data_split/ames_train/ames_test, so the process is slightly off.","You created a recipe with the correct formula and included log, step_other, dummy, centering, and scaling, and then prepped it. However, you used base = 10 instead of natural log, and you centered/scaled all predictors (including dummies) rather than just numeric predictors, so the transformations do not fully match the specification.","All three models are specified correctly with parsnip::linear_reg and parsnip::rand_forest, appropriate engines (lm, glmnet, ranger), regression mode, and tunable parameters (penalty, mixture, min_n, trees). This matches the required process and structure.","You applied parsnip::translate() to each of the three model objects, which is exactly what was required to inspect the engine-specific templates.","You set the seed and created train_resamples using rsample::bootstraps() on the training data, matching the expected process and producing the correct type of resampling object.","You built all_workflows with workflowsets::workflow_set() using your recipe and three models, and then unnested the info column with tidyr::unnest(info), correctly showing the workflow structure.","Your code follows the expected pipeline: selecting wflow_id and result, unnesting result and .metrics, filtering for rmse, grouping by wflow_id, arranging by .estimate, and slicing the top row. This matches the required workflow for extracting best rmse per model.","You correctly called workflowsets::rank_results(all_workflows, rank_metric = 'rmse', select_best = TRUE) as specified. Although you did not explicitly describe the comparison, the required code is present and correct.","You extracted the best workflow (base_recip_random_forest), finalized it with trees and min_n, and then fit it on both training and test data. The workflow and functions used match the expected process, and you reported test/train MSE values, even if the exact ratio is not computed in code."
2,25,"Your lab shows solid command of tidymodels workflows, models, and resampling; most exercises follow the expected functions and structure closely. The main issues are in Exercise 1 (not using the simple pipe pattern) and Exercise 3 (log base and preprocessing order/targets). Tightening adherence to the specified process and arguments in future labs will help you capture full credit.",1,2,1,3,3,3,3,3,3,3,"You used skimr::skim() on dat, but did not use the pipe from dat directly and created an intermediate object; also as.tibble() is deprecated. EDA conclusion about no missing data is stated, but process does not fully match the single-step pipe requirement.","You correctly used set.seed() and rsample::initial_split(), training(), and testing(), with a ~75% split. However, you did not use strata = 'Sale_Price' and used different object names than specified, so the process is slightly off the rubric.","You created a recipe with the correct formula and included step_log, step_other, step_dummy, step_center, and step_scale, and then prepped it. However, you used base = 10 instead of natural log, centered/scaled all predictors (including dummies) rather than numeric predictors only, and the order of steps does not match the expected process.","All three parsnip models are correctly specified: lm with lm engine, glmnet with penalty and mixture set to tune(), and random forest with ranger engine and min_n and trees set to tune(), with regression mode. This fully matches the rubric.","You correctly called parsnip::translate() on each of the three model objects, which is exactly what was required to inspect the underlying templates.","You set the seed and created train_resamples using rsample::bootstraps() on the training data, matching the expected process and output structure.",You built a workflow_set with the recipe and all three models and then unnested the info column to inspect the structure. Column names differ slightly from the template but the workflow content and process are correct.,"Your code (though not evaluated) follows the required chain: workflow_map (given), then select, unnest result and .metrics, filter for rmse, group_by wflow_id, arrange by .estimate descending, and slice(1). This matches the rubric’s expected workflow.","You correctly called workflowsets::rank_results(all_workflows, rank_metric = 'rmse', select_best = TRUE) as required. Comparison to Q8 is implied but not shown in detail, which is acceptable per the rubric.","You extracted the best workflow (base_recip_random_forest), finalized it with trees and min_n, and then fit it on both training and test data. While your reported MSE ratio differs from the solution, the required functions and process are correctly implemented."
3,25,"Most exercises are completed with the correct functions and workflows, especially for model specification, workflowsets, tuning, and finalizing the best model. The main issues are in Exercise 1’s process style, Exercise 2’s missing stratification, and Exercise 3’s log base and preprocessing order/details. Tightening adherence to the specified process (especially for recipes and data splitting) will bring your work fully in line with the rubric.",1,2,1,3,3,3,3,3,3,3,"You correctly used skimr::skim() on dat, but did not use the pipe directly from dat as specified and created an intermediate object. The conclusion about no missing data is present, but process fidelity is off from the rubric’s single-step pipe requirement.","You set the seed and used rsample::initial_split(), training(), and testing(), but did not use strata = 'Sale_Price' and used different object names than requested. The split proportion is correct, but missing stratification costs 1 point.","You created a recipe with the correct formula and included log, step_other, dummy, centering, and scaling, and then prepped it. However, you used base = 10 instead of natural log, centered/scaled all predictors (including dummies) rather than numeric predictors only, and the order of steps does not match the expected process.","All three models are specified correctly with parsnip::linear_reg(), parsnip::rand_forest(), set_engine(), set_mode(), and tune() for the appropriate parameters. This matches the expected workflow and model configurations.","You applied parsnip::translate() to each of the three model objects, which follows the expected process and would display the correct underlying templates.","You set the seed and created train_resamples using rsample::bootstraps() on the training data, matching the expected process and output structure.","You built a workflow_set with the recipe and all three models and then unnested the info column, correctly showing the workflow structure. This aligns with the rubric’s requirements.","Your code updates all_workflows with workflow_map() and then selects, unnests result and .metrics, filters for rmse, groups by wflow_id, arranges by .estimate, and slices the top row. This matches the expected tuning and summarization workflow.","You called workflowsets::rank_results(all_workflows, rank_metric = 'rmse', select_best = TRUE) as required. The comparison step is implicit but the core code matches the rubric.","You extracted the best workflow (base_recip_random_forest), finalized it with trees and min_n, and fit it on both training and test data. Although the numeric ratio is not computed explicitly, the required functions and workflow are correctly used."
4,23,"You implemented most of the required tidymodels workflow correctly, including model specifications, workflow sets, tuning, and ranking. The main issues are in following the exact specifications for the recipe (natural log and numeric predictors only), the stratified split, and the precise EDA piping pattern. Tightening adherence to the stated arguments and object names in future labs will help you capture the remaining points.",1,1,1,3,3,2,3,3,3,3,"You correctly used skimr::skim() on dat, but did not use the pipe directly from dat (you reassigned dat and created an intermediate object), so the process doesn’t match the single-step pipe requirement; the conclusion about no missing data is present.","You used set.seed() and rsample::initial_split()/training()/testing(), but did not use strata = 'Sale_Price' and used different object names than specified; the 75% split is approximately correct but not stratified.","You created a recipe with the correct formula and included log, other, dummy, center, and scale steps, but used base = 10 instead of natural log and centered/scaled all predictors (including dummies) rather than only numeric predictors; prep and tidy are used, though stored in a separate object.","All three parsnip models are correctly specified with appropriate engines and regression mode, and tuning parameters (penalty/mixture for glmnet, min_n/trees for ranger) are set using tune().","You correctly applied parsnip::translate() to each of the three model objects, which matches the expected workflow and will show the appropriate engine-specific templates.","You set the seed and created a bootstrap resampling object with rsample::bootstraps(), but used dat_train instead of the specified ames_train; otherwise the process and output type are correct.","You built a workflow_set using your recipe and all three models and then unnested the info column to inspect structure; this matches the expected functions, process, and output structure (4-column workflow set with detailed info when unnested).","Your code follows the required chain of select, unnest, filter for rmse, group_by, arrange(desc(.estimate)), and slice(1) on all_workflows, which matches the expected workflow and will yield the best rmse rows per workflow.","You correctly called workflowsets::rank_results(all_workflows, rank_metric = 'rmse', select_best = TRUE); this matches the required usage and would allow comparison to Exercise 8.","You extracted the random forest workflow, finalized it with trees and min_n, and set up fits on training and test data; while you did not compute the explicit ratio, you reported MSE values, so the overall selection, finalization, and comparison process is correct."
5,25,"Your lab shows solid understanding of tidymodels workflows, models, and workflowsets; most required functions and steps are present and correctly structured. The main deductions are for not using stratified splitting in Q2 and for recipe details in Q3 (log base and centering/scaling scope). Tightening adherence to the specified process (especially argument values and exact transformations) will bring you to full credit on future labs.",1,2,1,3,3,3,3,3,3,3,"You correctly used skimr::skim on dat and concluded no missing data, but the rubric required using the pipe directly from dat to skimr::skim() in a single step without creating intermediate objects; this process deviation costs points.","You set the seed and used rsample::initial_split(), training(), and testing() with a 0.75 prop, but you did not use strata = 'Sale_Price' and used different object names than specified; this partially meets the process and accuracy criteria.","You created a recipe with the correct formula and included log, other, dummy, center, and scale steps, but you used base = 10 instead of natural log, centered/scaled all predictors (including dummies) rather than numeric predictors only, and did not show broom::tidy() on the prepped recipe as in the expected workflow.","All three parsnip models are specified correctly: linear_reg with lm engine, glmnet with penalty and mixture set to tune(), and rand_forest with min_n and trees set to tune(), each in regression mode; this matches the required process and structure.","You applied parsnip::translate() to each of the three model objects, which is exactly the required workflow to inspect the engine-specific templates.","You set the seed and created a bootstrap resampling object with rsample::bootstraps(dat_train), which matches the expected process and output structure (even though the rubric names the object ames_train).",You built a workflow_set combining the single recipe with all three models and then unnested the info column to inspect the structure; this aligns with the required functions and workflow.,"Your code (though not evaluated) follows the expected sequence: select wflow_id and result, unnest result and .metrics, filter for rmse, group by wflow_id, arrange by descending .estimate, and slice(1); this matches the rubric’s process and intended output.","You correctly called workflowsets::rank_results(all_workflows, rank_metric = 'rmse', select_best = TRUE) as required; comparison to Q8 is implied by your comment.","You extracted the random forest workflow, finalized it with trees and min_n, fit it on both training and test data, and reported MSE values; this matches the expected workflow even though your numeric ratio differs from the solution’s example."
6,25,"You implemented the main tidymodels workflow well: model specifications, workflow_set, resampling, tuning, and ranking are all correctly structured. Most deductions are for smaller process details (e.g., missing strata in the split, log base choice, and centering/scaling scope) rather than missing work. Review the rubric’s exact expectations for preprocessing steps and splitting parameters to align even more closely in future labs.",1,2,1,3,3,3,3,3,3,3,"You correctly used skimr::skim() on dat, but did not use the pipe from dat directly and created an intermediate object; also as.tibble() is deprecated. EDA conclusion about no missing data is present, but process fidelity is off.","You set the seed and used rsample::initial_split(), training(), and testing() with a ~75% split, which matches the intent. However, you did not use strata = 'Sale_Price' and used different object names than specified, so process/output are slightly off the rubric.","You created a recipe with the correct formula and included log, step_other, dummy, centering, and scaling, and then prepped it. However, you used base = 10 instead of natural log, centered/scaled all predictors (including dummies) rather than numeric predictors only, and the order of steps does not match the expected process.","All three parsnip models are specified correctly with linear_reg and rand_forest, appropriate engines (lm, glmnet, ranger), regression mode, and tunable parameters penalty/mixture and min_n/trees. This matches the required workflow.","You applied parsnip::translate() to each of the three model objects, which is exactly what was required to inspect the engine-specific templates.","You set the seed and created a bootstrap resampling object using rsample::bootstraps() on the training data, assigning it to train_resamples as expected.",You built a workflow_set with the recipe and all three models and then unnested the info column to inspect the structure. Names differ slightly from the template but the process and structure are correct.,"Your (non-evaluated) code correctly selects wflow_id and result, unnests result and .metrics, filters for rmse, groups by wflow_id, orders by .estimate descending, and slices the top row, matching the required workflow.","You called workflowsets::rank_results(all_workflows, rank_metric = 'rmse', select_best = TRUE) as specified; comparison to Q8 is implied in your comments.","You extracted the best workflow (base_recip_random_forest), finalized it with trees and min_n, and showed code to fit on train and test data. Although you did not compute the explicit ratio, the required functions and workflow are present."
7,25,"Your lab shows solid command of tidymodels workflows, models, and resampling, with most exercises following the intended structure and functions. The main issues are minor deviations from the specified process (e.g., missing strata in the split, log base choice, and some naming differences). Tightening adherence to the exact recipe specifications and split parameters would bring this to full credit.",1,2,1,3,3,3,3,3,3,3,"You correctly used skimr::skim() on dat, but did not use the pipe directly from dat (you reassigned dat and created an intermediate object), so the process deviates from the single-step pipe requirement; the missing-data conclusion is present.","You set the seed and used rsample::initial_split(), training(), and testing(), but you omitted strata = 'Sale_Price' and used different object names than specified; the 75% split is essentially correct.","You created a recipe with the correct formula and included log, other, dummy, center, and scale steps, but used base = 10 instead of natural log and centered/scaled all predictors (including dummies) rather than only numeric predictors; prep and tidy are present but stored in a separate object.","All three parsnip models are specified correctly with appropriate engines and regression mode, and you used tune() for penalty/mixture and min_n/trees as required.","You correctly called parsnip::translate() on each of the three model objects, which will display the underlying engine-specific templates.","You set the seed and created train_resamples using rsample::bootstraps(dat_train), which matches the expected bootstrap resampling workflow on the training data.","You built a workflow_set with the recipe and all three models and then unnested the info column, correctly showing the workflow structure; naming differs slightly but the structure and process are correct.","Your code follows the expected dplyr/tidyr pipeline to unnest result and .metrics, filter for rmse, group by wflow_id, arrange by .estimate, and slice the top row; this matches the required workflow.","You correctly called workflowsets::rank_results(all_workflows, rank_metric = 'rmse', select_best = TRUE) as required; comparison to Q8 is implied but not explicitly discussed.","You extracted the random forest workflow, finalized it with the specified best parameters, and fit it on both training and test data; while you did not compute the exact ratio, you reported MSE values, showing an attempt at performance comparison."
8,25,"Most of the required tidymodels workflow is present and correctly structured, especially for model specification, workflowsets, tuning, and finalization. The main issues are in the early steps: missing stratification in the train/test split and some deviations in the recipe (log base and centering/scaling scope and order). Tightening those preprocessing steps and aligning more closely with the specified arguments would bring this to full credit.",1,2,1,3,3,3,3,3,3,3,"You correctly used skimr::skim() on dat, but did not use the pipe directly from dat (you reassigned dat and created an intermediate object). Also, the rubric expects a single skim call piped from dat and a clear statement about no missing data; your approach is more convoluted and uses as.tibble(), which is deprecated.","You set the seed and used rsample::initial_split(), training(), and testing(), with a 0.75 prop, which matches most of the required process. However, you did not use strata = 'Sale_Price' and used different object names than specified (dat_split, dat_train, dat_test instead of data_split, ames_train, ames_test), so the split is not stratified as required.","You created a recipe with the correct formula and included log, other, dummy, center, and scale steps, then prepped and tidied it. However, you used base = 10 instead of the natural log, centered and scaled all predictors (including dummies) rather than just numeric predictors, and the order of steps does not match the expected (center/scale numeric predictors before dummy creation).","All three models are specified correctly with parsnip::linear_reg() and parsnip::rand_forest(), appropriate engines (lm, glmnet, ranger), regression mode, and tunable parameters (penalty/mixture for glmnet, min_n/trees for random forest). This matches the required workflow and structure.","You correctly called parsnip::translate() on each of the three model objects (lm_mod_base, lm_mod_glmnet, lm_mod_rforest), which is exactly what was required to inspect the engine-specific templates.",You set the seed and created train_resamples using rsample::bootstraps() on the training data (dat_train). This matches the expected process and produces the correct type of resampling object.,"You built all_workflows with workflowsets::workflow_set() using your recipe and all three models, and then unnested the info column with tidyr::unnest(info). The structure (4 columns plus unnested info) and contents align with the rubric expectations.","Your code follows the required dplyr/tidyr pipeline: selecting wflow_id and result, unnesting result and .metrics, filtering for rmse, grouping by wflow_id, arranging by .estimate descending, and slicing the top row. This matches the specified workflow and would yield the best rmse per workflow.","You correctly called workflowsets::rank_results(all_workflows, rank_metric = 'rmse', select_best = TRUE) as required. While you did not explicitly describe the comparison to Q8, the core code and process are present.","You extracted the best workflow (base_recip_random_forest), finalized it with trees and min_n parameters, and then fit it on both training and test data. Although your reported MSE ratio is not computed explicitly, the required functions and workflow are correctly used."
9,25,"Most of the required tidymodels workflow is implemented correctly, including model specifications, workflow sets, resampling, and tuning summaries. The main issues are in Exercise 1 (not following the exact skim piping pattern) and Exercise 3 (log base and step ordering/details). Tightening adherence to the specified process and parameter details will bring your work fully in line with the rubric.",1,2,1,3,3,3,3,3,3,3,"You correctly used skimr::skim() on dat, but did not use the pipe directly from dat as specified and created an intermediate object. The conclusion about no missing data is present, but process fidelity is off and use of as.tibble() is outdated.","You set the seed and used rsample::initial_split(), training(), and testing() with a ~75% split, which matches the intent. However, you did not use strata = 'Sale_Price' and used different object names than in the template, so process/output are slightly off per the rubric.","You created a recipe with the correct formula and included log, other, dummy, center, and scale steps, then prepped it. However, you used base = 10 instead of natural log, centered/scaled all predictors (not just numeric) after dummying, and did not show tidy output clearly, so the specified transformations are not fully correct.","All three parsnip models are specified correctly: linear_reg with lm engine, glmnet with penalty and mixture set to tune(), and rand_forest with min_n and trees set to tune(), all in regression mode. This matches the required workflow and structure.","You applied parsnip::translate() to each of the three model objects, which is exactly what was requested to inspect the engine-specific templates.","You set the seed and created train_resamples using rsample::bootstraps(dat_train), which matches the expected process and produces the correct bootstrap resampling object.","You built all_workflows with workflowsets::workflow_set() using your recipe and three models, then unnested the info column with tidyr::unnest(info). The structure and contents align with the rubric expectations.","Your code follows the required chain: select result, unnest result and .metrics, filter for rmse, group by wflow_id, arrange by .estimate descending, and slice(1). This matches the specified workflow and would yield the best rmse per workflow.","You correctly called workflowsets::rank_results(all_workflows, rank_metric = 'rmse', select_best = TRUE) as required. Although you did not explicitly comment on the comparison, the core code is present and correct.","You extracted the best workflow (base_recip_random_forest), finalized it with trees and min_n, and then fit it on both training and test data. While your reported MSE ratio differs from the solution, the required functions and workflow are correctly used."
10,25,"Your lab shows solid understanding of tidymodels workflows, model specification, resampling, and workflowsets; most exercises follow the expected functions and structure closely. The main issues are in Exercise 1 (not piping dat directly) and Exercise 3 (log base and step ordering/selection), and a minor omission of stratification in the train/test split. Addressing these details will bring your work fully in line with the rubric’s expectations.",1,2,1,3,3,3,3,3,3,3,"You correctly used skimr::skim() on dat, but did not use the pipe from dat directly and created an intermediate object; the conclusion about no missing data is present. This partially meets the required process, so points are deducted for not piping dat |> skimr::skim() in a single step.","You set the seed and used rsample::initial_split(), training(), and testing(), and created train/test sets with ~75% split. However, you did not use strata = 'Sale_Price' and used different object names than specified, so process and exact specification are slightly off.","You created a recipe with the correct formula and included step_log, step_other, step_dummy, step_center, and step_scale, and prepped it. However, you used base = 10 instead of natural log, centered/scaled all predictors (including dummies) rather than numeric predictors only, and the order of steps does not match the expected process, so only partial credit is earned.","All three models are correctly specified: linear_reg with lm engine, glmnet model with penalty and mixture set to tune(), and rand_forest with min_n and trees set to tune(), each with regression mode. This fully matches the rubric.","You applied parsnip::translate() to each of the three model objects, which is exactly what was required to inspect the engine-specific templates.","You set the seed and created train_resamples using rsample::bootstraps() on the training data, matching the expected process and output structure.","You built all_workflows with workflowsets::workflow_set() using your recipe and three models, and then unnested the info column with tidyr::unnest(info), correctly showing the workflow structure as required.","Your code follows the expected chain: selecting wflow_id and result, unnesting result and .metrics, filtering for rmse, grouping by wflow_id, arranging by .estimate, and slicing the top row. This matches the rubric’s workflow even though it is not executed.","You correctly called workflowsets::rank_results(all_workflows, rank_metric = 'rmse', select_best = TRUE) as specified; comparison to Q8 is implied in your comments.","You extracted the random forest workflow, finalized it with trees and min_n parameters, fit it on both training and test data, and reported test/train MSE values. This matches the required workflow and demonstrates the requested comparison."
11,25,"Your lab shows solid understanding of tidymodels workflows, models, and workflowsets; most required functions and steps are present and correctly structured. The main issues are in Exercise 1 (extra objects instead of a simple pipe), Exercise 2 (missing stratification), and Exercise 3 (log base and centering/scaling scope). Tightening those details will bring your work fully in line with the rubric’s expectations.",1,2,1,3,3,3,3,3,3,3,"You used skimr::skim() on dat, but did not use the pipe from dat directly (you redefined dat and created an intermediate object), and the rubric expects a single dat |> skimr::skim() call and a clear skim-style summary. Simplify to dat |> skimr::skim() without extra objects.","You correctly used set.seed(8740), rsample::initial_split(), training(), and testing(), and created 75%/25% splits. However, you omitted the strata = 'Sale_Price' argument required by the rubric, so the process is slightly incomplete.","You created a recipe with the correct formula and included log, step_other, dummy, centering, and scaling, and then prepped it. However, you used base = 10 instead of natural log, and centered/scaled all predictors (including dummies) rather than just numeric predictors, so the transformations do not fully match the specified process.","All three models are specified correctly: linear_reg with lm engine, glmnet model with penalty and mixture set to tune(), and rand_forest with min_n and trees set to tune(), all in regression mode. This matches the required workflow and tunable parameters.","You correctly applied parsnip::translate() to each of the three model objects, which will display the underlying engine-specific templates as required.","You set the seed and created train_resamples using rsample::bootstraps(dat_train), which matches the expected process and produces a bootstrap resampling object for the training data.","You built all_workflows with workflowsets::workflow_set() using your recipe and all three models, and then unnested the info column to inspect the structure. This matches the required workflow and output structure.","Your code follows the expected sequence: select wflow_id and result, unnest result and .metrics, filter for rmse, group by wflow_id, arrange by .estimate descending, and slice the top row. This matches the rubric’s required process and output.","You correctly called workflowsets::rank_results(all_workflows, rank_metric = 'rmse', select_best = TRUE), which will rank workflows by rmse and select the best configuration per workflow as required.","You extracted the random forest workflow, finalized it with trees and min_n, and defined training and testing fits on the train/test data. While you did not compute the exact ratio, the required functions and workflow are present and correctly structured."
12,26,"Most exercises are completed with the correct functions and workflows, especially for model specification, workflowsets, tuning, and resampling. The main issues are minor deviations from the specified process (e.g., missing strata in the split, log base choice, and centering/scaling scope) and slightly different naming. Overall, this is a solid submission with good adherence to the tidymodels workflow; tightening alignment with the exact rubric specifications would earn full credit.",1,2,2,3,3,3,3,3,3,3,"You used skimr::skim() on dat, but did not use the pipe directly from dat (you reassigned dat and created an intermediate object), and the rubric expects a single dat |> skimr::skim() call and explicit mention of no missing data in the skim output. Partial credit for correct function use and conclusion.","You correctly used set.seed(8740), rsample::initial_split(), training(), and testing(), and achieved about a 75% split. However, you did not use strata = 'Sale_Price' and used different object names than specified, so process fidelity is slightly off.","You created a recipe with the correct formula and included log, step_other, dummy, centering, and scaling, and then prepped it. However, you used base = 10 instead of the natural log (base = exp(1)), and you centered/scaled all predictors (including dummies) rather than just numeric predictors, which deviates from the expected process.","All three parsnip models are correctly specified: linear_reg with lm engine, glmnet with penalty and mixture set to tune(), and rand_forest with min_n and trees set to tune(), all in regression mode. This matches the rubric expectations.","You correctly called parsnip::translate() on each of the three model objects, which is exactly what was required to inspect the engine-specific templates.","You set the seed and created train_resamples using rsample::bootstraps(dat_train), which matches the expected workflow and produces the correct bootstrap resampling object.","You built all_workflows with workflowsets::workflow_set() using your recipe and three models, and then unnested the info column with tidyr::unnest(info), which aligns with the required structure and examination of the workflow set.","Your code follows the expected sequence: select wflow_id and result, unnest result and .metrics, filter for rmse, group by wflow_id, arrange by .estimate descending, and slice(1). This matches the rubric’s process and intended output structure.","You correctly called workflowsets::rank_results(all_workflows, rank_metric = 'rmse', select_best = TRUE) as required. Although you did not explicitly describe the comparison, the core code is present and correct.","You extracted the random forest workflow, finalized it with trees and min_n, and fit it on both training and test data. While your reported MSE ratio differs from the solution, the rubric emphasizes correct use of extract_workflow, finalize_workflow, and fit(), which you satisfied."
13,25,"Most of the required tidymodels workflow is implemented correctly, including model specifications, workflow sets, tuning, and ranking. The main issues are in Exercise 1 (not following the exact skim piping pattern) and Exercise 3 (incorrect log base and centering/scaling scope), plus a minor omission of stratification in the split. Overall, this is a solid submission with a few details to tighten to fully match the rubric specifications.",1,2,1,3,3,3,3,3,3,3,"You used skimr::skim() on dat, but did not use the pipe from dat directly (you redefined dat and created an intermediate object), and the rubric expects a single dat |> skimr::skim() call and explicit mention of no missing data. Partial credit for correct function use and correct conclusion.","You correctly used set.seed(8740), initial_split(), training(), and testing(), and created 75%/25% splits. However, you did not use strata = 'Sale_Price' and used different object names than specified, so process fidelity is slightly off.","You created a recipe with the correct formula and included log, step_other, dummy, centering, and scaling, then prepped it. However, the log transform uses base = 10 instead of natural log, and you center/scale all predictors (including dummies) rather than just numeric predictors, so the process and transformation details are not fully correct.","All three models are specified correctly with linear_reg and rand_forest, appropriate engines (lm, glmnet, ranger), regression mode, and tunable parameters (penalty, mixture, min_n, trees) using tune(). This matches the expected parsnip setup.","You correctly applied parsnip::translate() to each of the three model objects, which is exactly what was required to inspect the engine-specific templates.","You set the seed and created train_resamples with rsample::bootstraps(dat_train), which matches the expected bootstrap resampling process on the training data.",You built a workflow_set with the recipe and all three models and then unnested the info column to inspect the structure. Column names differ slightly from the template but the workflow set and unnesting behavior are correct.,"Your code follows the required workflow: select wflow_id and result, unnest result and .metrics, filter for rmse, group by wflow_id, arrange by .estimate descending, and slice the top row. This matches the rubric’s expected tuning-summary pipeline.","You correctly called workflowsets::rank_results(all_workflows, rank_metric = 'rmse', select_best = TRUE) as required. The comparison to Q8 is implied but not elaborated, which is acceptable for this rubric.","You extracted the random forest workflow, finalized it with trees and min_n, and fit it on both training and test data. While you did not compute the exact ratio requested, the required functions and workflow are present and correctly used."
14,25,"Most of the tidymodels workflow, model specifications, workflowsets usage, and tuning pipeline are implemented correctly. The main issues are in Exercise 1 (not following the exact skim pipe pattern) and Exercise 3 (incorrect log base and centering/scaling all predictors instead of only numeric predictors), plus missing stratification in the train/test split. Addressing these details will bring your work fully in line with the rubric’s expectations.",1,2,1,3,3,3,3,3,3,3,"You used skimr::skim on dat, but did not use the pipe from dat directly and created an intermediate object; also as.tibble() is deprecated. EDA conclusion about no missing data is correct, but process does not match the single-step pipe requirement.","You correctly used set.seed() and rsample::initial_split(), training(), and testing() with a ~75% split. However, you did not specify strata = 'Sale_Price', which was required for full credit.","You created a recipe with the correct formula and included log, other, dummy, center, and scale steps, then prepped and tidied it. However, you used base = 10 instead of natural log, and centered/scaled all predictors (including dummies) rather than only numeric predictors, so the preprocessing does not fully match the specification.","All three models are correctly specified with linear_reg for lm and glmnet (with penalty and mixture tuned) and rand_forest with min_n and trees tuned, each with appropriate engines and regression mode. This matches the required parsnip workflow.","You correctly called parsnip::translate() on each of the three model objects, which is exactly what was required to inspect the engine-specific templates.","You set the seed and created train_resamples using rsample::bootstraps(dat_train), which matches the expected process and produces the correct bootstrap resampling object.","You built all_workflows with workflowsets::workflow_set using your recipe and three models, and then unnested the info column with tidyr::unnest(info). This matches the required structure and examination of the workflow set.","Your code updates all_workflows with workflow_map (as provided) and then selects wflow_id and result, unnests result and .metrics, filters for rmse, groups, arranges by descending .estimate, and slices the top row per workflow, matching the requested tuning summary process.","You correctly called workflowsets::rank_results(all_workflows, rank_metric = 'rmse', select_best = TRUE) as required; comparison to Q8 is implied in your comment.","You extracted the best workflow (base_recip_random_forest), finalized it with trees and min_n, and then fit it on both training and test data. While you did not compute the exact ratio, you reported separate MSEs, which is sufficient for demonstrating the required workflow."
15,25,"Your lab shows a solid grasp of tidymodels workflows, model specification, resampling, and workflowsets; most exercises follow the expected structure and use the correct functions. The main issues are in Exercise 2 (missing stratification) and Exercise 3 (log base and centering/scaling scope), plus a slightly nonstandard EDA pattern in Exercise 1. Addressing these details will bring your work fully in line with the rubric and best practices.",1,2,1,3,3,3,3,3,3,3,"You used skimr::skim on dat, but did not use the pipe from dat directly into skimr::skim and created an intermediate object; also the rubric expects a single skim call and a clear statement about no missing data. Adjust to dat |> skimr::skim() and avoid extra steps.","You correctly used set.seed and rsample::initial_split/training/testing with a 75% split, but you omitted the required strata = 'Sale_Price' argument. Add stratification on Sale_Price to fully match the rubric.","You created a recipe with the correct variables and included log, step_other, dummy, centering, and scaling, but used base = 10 instead of natural log and centered/scaled all predictors (including dummies) rather than only numeric predictors. Also, the rubric expects prep and broom::tidy on the recipe object itself, not a separate prep_recipe variable.","All three parsnip models are specified correctly with linear_reg and rand_forest, appropriate engines (lm, glmnet, ranger), regression mode, and tunable parameters penalty/mixture and min_n/trees. This fully matches the expected modeling setup.","You correctly called parsnip::translate() on each of the three model objects, which is exactly what was required to inspect the engine-specific templates.","You set the seed and created a bootstrap resampling object using rsample::bootstraps(dat_train), which matches the expected process and output structure.","You built a workflow_set with the recipe and all three models and then unnested the info column, producing the correct workflow structure. Naming differences are fine as the process and functions match the rubric.","Your code to unnest result and .metrics, filter for rmse, group by wflow_id, arrange by .estimate, and slice the top row follows the required workflow exactly. Even though eval is FALSE, the structure and functions are correct.","You correctly called workflowsets::rank_results with all_workflows, rank_metric = 'rmse', and select_best = TRUE as required. A brief comparison comment would strengthen the answer but is not required by the rubric.","You extracted the random forest workflow, finalized it with trees and min_n, and fit it on both training and test data. While your reported MSE ratio differs from the solution, the required functions and workflow are correctly used, so full credit is warranted."
16,25,"Most exercises are completed with the correct functions and workflows, and you show a solid grasp of tidymodels, workflowsets, and resampling. The main issues are in Exercise 1 (not following the exact skim pipe pattern) and Exercise 3 (log base and centering/scaling choices), plus a missing stratification in the split. Tightening those details to match the rubric will bring your work fully in line with expectations.",1,2,1,3,3,3,3,3,3,3,"You used skimr::skim on dat, but did not use the pipe from dat directly into skimr::skim and created an intermediate object; also the rubric expects a single skim call and a clear statement about no missing data. Process is partially correct but not in the requested form.","You correctly used set.seed and rsample::initial_split, training(), and testing(), and created 75%/25% splits. However, you did not use strata = 'Sale_Price' and used different object names than specified, so the process is slightly off the rubric.","You created a recipe with the right variables and included log, step_other, dummy, center, and scale, and then prepped it. However, you used base = 10 instead of natural log, centered/scaled all predictors (including dummies) rather than only numeric predictors, and did not keep the prepped recipe in norm_recipe as in the expected workflow.","All three parsnip models are specified correctly with linear_reg and rand_forest, appropriate engines (lm, glmnet, ranger), regression mode, and tunable parameters penalty/mixture and min_n/trees. This matches the required process and structure.","You correctly called parsnip::translate() on each of the three model objects, which is exactly what was required to inspect the engine-specific templates.","You set the seed and created train_resamples using rsample::bootstraps(dat_train), which matches the expected process and produces the correct type of resampling object.",You built a workflow_set with the recipe and all three models and then unnested the info column to inspect the structure. Column names differ slightly from the template but the workflow content and process are correct.,"Your code follows the expected pipeline: selecting wflow_id and result, unnesting result and .metrics, filtering for rmse, grouping by wflow_id, arranging by .estimate, and slicing the top row. This matches the rubric’s required workflow.","You correctly called workflowsets::rank_results(all_workflows, rank_metric = 'rmse', select_best = TRUE) as required. The comparison to Q8 is implied by the comment, which is sufficient for this lab.","You extracted the random forest workflow, finalized it with trees and min_n, and fit it on both training and test data. While your reported MSE ratio differs from the solution, the required functions and workflow are present and correctly structured."
17,25,"Most of the required tidymodels workflow is implemented correctly, including model specifications, workflow sets, resampling, tuning, and ranking. The main issues are in Exercise 1 (extra intermediate object and not using the pipe as specified), Exercise 2 (missing strata argument), and Exercise 3 (incorrect log base and centering/scaling all predictors instead of numeric predictors only). Addressing these details would bring the submission fully in line with the rubric.",1,2,1,3,3,3,3,3,3,3,"You used skimr::skim on dat, but did not use the pipe from dat directly to skimr::skim() and created an intermediate object; also the rubric expects a single skim call and a clear statement about no missing data. Simplify to dat |> skimr::skim() and rely on its missingness summary.","You set the seed and used rsample::initial_split(), training(), and testing() with a 0.75 prop, which is mostly correct. However, you did not use strata = 'Sale_Price' and used different object names than specified; add the strata argument and match the expected variable names for full credit.","You created a recipe with the correct formula and included log, step_other, dummy, centering, and scaling, and then prepped it. However, the log transform uses base = 10 instead of the natural log, and you center/scale all predictors (including dummies) rather than just numeric predictors; adjust to base = exp(1) and use all_numeric_predictors().","All three parsnip models are correctly specified: linear_reg with lm engine, glmnet with penalty and mixture set to tune(), and rand_forest with min_n and trees set to tune(), all in regression mode. This matches the required process and structure.","You correctly applied parsnip::translate() to each of the three model objects, which will display the underlying engine-specific templates. This fully meets the requirements.","You set the seed and created train_resamples using rsample::bootstraps(dat_train), which is exactly the expected workflow and output structure for bootstrap resampling of the training data.","You built all_workflows with workflowsets::workflow_set() using your recipe and all three models, and then unnested the info column to inspect the structure. Column names differ slightly from the template but the workflow set content and examination are correct.","Your code follows the expected pipeline: select wflow_id and result, unnest result and .metrics, filter for rmse, group by wflow_id, arrange by .estimate descending, and slice the top row. This matches the required process and output structure.","You correctly call workflowsets::rank_results(all_workflows, rank_metric = 'rmse', select_best = TRUE) as required. The comparison to Exercise 8 is implied; no additional code changes are needed here.","You extract the best workflow (base_recip_random_forest), finalize it with trees and min_n, then fit on both training and test data. While your reported MSE ratio differs from the solution, the required functions and workflow are correctly used."
18,25,"Most of the workflow, modeling, and resampling steps are implemented correctly, and you use the appropriate tidymodels and workflowsets functions throughout. The main issues are in Exercise 1 (not following the exact skimr piping pattern) and Exercise 3 (log base and centering/scaling choices), plus a missing stratification in the train/test split. Tightening adherence to the specified process and parameter details will bring your work fully in line with the rubric.",1,2,1,3,3,3,3,3,3,3,"You used skimr::skim on dat, but did not use the pipe from dat directly to skimr::skim() and created an intermediate object; also the rubric expects a single skim call and a clear statement about no missing data. Process not as specified, so partial credit.","You correctly used set.seed() and rsample::initial_split(), training(), and testing(), and created 75%/25% splits. However, you did not use strata = 'Sale_Price' and used different object names than specified, so process/output are slightly off.","You created a recipe with the right variables and included log, step_other, dummy, centering, and scaling, and then prepped it. However, you used base = 10 instead of natural log, centered/scaled all predictors (including dummies) rather than numeric predictors only, and the order of steps does not match the expected process.","All three parsnip models are correctly specified with appropriate engines and regression mode, and you set penalty/mixture and min_n/trees to tune(). This matches the expected workflow and model structures.","You correctly called parsnip::translate() on each of the three model objects, which is exactly what was required to inspect the underlying templates.","You set the seed and created a bootstrap resampling object with rsample::bootstraps() on the training data, storing it in train_resamples as expected.",You built a workflow_set with the recipe and all three models and then unnested the info column to inspect the structure. Column names differ slightly but the process and functions match the rubric.,"Your code follows the required sequence: select wflow_id and result, unnest result and .metrics, filter for rmse, group, arrange by .estimate, and slice the top row. This matches the expected workflow for extracting best RMSE per model.","You correctly called workflowsets::rank_results(all_workflows, rank_metric = 'rmse', select_best = TRUE) as required; comparison to Q8 is implied by the comment.","You extracted the random forest workflow, finalized it with the specified best parameters, and fit it on both training and test data. While you did not compute the exact ratio, you reported MSE values, which is sufficient for the required comparison."
19,19,"You implemented most of the tidymodels workflow correctly, including model specifications, workflow sets, resampling, and tuning summaries. The main issues were in strictly following the specified process for EDA and data splitting, and in the exact preprocessing details (log base and which predictors to scale). Tightening alignment with the rubric’s exact arguments and step order will help you earn full credit in future labs.",1,2,1,3,3,3,3,3,,,"You used skimr::skim() on dat, but did not use the pipe from dat directly to skim(), and you created an intermediate object. The missing-data conclusion is correct, but process fidelity does not match the rubric.","You correctly used set.seed() and rsample::initial_split(), training(), and testing(), with a ~75% split. However, you did not use strata = 'Sale_Price' and used different object names than specified, so the process is slightly off the expected workflow.","You created a recipe with the correct formula and included log, other, dummy, center, and scale steps, then prepped and tidied it. However, you used base = 10 instead of the natural log and centered/scaled all predictors (including dummies) rather than only numeric predictors, so the transformations do not fully match the rubric.","All three models are correctly specified with linear_reg and rand_forest, appropriate engines (lm, glmnet, ranger), regression mode, and tunable parameters (penalty, mixture, min_n, trees) using tune(). This matches the required process and structure.","You correctly applied parsnip::translate() to each of the three model objects, which is exactly what was required to inspect the engine-specific templates.","You set the seed and created train_resamples using rsample::bootstraps(dat_train), which matches the expected process and produces the correct type of resampling object.",You built a workflow_set with the recipe and all three models and then unnested the info column to inspect the structure. The column names differ slightly from the template but the workflow content and process are correct.,"Your code updates all_workflows with workflow_map() (as provided) and then selects, unnests result and .metrics, filters for rmse, groups by wflow_id, arranges by .estimate, and slices the top row. This matches the required workflow and output structure.",,
20,25,"Your lab shows solid understanding of tidymodels workflows, models, and workflowsets; most exercises follow the expected structure and use the correct functions. The main issues are in Exercise 1 (extra objects instead of a simple pipe), Exercise 2 (missing stratification), and Exercise 3 (log base and centering/scaling scope). Addressing these details will better align your work with the rubric’s exact expectations.",1,2,1,3,3,3,3,3,3,3,"You used skimr::skim() on dat, but did not use the pipe from dat directly (you reassigned dat and created an intermediate Missing object), and the rubric expects a single dat |> skimr::skim() call and a clear skim-style summary. Simplify to dat |> skimr::skim() without extra objects.","You set the seed and used rsample::initial_split(), training(), and testing() with a 0.75 prop, which matches most of the required process. However, you did not use strata = 'Sale_Price' and used different object names than specified, so the split is not stratified as required.","You created a recipe with the correct formula and included log, other, dummy, center, and scale steps, then prepped and tidied it. However, you used base = 10 instead of the natural log, and you centered/scaled all predictors (including dummies) rather than just numeric predictors, so the transformations do not fully match the rubric.","All three parsnip models are correctly specified: linear_reg with lm engine, glmnet with penalty and mixture set to tune(), and rand_forest with min_n and trees set to tune(), all in regression mode. This matches the required workflow and tunable parameters.","You correctly applied parsnip::translate() to each of lm_mod_base, lm_mod_glmnet, and lm_mod_rforest, which is exactly what was required to inspect the engine-specific templates.","You set the seed and created train_resamples using rsample::bootstraps(dat_train), which matches the expected process and produces the correct bootstrap resampling object.","You built all_workflows with workflowsets::workflow_set() using your recipe and all three models, and then unnested the info column with tidyr::unnest(info), correctly showing the workflow structure as required.","Your code follows the expected pipeline: select wflow_id and result, unnest result and .metrics, filter for rmse, group by wflow_id, arrange by descending .estimate, and slice the top row. This matches the rubric’s required workflow and output structure.","You called workflowsets::rank_results(all_workflows, rank_metric = 'rmse', select_best = TRUE) as specified. This satisfies the required code and process for comparing to Exercise 8.","You extracted the random forest workflow, finalized it with trees and min_n, and defined training_fit and testing_fit using fit() on train and test data. While your reported MSE ratio differs from the solution, the required functions and workflow are correctly used."
21,24,"Most of the required tidymodels workflow components are present and correctly implemented, including model specifications, workflow sets, resampling, and tuning summaries. The main issues are in following the exact specified process for the EDA, data split (stratification), and recipe details (log base and centering/scaling scope). Tightening adherence to the given instructions and being precise about transformation details will help you reach full credit on future labs.",1,1,1,3,3,3,3,3,3,3,"You used skimr::skim() on dat, but did not pipe dat directly into skim and created an intermediate object; also as.tibble() is deprecated. EDA goal is mostly met and the missing-data conclusion is stated, but the required single-step pipe workflow was not followed.","You correctly used set.seed() and rsample::initial_split()/training()/testing(), but you did not use strata = 'Sale_Price' and used different object names than specified. This meets execution but not the exact process or stratified 75% split requirement.","You created a recipe with the right variables and included log, step_other, dummy, center, and scale, and then prepped it. However, you used base = 10 instead of natural log, centered/scaled all predictors (including dummies) rather than numeric predictors only, and the order of steps does not match the expected process.","All three parsnip models are correctly specified with appropriate engines and regression mode, and penalty/mixture and min_n/trees are set to tune(). This fully matches the expected modeling setup.","You correctly called parsnip::translate() on each of the three model objects, which is exactly the required workflow for this exercise.","You set the seed and created train_resamples using rsample::bootstraps() on the training data, matching the expected process and output structure.","You built all_workflows with the recipe and three models and then unnested the info column, producing the correct workflow set structure. Naming differences are acceptable and the process matches the rubric.","Your code (though not executed) correctly chains select, unnest, filter for rmse, group_by, arrange(desc(.estimate)), and slice(1) on all_workflows, matching the required tuning-summary workflow.","You correctly called workflowsets::rank_results(all_workflows, rank_metric = 'rmse', select_best = TRUE) as required; comparison to Q8 is implied even if not discussed in detail.","You extracted the best workflow, finalized it with trees and min_n, and fit it on both training and test data. While you did not compute the explicit MSE ratio, the required functions and workflow are present and correctly used."
22,22,"Most of the workflow, modeling, resampling, and workflowsets steps are implemented correctly and align well with the rubric. The main issues are in Exercise 1 (not using the exact piping pattern) and Exercise 3 (using base-10 log and scaling all predictors instead of only numeric ones, and a slightly different prep pattern). Tightening adherence to the specified functions/arguments (e.g., strata in initial_split, natural log in step_log, and exact piping patterns) will bring your work fully in line with the expectations.",1,2,1,3,3,3,3,3,3,3,"You used skimr::skim() on dat, but did not pipe dat directly into skim (no |> from dat) and created an intermediate object. The rubric expects dat |> skimr::skim() in a single step; your missing-data conclusion is correct.","You set the seed and used rsample::initial_split(), training(), and testing(), with a 0.75 prop. However, you did not use strata = 'Sale_Price' and used different object names than specified; the split process is otherwise correct.","You created a recipe with the correct formula and included log, other, dummy, center, and scale steps, then prepped and tidied it. However, you used base = 10 instead of natural log, and centered/scaled all predictors (including dummies) rather than just numeric predictors, so the preprocessing does not fully match the specification.","All three parsnip models are correctly specified: a basic linear_reg with lm engine, a glmnet model with penalty and mixture set to tune(), and a random forest with ranger engine and tunable min_n and trees. set_mode('regression') is used appropriately.","You correctly called parsnip::translate() on each of the three model objects, which will display the underlying engine-specific templates as required.","You set the seed and created train_resamples using rsample::bootstraps(dat_train), which matches the expected bootstrap resampling workflow on the training data.","You built all_workflows with workflowsets::workflow_set() using your recipe and three models, and then unnested the info column with tidyr::unnest(info), which matches the required structure and examination of the workflow set.","Your code follows the expected pipeline: selecting wflow_id and result, unnesting result and .metrics, filtering for rmse, grouping by wflow_id, arranging by descending .estimate, and slicing the top row. This matches the rubric’s workflow for extracting best RMSE per workflow.","You correctly called workflowsets::rank_results(all_workflows, rank_metric = 'rmse', select_best = TRUE) as required; comparison to Q8 is described in comments, which is sufficient for this exercise.","You extracted the best workflow (base_recip_random_forest), finalized it with trees and min_n parameters, and fit it on both training and test data. While you did not compute the explicit ratio, you reported train and test MSE values, which is adequate for the required comparison."
23,19,"You completed most of the required workflows and model-building steps correctly, especially from Exercises 4–8, and your use of tidymodels and workflowsets is solid. The main issues are in Exercises 1–3, where the exact piping pattern, stratified split, and recipe details (natural log and numeric-only centering/scaling) did not fully match the rubric. Tightening those details and aligning object names and arguments with the instructions will help you earn full credit in future labs.",1,2,1,3,3,3,3,3,,,"You used skimr::skim() on dat, but did not pipe dat directly into skim (no |> from dat) and created an intermediate object. The rubric expects dat |> skimr::skim() in a single step; your missing-data conclusion is correct.","You set the seed and used rsample::initial_split(), training(), and testing(), with a ~75% split. However, you did not use strata = 'Sale_Price' and used different object names than specified (dat_split/dat_train/dat_test instead of data_split/ames_train/ames_test).","You created a recipe with the correct variables and included log, step_other, dummy, centering, and scaling, and then prepped it. However, you used base = 10 instead of natural log, centered/scaled all predictors (including dummies) rather than numeric predictors only, and did not show broom::tidy() on the prepped recipe object as in the rubric.","All three models are specified correctly: linear_reg with lm engine, glmnet model with penalty and mixture set to tune(), and rand_forest with min_n and trees set to tune(), all in regression mode. Function usage and tunable parameters match the rubric.","You correctly called parsnip::translate() on each of the three model objects, which will display the underlying engine-specific templates as required.","You set the seed and created train_resamples using rsample::bootstraps(dat_train), which matches the expected workflow (using your training set) and will produce a bootstrap resampling object.","You built all_workflows with workflowsets::workflow_set() using your recipe and all three models, and then unnested the info column with tidyr::unnest(info), which matches the required structure and examination step.","Your code follows the expected pipeline: selecting wflow_id and result, unnesting result and .metrics, filtering for rmse, grouping by wflow_id, arranging by .estimate (descending), and slicing the first row. This matches the rubric’s process and output expectations.",,
24,24,"Most of the required tidymodels workflow is present and correctly implemented, especially for model specification, resampling, workflow sets, tuning, and ranking. The main issues are in the early steps: the skimr EDA and train/test split do not fully follow the specified patterns, and the recipe uses base-10 log and centers/scales all predictors instead of only numeric ones. Tightening those pieces to match the rubric would bring this to full credit.",1,1,1,3,3,3,3,3,3,3,"You used skimr::skim() on dat, but did not use the pipe directly from dat (you reassigned dat and created an intermediate object), and the rubric expects a single dat |> skimr::skim() call and a clear skim-style summary. Simplify to dat |> skimr::skim() without extra objects.","You correctly used set.seed() and rsample::initial_split()/training()/testing(), but you did not use strata = 'Sale_Price' and you named the split/data objects differently than specified. Update initial_split to include strata = 'Sale_Price' and use the requested object names.","You created a recipe with the right variables and included log, other, dummy, center, and scale steps, then prepped it. However, the log step uses base = 10 instead of natural log (base = exp(1)), and you centered/scaled all predictors rather than just numeric predictors. Adjust the log base and use all_numeric_predictors() for centering/scaling.","All three parsnip models are correctly specified: linear_reg with lm engine, glmnet with penalty and mixture set to tune(), and rand_forest with trees and min_n set to tune(), all in regression mode. This fully matches the expected workflow.","You correctly called parsnip::translate() on each of the three model objects, which will display the underlying engine-specific templates as required.","You set the seed and created a bootstrap resampling object using rsample::bootstraps() on the training data, assigning it to train_resamples, which matches the expected process.","You built all_workflows with workflowsets::workflow_set() using the recipe and all three models, and then unnested the info column with tidyr::unnest(info), which correctly exposes the workflow structure as required.","Your code follows the expected pipeline: selecting wflow_id and result, unnesting result and .metrics, filtering for rmse, grouping by wflow_id, arranging by .estimate (descending), and slicing the top row. This matches the rubric’s workflow.","You correctly called workflowsets::rank_results(all_workflows, rank_metric = 'rmse', select_best = TRUE), which will rank workflows by rmse and select the best configuration per workflow as specified.","You extracted the random forest workflow, finalized it with trees and min_n parameters, and fit it on both training and test data. While you did not compute the explicit MSE ratio, the required functions and workflow are present."
25,22,"Most exercises are completed with the correct functions and general workflows, especially for model specification, workflowsets, tuning, and ranking. Points were mainly lost where the rubric required very specific arguments (e.g., strata in initial_split, natural log base, exact piping pattern) or exact object names. For future labs, pay close attention to argument values and naming conventions specified in the instructions, and ensure any helper functions (like tune()) are fully qualified if not attached.",1,1,1,2,3,2,3,3,3,3,"You used skimr::skim() on dat, but did not use the pipe directly from dat as specified and created an intermediate object. Also, the rubric expects the skim output itself (with missingness info) rather than converting to a tibble and filtering, and the pipe operator from dat to skim is required for full credit.","You correctly used set.seed() and rsample::initial_split(), training(), and testing(), but you did not use strata = 'Sale_Price' and used different object names than specified (data_split, ames_train, ames_test). This partially meets the process but not the full rubric requirements.","You created a recipe with the correct variables and included log, step_other, dummy, center, and scale steps, then prepped it. However, you used base = 10 instead of natural log, centered/scaled all predictors (not just numeric), and did not show broom::tidy() on the prepped recipe object as in the rubric.","All three models are specified with linear_reg/rand_forest, correct engines, regression mode, and tunable parameters for glmnet and ranger. However, you called tune() without the parsnip:: namespace, which may fail without attaching parsnip explicitly, so the code execution reliability is slightly reduced.","You correctly applied parsnip::translate() to each of the three model objects in sequence, which matches the expected workflow and should display the appropriate engine-specific templates.","You set the seed and created a bootstrap resampling object with rsample::bootstraps(), but used dat_train instead of the rubric’s ames_train. The process is correct, but variable naming and alignment with the earlier split are slightly off.","You created all_workflows with workflowsets::workflow_set() using the recipe and all three models, and then unnested the info column with tidyr::unnest(info), which matches the required structure and examination step.","Your code follows the expected pipeline: select wflow_id and result, unnest result and .metrics, filter for rmse, group by wflow_id, arrange by descending .estimate, and slice the first row. This matches the rubric’s required workflow.","You correctly called workflowsets::rank_results(all_workflows, rank_metric = 'rmse', select_best = TRUE) as required. The comparison to Exercise 8 is mentioned in comments, which is sufficient for this rubric.","You extracted the best workflow, finalized it with trees and min_n parameters, and fit it on both training and test data. While you did not compute the exact ratio, you reported both MSE values, which is enough to compare train/test performance per the rubric."
26,19,"You implemented most of the required tidymodels workflow correctly, including model specifications, resampling, workflow sets, and tuning summaries. The main issues are in Exercise 1 (extra intermediate object and not following the exact piping pattern) and Exercise 3 (log base and centering/scaling all predictors instead of only numeric). Tightening adherence to the specified arguments and process steps will bring your work fully in line with the rubric expectations.",1,2,1,3,3,3,3,3,,,"You used skimr::skim() on dat, but did not use the pipe directly from dat as specified and created an intermediate object. Also, the rubric expects a single skim call piped from dat and an explicit statement about no missing data based on that summary.","You correctly used set.seed() and rsample::initial_split(), training(), and testing(), and created 75/25 splits. However, you did not use strata = 'Sale_Price' and used different object names than in the template, so the process is slightly off the expected workflow.","You created a recipe with the correct variables and included log, other, dummy, center, and scale steps, then prepped and tidied it. However, the log transform uses base = 10 instead of natural log, and you centered/scaled all predictors (including dummies) rather than only numeric predictors, which does not fully match the specified process.","All three models are correctly specified with linear_reg and rand_forest, appropriate engines (lm, glmnet, ranger), regression mode, and tunable parameters penalty/mixture and min_n/trees using tune(). This matches the expected parsnip setup.","You correctly called parsnip::translate() on each of the three model objects, which is exactly the required workflow to inspect the engine-specific templates.","You set the seed and created a bootstrap resampling object with rsample::bootstraps() on the training data, assigning it to train_resamples, which matches the expected process and output structure.",You built a workflow_set with the recipe and all three models and then unnested the info column to inspect the structure. The naming differs slightly from the solution but the workflow content and process are correct.,"Your code (though not evaluated) follows the expected sequence: select wflow_id and result, unnest result and .metrics, filter for rmse, group by wflow_id, arrange by descending .estimate, and slice the top row. This matches the rubric’s required workflow.",,
27,25,"Most exercises are completed with the correct functions and workflows, especially for model specification, resampling, workflow sets, and tuning. The main deductions are for not using stratified splitting in Q2 and for some deviations from the specified recipe details in Q3 and the streamlined skim usage in Q1. Tightening adherence to the exact arguments and process described in the rubric will help you earn full credit in future labs.",1,2,1,3,3,3,3,3,3,3,"You used skimr::skim() on dat, but did not use the pipe from dat directly (you reassigned dat and created an intermediate Missing object), and the rubric expects a single dat |> skimr::skim() step and explicit mention of no missing data in the skim output. Partial credit for correct function use and conclusion.","You set the seed and used rsample::initial_split(), training(), and testing(), but did not use strata = 'Sale_Price' and used different object names (dat_split, dat_train, dat_test) than specified. This meets execution but not full process fidelity or the stratified 75% split requirement.","You created a recipe with the correct formula and included log, other, dummy, center, and scale steps, then prepped it. However, you used base = 10 instead of natural log, centered/scaled all predictors (including dummies) rather than numeric predictors only, and did not use broom::tidy() directly on the prepped recipe object as in the rubric. Partial credit for overall structure.","All three models are correctly specified with parsnip::linear_reg(), parsnip::rand_forest(), set_engine(), set_mode(), and tune() for the appropriate parameters. Names differ slightly from the template but match the rubric’s intent, so full credit.","You correctly called parsnip::translate() on each of the three model objects in sequence, which matches the required workflow and will display the engine-specific templates. Full credit.","You set the seed and created train_resamples with rsample::bootstraps(dat_train), which matches the expected process (using your training set) and will yield a bootstrap resampling object. Full credit.","You created all_workflows with workflowsets::workflow_set() using your recipe and three models, and then unnested the info column with tidyr::unnest(info). This matches the rubric’s expectations for structure and examination. Full credit.","Your code follows the specified dplyr/tidyr pipeline: select result, unnest result and .metrics, filter for rmse, group by wflow_id, arrange by .estimate descending, and slice(1). This aligns with the rubric’s required workflow and output structure. Full credit.","You correctly called workflowsets::rank_results(all_workflows, rank_metric = 'rmse', select_best = TRUE) as required. This matches the rubric’s code execution and process expectations. Full credit.","You extracted the best workflow with workflowsets::extract_workflow(), finalized it with tune::finalize_workflow() using trees and min_n, and fit on both training and test data. While you did not compute the exact MSE ratio, the required functions and workflow are present, so full credit."
28,22,"Most of the workflow, modeling, and resampling steps are implemented correctly, and you used the appropriate tidymodels and workflowsets functions throughout. The main issues are in Exercise 1 (not following the exact skim piping pattern) and Exercise 3 (log base and centering/scaling choices not matching the rubric). Tightening alignment with the specified formulas, arguments (e.g., strata in initial_split), and transformation details will bring your work fully in line with the rubric expectations.",1,2,1,3,3,3,3,3,3,3,"You used skimr::skim() on dat, but did not pipe dat directly into skim (no |> from dat) and created an intermediate object. The rubric expects dat |> skimr::skim() in a single step; your missing-data conclusion is correct.","You set the seed and used rsample::initial_split(), training(), and testing(), and created train/test sets with ~75% split. However, you did not use strata = 'Sale_Price' and used different object names than specified (dat_split vs data_split, dat_train/test vs ames_train/test).","You created a recipe with the correct formula and included log, other, dummy, center, and scale steps, then prepped and tidied it. However, you used base = 10 instead of natural log, centered/scaled all predictors (including dummies) rather than only numeric predictors, and the order of steps does not match the expected (center/scale numeric predictors before dummy creation).","All three models are correctly specified with linear_reg and rand_forest, appropriate engines (lm, glmnet, ranger), regression mode, and tunable parameters (penalty/mixture, min_n/trees) using tune(). This matches the expected parsnip setup.","You correctly called parsnip::translate() on each of the three model objects, which will display the underlying engine-specific templates as required.","You set the seed and created train_resamples using rsample::bootstraps(dat_train), which matches the expected process and produces a bootstrap resampling object for the training data.","You built all_workflows with workflowsets::workflow_set() using your recipe and three models, and then unnested the info column with tidyr::unnest(info), which matches the required workflow structure and examination.","Your code follows the expected pipeline: selecting wflow_id and result, unnesting result and .metrics, filtering for rmse, grouping by wflow_id, arranging by .estimate (descending), and slicing the first row. This matches the rubric’s workflow for extracting best RMSE per workflow.","You correctly called workflowsets::rank_results(all_workflows, rank_metric = 'rmse', select_best = TRUE) as required; comparison to Q8 is described in comments, which is sufficient for this exercise.","You extracted the best workflow (base_recip_random_forest), finalized it with trees and min_n parameters, and fit it on both training and test data. This matches the expected use of extract_workflow(), finalize_workflow(), and fit(), even though you did not explicitly compute and report the MSE ratio."
29,25,"Your lab shows a solid grasp of tidymodels workflows, models, resampling, and workflowsets; most exercises follow the expected structure and use the correct functions. The main issues are in Exercise 1 (not using the simple pipe pattern) and Exercise 3 (log base and centering/scaling scope), and a minor omission of stratification in the train/test split. Addressing these details will bring your work fully in line with the rubric’s expectations.",1,2,1,3,3,3,3,3,3,3,"You used skimr::skim() on dat, but did not use the pipe from dat directly and created an intermediate object; also as.tibble() is deprecated. EDA intent and missing-data conclusion are correct, but process fidelity and expected piping pattern are not fully met.","You correctly used set.seed() and rsample::initial_split(), training(), and testing(), with a ~75% split. However, you did not use strata = 'Sale_Price' and your object names differ from the spec, so process/output are slightly off the rubric.","You created a recipe with the right variables and included log, step_other, dummy, center, and scale, then prepped and tidied it. However, you used base = 10 instead of natural log, and centered/scaled all predictors (including dummies) rather than only numeric predictors, so the transformation details do not fully match the rubric.","All three parsnip models are specified correctly with linear_reg and rand_forest, appropriate engines (lm, glmnet, ranger), regression mode, and tunable parameters (penalty/mixture, min_n/trees) using tune(). This fully matches the expected modeling setup.","You correctly called parsnip::translate() on each of lm_mod_base, lm_mod_glmnet, and lm_mod_rforest. This follows the expected workflow and would display the three engine-specific templates.","You set the seed and created train_resamples with rsample::bootstraps(dat_train), which matches the expected process and produces a bootstrap resampling object for the training data.","You built all_workflows with workflowsets::workflow_set() using your recipe and three models, and then unnested the info column with tidyr::unnest(info). This matches the required workflow structure and examination.","Your code (though not executed) correctly chains select, unnest(result), unnest(.metrics), filter for rmse, group_by wflow_id, arrange by descending .estimate, and slice(1). This aligns with the rubric’s expected tuning-summary workflow.","You correctly called workflowsets::rank_results(all_workflows, rank_metric = 'rmse', select_best = TRUE), which is exactly what the rubric requires for comparing results to Exercise 8.","You extracted the random forest workflow, finalized it with trees and min_n, and set up fits on training and test data. While you did not compute the explicit MSE ratio, the required functions and workflow are present and correctly used."
30,18,"You implemented most of the required tidymodels workflow correctly, especially for model specification, resampling, workflow sets, and tuning summaries. The main issues are in following the exact instructions for EDA piping, stratified splitting, and recipe details (log base and which predictors to center/scale). Tightening alignment with the specified processes and arguments would bring this to full credit.",1,1,1,3,3,3,3,3,,,"You used skimr::skim() on dat, but did not pipe dat directly into skim (no |> from dat) and created an intermediate object, which does not match the required single-step pipe workflow; the missing-data conclusion is correct.","You correctly used set.seed() and rsample::initial_split()/training()/testing(), but did not use strata = 'Sale_Price' and used different object names than specified; the 75% split is approximately correct but not stratified as required.","You created a recipe with the right variables and included log, other, dummy, center, and scale steps, but used base = 10 instead of natural log, centered/scaled all predictors (including dummies) rather than numeric predictors only, and did not show broom::tidy() on the prepped recipe as specified.","All three parsnip models are correctly specified with appropriate engines, regression mode, and tunable parameters (penalty/mixture for glmnet and min_n/trees for ranger), matching the expected workflow.","You correctly called parsnip::translate() on each of the three model objects, which matches the required process to inspect the engine-specific templates.","You set the seed and created train_resamples using rsample::bootstraps(dat_train), which matches the expected bootstrap resampling workflow on the training data.","You built all_workflows with workflowsets::workflow_set() using the recipe and three models, and unnested the info column with tidyr::unnest(), correctly showing the workflow structure.","Your code follows the expected sequence: select wflow_id and result, unnest result and .metrics, filter for rmse, group by wflow_id, arrange by descending .estimate, and slice the top row, matching the required workflow.",,
31,25,"Your lab shows solid understanding of tidymodels workflows, models, resampling, and workflowsets; most exercises follow the expected structure closely. The main issues are in Exercise 1 (extra intermediate object) and Exercise 3 (log base and centering/scaling choices), and a minor omission of stratification in Exercise 2. Tightening those details will bring your work fully in line with the rubric’s expectations.",1,2,1,3,3,3,3,3,3,3,"You correctly used skimr::skim() on dat, but did not use the pipe from dat directly and created an intermediate object; also as.tibble() is deprecated. The conclusion about no missing data is present, but process fidelity is off from the expected single-pipe workflow.","You set the seed, used rsample::initial_split(), and created training and test sets with about a 75/25 split. However, you did not use strata = 'Sale_Price' and used different object names than specified, so the process is slightly off the rubric.","You created a recipe with the correct formula and included log, step_other, dummy, center, and scale steps, then prepped and tidied it. However, you used base = 10 instead of natural log, centered/scaled all predictors (including dummies) rather than numeric predictors only, and the order of steps does not match the expected process.","All three models are specified correctly with parsnip::linear_reg and rand_forest, appropriate engines (lm, glmnet, ranger), regression mode, and tunable parameters (penalty, mixture, min_n, trees). This matches the required workflow.","You applied parsnip::translate() to each of the three model objects, which is exactly what was required to inspect the engine-specific templates.","You set the seed and created train_resamples using rsample::bootstraps() on the training data, matching the expected process and output structure.",You built a workflow_set with the recipe and all three models and then unnested the info column to inspect the structure. The column names differ slightly from the template but the functionality and process are correct.,"Your code follows the expected pipeline: selecting wflow_id and result, unnesting result and .metrics, filtering for rmse, grouping, arranging by .estimate, and slicing the top row. This matches the rubric’s required workflow.","You correctly called workflowsets::rank_results(all_workflows, rank_metric = 'rmse', select_best = TRUE) as specified. The comparison to Q8 is implied by the comment, which is sufficient for this rubric.","You extracted the random forest workflow, finalized it with the specified best parameters, and fit it on both training and test data. While you did not compute the exact MSE ratio, you reported train and test MSE values, which is adequate for demonstrating the comparison."
32,25,"Your lab shows solid command of tidymodels workflows, model specification, and workflowsets usage, with most exercises following the expected structure closely. The main issues are in Exercise 1 (not using the simple dat |> skimr::skim() pattern) and Exercise 3 (log base and centering/scaling choices differing from the rubric). Tightening alignment with the specified processes and parameter details would bring this to full marks.",1,2,1,3,3,3,3,3,3,3,"You correctly used skimr::skim() on dat, but did not use the pipe operator from dat directly (you reassigned dat and then converted to tibble). The process deviates from the single-step dat |> skimr::skim() expectation, though you did correctly conclude there is no missing data.","You set the seed and used rsample::initial_split(), training(), and testing(), and created train/test sets with about a 75/25 split. However, you did not use strata = 'Sale_Price' and used different object names than specified, so the process is slightly off the rubric.","You created a recipe with the correct formula and included log, step_other, dummy, centering, and scaling, and then prepped it. However, you used base = 10 instead of the natural log, centered/scaled all predictors (including dummies) rather than numeric predictors only, and did not keep the prepped recipe in a norm_recipe object as in the expected workflow.","All three models are specified correctly using parsnip::linear_reg(), parsnip::rand_forest(), set_engine(), and set_mode(), with penalty/mixture and min_n/trees set to tune(). This matches the required process and model structures.","You applied parsnip::translate() to each of the three model objects, which follows the expected workflow and would show the correct underlying templates for lm, glmnet, and ranger.","You set the seed and created train_resamples using rsample::bootstraps(dat_train), which matches the expected process and produces a proper bootstrap resampling object.","You built all_workflows with workflowsets::workflow_set() using your recipe and three models, and then unnested the info column with tidyr::unnest(info). This matches the required structure and examination of the workflow set.","Your code follows the specified pipeline: selecting wflow_id and result, unnesting result and .metrics, filtering for rmse, grouping by wflow_id, arranging by .estimate, and slicing the top row. This aligns with the rubric’s expected process and output structure.","You correctly called workflowsets::rank_results(all_workflows, rank_metric = 'rmse', select_best = TRUE) as required. This matches the expected usage to compare with Exercise 8.","You extracted the random forest workflow, finalized it with trees and min_n, and then fit it on both training and test data. While you did not compute the explicit MSE ratio, the workflow and function usage match the rubric’s expectations."
33,25,"Your lab shows a solid grasp of tidymodels workflows, models, and workflowsets; most required functions and steps are present and correctly structured. The main issues are minor deviations from the specified process (e.g., missing stratification in the split, using base-10 log and centering/scaling all predictors) and not explicitly computing the final error ratio. Tightening alignment with the rubric’s exact specifications would bring this to full marks.",1,2,1,3,3,3,3,3,3,3,"You correctly used skimr::skim() on dat, but did not use the pipe from dat directly and created an intermediate object. The conclusion about no missing data is present, but the workflow does not fully match the expected single-step piping process.","You set the seed and used rsample::initial_split(), training(), and testing() with a 75% split, which is good. However, you did not use strata = 'Sale_Price' and used different object names than specified, so the process is slightly off the rubric.","You created a recipe with the correct formula and included log, step_other, dummy, center, and scale steps. However, you used base = 10 instead of natural log, centered/scaled all predictors (including dummies) rather than numeric predictors only, and the prep/tidy step is stored in a separate object rather than examining the prepped recipe as in the expected workflow.","All three models are specified correctly with parsnip::linear_reg and rand_forest, appropriate engines (lm, glmnet, ranger), regression mode, and tunable parameters (penalty, mixture, min_n, trees). This matches the required process and structure.","You applied parsnip::translate() to each of the three model objects, which is exactly what was required to inspect the engine-specific templates.","You set the seed and created train_resamples using rsample::bootstraps() on the training data, matching the expected process and producing the correct type of resampling object.",You built a workflow_set with the recipe and all three models and then unnested the info column to inspect the structure. The column names differ slightly from the solution but the workflow content and process are correct.,"Your code follows the expected pipeline: selecting wflow_id and result, unnesting result and .metrics, filtering for rmse, grouping, arranging by .estimate, and slicing the top row. This matches the required workflow even though it is not executed.","You correctly called workflowsets::rank_results() with all_workflows, rank_metric = 'rmse', and select_best = TRUE, as specified in the rubric.","You extracted the random forest workflow, finalized it with the given best parameters, and set up fits on training and test data. Although you did not compute the explicit MSE ratio, the required functions and workflow are present and correctly structured."
34,25,"Your lab shows solid command of tidymodels workflows, models, and resampling; most exercises follow the expected functions and sequencing closely. The main issues are minor deviations from the specified process (e.g., missing stratification in the split, using log base 10 and scaling all predictors in the recipe, and some naming differences). Tightening adherence to the exact specifications in the rubric will help you earn full credit on future labs.",1,2,1,3,3,3,3,3,3,3,"You correctly used skimr::skim() on dat, but did not use the pipe from dat directly and created an intermediate object; also, the rubric expects a single piped call and explicit mention of no missing data from the skim output. Tighten to `dat |> skimr::skim()` without extra objects.","You set the seed and used rsample::initial_split(), training(), and testing(), and created train/test sets with ~75% split. However, you did not use `strata = 'Sale_Price'` and used different object names than specified (dat_split/dat_train/dat_test instead of data_split/ames_train/ames_test), so process fidelity is slightly off.","You created a recipe with the correct formula and included log, step_other, dummy, centering, and scaling, and then prepped it. However, the log transform uses base = 10 instead of natural log, and you center/scale all predictors (including dummies) rather than just numeric predictors, so the transformation details do not fully match the rubric.","All three models are specified correctly with parsnip::linear_reg(), parsnip::rand_forest(), set_mode('regression'), and appropriate engines. You used tune() for penalty/mixture and min_n/trees as required, so the model definitions align with the expected process.","You applied parsnip::translate() to each of the three model objects, which matches the required workflow and will display the underlying engine-specific templates as expected.",You set the seed and created a bootstrap resampling object with rsample::bootstraps() on the training data. This matches the expected process and output structure.,You built a workflow_set with the recipe and all three models and then unnested the info column to inspect the structure. Column names differ slightly from the solution but the workflow set content and examination match the rubric.,"Your code follows the required sequence: select wflow_id and result, unnest result and .metrics, filter for rmse, group by wflow_id, arrange by .estimate, and slice the top row. This matches the expected tuning-summary workflow.","You correctly called workflowsets::rank_results(all_workflows, rank_metric = 'rmse', select_best = TRUE) as required. Although you did not explicitly comment on the comparison, the core code matches the rubric.","You extracted the random forest workflow, finalized it with the specified best parameters, and fit it on both training and test data. While the reported MSE ratio is not computed explicitly, the workflow and functions used align with the expected process."
35,25,"Your lab shows solid command of tidymodels workflows, models, and resampling, with most exercises following the expected structure and function usage. The main issues are in Exercise 1 (not using the simple pipe pattern) and Exercise 3 (log base and centering/scaling choices differing from the rubric). Tightening alignment with the specified process and parameter details will help you fully meet all rubric criteria in future labs.",1,2,1,3,3,3,3,3,3,3,"You correctly used skimr::skim() on dat, but did not use the pipe from dat directly and created an intermediate object; also as.tibble() is deprecated. The conclusion about no missing data is present, but process fidelity is off from the expected single-step pipe.","You set the seed and used rsample::initial_split(), training(), and testing() with a ~75% split, which matches the intent. However, you did not use strata = 'Sale_Price' and used different object names than specified, so process/output are slightly off the rubric.","You created a recipe with the correct formula and included log, step_other, dummy, center, and scale steps, then prepped and tidied it. However, you used base = 10 instead of natural log, centered/scaled all predictors (including dummies) rather than numeric predictors only, and the order of steps does not match the expected process.","All three models are specified correctly with parsnip::linear_reg and parsnip::rand_forest, appropriate engines (lm, glmnet, ranger), regression mode, and tunable parameters (penalty/mixture, min_n/trees). This matches the required workflow and structure.","You applied parsnip::translate() to each of the three model objects, which is exactly what was required to inspect the engine-specific templates.","You set the seed and created train_resamples with rsample::bootstraps(dat_train), which matches the expected process and produces the correct bootstrap resampling object.",You built a workflow_set with the recipe and all three models and then unnested the info column to inspect the structure. The column names differ slightly from the solution but the workflow content and process are correct.,"Your code follows the expected pipeline: selecting wflow_id and result, unnesting result and .metrics, filtering for rmse, grouping, arranging by .estimate, and slicing the top row. This matches the rubric’s required workflow.","You correctly called workflowsets::rank_results(all_workflows, rank_metric = 'rmse', select_best = TRUE) as specified. Although you did not explicitly comment on the comparison, the required code is present.","You extracted the random forest workflow, finalized it with trees and min_n, and fit it on both training and test data. While you did not compute the exact MSE ratio, the required functions and workflow are correctly used."
36,25,"Your lab shows a solid grasp of tidymodels workflows, model specification, resampling, and workflowsets; most exercises follow the expected structure and use the correct functions. The main issues are in Exercise 2 (missing stratification) and Exercise 3 (incorrect log base and over-broad centering/scaling), plus some minor deviations from the exact requested process. Tightening those details—especially matching the specified arguments and transformation choices—will bring your work fully in line with the rubric.",1,2,1,3,3,3,3,3,3,3,"You correctly used skimr::skim() on dat, but did not use the pipe from dat directly and created an intermediate object. The conclusion about no missing data is present, but the workflow does not fully match the expected single-step piping process.","You set the seed and used rsample::initial_split(), training(), and testing() with a 75% split, which matches most of the required process. However, you did not use strata = 'Sale_Price' and used different object names than specified, so the split is not stratified as required.","You created a recipe with the correct formula and included log, step_other, dummy, centering, and scaling steps, then prepped and tidied it. However, the log transform uses base = 10 instead of the natural log, and you center/scale all predictors (including dummies) rather than just numeric predictors, so the process and transformation details are not fully correct.","All three models are specified correctly using parsnip::linear_reg() and parsnip::rand_forest(), with set_mode('regression'), appropriate engines (lm, glmnet, ranger), and tunable parameters penalty/mixture and min_n/trees. This matches the expected modeling setup.","You applied parsnip::translate() to each of the three model objects, which is exactly what was required to inspect the engine-specific templates.","You set the seed and created train_resamples using rsample::bootstraps(dat_train), which correctly produces a bootstrap resampling object for the training data with default settings.","You built all_workflows with workflowsets::workflow_set() using the recipe and all three models, and then unnested the info column with tidyr::unnest(info), which matches the expected workflow structure and examination.","Your code (though not evaluated) follows the required sequence: select wflow_id and result, unnest result and .metrics, filter for rmse, group by wflow_id, arrange by .estimate descending, and slice the top row. This matches the specified tuning-results workflow.","You correctly called workflowsets::rank_results(all_workflows, rank_metric = 'rmse', select_best = TRUE) as required; the comparison to Q8 is implied even though not discussed in detail.","You extracted the random forest workflow by id, finalized it with trees and min_n parameters, and then fit it on both training and test data. While you did not compute the exact MSE ratio, the required functions and workflow are correctly used."
37,25,"Your lab shows solid command of tidymodels workflows, models, and workflowsets; most required functions and structures are present and used correctly. The main deductions are for not stratifying the train/test split and for recipe details (log base and centering/scaling scope and order). For future labs, pay close attention to matching the specified arguments (e.g., strata, log base) and the exact sequence of preprocessing steps to align fully with the rubric.",1,2,1,3,3,3,3,3,3,3,"You correctly used skimr::skim() on dat, but did not use the pipe from dat directly and created an intermediate object. The conclusion about no missing data is present, but the process does not fully match the expected single-step piped workflow.","You set the seed and used rsample::initial_split(), training(), and testing(), and created train/test sets with ~75% split. However, you did not use strata = 'Sale_Price' and used different object names than specified, so the process is slightly off the rubric.","You created a recipe with the correct formula and included log, step_other, dummy, centering, and scaling, and then prepped it. However, you used base = 10 instead of natural log, centered/scaled all predictors (including dummies) rather than numeric predictors only, and the order of steps does not match the expected sequence.","All three models are correctly specified with linear_reg and rand_forest, appropriate engines (lm, glmnet, ranger), regression mode, and tunable parameters (penalty, mixture, min_n, trees) using tune(). This matches the required process and structure.","You applied parsnip::translate() to each of the three model objects, which is exactly what was required to inspect the engine-specific templates.","You set the seed and created train_resamples using rsample::bootstraps(dat_train), which matches the expected workflow for generating bootstrap samples of the training data.",You built a workflow_set with the recipe and all three models and then unnested the info column to inspect the structure. The code follows the expected process and should yield the correct workflow set.,"Your code (even though eval = false) correctly selects wflow_id and result, unnests result and .metrics, filters for rmse, groups by wflow_id, arranges by .estimate descending, and slices the top row, matching the required tuning-summary workflow.","You called workflowsets::rank_results(all_workflows, rank_metric = 'rmse', select_best = TRUE) as specified. This satisfies the requirement to use rank_results for comparison.","You extracted the random forest workflow, finalized it with trees and min_n, and then fit it on both training and test data. While you did not compute the explicit MSE ratio, the required functions and workflow are correctly used."
38,25,"Most exercises are completed with the correct functions and workflows, especially for model specification, workflowsets, tuning, and resampling. The main issues are minor deviations from the specified process (e.g., missing strata in the split, log base choice, and centering/scaling scope) and not strictly following the exact recipe details from the rubric. Tightening adherence to the specified arguments and transformation details will help align your work even more closely with the grading criteria.",1,2,1,3,3,3,3,3,3,3,"You correctly used skimr::skim() on dat, but did not use the pipe from dat directly and created an intermediate object; also the rubric expects a single piped call and explicit statement about no missing data. Process fidelity is off, so partial credit.","You set the seed and used rsample::initial_split(), training(), and testing() with a 0.75 prop, which matches most of the rubric. However, you did not use strata = 'Sale_Price' and used different object names than specified, so process/output are slightly off.","You created a recipe with the correct formula and included log, step_other, dummy, centering, and scaling, and prepped it. However, you used base = 10 instead of natural log, centered/scaled all predictors (including dummies) rather than numeric predictors only, and did not use broom::tidy() on the prepped recipe as shown in the rubric.","All three models are specified correctly with parsnip::linear_reg and rand_forest, appropriate engines (lm, glmnet, ranger), regression mode, and tunable parameters penalty/mixture and min_n/trees. This matches the expected workflow and structure.","You applied parsnip::translate() to each of the three model objects, which is exactly what was required to inspect the engine-specific templates.","You set the seed and created train_resamples using rsample::bootstraps(dat_train), which matches the expected process and produces the correct type of resampling object.",You built a workflow_set with the recipe and all three models and then unnested the info column to inspect the structure. Column names differ slightly from the template but the workflow content and process are correct.,"Your code (though not evaluated) follows the expected sequence: select wflow_id and result, unnest result and .metrics, filter for rmse, group by wflow_id, arrange by .estimate descending, and slice the top row. This matches the rubric’s required workflow.","You correctly called workflowsets::rank_results(all_workflows, rank_metric = 'rmse', select_best = TRUE) as required. Comparison to Q8 is described in comments, which is sufficient for this rubric.","You extracted the random forest workflow, finalized it with trees and min_n, and fit it on both training and test data. While you did not compute the exact MSE ratio, the required functions and workflow are present and correctly structured."
39,19,"You implemented most of the required tidymodels workflow correctly, including model specifications, resampling, workflow sets, and tuning summaries. The main issues are in following the exact specified process for EDA and data splitting, and in the details of the recipe (natural log base and centering/scaling only numeric predictors). Tightening alignment with the rubric’s exact arguments and function usage would raise your score further.",1,2,1,3,3,3,3,3,,,"You correctly used skimr::skim() on dat, but did not use the pipe from dat directly and created an intermediate object. The conclusion about no missing data is present, but the process does not fully match the expected single-step piped workflow.","You set the seed, used rsample::initial_split(), and created training and test sets with ~75% training data. However, you did not use strata = 'Sale_Price' and used different object names than specified, so the process is slightly off the rubric.","You created a recipe with the correct formula and included log, step_other, dummy, centering, and scaling, and then prepped it. However, you used base = 10 instead of natural log, centered/scaled all predictors (including dummies) rather than numeric predictors only, and did not show broom::tidy() output explicitly, so the transformations do not fully match the required process.","All three models are specified correctly with parsnip::linear_reg(), parsnip::rand_forest(), set_engine(), set_mode(), and tune() for the appropriate parameters. The workflow and parameter choices match the rubric.","You applied parsnip::translate() to each of the three model objects, which is exactly what was required to inspect the engine-specific templates.","You set the seed and created train_resamples using rsample::bootstraps(dat_train), which matches the expected process and output structure for bootstrap resampling of the training data.",You created a workflow_set with the recipe and all three models and then unnested the info column to inspect the structure. The column structure and contents align with the expected workflowset behavior.,"Your code (though not evaluated) correctly chains select, unnest, filter for rmse, group_by, arrange in descending order of .estimate, and slice(1) to extract the best rmse per workflow, matching the required process.",,
40,25,"Most exercises are completed with the correct functions and workflows, especially for model specification, workflowsets, tuning, and finalization. The main issues are in Exercise 1 (not following the exact skim pipe pattern), Exercise 2 (missing stratification), and Exercise 3 (using log base 10 and scaling all predictors instead of only numeric ones). Tightening alignment with the specified processes and parameter details will bring your work fully in line with the rubric.",1,2,1,3,3,3,3,3,3,3,"You correctly used skimr::skim() on dat, but did not use the pipe from dat directly and created an intermediate object; also as.tibble() is deprecated. The conclusion about no missing data is present, but process fidelity is off from the expected single-step pipe workflow.","You set the seed and used rsample::initial_split(), training(), and testing() with a 0.75 prop, which is mostly correct. However, you did not use strata = 'Sale_Price' and used different object names than specified, so the process is slightly off the rubric.","You created a recipe with the correct formula and included log, step_other, dummy, center, and scale steps, then prepped and tidied it. However, you used base = 10 instead of natural log and centered/scaled all predictors (including dummies) rather than only numeric predictors, so the transformations do not fully match the required process.","All three models are specified correctly with parsnip::linear_reg and rand_forest, appropriate engines (lm, glmnet, ranger), regression mode, and tunable parameters (penalty, mixture, min_n, trees) using tune(). This matches the expected workflow.","You applied parsnip::translate() to each of the three model objects, which is exactly what was required to inspect the engine-specific templates.","You set the seed and created train_resamples with rsample::bootstraps(dat_train), which matches the expected bootstrap resampling process on the training data.",You built a workflow_set with the recipe and all three models and then unnested the info column to inspect the structure. The workflow set has the correct components and follows the expected process.,"Your code (though not evaluated) correctly chains select, unnest, filter for rmse, group_by, arrange(desc(.estimate)), and slice(1) on all_workflows, matching the required workflow for extracting best RMSE per model.","You called workflowsets::rank_results(all_workflows, rank_metric = 'rmse', select_best = TRUE) as specified. This satisfies the requirement to use rank_results for comparison.","You extracted the random forest workflow by id, finalized it with trees and min_n parameters, and fit it on both training and test data. While you did not compute the exact MSE ratio, the required functions and workflow are correctly used."
41,25,"Your lab shows solid understanding of tidymodels workflows, models, and resampling, with all major steps implemented and most code following the intended structure. The main issues are minor deviations from the specified process (e.g., missing strata in the split, log base choice, and not explicitly computing the MSE ratio in Q10). Tightening adherence to the instructions and being precise about transformation details and evaluation metrics will strengthen future submissions.",2,2,1,3,3,3,3,3,3,2,"You correctly used skimr::skim() on dat and checked n_missing, but did not use the pipe from dat directly into skim() and created an intermediate object, which is slightly off the expected workflow.","You set the seed and used rsample::initial_split(), training(), and testing() with a 75% split, but you did not use strata = 'Sale_Price' and used different object names than specified in the template.","You created a recipe with the correct variables and included log, step_other, dummy, center, and scale, then prepped and tidied it. However, you used base = 10 instead of natural log, centered/scaled all predictors (including dummies) rather than numeric predictors only, and the order of steps does not match the expected process.","All three models are specified correctly with linear_reg and rand_forest, appropriate engines (lm, glmnet, ranger), regression mode, and tunable parameters penalty/mixture and min_n/trees using tune().","You correctly called parsnip::translate() on each of the three model objects, which matches the expected workflow and would show the appropriate engine-specific templates.","You set the seed and created train_resamples using rsample::bootstraps(dat_train), which matches the expected process and output structure (a bootstrap resampling object).","You built a workflow_set with the recipe and all three models and then unnested the info column, correctly showing the workflow structure; naming differences are acceptable.","Your code follows the expected sequence: select wflow_id and result, unnest result and .metrics, filter for rmse, group by wflow_id, arrange by .estimate descending, and slice the top row, matching the required workflow.","You correctly called workflowsets::rank_results(all_workflows, rank_metric = 'rmse', select_best = TRUE) as required; comparison to Q8 is implied even though not discussed in text.","You extracted the base_recip_random_forest workflow, finalized it with trees and min_n, and fit on both training and test data. However, you did not compute or report the test/train MSE ratio, and the specific parameter values and performance comparison are not fully aligned with the expected solution."
42,25,"Your lab shows solid understanding of tidymodels workflows, models, and resampling; most exercises follow the expected structure and use the correct functions. The main issues are minor deviations from the specified process (e.g., missing stratification, log base choice, and not explicitly computing the MSE ratio). Tightening alignment with the instructions and being precise about requested outputs would bring this to full marks.",2,2,1,3,3,3,3,3,3,2,"You correctly used skimr::skim() on dat and checked n_missing, but did not use the pipe from dat directly into skim() as specified and created an intermediate object. The conclusion about no missing data is clearly stated.","You set the seed and used rsample::initial_split(), training(), and testing() with a ~75% split, which is good. However, you did not use strata = 'Sale_Price' and used different object names than in the template, so the process is slightly off the expected workflow.","You created a recipe with the correct formula and included log, step_other, dummy, centering, and scaling, then prepped and tidied it. However, you used base = 10 instead of the natural log, centered and scaled all predictors (including dummies) rather than just numeric predictors, and the order of steps does not match the expected centering/scaling before dummy creation.","All three models are specified correctly with parsnip::linear_reg and parsnip::rand_forest, appropriate engines (lm, glmnet, ranger), regression mode, and tunable parameters (penalty, mixture, min_n, trees). The workflow matches the solution template.","You correctly called parsnip::translate() on each of the three model objects, which will display the underlying engine-specific templates as required.",You set the seed and created train_resamples using rsample::bootstraps() on the training data. This matches the expected process and will yield a proper bootstrap resampling object.,You built a workflow_set with the recipe and all three models and then unnested the info column to inspect the structure. The column names differ slightly from the solution but the workflow content and process are correct.,"Your code follows the expected pipeline: selecting wflow_id and result, unnesting result and .metrics, filtering for rmse, grouping by wflow_id, arranging by .estimate, and slicing the top row. This matches the required workflow for extracting best RMSE per model.","You correctly called workflowsets::rank_results(all_workflows, rank_metric = 'rmse', select_best = TRUE) as required. Although you did not explicitly comment on the comparison, the core code is present and correct.","You extracted the best workflow, finalized it with specified trees and min_n, and fit it on training and test data, which matches the intended process. However, you did not compute or report the test/train MSE ratio explicitly, only the individual MSE values, so the final comparison step is incomplete."
43,23,"Most exercises are completed with the correct functions and workflows, especially for model specification, workflowsets, tuning, and finalizing the best model. The main deductions are for not using stratified splitting in Q2 and for some deviations in the recipe (log base and centering/scaling choices) and EDA piping. Overall, this is a solid submission with minor process refinements needed around preprocessing and matching the requested patterns more closely.",2,2,1,3,3,3,3,3,3,3,"You correctly used skimr::skim() on dat and checked n_missing, but did not use the pipe operator to pass dat directly to skim() and created an intermediate object, which is slightly off the requested workflow.","You set the seed and used initial_split(), training(), and testing() with a 75% split, but did not use strata = 'Sale_Price' and used different object names than specified in the template.","You created a recipe with the correct variables and included log, step_other, dummy, center, and scale, but used base = 10 instead of natural log, centered/scaled all predictors (including dummies) rather than numeric predictors only, and only prepped via a separate object without clearly examining the steps.","All three models are specified correctly with linear_reg and rand_forest, appropriate engines (lm, glmnet, ranger), regression mode, and tunable parameters using tune().",You correctly called parsnip::translate() on each of the three model objects to inspect the engine-specific templates.,"You set the seed and created a bootstrap resampling object with rsample::bootstraps() on the training data, matching the expected process and output.","You built a workflow_set with the recipe and all three models and unnested the info column to inspect the structure, which matches the expected workflow.","Your code (though not evaluated) follows the required sequence: select and unnest result and .metrics, filter for rmse, group by wflow_id, arrange by .estimate descending, and slice the top row.","You correctly called workflowsets::rank_results() with all_workflows, rank_metric = 'rmse', and select_best = TRUE as required.","You extracted the random forest workflow, finalized it with the specified best parameters, fit on both training and test data, and reported MSE values, following the expected process even if the exact ratio differs from the solution."
44,23,"Most of the required tidymodels workflow is implemented correctly, including model specifications, workflow sets, resampling, tuning, and ranking. The main issues are in Exercise 2 (missing stratification) and Exercise 3 (log base and preprocessing order/selection), which affect process fidelity. Overall, this is a solid submission with a few details to tighten to fully match the rubric specifications.",2,2,1,3,3,3,3,3,3,3,"You correctly used skimr::skim() on dat and checked n_missing, but did not use the pipe from dat directly into skim() as specified and created an intermediate object. The conclusion about no missing data is clearly stated.","You set the seed and used rsample::initial_split(), training(), and testing() with a 75% split, which matches the intent. However, you did not use strata = 'Sale_Price' and used different object names than in the template, so the process is slightly off the requested specification.","You created a recipe with the correct formula and included step_log, step_other, step_dummy, step_center, and step_scale, then prepped and tidied it. However, you used base = 10 instead of the natural log, centered and scaled all predictors (including dummies) rather than just numeric predictors, and the order of centering/scaling vs. dummy creation does not match the expected process.","All three models are correctly specified with parsnip::linear_reg() and parsnip::rand_forest(), appropriate engines (lm, glmnet, ranger), regression mode, and tunable parameters (penalty, mixture, min_n, trees) using tune(). This fully matches the required model setup.","You correctly called parsnip::translate() on each of the three model objects (lm_mod_base, lm_mod_glmnet, lm_mod_rforest), which is exactly what was required for examining the engine-specific templates.","You set the seed and created train_resamples using rsample::bootstraps(dat_train), which matches the expected use of bootstraps() on the training data with default parameters.","You built all_workflows with workflowsets::workflow_set() using your recipe and three models, and then unnested the info column with tidyr::unnest(info). This matches the required workflow_set construction and inspection.","Your code follows the expected pipeline: selecting wflow_id and result, unnesting result and .metrics, filtering for rmse, grouping by wflow_id, arranging by .estimate in descending order, and slicing the top row. This aligns with the specified workflow_map result processing.","You correctly called workflowsets::rank_results(all_workflows, rank_metric = 'rmse', select_best = TRUE) as required. Although you did not explicitly comment on the comparison, the core code is present and correct.","You extracted the random forest workflow by id, finalized it with trees and min_n parameters, and then fit the finalized workflow on both training and test data. While your reported MSE ratio differs from the solution, the required functions and workflow are used correctly."
45,26,"Your lab shows solid understanding of tidymodels workflows, model specification, resampling, and workflowsets; most required functions and steps are present and correctly structured. The main issues are minor deviations from the specified process (e.g., missing strata in the split, log base choice, and centering/scaling scope) and not explicitly computing the performance ratio. Tightening adherence to the exact instructions and argument values in future labs will help you earn full credit.",2,2,1,3,3,3,3,3,3,3,"You correctly used skimr::skim() on dat and checked n_missing, but did not use the pipe operator to pass dat directly to skim() and created an intermediate object, which is slightly off the expected workflow.","You set the seed and used rsample::initial_split(), training(), and testing() with a 75% split, but you did not use strata = 'Sale_Price' and used different object names than specified (dat_split/dat_train/dat_test instead of data_split/ames_train/ames_test).","You created a recipe with the correct variables and included log, step_other, dummy, centering, and scaling, but used base = 10 instead of natural log, centered/scaled all predictors (including dummies) rather than numeric predictors only, and did not keep the prepped recipe object separate from broom::tidy() output.","All three models are specified correctly with linear_reg and rand_forest, appropriate engines (lm, glmnet, ranger), regression mode, and tunable parameters penalty/mixture and min_n/trees using tune().","You correctly called parsnip::translate() on each of the three model objects, which matches the expected workflow for examining model templates.","You set the seed and created train_resamples using rsample::bootstraps() on the training data (dat_train), which matches the expected process and output structure.","You built a workflow_set with the recipe and all three models and then unnested the info column, correctly showing the workflow structure as required.","Your code follows the expected sequence: select wflow_id and result, unnest result and .metrics, filter for rmse, group by wflow_id, arrange by .estimate descending, and slice the top row, matching the rubric.","You correctly called workflowsets::rank_results() on all_workflows with rank_metric = 'rmse' and select_best = TRUE, as specified.","You extracted the random forest workflow, finalized it with the given best parameters, and set up fits on training and test data; although you did not compute the explicit ratio, you reported both MSE values, which is sufficient for comparison."
46,26,"Your lab shows solid understanding of tidymodels workflows, models, resampling, and workflowsets; most required functions and steps are present and correctly structured. The main issues are minor deviations from the specified process (e.g., missing stratification in the split, log base choice, and centering/scaling scope). Tightening alignment with the instructions and being precise about parameter settings and naming conventions will help you fully meet all rubric criteria.",2,2,1,3,3,3,3,3,3,3,"You correctly used skimr::skim() on dat and checked n_missing, but did not use the pipe operator to pass dat directly to skim() and created an intermediate object, which is slightly off the expected workflow.","You set the seed and used rsample::initial_split(), training(), and testing() with a 75% split, but you did not use strata = 'Sale_Price' and used different object names than specified (dat_split/dat_train/dat_test instead of data_split/ames_train/ames_test).","You created a recipe with the correct formula and included log, step_other, dummy, centering, and scaling, and then prepped it. However, you used base = 10 instead of natural log, centered/scaled all predictors (including dummies) rather than numeric predictors only, and the order of steps does not match the expected process.","All three models are correctly specified with linear_reg and rand_forest, appropriate engines (lm, glmnet, ranger), regression mode, and tunable parameters penalty/mixture and min_n/trees using tune().","You correctly applied parsnip::translate() to each of the three model objects, which matches the expected workflow for examining model templates.","You set the seed and created a bootstrap resampling object with rsample::bootstraps() on the training data, matching the expected process and output structure.","You built a workflow_set using your recipe and all three models and then unnested the info column to inspect the structure, which aligns with the required workflow and expected output.","Your code to unnest result and .metrics, filter for rmse, group by wflow_id, arrange by .estimate, and slice the top row per group follows the specified sequence and would yield the best rmse per workflow.","You correctly called workflowsets::rank_results() with all_workflows, rank_metric = 'rmse', and select_best = TRUE as required.","You extracted the random forest workflow, finalized it with the given best parameters, and fit it on both training and test data; the process matches the expected workflow even though the reported MSE ratio is not computed explicitly."
47,25,"Most of the required tidymodels workflow is present and generally follows the intended structure, including recipes, models, workflowsets, resampling, and tuning. The main issues are small deviations from the specified process (e.g., missing strata in the split, log base choice and step order in the recipe) and not fully carrying through the final performance comparison in Exercise 10. Tightening alignment with the instructions and explicitly computing requested summary metrics would strengthen the submission.",2,2,1,3,3,3,3,3,3,2,"You correctly used skimr::skim() on dat and checked n_missing, but did not use the pipe operator to pass dat directly to skim() and created an intermediate object, which is slightly off the expected workflow.","You set the seed and used rsample::initial_split(), training(), and testing() with a 75% split, but you did not use strata = 'Sale_Price' and used different object names than specified (dat_split/dat_train/dat_test instead of data_split/ames_train/ames_test).","You created a recipe with the correct variables and included log, step_other, dummy, center, and scale steps, then prepped and tidied it. However, you used base = 10 instead of the natural log, centered/scaled all predictors (including dummies) rather than just numeric predictors, and the order of steps does not match the expected process.","All three models are specified correctly with parsnip::linear_reg and parsnip::rand_forest, appropriate engines (lm, glmnet, ranger), regression mode, and tunable parameters penalty/mixture and min_n/trees.","You correctly called parsnip::translate() on each of the three model objects, which matches the expected workflow for examining model templates.","You set the seed and created a bootstrap resampling object using rsample::bootstraps() on the training data (dat_train), which aligns with the intended process and output.",You built a workflow_set with the recipe and all three models and then unnested the info column to inspect the structure; this matches the expected workflow and structure.,"Your code follows the requested sequence: selecting wflow_id and result, unnesting result and .metrics, filtering for rmse, grouping, arranging by .estimate, and slicing the top row per workflow.","You correctly called workflowsets::rank_results() with all_workflows, rank_metric = 'rmse', and select_best = TRUE as required.","You extracted the base_forest-equivalent workflow, finalized it with trees and min_n, and fit on train and test data. However, you did not compute or report the test/train MSE ratio as requested, and the specific best-parameter values are assumed rather than derived in your code."
48,22,"Most of the required tidymodels workflow is present and generally follows the intended structure, including recipes, models, workflowsets, resampling, and tuning. The main issues are minor deviations from the specified process (e.g., missing stratification in the split, log base choice, and not explicitly computing the final MSE ratio). Tightening alignment with the instructions and showing key summary outputs (like the requested ratio) would improve the submission.",2,2,1,3,3,3,3,3,3,2,"You correctly used skimr::skim() on dat and checked n_missing, but did not use the pipe from dat directly into skim() and created an intermediate object, which is slightly off the expected one-step process.","You set the seed and used initial_split(), training(), and testing() with a 75% split, but did not use strata = 'Sale_Price' and used different object names than specified in the template.","You created a recipe with the correct variables and included log, step_other, dummy, center, and scale steps, but used base = 10 instead of natural log, centered/scaled all predictors (including dummies) rather than numeric predictors only, and did not clearly show the prepped recipe with broom::tidy() as in the expected workflow.","All three parsnip models are specified correctly with appropriate engines and modes, and you used tune() for penalty/mixture and min_n/trees as required.","You correctly applied parsnip::translate() to each of the three model objects, matching the expected process.","You set the seed and created a bootstrap resampling object from the training data using rsample::bootstraps(), which matches the expected workflow.","You built a workflow_set with the recipe and all three models and unnested the info column to inspect the structure, which aligns with the rubric.","Your code uses workflow_map() as provided and then correctly selects, unnests, filters for rmse, groups, arranges, and slices to obtain the best rmse per workflow.","You called workflowsets::rank_results() with all_workflows, rank_metric = 'rmse', and select_best = TRUE as required; comparison commentary is minimal but present.","You extracted the base_forest workflow (with a slightly different id), finalized it with the given best parameters, and fit on train and test data, but you did not compute or report the test/train MSE ratio as requested."
49,23,"Most exercises are completed with correct code and appropriate use of tidymodels, workflows, and resampling. The main issues are minor deviations from the specified process (e.g., missing strata in the split, log base choice, and centering/scaling scope) and slightly different object names. Tightening adherence to the exact instructions and argument values would bring this closer to full credit across all questions.",2,2,1,3,3,3,3,3,3,3,"You correctly used skimr::skim() on dat and checked n_missing, but did not use the pipe operator to pass dat directly to skim() and created an intermediate object, which is slightly off the requested workflow.","You set the seed and used rsample::initial_split(), training(), and testing() with a 75% split, but did not use strata = 'Sale_Price' and used different object names than specified in the instructions.","You created a recipe with the correct variables and included log, step_other, dummy, centering, and scaling, but used base = 10 instead of natural log, centered/scaled all predictors (including dummies) rather than numeric predictors only, and did not clearly show broom::tidy() output as a separate examination step.","All three parsnip models are specified correctly with appropriate engines, regression mode, and tunable parameters (penalty/mixture for glmnet and min_n/trees for ranger).",You correctly applied parsnip::translate() to each of the three model objects to inspect their engine-specific templates.,"You set the seed and created a bootstrap resampling object with rsample::bootstraps(dat_train), matching the expected workflow and output structure.","You built a workflow_set with the recipe and all three models and unnested the info column to inspect the structure, which matches the expected process and output.","Your code correctly chains select, unnest, filter for rmse, group_by, arrange(desc(.estimate)), and slice(1) on all_workflows, matching the required workflow for extracting best RMSE per model.","You called workflowsets::rank_results(all_workflows, rank_metric = 'rmse', select_best = TRUE) as required; comparison to Q8 is implied even though not discussed in text.","You extracted the random forest workflow, finalized it with the specified best parameters, fit it on both training and test data, and reported MSE values, aligning with the expected workflow even if the numeric ratio is not explicitly computed."
50,26,"Most exercises are completed with the correct functions and workflows, and your code is generally well structured. The main issues are minor deviations from the specified process (e.g., missing strata in the split, log base choice, and centering/scaling scope) and some naming differences. Tightening alignment with the instructions—especially around exact arguments and transformation details—will help you fully meet all rubric criteria in future labs.",2,2,1,3,3,3,3,3,3,3,"You correctly used skimr::skim() on dat and checked n_missing, but did not use the pipe operator to pass dat directly to skim() and created an intermediate object, which is slightly off the expected workflow.","You set the seed and used rsample::initial_split(), training(), and testing() with a 75% split, but you did not use strata = 'Sale_Price' and used different object names than specified (dat_split/dat_train/dat_test instead of data_split/ames_train/ames_test).","You created a recipe with the correct formula and included log, step_other, dummy, centering, and scaling, but used base = 10 instead of natural log, centered/scaled all predictors (including dummies) rather than numeric predictors only, and did not show broom::tidy() output clearly (prep_recipe is created but not examined).","All three parsnip models are specified correctly with appropriate engines and regression mode, and you set penalty/mixture and min_n/trees to tune(), matching the expected process.","You correctly applied parsnip::translate() to each of the three model objects, which matches the required workflow and should yield the appropriate engine-specific templates.","You set the seed and created train_resamples using rsample::bootstraps() on the training data, which aligns with the expected process and output structure.","You built a workflow_set with the recipe and all three models and then unnested the info column, correctly showing the workflow structure as required.","Your code follows the expected sequence: selecting wflow_id and result, unnesting result and .metrics, filtering for rmse, grouping, arranging by .estimate, and slicing the top row per workflow.","You correctly called workflowsets::rank_results() with all_workflows, rank_metric = 'rmse', and select_best = TRUE, matching the rubric requirements.","You extracted the random forest workflow, finalized it with the specified best parameters, fit it on both training and test data, and reported MSE values, following the expected workflow even if the numeric ratio is not explicitly computed."
