Run,Total,Model_Total,OverallComment,Q1,Q2,Q3,Q4,Q5,Q6,Q7,Q8,Q9,Q10,Q1_feedback,Q2_feedback,Q3_feedback,Q4_feedback,Q5_feedback,Q6_feedback,Q7_feedback,Q8_feedback,Q9_feedback,Q10_feedback
1,25,25,"The student demonstrated a good understanding of the tidymodels workflow, particularly in model specification and workflow mapping. Points were deducted primarily for deviations in the preprocessing recipe (incorrect log base, scaling outcome) and minor omissions in the final interpretation (missing ratio calculation). Ensure strict adherence to parameter specifications like `strata` and `base` in future labs.",2,2,1,3,3,3,3,3,3,2,"Code executes and uses `skimr`, but fails Process Fidelity by creating intermediate variables (`Missing`) instead of piping directly. Also, the conclusion about missing data is correct, but the code filters for missing data rather than just displaying the summary as requested.","Code executes and creates splits. However, it misses the `strata = 'Sale_Price'` parameter required by the rubric for Output Accuracy. Variable names differ from template but logic is sound.",Code executes but has significant Process Fidelity and Output Accuracy issues. It uses `base = 10` for log transform instead of natural log (`exp(1)`). It applies center/scale to `all_predictors()` (including outcome) instead of `all_numeric_predictors()`. It creates an intermediate `prep_recipe` variable instead of piping directly to `broom::tidy()`.,"Correctly defines all three models with appropriate engines, modes, and tunable parameters (`tune()`). Code structure matches requirements.",Correctly calls `parsnip::translate()` on all three model objects. Code is present and correct.,Correctly sets seed and creates bootstrap samples using `rsample::bootstraps()` on the training data. Code is present and correct.,Correctly creates the workflow set and unnests the info column. Variable naming in the list differs slightly from template but is valid R code and meets the criteria.,"Code correctly chains the required dplyr/tidyr functions to unnest, filter for rmse, group, arrange, and slice. Logic matches the rubric requirements.",Correctly calls `workflowsets::rank_results()` with the specified parameters. Code is present and correct.,"Code correctly extracts, finalizes, and fits the model. However, the final markdown answer provides the raw MSE values but fails to calculate or state the ratio (test/train) as explicitly requested in the prompt ('What is the ratio...')."
2,23,25,"The student completed all exercises with generally correct logic and package usage. Points were deducted primarily for deviations in variable naming conventions (affecting workflow IDs), incorrect log base in the recipe, missing stratification in the data split, and non-standard process fidelity in the EDA and recipe prep steps. Ensure variable names match the starter template to maintain consistency across exercises.",2,2,1,3,3,3,2,2,3,2,"Code executes and uses `skimr`, but fails Process Fidelity by creating an intermediate variable (`Missing`) instead of piping directly. Also, the conclusion about missing data is correct, but the code structure deviates from the required single-step pipe.","Code executes and creates splits. However, it misses the `strata = 'Sale_Price'` parameter required for Output Accuracy. Variable names differ from the rubric's expectation (`dat_split` vs `data_split`), which may affect downstream consistency, though the logic is sound.","Code executes but has significant Process Fidelity and Output Accuracy issues. The log base is 10 instead of `exp(1)` (natural log). The order of steps is incorrect (centering/scaling after dummy creation can be problematic depending on implementation, but more importantly, the rubric specifies centering/scaling numeric predictors specifically). The `prep` step is assigned to a new variable `prep_recipe` rather than just examining the prepped recipe as implied by the workflow.",Correctly defines all three models with appropriate engines and tunable parameters. Code execution and process fidelity are high.,Correctly applies `translate()` to all three model objects. Output accuracy is met.,Correctly sets seed and creates bootstrap samples using `rsample::bootstraps()`. Process fidelity and output accuracy are met.,"Workflow set is created and unnested. However, the model names in the list (`lm_base`, `elastic_net`, `random_forest`) do not match the expected names (`base`, `glmnet`, `forest`) from the rubric/solution, which affects the `wflow_id` consistency in later exercises. This is a Process Fidelity deduction.","The code structure for unnesting and filtering is correct. However, because the workflow IDs in Q7 were non-standard, the output interpretation might be confusing. The code itself is syntactically correct for the task.",Correctly calls `rank_results` with the specified parameters. Output accuracy is met.,"The student correctly identifies the best model ID based on their previous workflow names. However, the finalization parameters (`trees = 1, min_n = 11`) are hardcoded without showing the derivation from the previous step's output in the code block (though mentioned in text). The ratio calculation is present. Deduction for potential inconsistency in variable naming (`dat_train` vs `ames_train`) and hardcoded parameters without explicit code derivation."
3,26,26,"The student demonstrated a strong understanding of the tidymodels workflow, particularly in model specification, translation, and workflow mapping. Points were deducted primarily for deviations in the EDA and data splitting steps (missing strata, intermediate variables) and significant errors in the recipe preprocessing steps (incorrect log base and selector scope). Ensure strict adherence to function arguments and variable naming conventions in future labs.",2,2,1,3,3,3,3,3,3,3,"Code executes and uses `skimr`, but fails Process Fidelity by creating intermediate variables (`Missing`) instead of piping directly to `skim()`. Output Accuracy is met as the conclusion about missing data is correct.","Code executes and creates splits, but fails Output Accuracy by omitting the `strata = 'Sale_Price'` parameter required by the rubric. Process Fidelity is partially met but variable names differ from the expected `data_split`, `ames_train`, `ames_test`.","Code executes but fails Output Accuracy significantly: uses `base = 10` for log transform instead of natural log (`exp(1)`), and applies center/scale to `all_predictors()` (including outcome) instead of `all_numeric_predictors()`. Process Fidelity is weak due to incorrect step order and selectors.","Code correctly defines all three models with appropriate engines, modes, and tunable parameters (`tune()`). Process Fidelity and Output Accuracy are fully met.",Code correctly calls `parsnip::translate()` on all three model objects. Process Fidelity and Output Accuracy are fully met.,Code correctly sets seed and creates bootstrap samples using `rsample::bootstraps()`. Process Fidelity and Output Accuracy are fully met.,"Code correctly creates the workflow set and unnests the info column. Although variable names in the list differ slightly from the solution template, the structure and process are correct.","Code correctly chains the required dplyr/tidyr functions to unnest, filter for rmse, group, arrange, and slice. Process Fidelity and Output Accuracy are fully met.",Code correctly calls `workflowsets::rank_results()` with the specified parameters. Process Fidelity and Output Accuracy are fully met.,"Code correctly extracts the best workflow, finalizes it with the specified parameters, and fits it to both training and test data. The final comparison is present."
4,25,25,"The student completed all exercises with generally correct code structures. Points were deducted primarily for deviations in the preprocessing recipe (incorrect log base, scaling outcome variable) and missing specific parameters in the train/test split. The final answer for Q10 was incomplete as it did not provide the calculated ratio.",2,2,1,3,3,3,3,3,3,2,"Code executes and uses `skimr`, but fails Process Fidelity by creating intermediate variables (`Missing`) instead of piping directly. Also, the conclusion about missing data is correct, but the code filters for missing data rather than just displaying the summary as requested.","Code executes and creates splits, but fails Output Accuracy by omitting the `strata = 'Sale_Price'` parameter required by the rubric. Variable names differ from template but logic is sound.",Code executes but has significant Process Fidelity and Output Accuracy issues. It uses `base = 10` for log transform instead of natural log (`exp(1)`). It applies center/scale to `all_predictors()` (including outcome) instead of `all_numeric_predictors()`. It creates an intermediate `prep_recipe` variable instead of piping directly to `broom::tidy()`.,"Correctly defines all three models with appropriate engines, modes, and tunable parameters (`tune()`). Code structure matches requirements.",Correctly applies `parsnip::translate()` to all three model objects. Code is present and correct.,Correctly sets seed and creates bootstrap samples using `rsample::bootstraps()` on the training data. Code is present and correct.,"Correctly creates the workflow set with the recipe and models, and unnests the info column. Variable naming in the list is slightly different but functional.","Code correctly unnests results, filters for rmse, groups by workflow ID, arranges by estimate, and slices the first row. Logic matches the rubric requirements.",Correctly calls `workflowsets::rank_results()` with the specified parameters. Code is present and correct.,"Code extracts the workflow, finalizes it, and fits to train/test data. However, the final markdown answer provides the raw MSE values but fails to calculate or state the ratio (test/train) as explicitly requested in the prompt ('What is the ratio...')."
5,25,25,"The student demonstrated a strong understanding of the tidymodels workflow, particularly in model specification, workflow sets, and tuning. Points were deducted primarily for deviations in the preprocessing recipe (incorrect log base, scaling the outcome) and minor omissions in the final answer calculation. Ensure strict adherence to function parameters (like `strata` and `base`) and process fidelity (avoiding unnecessary intermediate variables) in future labs.",2,2,1,3,3,3,3,3,3,2,"Code executes and uses `skimr`, but fails Process Fidelity by creating intermediate variables (`Missing`) instead of piping directly. Also, the conclusion about missing data is correct, but the code filters for missing data rather than just displaying the summary.","Code executes and creates splits. However, it misses the `strata = 'Sale_Price'` parameter required by the rubric for Output Accuracy. Variable names differ from the template but are functionally correct.",Code executes but has significant Process Fidelity and Output Accuracy issues. It uses `base = 10` for log transform instead of natural log (`exp(1)`). It applies center/scale to `all_predictors()` (including outcome) instead of `all_numeric_predictors()`. It creates an intermediate `prep_recipe` variable instead of piping directly to `tidy()`.,"Correctly defines all three models with appropriate engines, modes, and tunable parameters (`tune()`). Code structure matches expectations.",Correctly applies `parsnip::translate()` to all three model objects. Code is present and correct.,Correctly sets seed and creates bootstrap samples using `rsample::bootstraps()` on the training data. Code is present and correct.,"Correctly creates the workflow set with the recipe and models, and unnests the info column. Variable naming in the list differs slightly from the solution key but is valid R code.","Code correctly unnests results, filters for rmse, groups by workflow ID, arranges by estimate, and slices the first row. Logic matches the rubric requirements.",Correctly calls `workflowsets::rank_results()` with the specified parameters. Code is present and correct.,"Code correctly extracts the workflow, finalizes it with parameters, and fits to train/test data. However, the final markdown answer provides the raw MSE values but fails to calculate or state the ratio as requested in the prompt ('What is the ratio...')."
6,25,25,"The student demonstrated a strong understanding of the tidymodels workflow, correctly implementing model specification, resampling, and tuning processes. Points were deducted primarily for deviations in the EDA and preprocessing steps (incorrect log base, scaling the outcome, and intermediate variable creation) and for missing the stratification parameter in the train/test split. The final answer for Q10 was incomplete as it did not explicitly state the ratio.",2,2,1,3,3,3,3,3,3,2,"Code executes and uses `skimr`, but fails Process Fidelity by creating intermediate variables (`Missing`) instead of piping directly. Also, the conclusion about missing data is correct, but the code structure deviates from the required single-step pipe.","Code executes and creates splits. However, it misses the `strata = 'Sale_Price'` parameter required by the rubric for Output Accuracy. Variable names differ from the template but are functionally correct.",Code executes but has significant Process Fidelity and Output Accuracy issues. It uses `base = 10` for log transform instead of natural log (`exp(1)`). It applies center/scale to `all_predictors()` (including outcome) instead of `all_numeric_predictors()`. It also creates an intermediate `prep_recipe` variable instead of piping directly to `broom::tidy()` as requested.,"Correctly defines all three models with appropriate engines, modes, and tunable parameters (`tune()`). Code structure matches expectations.",Correctly applies `parsnip::translate()` to all three model objects. Code is present and correct.,Correctly sets seed and creates bootstrap samples using `rsample::bootstraps()` on the training data. Code matches expectations.,"Correctly creates the workflow set with the recipe and models, and unnests the info column. Variable naming in the list is slightly different but functionally valid.","Code correctly unnests results, filters for rmse, groups by workflow ID, arranges by estimate, and slices the best row. Logic matches the rubric requirements.",Correctly calls `workflowsets::rank_results()` with the specified parameters. Code is present and correct.,"Code correctly extracts the workflow, finalizes parameters, and fits to train/test data. However, the final markdown answer provides the raw MSE values but fails to explicitly state the calculated ratio (test/train) as requested in the prompt ('What is the ratio...')."
7,25,25,"The student completed all exercises and the code generally executes. Major deductions come from Exercise 3 (incorrect log base and scaling of outcome) and Exercise 2 (missing stratification). Exercise 10 lost points for not explicitly calculating the final ratio requested. Variable naming inconsistencies (e.g., `dat_split` vs `data_split`) were handled internally but deviate from the template.",2,2,1,3,3,3,3,3,3,2,"Code executes and uses `skimr`, but fails Process Fidelity by creating an intermediate variable (`Missing`) instead of piping directly. Also, the conclusion about missing data is correct, but the code filters for missing data rather than just displaying the summary as requested.","Code executes and creates splits. However, it misses the `strata = 'Sale_Price'` parameter required by the rubric for Output Accuracy. Variable names differ from the template (`dat_split` vs `data_split`), which may cause issues in later exercises if strict variable names are expected, though the logic is sound.","Code executes but has significant Process Fidelity and Output Accuracy issues. 1) Uses `base = 10` for log transform instead of natural log (`base = exp(1)`). 2) Applies center/scale to `all_predictors()` which includes the outcome `Sale_Price` (should be `all_numeric_predictors()`). 3) Order of steps is suboptimal (centering before dummy creation can be problematic depending on implementation, though here it's applied to all). 4) Prep is done on `dat_train` but the recipe was defined on `dat_train` (correct), however, the tidy output is not examined as requested.","Correctly defines all three models with appropriate engines, modes, and tunable parameters (`tune()`). Code executes and follows the expected process.",Correctly calls `parsnip::translate()` on all three model objects. Code executes and displays the templates.,Correctly sets seed and creates bootstrap samples using `rsample::bootstraps()` on the training data. Code executes.,Correctly creates the workflow set using the recipe and models. Unnests the info column to examine structure. Code executes.,"Correctly chains the dplyr/tidyr functions to unnest results, filter for rmse, group, arrange, and slice. Code structure matches the rubric requirements.",Correctly calls `workflowsets::rank_results()` with the specified parameters. Code executes.,"Code executes and fits the model. However, the workflow ID extracted (`base_recip_random_forest`) relies on the custom names used in Q7. While logically consistent with the student's previous work, the rubric expects `base_forest`. More importantly, the final question asks for the ratio of OOB prediction errors. The student provides the raw MSE values but does not explicitly calculate or state the ratio (test/train) as requested in the prompt ('What is the ratio...?'). The calculation is missing from the markdown/code output."
8,25,25,"The student completed most exercises correctly, particularly the modeling and workflow setup. Points were deducted primarily for Process Fidelity issues in Ex1 and Ex3 (intermediate variables, incorrect log base) and missing the stratification parameter in Ex2. The final comparison in Ex10 lacked the calculated ratio.",2,2,1,3,3,3,3,3,3,2,"Code executes and uses `skimr`, but fails Process Fidelity by creating intermediate variables (`Missing`) instead of piping directly. Also, the conclusion about missing data is correct, but the code filters for missing data rather than just displaying the summary as requested.","Code executes and creates splits. However, it misses the `strata = 'Sale_Price'` parameter required by the rubric for Output Accuracy. Variable names differ from template but logic is sound.","Code executes but has significant Process Fidelity issues. The log base is 10 instead of `exp(1)` (natural log). The order of steps is incorrect (centering/scaling after dummy creation is risky if not careful, but more importantly, the rubric specifies a specific order). It also creates an intermediate `prep_recipe` variable instead of piping directly to `broom::tidy()` as requested.","Correctly defines all three models with appropriate engines, modes, and tunable parameters (`tune()`). Code structure matches expectations.",Correctly applies `parsnip::translate()` to all three model objects. Code is present and correct.,Correctly sets seed and creates bootstrap samples using `rsample::bootstraps()` on the training data. Code matches expectations.,Correctly creates the workflow set with the recipe and models. Correctly unnests the info column. Variable naming in the list is slightly different but functional.,"Code correctly chains the required dplyr/tidyr functions to unnest results, filter for rmse, group, arrange, and slice. Logic is sound.",Correctly calls `workflowsets::rank_results()` with the specified parameters. Code is present and correct.,"Code extracts the workflow and finalizes it. However, the workflow ID used (`base_recip_random_forest`) relies on the custom names defined in Q7, which is acceptable, but the rubric expects `base_forest` based on the standard naming convention in the solution. More critically, the student did not calculate the ratio of OOB prediction errors as requested in the markdown text, only stating the MSE values."
9,26,28,"The student completed all exercises with correct code structure for the majority of the lab. Points were deducted primarily in Exercise 1 for not following the direct piping instruction, Exercise 2 for missing the stratification parameter, and Exercise 3 for incorrect log base and scaling the outcome variable. The modeling and workflowset sections were executed correctly.",2,2,1,3,3,3,3,3,3,3,"Code executes and uses `skimr`, but fails Process Fidelity by creating an intermediate variable (`Missing`) instead of piping directly. Also, the conclusion about missing data is correct, but the code filters for missing data which contradicts the 'no missing data' finding if not handled carefully (though the filter result would be empty, implying no missing data).","Code executes and creates splits. However, it misses the `strata = 'Sale_Price'` parameter required by the rubric for Output Accuracy. Variable names differ from template but logic is sound.","Code executes but has significant Process Fidelity and Output Accuracy issues. 1) Uses `base = 10` for log transform instead of natural log (`exp(1)`). 2) Applies center/scale to `all_predictors()` which includes the outcome `Sale_Price` (should be `all_numeric_predictors()`). 3) Order of steps is suboptimal (dummy variables created before centering/scaling, though less critical than the outcome scaling issue). 4) Prep is assigned to a new variable rather than just examining the recipe.","Correctly defines all three models with appropriate engines, modes, and tunable parameters (`tune()`). Code executes and follows the expected process.",Correctly calls `parsnip::translate()` on all three model objects. Code executes and displays the templates.,Correctly sets seed and creates bootstrap samples using `rsample::bootstraps()` on the training data. Code executes.,Correctly creates the workflow set with the recipe and models. Correctly unnests the info column to examine structure. Code executes.,"Correctly chains the dplyr/tidyr functions to unnest results, filter for rmse, group, arrange, and slice. Code structure matches the rubric requirements.",Correctly calls `workflowsets::rank_results()` with the specified parameters. Code executes.,"Correctly extracts the best workflow (using the ID generated by the student's naming convention), finalizes with parameters, and fits to train/test data. The student provides the MSE values and calculates the ratio in the markdown text."
10,25,25,"The student completed all exercises and the code generally executes. Major deductions were applied to Exercise 3 for incorrect log base and preprocessing order, and Exercise 2 for missing stratification. Exercise 10 lost points for not explicitly calculating the final ratio. Ensure variable names and parameters match the rubric specifications closely in future labs.",2,2,1,3,3,3,3,3,3,2,"Code executes and uses `skimr`, but fails Process Fidelity by creating intermediate variables (`Missing`) instead of piping directly. Also, the conclusion about missing data is correct, but the code filters for missing data rather than just displaying the summary as requested.","Code executes and creates splits. However, it misses the `strata = 'Sale_Price'` parameter required by the rubric for Output Accuracy. Variable names differ from the template (`dat_split` vs `data_split`), which may cause downstream issues if strict variable names are expected, though the logic is correct.","Code executes but has significant Process Fidelity and Output Accuracy issues. 1) Uses `base = 10` for log transform instead of natural log (`base = exp(1)`). 2) Applies `step_center` and `step_scale` to `all_predictors()` *after* `step_dummy`, which centers/scales dummy variables (usually undesirable) and potentially the outcome if not careful with selector order. 3) Does not pipe the prep result to `broom::tidy()` in the same chain as requested by the template structure, instead assigning to a new variable.","Correctly creates all three models with appropriate engines, modes, and tunable parameters (`tune()`). Code executes and follows the expected process.",Correctly calls `parsnip::translate()` on all three model objects. Code executes and displays the templates.,Correctly sets seed and creates bootstrap samples using `rsample::bootstraps()` on the training data. Code executes.,Correctly creates the workflow set with the recipe and models. Correctly unnests the info column to examine structure. Code executes.,"Correctly chains the dplyr/tidyr functions to unnest results, filter for rmse, group, arrange, and slice. Code executes.",Correctly calls `workflowsets::rank_results()` with the specified parameters. Code executes.,"Code executes and fits the model. However, the workflow ID extracted (`base_recip_random_forest`) relies on the custom names given in Ex7. While logically consistent with the student's previous work, the rubric expects the standard naming convention or specific ID. More importantly, the final calculation of the ratio is missing; the student provided the raw MSE values but did not calculate or state the ratio as requested in the prompt ('What is the ratio...')."
11,26,26,"The student completed all exercises with correct code structure for the majority of the lab. Points were deducted primarily in Exercise 1 for not following the direct piping workflow, Exercise 2 for missing the stratification parameter, and Exercise 3 for incorrect log base and predictor selection in the recipe. The modeling and workflowset exercises were executed correctly.",2,2,1,3,3,3,3,3,3,3,"Code executes and uses `skimr`, but fails Process Fidelity by creating intermediate variables (`Missing`) instead of piping directly. Also, the conclusion about missing data is correct, but the code filters for missing data rather than just displaying the summary as requested.","Code executes and creates splits. However, it misses the `strata = 'Sale_Price'` parameter required by the rubric for Output Accuracy. Variable names differ from template but logic is sound.",Code executes but has significant Process Fidelity and Output Accuracy issues. It uses `base = 10` for log transform instead of natural log (`exp(1)`). It applies center/scale to `all_predictors()` (including outcome) instead of `all_numeric_predictors()`. It creates an intermediate `prep_recipe` variable instead of piping directly to `broom::tidy()`.,"Correctly defines all three models with appropriate engines, modes, and tunable parameters (`tune()`). Code structure matches requirements.",Correctly calls `parsnip::translate()` on all three model objects. Code is present and correct.,Correctly sets seed and creates bootstrap samples using `rsample::bootstraps()` on the training data. Code is present and correct.,Correctly creates the workflow set and unnests the info column. Variable naming in the list differs slightly from template but is valid R code and meets the criteria.,"Code correctly chains the required dplyr/tidyr functions to unnest, filter for rmse, group, arrange, and slice. Logic matches the rubric requirements.",Correctly calls `workflowsets::rank_results()` with the specified parameters. Code is present and correct.,"Correctly extracts the workflow, finalizes it with parameters, and fits to train/test data. The student provides the MSE values in the markdown, satisfying the output requirement."
12,25,25,"The student completed most of the lab exercises correctly, particularly the modeling and workflow setup sections. Points were deducted primarily for incorrect preprocessing steps in Exercise 3 (wrong log base, scaling outcome) and missing specific parameters in Exercise 2 (strata). Exercise 10 was incomplete as the final ratio calculation was not performed.",2,2,1,3,3,3,3,3,3,2,"Code executes and uses `skimr`, but fails ProcessFidelity by creating intermediate variables (`Missing`) instead of piping directly. Also, the rubric requires using the pipe operator `|>` to pass data to `skim()`, which was not done in the primary call.","Code executes and creates splits, but fails OutputAccuracy by omitting the `strata = 'Sale_Price'` parameter required by the rubric. Variable names differ from the expected `ames_train`/`ames_test` but are functionally correct.",Code executes but has significant ProcessFidelity and OutputAccuracy issues. It uses `base = 10` for log transform instead of natural log (`exp(1)`). It applies center/scale to `all_predictors()` (including outcome) instead of `all_numeric_predictors()`. It does not chain `prep()` and `tidy()` in a single step as expected.,Correctly creates three model specifications with appropriate engines and tunable parameters (`tune()`). Code executes and follows the expected process.,Correctly applies `parsnip::translate()` to all three model objects. Code executes and output is accurate.,Correctly sets seed and creates bootstrap samples using `rsample::bootstraps()` on the training data. Code executes and follows the expected process.,"Correctly creates the workflow set with the recipe and models, and unnests the info column. Code executes and output structure is correct.","Correctly chains the required dplyr/tidyr functions to unnest results, filter for rmse, group, arrange, and slice. Code executes and follows the expected process.",Correctly calls `workflowsets::rank_results()` with the specified parameters. Code executes and output is accurate.,"Code executes and fits the model, but fails OutputAccuracy by not calculating the ratio of OOB prediction errors (test/train MSE) as requested. It only lists the individual MSE values. The workflow extraction and finalization steps are correct."
13,26,26,"The student demonstrated a strong understanding of the tidymodels workflow, particularly in model specification, workflow sets, and tuning. Points were deducted primarily in Exercise 1 for not following the strict piping structure and in Exercise 3 for incorrect recipe steps (log base and predictor selection). Exercise 2 missed the stratification parameter. Overall, the code is functional and well-structured.",2,2,1,3,3,3,3,3,3,3,"Code executes and uses `skimr`, but fails Process Fidelity by creating intermediate variables (`Missing`) instead of piping directly. Also, the conclusion about missing data is correct, but the code structure deviates from the required single-step pipe.","Code executes and splits data correctly. However, it misses the `strata = 'Sale_Price'` parameter required by the rubric for Output Accuracy. Variable names differ from template but are functionally correct.",Code executes but has significant Process Fidelity and Output Accuracy issues. It uses `base = 10` for log transform instead of natural log (`exp(1)`). It applies center/scale to `all_predictors()` (including outcome) instead of `all_numeric_predictors()`. It creates an intermediate `prep_recipe` variable instead of piping directly to `broom::tidy()`.,"Code correctly defines all three models with appropriate engines, modes, and tunable parameters (`tune()`). Process fidelity is high.",Code correctly calls `parsnip::translate()` on all three model objects. Process fidelity is high.,Code correctly sets seed and creates bootstrap samples using `rsample::bootstraps()` on the training data. Process fidelity is high.,Code correctly creates the workflow set and unnests the info column. Variable naming in the list differs slightly from template but is consistent within the student's code.,"Code correctly chains the required dplyr/tidyr functions to unnest, filter for rmse, group, arrange, and slice. Process fidelity is high.",Code correctly calls `workflowsets::rank_results()` with the specified parameters. Process fidelity is high.,"Code correctly extracts the best workflow, finalizes it with parameters, and fits to train/test data. The student provides the MSE values in the markdown, fulfilling the output requirement."
14,25,25,The student completed all exercises and the code generally executes. Major deductions come from Exercise 3 (incorrect log base and scaling the outcome variable) and Exercise 2 (missing stratification). The workflow naming in Q7/Q10 deviates from the solution key but is internally consistent. Ensure careful attention to specific parameter requirements (like `strata` and `base=exp(1)`) in future labs.,2,2,1,3,3,3,3,3,3,2,"Code executes and uses `skimr`, but fails Process Fidelity by creating an intermediate variable (`Missing`) instead of piping directly. Also, the conclusion about missing data is correct, but the code filters for missing data rather than just displaying the summary as requested.","Code executes and creates splits. However, it misses the `strata = 'Sale_Price'` parameter required by the rubric for Output Accuracy. Variable names differ from the template (`dat_split` vs `data_split`), which may cause downstream issues if strict variable names are expected, though the logic is correct.","Code executes but has significant Process Fidelity and Output Accuracy issues. 1) Uses `base = 10` for log transform instead of natural log (`base = exp(1)`). 2) Applies center/scale to `all_predictors()` which includes the outcome `Sale_Price` (should be `all_numeric_predictors()`). 3) Order of steps is suboptimal (center/scale after dummy creation is okay, but scaling the outcome is incorrect). 4) Does not pipe to `broom::tidy()` in the final step as requested in the template structure.","Correctly creates all three models with appropriate engines, modes, and tunable parameters (`tune()`). Code executes and follows the expected process.",Correctly calls `parsnip::translate()` on all three model objects. Code executes and displays the templates.,Correctly sets seed and creates bootstrap samples using `rsample::bootstraps()` on the training data. Code executes.,"Correctly creates the workflow set and unnests the info column. The variable names for models/recipes differ from the solution key (`base_recip` vs `base`), but the structure is correct and the code executes.","Correctly chains the dplyr/tidyr functions to unnest results, filter for rmse, group, arrange, and slice. Code executes.",Correctly calls `workflowsets::rank_results()` with the specified parameters. Code executes.,"Code executes and fits the model. However, the workflow ID extracted (`base_recip_random_forest`) depends on the naming convention used in Q7. The rubric expects `base_forest`. While the student's ID is consistent with their Q7, it deviates from the standard naming implied by the solution. The finalization and fitting steps are correct. Deducted 1 point for potential inconsistency with expected workflow ID naming convention."
15,26,26,"The student completed all exercises and demonstrated a good understanding of the tidymodels workflow. Points were deducted primarily in Exercise 1 for not following the specific piping structure, Exercise 2 for missing the stratification parameter, and Exercise 3 for incorrect recipe steps (log base and scaling the outcome). The modeling and tuning sections were executed correctly.",2,2,1,3,3,3,3,3,3,3,"Code executes and uses `skimr`, but fails Process Fidelity by creating an intermediate variable (`Missing`) instead of piping directly. Also, the conclusion about missing data is correct, but the code structure deviates from the required single-step pipe.","Code executes and creates splits. However, it misses the `strata = 'Sale_Price'` parameter required for Output Accuracy. Variable names differ from the template but are functionally correct.","Code executes but has significant Process Fidelity and Output Accuracy issues. It uses `base = 10` instead of natural log (`exp(1)`). It applies center/scale to `all_predictors()` (including outcome) instead of `all_numeric_predictors()`. The order of steps is also suboptimal (scaling after dummy creation is okay, but scaling the outcome is incorrect).",Correctly defines all three models with appropriate engines and tunable parameters. Code execution and process fidelity are met.,Correctly calls `translate()` on all three model objects. Output accuracy is met.,Correctly sets seed and creates bootstrap samples using `rsample::bootstraps()`. Process and output accuracy are met.,Correctly creates the workflow set and unnests the info column. The naming conventions differ slightly from the solution but are valid and consistent within the student's code.,"Correctly chains the dplyr/tidyr functions to unnest, filter for rmse, group, arrange, and slice. Process fidelity is high.",Correctly calls `rank_results` with the specified parameters. Output accuracy is met.,"Correctly extracts the best workflow, finalizes it with the best parameters, and fits it to both training and test data. The final comparison is present."
16,26,26,The student completed all exercises and the code structure is generally correct. Points were deducted primarily in Exercise 1 for not following the direct piping instruction and in Exercise 3 for incorrect recipe steps (log base and centering/scaling order/selectors). Exercise 2 missed the stratification parameter. The modeling and workflowset exercises were executed well.,2,2,1,3,3,3,3,3,3,3,"Code executes and uses `skimr`, but fails Process Fidelity by creating intermediate variables (`Missing`) instead of piping directly. Also, the conclusion about missing data is correct, but the code filters for missing data rather than just displaying the summary as requested.","Code executes and creates splits. However, it misses the `strata = 'Sale_Price'` parameter required by the rubric for Output Accuracy. Variable names differ from the template (`dat_split` vs `data_split`), which may cause issues in later exercises if strict variable names are expected, though the logic is sound.","Code executes but has significant Process Fidelity and Output Accuracy issues. 1) Uses `base = 10` for log transform instead of natural log (`base = exp(1)`). 2) Applies `step_center` and `step_scale` to `all_predictors()` *after* `step_dummy`, which centers/scales dummy variables (usually undesirable) and potentially the outcome if not careful with selector order. 3) The rubric expects `step_center`/`step_scale` on numeric predictors before dummy creation or specifically on numeric predictors. The order and selectors are incorrect per the solution template.","Correctly defines all three models with appropriate engines, modes, and tunable parameters (`tune()`). Code executes and matches the required process.",Correctly calls `parsnip::translate()` on all three model objects. Code executes and displays the templates.,Correctly sets seed and creates bootstrap samples using `rsample::bootstraps()` on the training data. Code executes.,Correctly creates the workflow set using the recipe and models. Correctly unnests the info column. Code executes.,"Correctly chains the dplyr/tidyr functions to unnest results, filter for rmse, group, arrange, and slice. Code structure matches the rubric requirements.",Correctly calls `workflowsets::rank_results()` with the specified parameters. Code executes.,"Correctly extracts the best workflow (using the ID generated in Q7), finalizes it with the best parameters, and fits it to both training and test data. The final comparison is present."
17,25,25,"The student demonstrated a good understanding of the tidymodels workflow structure, correctly defining models, recipes, and workflow sets. Points were deducted primarily for incorrect preprocessing steps in Exercise 3 (log base and scaling scope) and missing stratification in Exercise 2. Ensure code is set to evaluate (`eval: true`) for grading purposes.",2,2,1,3,3,3,3,3,3,2,"Code executes and uses `skimr`, but fails Process Fidelity by creating an intermediate variable (`Missing`) instead of piping directly. Also, the conclusion about missing data is correct, but the code filters for missing data which contradicts the 'no missing data' finding if not interpreted carefully.","Code executes and creates splits. However, it misses the `strata = 'Sale_Price'` parameter required by the rubric for Output Accuracy. Variable names differ from template but are functionally correct.",Code executes but has significant Process Fidelity issues. It uses `base = 10` instead of natural log (`exp(1)`). It applies center/scale to `all_predictors()` (including outcome) instead of `all_numeric_predictors()`. It preps the recipe inside the pipeline assignment incorrectly.,"Correctly defines all three models with appropriate engines, modes, and tunable parameters as required.",Correctly calls `translate()` on all three model objects.,Correctly sets seed and creates bootstrap samples using `rsample::bootstraps()`.,Correctly creates the workflow set and unnests the info column. Variable names for models/recipe differ from solution but are consistent within the student's code.,"Correctly chains the required dplyr/tidyr functions to extract and filter metrics. Note: Code is marked `eval: false` in student file, but rubric focuses on presence of correct functions/workflow.",Correctly calls `rank_results` with specified parameters.,"Correctly extracts workflow and finalizes parameters. However, the student calculates the ratio values but does not explicitly state the final ratio or the percentage difference as requested in the prompt ('What is the ratio...'). Also, `eval: false` prevents execution verification."
18,25,25,"The student completed most of the lab successfully, particularly the modeling, tuning, and workflow mapping sections (Ex4-Ex10). Points were deducted primarily in the early EDA and preprocessing steps (Ex1-Ex3) due to deviations from the specific coding workflows required by the rubric (e.g., using intermediate variables, incorrect log base, and missing stratification in the train/test split). Ensure strict adherence to the specified functions and parameters in future labs.",1,2,1,3,3,3,3,3,3,3,"Code executes but deviates from the required process. The rubric requires piping `dat` directly to `skimr::skim()` in a single step without intermediate variables. The student created an intermediate `Missing` variable and filtered it, which violates the ProcessFidelity criterion. OutputAccuracy is met (conclusion is correct).","Code executes and follows the general process (set.seed, split, extract). However, the `initial_split` call is missing the `strata = 'Sale_Price'` parameter required by the rubric for OutputAccuracy. ProcessFidelity is partially met as variable names differ slightly but logic is sound.","Code executes but has significant process and accuracy issues. 1) `step_log` uses `base = 10` instead of natural log (`base = exp(1)`). 2) `step_center` and `step_scale` use `all_predictors()` which includes the outcome `Sale_Price` (already logged), whereas the rubric specifies centering/scaling predictors. 3) The recipe is prepped and tidied, but the variable assignment `prep_recipe` is separate from `norm_recipe`, deviating from the expected single-variable workflow.","Code executes correctly. All three models (`lm_mod_base`, `lm_mod_glmnet`, `lm_mod_rforest`) are created with the correct engines, modes, and tunable parameters (`penalty`, `mixture`, `min_n`, `trees`). Process and output match the rubric requirements.",Code executes correctly. `parsnip::translate()` is called on all three model objects as required. Output displays the templates for each engine.,"Code executes correctly. `set.seed(8740)` is called, and `rsample::bootstraps()` is applied to the training data (`dat_train`) to create `train_resamples`. Process and output match the rubric.",Code executes correctly. `workflowsets::workflow_set()` is called with the recipe and models. The `info` column is unnested using `tidyr::unnest()`. The workflow set structure is examined as required.,"Code executes correctly. The pipeline correctly selects, unnests results and metrics, filters for 'rmse', groups by `wflow_id`, arranges by `.estimate` descending, and slices the first row. This matches the required process and output.","Code executes correctly. `workflowsets::rank_results()` is called with the correct parameters (`rank_metric = 'rmse'`, `select_best = TRUE`). The student compares the output to Exercise 8 as requested.","Code executes correctly. The best workflow (`base_recip_random_forest`) is extracted, finalized with the correct parameters (`trees = 1`, `min_n = 11`), and fitted to both training and test data. The student provides the MSE values and calculates the ratio, demonstrating the performance comparison."
19,26,26,"The student completed all exercises and demonstrated a good understanding of the tidymodels workflow. Points were deducted primarily in Exercise 1 for not following the direct piping instruction, Exercise 2 for missing the stratification parameter, and Exercise 3 for incorrect log base, incorrect selector for centering/scaling, and creating unnecessary intermediate variables. The modeling and tuning sections (Ex 4-10) were executed correctly.",2,2,1,3,3,3,3,3,3,3,"Code executes and uses `skimr`, but fails Process Fidelity by creating an intermediate variable (`Missing`) instead of piping directly. Also, the conclusion about missing data is correct, but the code filters for missing data rather than just displaying the summary as requested.","Code executes and creates splits. However, it misses the `strata = 'Sale_Price'` parameter required by the rubric for Output Accuracy. Variable names differ from the template (`dat_split` vs `data_split`), which is acceptable but deviates from the expected process.",Code executes but has significant Process Fidelity and Output Accuracy issues. It uses `base = 10` for log transform instead of natural log (`exp(1)`). It applies center/scale to `all_predictors()` (including outcome) instead of `all_numeric_predictors()`. It creates an intermediate `prep_recipe` variable instead of piping directly to `broom::tidy()`.,"Correctly defines all three models with appropriate engines, modes, and tunable parameters (`tune()`). Code structure matches the rubric requirements.",Correctly applies `parsnip::translate()` to all three model objects. Code is present and follows the expected process.,Correctly sets seed and creates bootstrap samples using `rsample::bootstraps()` on the training data. Code matches the rubric criteria.,"Correctly creates the workflow set with the recipe and models, and unnests the info column. The naming of the recipe/model components differs slightly from the solution but is functionally correct and consistent within the student's code.","Correctly chains the dplyr/tidyr functions to unnest results, filter for rmse, group, arrange, and slice. The code structure matches the rubric requirements exactly.",Correctly calls `workflowsets::rank_results()` with the specified parameters. Code is present and follows the expected process.,"Correctly extracts the best workflow, finalizes it with the specified parameters, and fits it to both training and test data. The student provides the MSE values for comparison, satisfying the output accuracy requirement."
20,26,26,"The student demonstrated strong proficiency in model specification, workflow creation, and tuning processes (Ex4-Ex10). However, significant deductions were made in the early data preparation steps (Ex1-Ex3) due to deviations from the required process (intermediate variables) and incorrect parameter choices (log base, stratification, and predictor selection in recipes). Ensure strict adherence to function arguments and process constraints in future labs.",2,2,1,3,3,3,3,3,3,3,"Code executes and uses `skimr`, but fails Process Fidelity by creating intermediate variables (`Missing`) instead of piping directly. Output Accuracy is met as the conclusion about missing data is correct.","Code executes and creates splits, but fails Output Accuracy by omitting the `strata = 'Sale_Price'` parameter required by the rubric. Process Fidelity is partially met but variable names differ from expected.","Code executes but fails Output Accuracy significantly: uses `base = 10` instead of natural log (`exp(1)`), and applies center/scale to `all_predictors()` (including outcome) instead of `all_numeric_predictors()`. Process Fidelity is also compromised by incorrect step order and scope.",Code correctly defines all three models with appropriate engines and tunable parameters. Process Fidelity and Output Accuracy are fully met.,Code correctly calls `translate()` on all three model objects. Process Fidelity and Output Accuracy are fully met.,Code correctly sets seed and creates bootstrap samples using `bootstraps()`. Process Fidelity and Output Accuracy are fully met.,Code correctly creates the workflow set and unnests the info column. Process Fidelity and Output Accuracy are fully met.,Code correctly chains the required dplyr/tidyr functions to extract and filter metrics. Process Fidelity and Output Accuracy are fully met.,Code correctly calls `rank_results` with specified parameters. Process Fidelity and Output Accuracy are fully met.,"Code correctly extracts the best workflow, finalizes it with parameters, and fits to train/test data. The final markdown answer provides the specific MSE values requested. Process Fidelity and Output Accuracy are fully met."
21,26,26,"The student completed all exercises with correct code structure for most modeling and workflow tasks. Points were deducted primarily in Exercise 1 for not following the single-step pipe requirement, Exercise 2 for missing the stratification parameter, and Exercise 3 for incorrect log base and scaling the outcome variable. The final model selection and comparison were handled correctly.",2,2,1,3,3,3,3,3,3,3,"Code executes and uses `skimr`, but fails Process Fidelity by creating intermediate variables (`Missing`) instead of piping directly. Also, the conclusion about missing data is correct, but the code structure deviates from the required single-step pipe.","Code executes and creates splits. However, it misses the `strata = 'Sale_Price'` parameter required by the rubric for Output Accuracy. Variable names differ from template but logic is sound.","Code executes but has significant Process Fidelity and Output Accuracy issues. 1) Uses `base = 10` for log transform instead of natural log (`exp(1)`). 2) Applies center/scale to `all_predictors()` including the outcome, which is incorrect. 3) Order of steps is suboptimal (dummy variables created before centering/scaling, though less critical than the outcome scaling issue). 4) Prep step is assigned to a new variable rather than examining the recipe steps as requested.","Correctly defines all three models with appropriate engines, modes, and tunable parameters (`tune()`). Code structure matches expectations.",Correctly applies `parsnip::translate()` to all three model objects. Code is present and correct.,Correctly sets seed and creates bootstrap samples using `rsample::bootstraps()` on the training data. Code matches expectations.,"Correctly creates the workflow set with the recipe and models, and unnests the info column. Variable names for models in the list differ from template but are consistent within the student's code.","Code correctly unnests results, filters for rmse, groups by workflow ID, arranges by estimate, and slices the best row. Logic matches the rubric requirements.",Correctly calls `workflowsets::rank_results()` with the specified parameters. Code is present and correct.,"Correctly extracts the best workflow, finalizes it with the tuned parameters, and fits it to both training and test data. The student provides the MSE values for comparison. Note: The student split Ex10 into Q10a/b/c, but the content covers the full Ex10 rubric."
22,25,25,"The student completed most exercises correctly, particularly the modeling and workflow setup. Points were deducted primarily for incorrect preprocessing steps in Exercise 3 (log base and scaling scope) and missing the stratification parameter in Exercise 2. Exercise 10 was partially credited as the final ratio calculation was not explicitly provided in the markdown.",2,2,1,3,3,3,3,3,3,2,"Code executes and uses `skimr`, but fails Process Fidelity by creating intermediate variables (`Missing`) instead of piping directly. Also, the conclusion about missing data is correct, but the code filters for missing data rather than just displaying the summary as requested.","Code executes and creates splits, but fails Output Accuracy by omitting the `strata = 'Sale_Price'` parameter required by the rubric. Variable names differ from the template but are functionally correct.",Code executes but has significant Process Fidelity and Output Accuracy issues. It uses `base = 10` for log transform instead of natural log (`exp(1)`). It applies center/scale to `all_predictors()` (including outcome) instead of `all_numeric_predictors()`. The order of steps is also suboptimal (dummy variables created before centering/scaling).,"Correctly defines all three models with appropriate engines, modes, and tunable parameters (`tune()`). Code structure matches the rubric requirements.",Correctly calls `parsnip::translate()` on all three model objects. Code is present and follows the expected process.,Correctly sets seed and creates bootstrap samples using `rsample::bootstraps()` on the training data. Code matches the rubric requirements.,"Correctly creates the workflow set with the recipe and models, and unnests the info column. Variable naming in the list is slightly different but functionally correct.","Code correctly unnests results, filters for rmse, groups by workflow ID, arranges by estimate, and slices the first row. The logic matches the rubric's expected process.",Correctly calls `workflowsets::rank_results()` with the specified parameters. Code is present and follows the expected process.,"Code extracts the workflow and finalizes it with parameters. However, the workflow ID used (`base_recip_random_forest`) relies on the custom names defined in Q7, which is acceptable, but the rubric expects `base_forest`. More importantly, the student did not calculate the ratio of OOB prediction errors as requested in the markdown output, only stating the individual MSE values."
23,25,25,"The student completed all exercises with correct code structure for most modeling and workflow tasks. Key deductions were made for Exercise 1 (intermediate variables), Exercise 2 (missing stratification), Exercise 3 (incorrect log base and scaling outcome), and Exercise 10 (missing final ratio calculation in markdown). Ensure variable names match the template to avoid downstream errors.",2,2,1,3,3,3,3,3,3,2,"Code executes and uses `skimr`, but fails Process Fidelity by creating intermediate variables (`Missing`) instead of piping directly. Also, the conclusion about missing data is correct, but the code structure deviates from the required single-step pipe.","Code executes and creates splits. However, it misses the `strata = 'Sale_Price'` parameter required for Output Accuracy. Variable names differ from the template (`dat_split` vs `data_split`), which may cause issues in later exercises if strict variable matching is expected, though the logic is sound.","Code executes but has significant Process Fidelity and Output Accuracy issues. 1) Uses `base = 10` for log transform instead of natural log (`exp(1)`). 2) Applies center/scale to `all_predictors()` including the outcome, which is incorrect. 3) Order of steps is suboptimal (dummy variables created before centering/scaling, though less critical than the outcome scaling issue). 4) Prep step is assigned to a new variable rather than examining the recipe steps as requested.","Correctly defines all three models with appropriate engines, modes, and tunable parameters (`tune()`). Code structure matches the rubric requirements.",Correctly applies `parsnip::translate()` to all three model objects. Code is present and correct.,Correctly sets seed and creates bootstrap samples using `rsample::bootstraps()` on the training data. Code matches requirements.,"Correctly creates the workflow set with the recipe and models. Correctly unnests the info column. Note: Model names in the list differ from the solution template (`lm_base` vs `base`), but the workflow set is created successfully.","Code correctly chains the required dplyr/tidyr functions to unnest results, filter for rmse, group, arrange, and slice. The logic matches the rubric's process fidelity requirements.",Correctly calls `workflowsets::rank_results()` with the specified parameters. Code is present and correct.,"Code correctly extracts the workflow, finalizes it with parameters, and fits to train/test data. However, the final markdown answer provides the raw MSE values but does not explicitly calculate or state the ratio (test/train) as requested in the prompt ('What is the ratio...'). The rubric requires the conclusion/comparison."
24,26,26,"The student completed all exercises with correct code structure for most modeling and workflow tasks. Points were deducted primarily in Exercise 1 for not following the direct piping instruction, Exercise 2 for missing the stratification parameter, and Exercise 3 for incorrect log base and predictor selection in the recipe. The final model selection and fitting were handled correctly.",2,2,1,3,3,3,3,3,3,3,"Code executes and uses `skimr`, but fails Process Fidelity by creating intermediate variables (`Missing`) instead of piping directly. Also, the conclusion about missing data is correct, but the code filters for missing data rather than just displaying the summary as requested.","Code executes and creates splits. However, it misses the `strata = 'Sale_Price'` parameter required by the rubric for Output Accuracy. Variable names differ from template but logic is sound.",Code executes but has significant Process Fidelity and Output Accuracy issues. It uses `base = 10` for log transform instead of natural log (`exp(1)`). It applies center/scale to `all_predictors()` (including outcome) instead of `all_numeric_predictors()`. It creates an intermediate `prep_recipe` variable instead of piping directly to `tidy()`.,"Correctly defines all three models with appropriate engines, modes, and tunable parameters. Code structure matches expectations.",Correctly applies `translate()` to all three model objects. Code is present and correct.,Correctly sets seed and creates bootstrap samples using `rsample::bootstraps()`. Code matches expectations.,Correctly creates workflow set and unnests info column. Variable names in lists differ slightly from template but are valid and consistent within the student's code.,"Correctly chains the required dplyr/tidyr functions to unnest, filter for rmse, group, arrange, and slice. Code structure matches expectations.",Correctly calls `rank_results` with specified parameters. Code is present and correct.,"Correctly extracts the best workflow, finalizes it with parameters, and fits to train/test data. The student correctly identified the workflow ID based on their previous naming conventions. The final ratio calculation is present in markdown."
25,21,21,"The student completed all exercises with code that generally executes. However, significant points were lost due to deviations from the required process fidelity, particularly in Exercise 3 (incorrect log base and scaling order) and Exercise 7 (non-standard naming conventions for workflows). These naming choices cascaded into issues in Exercises 8-10, where the workflow IDs did not match the expected solution keys, leading to incorrect extraction and finalization steps. Ensure strict adherence to variable names and parameter specifications in future labs.",2,2,1,3,3,3,2,2,2,1,"Code executes and uses `skimr`, but fails Process Fidelity by creating an intermediate variable (`Missing`) instead of piping directly. Also, the conclusion about missing data is correct, but the code filters for missing data rather than just displaying the summary as requested.","Code executes and creates splits. However, it misses the `strata = 'Sale_Price'` parameter required by the rubric for Output Accuracy. Variable names differ from the template (`dat_split` vs `data_split`), which may cause downstream issues if strict variable names are expected, though the logic is correct.","Code executes but has significant Process Fidelity and Output Accuracy issues. 1) Uses `base = 10` for log transform instead of natural log (`base = exp(1)`). 2) Applies `step_center` and `step_scale` to `all_predictors()` *after* `step_dummy`, which centers/scales dummy variables (usually undesirable) and potentially the outcome if not careful (though `all_predictors` excludes outcome). 3) The rubric expects centering/scaling numeric predictors specifically. 4) The prep step is assigned to a new variable `prep_recipe` rather than just prepping the existing recipe or piping to tidy as shown in the solution structure.","Correctly defines all three models with appropriate engines, modes, and tunable parameters (`tune()`). Code executes and follows the expected process.",Correctly calls `parsnip::translate()` on all three model objects. Code executes and displays the templates.,Correctly sets seed and creates bootstrap samples using `rsample::bootstraps()` on the training data. Code executes.,"Code executes and creates the workflow set. However, the model names in the list (`lm_base`, `elastic_net`, `random_forest`) differ from the solution's expected names (`base`, `glmnet`, `forest`). This affects the `wflow_id` generation. The rubric expects specific IDs for later exercises. The unnesting is correct.","The code structure for unnesting and filtering is correct. However, because the workflow IDs in Q7 were non-standard, the results might not match the expected 'base', 'glmnet', 'forest' IDs. The logic for selecting best RMSE is present. Deducted for potential mismatch with expected workflow IDs from previous step.","Code calls `rank_results` correctly. However, due to the non-standard workflow IDs from Q7, the output will not match the expected solution structure (base_forest, etc.). The process is correct, but the output accuracy is compromised by previous naming choices.","The student attempts to extract the workflow using the ID `base_recip_random_forest`. Based on the naming in Q7 (`base_recip` and `random_forest`), the ID would likely be `base_recip_random_forest`. However, the rubric expects the ID `base_forest` (derived from `base` recipe and `forest` model). The student's ID is inconsistent with the standard solution. Furthermore, the finalization parameters (`trees = 1, min_n = 11`) are hardcoded from the solution key rather than derived from the student's own tuning results (which would differ due to different IDs/recipes). The fit comparison is present."
26,25,25,"The student demonstrated a strong understanding of the tidymodels workflow, particularly in model specification, workflow sets, and tuning. Points were deducted primarily for deviations in the preprocessing recipe (incorrect log base, scaling outcome) and missing specific parameters in the data split. The final answer for Q10 was incomplete as it did not provide the calculated ratio.",2,2,1,3,3,3,3,3,3,2,"Code executes and uses `skimr`, but fails Process Fidelity by creating intermediate variables (`Missing`) instead of piping directly. Also, the conclusion about missing data is correct, but the code structure deviates from the required single-step pipe.","Code executes and creates splits. However, it misses the `strata = 'Sale_Price'` parameter required by the rubric for Output Accuracy. Variable names differ from template but are functionally correct.",Code executes but has significant Process Fidelity and Output Accuracy issues. It uses `base = 10` for log transform instead of natural log (`exp(1)`). It applies center/scale to `all_predictors()` (including outcome) instead of `all_numeric_predictors()`. It creates an intermediate `prep_recipe` variable instead of piping directly to `broom::tidy()`.,"Correctly defines all three models with appropriate engines, modes, and tunable parameters (`tune()`). Code structure matches requirements.",Correctly applies `parsnip::translate()` to all three model objects. Code is present and correct.,Correctly sets seed and creates bootstrap samples using `rsample::bootstraps()` on the training data. Code matches requirements.,Correctly creates the workflow set and unnests the info column. Variable naming in the list differs slightly from template but is valid R code and produces the correct structure.,"Code correctly chains the required dplyr/tidyr functions to unnest results, filter for rmse, group, arrange, and slice. Logic matches the rubric requirements.",Correctly calls `workflowsets::rank_results()` with the specified parameters. Code is present and correct.,"Code correctly extracts, finalizes, and fits the model. However, the final markdown answer provides the raw MSE values but fails to calculate or state the ratio (test/train) as explicitly requested in the prompt ('What is the ratio...')."
27,26,26,The student completed all exercises and the code generally executes. Major deductions were in Exercise 3 (incorrect log base and preprocessing order/selectors) and Exercise 2 (missing stratification parameter). Exercise 1 lost points for not following the direct piping process. The rest of the workflow construction and tuning steps were performed correctly.,2,2,1,3,3,3,3,3,3,3,"Code executes and uses `skimr`, but fails Process Fidelity by creating intermediate variables (`Missing`) instead of piping directly. Also, the conclusion about missing data is correct, but the code filters for missing data rather than just displaying the summary as requested.","Code executes and creates splits. However, it misses the `strata = 'Sale_Price'` parameter required by the rubric for Output Accuracy. Variable names differ from the template (`dat_split` vs `data_split`), which may cause issues in later exercises if strict naming is expected, though the logic is correct.","Code executes but has significant Process Fidelity and Output Accuracy issues. 1) Uses `base = 10` for log transform instead of natural log (`base = exp(1)`). 2) Applies `step_center` and `step_scale` to `all_predictors()` *after* `step_dummy`, which centers/scales dummy variables (usually undesirable) and potentially the outcome if not careful (though `all_predictors` excludes outcome). 3) The rubric expects centering/scaling numeric predictors *before* dummies or specifically on numeric predictors. The order and selectors are incorrect per rubric specs.","Correctly defines all three models with appropriate engines, modes, and tunable parameters (`tune()`). Code executes and follows the expected process.",Correctly calls `parsnip::translate()` on all three model objects. Code executes and displays the templates.,Correctly sets seed and creates bootstrap samples using `rsample::bootstraps()` on the training data. Code executes.,Correctly creates the workflow set using the recipe and models. Unnests the info column to examine structure. Code executes.,"Correctly chains the dplyr/tidyr functions to unnest results, filter for rmse, group, arrange, and slice. Code structure matches the rubric requirements.",Correctly calls `workflowsets::rank_results()` with the specified parameters. Code executes.,"Correctly extracts the best workflow, finalizes it with the specified parameters, and fits it to both training and test data. The final markdown answer provides the MSE values and implies the comparison."
28,25,25,"The student demonstrated a strong understanding of the tidymodels workflow, particularly in model specification, workflow sets, and tuning. Points were deducted primarily for deviations in the preprocessing recipe (incorrect log base, scaling outcome) and minor process fidelity issues in EDA and final reporting. Ensure strict adherence to parameter specifications (e.g., natural log, stratification) in future labs.",2,2,1,3,3,3,3,3,3,2,"Code executes and uses `skimr::skim()`, but fails Process Fidelity by creating an intermediate variable (`Missing`) instead of piping directly. Also, the conclusion about missing data is correct, but the code filters for missing data rather than just displaying the summary as requested.","Code executes and creates splits. However, it misses the `strata = 'Sale_Price'` parameter required by the rubric for Output Accuracy. Variable names differ from template but logic is sound.",Code executes but has significant Process Fidelity and Output Accuracy issues. It uses `base = 10` for log transform instead of natural log (`exp(1)`). It applies center/scale to `all_predictors()` (including outcome) instead of `all_numeric_predictors()`. It creates an intermediate `prep_recipe` variable instead of piping directly to `broom::tidy()`.,"Correctly defines all three models with appropriate engines, modes, and tunable parameters (`tune()`). Code structure matches expectations.",Correctly applies `parsnip::translate()` to all three model objects. Code is present and correct.,Correctly sets seed and creates bootstrap samples using `rsample::bootstraps()` on the training data. Code is present and correct.,Correctly creates the workflow set and unnests the info column. Variable naming in the list differs slightly from template but is valid R code and produces the correct structure.,"Code correctly chains the required dplyr/tidyr functions to unnest results, filter for rmse, group, arrange, and slice. Logic matches the rubric requirements.",Correctly calls `workflowsets::rank_results()` with the specified parameters. Code is present and correct.,"Code correctly extracts, finalizes, and fits the model. However, the final markdown answer provides the raw MSE values but fails to calculate or state the ratio (test/train) as explicitly requested in the prompt ('What is the ratio...')."
29,26,26,"The student demonstrated strong proficiency in model specification, workflow creation, and tuning processes (Ex4-Ex10). However, significant deductions were made in the early data preparation steps (Ex1-Ex3) due to deviations from the required process (intermediate variables, missing stratification) and incorrect preprocessing parameters (log base, predictor selection). Ensure strict adherence to rubric specifications for data splitting and recipe steps in future labs.",2,2,1,3,3,3,3,3,3,3,"Code executes and uses `skimr`, but fails Process Fidelity by creating intermediate variables (`Missing`) instead of piping directly. Output Accuracy is met as the conclusion about missing data is correct.","Code executes and creates splits, but fails Output Accuracy by omitting the `strata = 'Sale_Price'` parameter required by the rubric. Process Fidelity is partially met but variable names differ from the expected `ames_train`/`ames_test`.","Code executes but fails Output Accuracy significantly: uses `base = 10` instead of natural log (`exp(1)`), and applies centering/scaling to `all_predictors()` (including outcome) instead of `all_numeric_predictors()`. Process Fidelity is weak due to incorrect step order and scope.","Code correctly defines all three models with appropriate engines, modes, and tunable parameters (`tune()`). Process Fidelity and Output Accuracy are fully met.",Code correctly calls `parsnip::translate()` on all three model objects. Process Fidelity and Output Accuracy are fully met.,Code correctly sets seed and creates bootstrap samples using `rsample::bootstraps()`. Process Fidelity and Output Accuracy are fully met.,"Code correctly creates the workflow set and unnests the info column. Although custom names were used for models/recipe, the structure is correct and Process Fidelity is met.","Code correctly chains the required dplyr/tidyr functions to unnest, filter for rmse, group, arrange, and slice. Process Fidelity and Output Accuracy are fully met.",Code correctly calls `workflowsets::rank_results()` with the specified parameters. Process Fidelity and Output Accuracy are fully met.,"Code correctly extracts the best workflow, finalizes it with the specified parameters, and fits to both train and test data. The final comparison of MSE errors is present. Process Fidelity and Output Accuracy are fully met."
30,25,25,The student completed all exercises and the code generally executes. Major deductions were applied for Exercise 3 (incorrect log base and scaling order) and Exercise 2 (missing stratification). Exercise 10 lost points for not explicitly stating the calculated ratio in the final answer. Variable naming inconsistencies were noted but did not prevent execution.,2,2,1,3,3,3,3,3,3,2,"Code executes and uses `skimr`, but fails Process Fidelity by creating intermediate variables (`Missing`) instead of piping directly. Also, the conclusion about missing data is correct, but the code filters for missing data rather than just displaying the summary as requested.","Code executes and creates splits. However, it misses the `strata = 'Sale_Price'` parameter required by the rubric for Output Accuracy. Variable names differ from the template (`dat_split` vs `data_split`), which may cause downstream issues if strict variable names are expected, though the logic is sound.","Code executes but has significant Process Fidelity and Output Accuracy issues. 1) Uses `base = 10` for log transform instead of natural log (`base = exp(1)`). 2) Applies `step_center` and `step_scale` to `all_predictors()` *after* `step_dummy`, which scales the dummy variables (incorrect practice). 3) Does not pipe the prep result to `broom::tidy()` in the same chain as requested by the template structure, though it does call tidy.",Correctly defines all three models with appropriate engines and tunable parameters (`tune()`). Code executes and follows the expected process.,Correctly calls `parsnip::translate()` on all three model objects. Code executes and displays the templates.,Correctly sets seed and creates bootstrap samples using `rsample::bootstraps()` on the training data. Code executes.,"Correctly creates the workflow set and unnests the info column. The variable names for models/recipes differ from the solution key (`base_recip` vs `base`), but the structure is correct and the code executes.","Correctly chains the dplyr/tidyr functions to unnest results, filter for rmse, group, arrange, and slice. Code executes.",Correctly calls `workflowsets::rank_results()` with the specified parameters. Code executes.,"Code executes and fits the model. However, the workflow ID extracted (`base_recip_random_forest`) relies on the custom naming from Q7. The rubric expects `base_forest`. More importantly, the final markdown answer provides the raw MSE values but fails to calculate and state the *ratio* (test/train) as explicitly requested in the prompt ('What is the ratio...'). The calculation is missing from the text."
31,26,26,"The student demonstrated a strong understanding of the tidymodels workflow, particularly in model specification, translation, and workflow mapping. Points were deducted primarily for incorrect preprocessing steps in Exercise 3 (wrong log base and scaling scope) and missing stratification in Exercise 2. Exercise 1 lost points for not following the direct piping instruction.",2,2,1,3,3,3,3,3,3,3,"Code executes and uses `skimr`, but fails Process Fidelity by creating intermediate variables (`Missing`) instead of piping directly to `skim()`. Output Accuracy is met as the conclusion about missing data is correct.","Code executes and creates splits, but fails Output Accuracy because the `strata = 'Sale_Price'` parameter was omitted from `initial_split()`. Process Fidelity is partially met but variable names differ from rubric expectations.","Code executes but fails Output Accuracy significantly: `step_log` uses base 10 instead of natural log (`exp(1)`), and `step_center`/`step_scale` are applied to `all_predictors()` (including outcome) instead of `all_numeric_predictors()`. Process Fidelity is weak due to incorrect step order and scope.","Code correctly defines all three models with appropriate engines, modes, and tunable parameters (`tune()`). Process Fidelity and Output Accuracy are fully met.",Code correctly calls `parsnip::translate()` on all three model objects. Process Fidelity and Output Accuracy are fully met.,Code correctly sets seed and creates bootstrap samples using `rsample::bootstraps()` on the training data. Process Fidelity and Output Accuracy are fully met.,"Code correctly creates the workflow set and unnests the info column. Although variable names in the list differ slightly from the solution template, the structure is correct and Process Fidelity is met.","Code correctly chains the required dplyr/tidyr functions to unnest results, filter for rmse, group, arrange, and slice. Process Fidelity and Output Accuracy are fully met.",Code correctly calls `workflowsets::rank_results()` with the specified parameters. Process Fidelity and Output Accuracy are fully met.,"Code correctly extracts the best workflow, finalizes it with the specified parameters, and fits it to both training and test data. The final comparison of MSE errors is present. Process Fidelity and Output Accuracy are fully met."
32,26,26,"The student demonstrated a strong understanding of the tidymodels workflow, particularly in model specification, workflow sets, and tuning. Points were deducted primarily in the early exercises (EDA, splitting, and recipe creation) due to deviations from the specific process requirements (e.g., missing stratification, incorrect log base, intermediate variables) rather than fundamental errors in the modeling pipeline.",2,2,1,3,3,3,3,3,3,3,"Code executes and uses `skimr`, but fails ProcessFidelity by creating intermediate variables (`Missing`) instead of piping directly. Also, the rubric requires using the pipe operator `|>` to pass data to `skim()`, which was not done in the primary call.","Code executes and creates splits, but fails OutputAccuracy by omitting the `strata = 'Sale_Price'` parameter required by the rubric. Variable names differ from the expected `ames_train`/`ames_test` but are functionally correct.",Code executes but has significant ProcessFidelity and OutputAccuracy issues. It uses `base = 10` for log transform instead of natural log (`exp(1)`). It applies center/scale to `all_predictors()` (including outcome) instead of `all_numeric_predictors()`. It does not chain `prep()` and `tidy()` as a single step on the recipe object as expected.,"Correctly defines all three models with appropriate engines, modes, and tunable parameters (`tune()`). Code structure matches the rubric requirements.",Correctly calls `parsnip::translate()` on all three model objects. Code is present and follows the expected process.,Correctly sets seed and creates bootstrap samples using `rsample::bootstraps()` on the training data. Code matches the expected process.,"Correctly creates the workflow set with the recipe and models, and unnests the info column. The naming of workflows differs slightly from the solution but is consistent within the student's code.","Correctly chains the required dplyr/tidyr functions to unnest results, filter for rmse, group, arrange, and slice. The logic matches the rubric's expected process.",Correctly calls `workflowsets::rank_results()` with the specified parameters. Code is present and follows the expected process.,"Correctly extracts the best workflow, finalizes it with the best parameters, and fits it to both training and test data. The student provides the MSE values for comparison, satisfying the output accuracy requirement."
33,25,25,"The student demonstrated a good understanding of the tidymodels workflow, particularly in model specification and workflow mapping. Points were deducted primarily for deviations in the preprocessing recipe (incorrect log base, scaling outcome) and missing the final calculation in Exercise 10. Ensure strict adherence to parameter specifications (like stratification and natural log) in future labs.",2,2,1,3,3,3,3,3,3,2,"Code executes and uses `skimr`, but fails Process Fidelity by creating an intermediate variable (`Missing`) instead of piping directly. Also, the conclusion about missing data is correct, but the code filters for missing data rather than just displaying the summary.","Code executes and creates splits. However, it misses the `strata = 'Sale_Price'` parameter required by the rubric for Output Accuracy. Variable names differ from template but logic is sound.",Code executes but has significant Process Fidelity and Output Accuracy issues. It uses `base = 10` for log transform instead of natural log (`exp(1)`). It applies center/scale to `all_predictors()` (including outcome) instead of `all_numeric_predictors()`. It creates an intermediate `prep_recipe` variable instead of piping directly to `broom::tidy()`.,"Correctly defines all three models with appropriate engines, modes, and tunable parameters (`tune()`). Code structure matches expectations.",Correctly applies `parsnip::translate()` to all three model objects. Code is present and correct.,Correctly sets seed and creates bootstrap samples using `rsample::bootstraps()` on the training data. Code is present and correct.,Correctly creates the workflow set and unnests the info column. Variable names in the list differ slightly from the solution key but are consistent within the student's code.,"Correctly chains the required dplyr/tidyr functions to unnest results, filter for rmse, group, arrange, and slice. Code structure matches the rubric requirements.",Correctly calls `workflowsets::rank_results()` with the specified parameters. Code is present and correct.,"Code is present for extraction, finalization, and fitting. However, the student did not calculate the ratio of OOB prediction errors (test/train) as required by the Output Accuracy criterion, only stating the individual MSE values."
34,26,26,"The student demonstrated a strong understanding of the tidymodels workflow, particularly in model specification, resampling, and workflow management. Points were deducted primarily in Exercise 1 and 3 for deviating from the required process fidelity (intermediate variables, incorrect log base, and incorrect selector for scaling). Exercise 2 missed the stratification parameter. Ensure strict adherence to function arguments and piping workflows in future labs.",2,2,1,3,3,3,3,3,3,3,"Code executes and uses `skimr`, but fails ProcessFidelity by creating intermediate variables (`Missing`) instead of piping directly. Also, the conclusion about missing data is correct, but the code filters for missing data rather than just displaying the summary as requested.","Code executes and creates splits. However, it misses the `strata = 'Sale_Price'` parameter required by the rubric for OutputAccuracy. Variable names differ from template but logic is sound.",Code executes but has significant ProcessFidelity and OutputAccuracy issues. It uses `base = 10` instead of natural log (`exp(1)`). It applies center/scale to `all_predictors()` (including outcome) instead of `all_numeric_predictors()`. It creates an intermediate `prep_recipe` variable instead of piping directly to `broom::tidy()`.,"Correctly defines all three models with appropriate engines, modes, and tunable parameters (`tune()`). Code structure matches requirements.",Correctly calls `parsnip::translate()` on all three model objects. Output would show the correct templates.,Correctly sets seed and creates bootstrap samples using `rsample::bootstraps()` on the training data. Process fidelity is high.,Correctly creates the workflow set and unnests the info column. The naming of workflows differs slightly from the solution key but is consistent within the student's code.,"Code correctly chains the required dplyr/tidyr functions to unnest results, filter for rmse, group, arrange, and slice. Logic is sound.",Correctly calls `workflowsets::rank_results()` with the specified parameters. Code is present and correct.,"Correctly extracts the best workflow, finalizes it with parameters, and fits to both train and test data. The student provides the MSE values in the markdown, fulfilling the comparison requirement."
35,26,28,"The student completed all exercises with correct code execution for most steps. Points were deducted primarily in Exercise 1 for not following the direct pipe structure, Exercise 2 for missing the stratification parameter, and Exercise 3 for incorrect log base and predictor selection in the recipe. The modeling and workflowset exercises were performed correctly.",2,2,1,3,3,3,3,3,3,3,"Code executes and uses `skimr`, but fails Process Fidelity by creating an intermediate variable (`Missing`) instead of piping directly. Also, the conclusion about missing data is correct, but the code filters for missing data rather than just displaying the summary.","Code executes and creates splits. However, it misses the `strata = 'Sale_Price'` parameter required by the rubric for Output Accuracy. Variable names differ from template but logic is sound.",Code executes but has significant Process Fidelity and Output Accuracy issues. It uses `base = 10` for log transform instead of natural log (`exp(1)`). It applies center/scale to `all_predictors()` (including outcome) instead of `all_numeric_predictors()`. It creates an intermediate `prep_recipe` variable instead of piping directly to `broom::tidy()`.,"Correctly defines all three models with appropriate engines, modes, and tunable parameters. Code executes and follows the expected process.",Correctly applies `parsnip::translate()` to all three model objects. Code executes and output is accurate.,Correctly sets seed and creates bootstrap samples using `rsample::bootstraps()` on the training data. Code executes and follows the expected process.,"Correctly creates the workflow set with the recipe and models, and unnests the info column. Code executes and output structure is correct.","Correctly chains the dplyr/tidyr functions to unnest results, filter for rmse, group, arrange, and slice. Code executes and follows the expected process.",Correctly calls `workflowsets::rank_results()` with the specified parameters. Code executes and output is accurate.,"Correctly extracts the best workflow, finalizes it with the best parameters, and fits it to both training and test data. The markdown answer provides the specific MSE values for comparison."
36,26,28,"The student completed all exercises with correct code execution for most steps. Major deductions occurred in Exercise 1 (process fidelity) and Exercise 3 (incorrect log base, incorrect selector for centering/scaling, and missing tidy step). Exercise 2 missed the stratification parameter. The modeling and workflowset exercises were performed correctly.",2,2,1,3,3,3,3,3,3,3,"Code executes and uses `skimr`, but fails Process Fidelity by creating intermediate variables (`Missing`) instead of piping directly. Also, the conclusion about missing data is correct, but the code filters for missing data rather than just displaying the summary as requested.","Code executes and creates splits. However, it misses the `strata = 'Sale_Price'` parameter required by the rubric for Output Accuracy. Variable names differ from the template (`dat_split` vs `data_split`), which may cause issues in later exercises if strict naming is expected, though the logic is sound.","Code executes but has significant Process Fidelity and Output Accuracy issues. 1) Uses `base = 10` for log transform instead of natural log (`base = exp(1)`). 2) Applies center/scale to `all_predictors()` which includes the outcome `Sale_Price` (should be `all_numeric_predictors()`). 3) Order of steps is suboptimal (centering before dummy creation can be problematic depending on implementation, though here it's applied to all). 4) Does not use `broom::tidy()` on the prepped recipe as requested.",Correctly defines all three models with appropriate engines and tunable parameters (`tune()`). Code executes and follows the expected process.,Correctly applies `parsnip::translate()` to all three model objects. Code executes and output is accurate.,Correctly sets seed and creates bootstrap samples using `rsample::bootstraps()` on the training data. Code executes and follows the expected process.,Correctly creates the workflow set with the recipe and models. Unnests the info column to examine structure. Code executes and follows the expected process.,"Correctly chains the dplyr/tidyr functions to unnest results, filter for rmse, group, arrange, and slice. Code executes and follows the expected process.",Correctly calls `workflowsets::rank_results()` with the specified parameters. Code executes and follows the expected process.,"Correctly extracts the best workflow, finalizes it with the best parameters, and fits it to both training and test data. The markdown answer provides the specific MSE values for comparison. Code executes and follows the expected process."
37,25,25,The student completed most exercises with correct code execution. Major deductions occurred in Exercise 3 due to incorrect preprocessing steps (log base and scaling dummies) and Exercise 10 for failing to calculate the final ratio. Variable naming inconsistencies in Q2 and Q7 did not break the code but deviated from the expected template.,2,2,1,3,3,3,3,3,3,2,"Code executes and uses `skimr`, but fails Process Fidelity by creating intermediate variables (`Missing`) instead of piping directly. Also, the conclusion about missing data is correct, but the code filters for missing data rather than just displaying the summary as requested.","Code executes and creates splits. However, it misses the `strata = 'Sale_Price'` parameter required by the rubric for Output Accuracy. Variable names differ from the template (`dat_split` vs `data_split`), which may cause downstream issues if strict variable names are expected, though the logic is correct.","Code executes but has significant Process Fidelity and Output Accuracy issues. 1) Uses `base = 10` for log transform instead of natural log (`exp(1)`). 2) Applies `step_center` and `step_scale` to `all_predictors()` *after* `step_dummy`, which scales the dummy variables (incorrect practice). 3) Does not pipe the prep result to `broom::tidy()` in the same chain as requested, but assigns to a new variable.",Correctly defines all three models with appropriate engines and tunable parameters (`tune()`). Code executes and follows the expected process.,Correctly calls `parsnip::translate()` on all three model objects. Code executes and displays the templates.,Correctly sets seed and creates bootstrap samples using `rsample::bootstraps()` on the training data. Code executes.,"Correctly creates the workflow set and unnests the info column. The variable names for models/recipes differ from the solution key (`base_recip` vs `base`), but the structure is correct and code executes.","Correctly chains the dplyr/tidyr functions to unnest results, filter for rmse, group, arrange, and slice. Code executes.",Correctly calls `workflowsets::rank_results()` with the specified parameters. Code executes.,"Code executes and fits the model. However, the workflow ID used (`base_recip_random_forest`) is derived from the student's custom naming in Q7, whereas the rubric expects the standard naming convention or consistency with the solution key. More importantly, the final calculation of the ratio is missing; the student only listed the MSE values but did not compute or state the ratio as requested in the prompt."
38,26,26,"The student completed all exercises with correct code structure for most modeling and workflow tasks. Points were deducted primarily in Exercise 1 for not following the single-step piping instruction, Exercise 2 for missing the stratification parameter, and Exercise 3 for incorrect log base and scaling the outcome variable. The final model selection and comparison were handled correctly.",2,2,1,3,3,3,3,3,3,3,"Code executes and uses `skimr`, but fails Process Fidelity by creating intermediate variables (`Missing`) instead of piping directly. Also, the conclusion about missing data is based on filtering for `n_missing > 0` which is an extra step not required by the rubric's 'single step' expectation.","Code executes and creates splits. However, it misses the `strata = 'Sale_Price'` parameter required by the rubric for Output Accuracy. Variable names differ from template but logic is correct.","Code executes but has significant Process Fidelity and Output Accuracy issues. 1) Uses `base = 10` for log transform instead of natural log (`exp(1)`). 2) Applies center/scale to `all_predictors()` including the outcome, which is incorrect. 3) Creates an intermediate `prep_recipe` variable instead of piping directly to `broom::tidy()` as requested.","Correctly defines all three models with appropriate engines, modes, and tunable parameters (`tune()`). Code structure matches expectations.",Correctly applies `parsnip::translate()` to all three model objects. Code is present and correct.,Correctly sets seed and creates bootstrap samples using `rsample::bootstraps()` on the training data. Code is present and correct.,"Correctly creates the workflow set with the recipe and models, and unnests the info column. Variable naming in the list differs slightly from template but is valid.","Code correctly chains the required dplyr/tidyr functions to unnest results, filter for rmse, group, arrange, and slice. Logic matches the rubric requirements.",Correctly calls `workflowsets::rank_results()` with the specified parameters. Code is present and correct.,"Correctly extracts the best workflow, finalizes it with parameters, and fits to both train and test data. The student provides the MSE values for comparison. Note: The workflow ID used ('base_recip_random_forest') matches the student's custom naming in Q7, which is consistent."
39,25,25,"The student demonstrated a good understanding of the tidymodels workflow, particularly in model specification and workflow mapping. Points were deducted primarily for incorrect preprocessing steps (log base and scaling order in Ex3), missing stratification in data splitting (Ex2), and incomplete final interpretation in Ex10. Ensure variable names and specific parameters (like `strata` and `base=exp(1)`) match the lab instructions precisely.",2,2,1,3,3,3,3,3,3,2,"Code executes and uses `skimr`, but fails Process Fidelity by creating intermediate variables (`Missing`) instead of piping directly. Also, the conclusion about missing data is correct, but the code filters for missing data rather than just displaying the summary as requested.","Code executes and creates splits. However, it misses the `strata = 'Sale_Price'` parameter required by the rubric for Output Accuracy. Variable names differ from the template (`dat_split` vs `data_split`), which may cause downstream issues if strict variable names are expected, though the logic is correct.","Code executes but has significant Process Fidelity and Output Accuracy issues. 1) Uses `base = 10` for log transform instead of natural log (`base = exp(1)`). 2) Applies `step_center` and `step_scale` to `all_predictors()` *after* `step_dummy`, which centers/scales dummy variables (usually undesirable) and potentially the outcome if not careful. 3) The rubric expects `prep` and `tidy` to be chained or used to examine steps; here `prep_recipe` is assigned but not clearly examined in the flow.",Correctly creates three models with appropriate engines and tunable parameters (`tune()`). Code structure matches the rubric requirements.,Correctly calls `parsnip::translate()` on all three model objects. Output accuracy is assumed based on correct input.,Correctly sets seed and creates bootstrap samples using `rsample::bootstraps()` on the training data.,"Correctly creates the workflow set and unnests the info column. Note: The model names in the list (`lm_base`, `elastic_net`, `random_forest`) differ from the solution (`base`, `glmnet`, `forest`), but the structure is correct.","Correctly chains the dplyr/tidyr functions to unnest results, filter for rmse, group, arrange, and slice. The logic matches the rubric's expected process.",Correctly calls `workflowsets::rank_results()` with the specified parameters.,"Code structure is correct (extract, finalize, fit). However, the workflow ID used (`base_recip_random_forest`) is derived from the student's custom naming in Q7, whereas the rubric/solution expects `base_forest`. More critically, the final markdown answer provides the raw MSE values but fails to explicitly state the *ratio* or the percentage difference as requested in the prompt ('What is the ratio...'). The rubric requires the conclusion about the ratio (~12% higher)."
40,25,25,"The student demonstrated a good understanding of the tidymodels workflow, particularly in model specification and workflow mapping. Points were deducted primarily for incorrect preprocessing steps in Exercise 3 (wrong log base, scaling outcome) and missing the stratification parameter in Exercise 2. The final calculation in Exercise 10 was incomplete.",2,2,1,3,3,3,3,3,3,2,"Code executes and uses `skimr`, but fails Process Fidelity by creating intermediate variables (`Missing`) instead of piping directly. Also, the conclusion about missing data is correct, but the code structure deviates from the required single-step pipe.","Code executes and creates splits. However, it misses the `strata = 'Sale_Price'` parameter required by the rubric for Output Accuracy. Variable names differ from the template but are functionally correct.","Code executes but has significant Process Fidelity and Output Accuracy issues. It uses `base = 10` instead of natural log (`exp(1)`). It applies center/scale to `all_predictors()` (including outcome) instead of `all_numeric_predictors()`. The order of steps is also suboptimal (scaling after dummy creation is okay, but scaling the outcome is incorrect).","Correctly defines all three models with appropriate engines, modes, and tunable parameters (`tune()`). Code structure matches expectations.",Correctly applies `parsnip::translate()` to all three model objects. Code is present and correct.,Correctly sets seed and creates bootstrap samples using `rsample::bootstraps()` on the training data. Code is present and correct.,Correctly creates the workflow set and unnests the info column. The naming of workflows differs slightly from the solution but is consistent within the student's code.,"Correctly chains the dplyr/tidyr functions to unnest results, filter for rmse, group, arrange, and slice. Code structure matches the rubric requirements.",Correctly calls `workflowsets::rank_results()` with the specified parameters. Code is present and correct.,"Code is present for extraction, finalization, and fitting. However, the student did not calculate or state the final ratio of OOB prediction errors (test/train) as required by the Output Accuracy criterion, only listing the individual MSE values."
41,25,25,"The student completed most of the lab successfully, with strong performance in model specification (Q4-Q6) and workflow mapping (Q7-Q9). Points were lost primarily in Exercise 3 due to incorrect preprocessing steps (log base and scaling order) and in Exercise 10 for failing to explicitly state the final ratio in the markdown text. Exercise 2 missed the stratification parameter.",2,2,1,3,3,3,3,3,3,2,"Code executes and uses `skimr`, but fails Process Fidelity by creating an intermediate variable (`Missing`) instead of piping directly. Also, the conclusion about missing data is correct, but the code filters for missing data rather than just displaying the summary as requested.","Code executes and creates splits. However, it misses the `strata = 'Sale_Price'` parameter required by the rubric for Output Accuracy. Variable names differ from the template (`dat_split` vs `data_split`), which may cause downstream issues if strict variable matching is expected, though the logic is correct.","Code executes but has significant Process Fidelity and Output Accuracy issues. 1) Uses `base = 10` for log transform instead of natural log (`base = exp(1)`). 2) Applies `step_center` and `step_scale` to `all_predictors()` *after* `step_dummy`, which centers/scales dummy variables (usually undesirable) and potentially the outcome if not careful. 3) The rubric expects `step_center`/`step_scale` on numeric predictors before dummies. 4) `prep_recipe` is assigned but not used in subsequent steps, breaking the workflow chain.",Correctly defines all three models with appropriate engines and tunable parameters (`tune()`). Code executes and follows the expected process.,Correctly calls `parsnip::translate()` on all three model objects. Code executes and displays the templates.,Correctly sets seed and creates bootstrap samples using `rsample::bootstraps()` on the training data. Code executes.,Correctly creates the workflow set and unnests the info column. The naming of the recipe and models in the list is consistent within the student's code.,"Correctly chains the dplyr/tidyr functions to unnest results, filter for rmse, group, arrange, and slice. Code structure matches the rubric requirements.",Correctly calls `workflowsets::rank_results()` with the specified parameters. Code executes.,"Code executes and fits the model. However, the workflow ID extracted (`base_recip_random_forest`) relies on the custom naming from Q7. The rubric expects `base_forest`. More critically, the final markdown answer provides the raw MSE values but fails to calculate and state the *ratio* (test/train) as explicitly requested in the prompt ('What is the ratio...'). The calculation is missing from the text."
42,26,28,"The student completed all exercises with correct code structure for the majority of the lab. Points were deducted primarily in Exercise 1 for not following the direct piping instruction, Exercise 2 for missing the stratification parameter, and Exercise 3 for incorrect log base and predictor selection in the recipe. The modeling and workflow sections were executed correctly.",2,2,1,3,3,3,3,3,3,3,"Code executes and uses `skimr`, but fails Process Fidelity by creating an intermediate variable (`Missing`) instead of piping directly. Also, the conclusion about missing data is correct, but the code filters for missing data rather than just displaying the summary as requested.","Code executes and creates splits. However, it misses the `strata = 'Sale_Price'` parameter required by the rubric for Output Accuracy. Variable names differ from template but logic is sound.","Code executes but has significant Process Fidelity and Output Accuracy issues. 1) Uses `base = 10` for log transform instead of natural log (`exp(1)`). 2) Applies center/scale to `all_predictors()` which includes the outcome, whereas the rubric specifies predictors. 3) Order of steps is suboptimal (scaling before dummy creation can be problematic depending on implementation, though here it's applied to all). 4) Prep is assigned to a new variable rather than examining the recipe steps directly as implied by 'prep and examine'.",Correctly creates three models with appropriate engines and tunable parameters (`tune()`). Code execution and process fidelity are met.,Correctly calls `translate()` on all three model objects. Code execution and process fidelity are met.,Correctly sets seed and creates bootstrap samples using `bootstraps()` on the training data. Code execution and process fidelity are met.,Correctly creates the workflow set and unnests the info column. Code execution and process fidelity are met.,Correctly chains the required dplyr/tidyr functions to extract and filter metrics. Code execution and process fidelity are met.,Correctly calls `rank_results` with specified parameters. Code execution and process fidelity are met.,"Correctly extracts the best workflow, finalizes it with parameters, and fits to train/test data. The markdown answer provides the specific MSE values requested. Code execution and process fidelity are met."
43,24,24,"The student demonstrated a good understanding of the tidymodels workflow, correctly implementing model specification, translation, and resampling. Points were lost primarily due to deviations in variable naming (affecting downstream workflow IDs), incorrect log base in the recipe, and missing stratification in the data split. Ensure strict adherence to parameter values (like `strata` and `base`) and variable names provided in the template to avoid cascading errors.",2,2,1,3,3,3,2,3,3,2,"Code executes and uses `skimr`, but fails Process Fidelity by creating intermediate variables (`Missing`) instead of piping directly. Also, the conclusion about missing data is correct, but the code filters for missing data rather than just displaying the summary as requested.","Code executes and creates splits. However, it misses the `strata = 'Sale_Price'` parameter required by the rubric for Output Accuracy. Variable names differ from the template (`dat_split` vs `data_split`), which may cause downstream issues if strict variable names are expected, though the logic is sound.","Code executes but has significant Process Fidelity and Output Accuracy issues. 1) Uses `base = 10` for log transform instead of natural log (`base = exp(1)`). 2) Applies `step_center` and `step_scale` to `all_predictors()` *after* `step_dummy`, which centers/scales dummy variables (usually undesirable) and potentially the outcome if not careful with selector order. 3) The rubric expects `prep` and `tidy` to be chained or used to examine steps; here `prep_recipe` is a new variable, breaking the single-step expectation.","Correctly defines all three models (`lm`, `glmnet`, `ranger`) with appropriate engines and tunable parameters (`tune()`). Code structure matches the rubric requirements.",Correctly calls `parsnip::translate()` on all three model objects. Output accuracy is assumed based on correct input.,Correctly sets seed and creates bootstrap samples using `rsample::bootstraps()` on the training data. Matches rubric criteria.,"Code executes and creates the workflow set. However, the model names in the list (`lm_base`, `elastic_net`, `random_forest`) do not match the expected names in the rubric/solution (`base`, `glmnet`, `forest`). This affects Output Accuracy as the resulting workflow IDs will differ from the expected 'base_forest' etc., potentially causing confusion in later steps. The unnest step is present.","The code correctly chains `select`, `unnest`, `filter`, `group_by`, `arrange`, and `slice` to extract the best RMSE metrics. The logic matches the rubric's process fidelity requirements.",Correctly calls `workflowsets::rank_results()` with the specified parameters. The code is present and correct.,"The student correctly identifies the workflow ID (`base_recip_random_forest`) based on their previous naming convention. However, the rubric expects the ID `base_forest`. The finalization parameters (`trees = 1, min_n = 11`) are hardcoded correctly. The fit comparison is present. Deduction for inconsistent naming convention from Q7 propagating here, though the logic is internally consistent."
44,26,28,"The student completed all exercises and the code structure is generally correct. Points were deducted primarily in Exercise 1 for not following the single-step piping requirement, Exercise 2 for missing the stratification parameter, and Exercise 3 for incorrect log base, incorrect selector for centering/scaling (including outcome), and step ordering. The modeling and workflow exercises were executed correctly.",2,2,1,3,3,3,3,3,3,3,"Code executes and uses `skimr`, but fails Process Fidelity by creating intermediate variables (`Missing`) instead of piping directly. Also, the conclusion about missing data is correct, but the code filters for missing data rather than just displaying the summary.","Code executes and creates splits. However, it misses the `strata = 'Sale_Price'` parameter required by the rubric for Output Accuracy. Variable names differ from the template (`dat_split` vs `data_split`), which may cause issues in later exercises if strict variable names are expected, though the logic is sound.",Code executes but has significant Process Fidelity and Output Accuracy issues. 1) Uses `base = 10` for log transform instead of natural log (`base = exp(1)`). 2) Applies center/scale to `all_predictors()` which includes the outcome `Sale_Price` (should be `all_numeric_predictors()`). 3) Order of steps is suboptimal (centering before dummy creation). 4) Does not pipe the prep result to `broom::tidy()` in a single chain as requested.,"Correctly defines all three models with appropriate engines, modes, and tunable parameters (`tune()`). Code executes and follows the expected process.",Correctly calls `parsnip::translate()` on all three model objects. Code executes and displays the templates.,Correctly sets seed and creates bootstrap samples using `rsample::bootstraps()` on the training data. Code executes.,Correctly creates the workflow set using the recipe and models. Unnests the info column to examine structure. Code executes.,"Correctly chains the dplyr/tidyr functions to unnest results, filter for rmse, group, arrange, and slice. Code structure matches the rubric requirements.",Correctly calls `workflowsets::rank_results()` with the specified parameters. Code executes.,"Correctly extracts the best workflow, finalizes it with the best parameters, and fits it to both training and test data. The student provides the MSE values and the ratio calculation in the markdown."
45,26,26,"The student completed all exercises and demonstrated a good understanding of the tidymodels workflow. Points were deducted primarily in Exercise 1 for not following the direct piping instruction, Exercise 2 for missing the stratification parameter, and Exercise 3 for incorrect log base and predictor selection in the recipe. The modeling and tuning steps (Ex 4-10) were executed correctly.",2,2,1,3,3,3,3,3,3,3,"Code executes and uses `skimr`, but fails Process Fidelity by creating intermediate variables (`Missing`) instead of piping directly. Output Accuracy is met as the conclusion about missing data is correct.","Code executes and splits data correctly. However, it misses the `strata = 'Sale_Price'` parameter required by the rubric for Output Accuracy. Process Fidelity is partially met (variables created), but the specific stratification requirement is missing.",Code executes but has significant Process Fidelity and Output Accuracy issues. It uses `base = 10` instead of natural log (`exp(1)`). It applies center/scale to `all_predictors()` (including outcome) instead of `all_numeric_predictors()`. It creates an intermediate `prep_recipe` variable instead of piping directly to `tidy()` as requested.,"Code correctly defines all three models with appropriate engines, modes, and tunable parameters (`tune()`). Process fidelity and output accuracy are fully met.",Code correctly calls `parsnip::translate()` on all three model objects. Process fidelity and output accuracy are fully met.,Code correctly sets seed and creates bootstrap samples using `rsample::bootstraps()` on the training data. Process fidelity and output accuracy are fully met.,"Code correctly creates the workflow set with the recipe and models, and unnests the info column. Process fidelity and output accuracy are fully met.","Code correctly chains the required dplyr/tidyr functions to unnest results, filter for rmse, group, arrange, and slice. Process fidelity and output accuracy are fully met.",Code correctly calls `workflowsets::rank_results()` with the specified parameters. Process fidelity and output accuracy are fully met.,"Code correctly extracts the best workflow, finalizes it with the best parameters, and fits it to both training and test data. The markdown includes the calculated ratio. Process fidelity and output accuracy are fully met."
46,25,27,"The student demonstrated a strong understanding of the tidymodels workflow, correctly implementing model specification, resampling, and tuning processes. Points were deducted primarily for deviations in the preprocessing recipe (incorrect log base and selector scope) and missing specific parameters in the data split. The final answer for Exercise 10 was incomplete as it did not provide the calculated ratio.",2,2,1,3,3,3,3,3,3,2,"Code executes and uses `skimr`, but fails Process Fidelity by creating an intermediate variable (`Missing`) instead of piping directly. Also, the conclusion about missing data is correct, but the code filters for missing data rather than just displaying the summary.","Code executes and creates splits. However, it misses the `strata = 'Sale_Price'` parameter required by the rubric for Output Accuracy. Variable names differ from template but logic is sound.",Code executes but has significant Process Fidelity and Output Accuracy issues. It uses `base = 10` for log transform instead of natural log (`exp(1)`). It applies center/scale to `all_predictors()` (including outcome) instead of `all_numeric_predictors()`. It creates an intermediate `prep_recipe` variable instead of piping directly to `tidy()`.,"Correctly defines all three models with appropriate engines, modes, and tunable parameters (`tune()`). Code structure matches requirements.",Correctly applies `parsnip::translate()` to all three model objects. Code is present and correct.,Correctly sets seed and creates bootstrap samples using `rsample::bootstraps()` on the training data. Code is present and correct.,Correctly creates the workflow set and unnests the info column. Variable names in the list differ from the solution template but are consistent within the student's code.,"Code correctly chains the required dplyr/tidyr functions to unnest results, filter for rmse, group, arrange, and slice. Logic matches the rubric requirements.",Correctly calls `workflowsets::rank_results()` with the specified parameters. Code is present and correct.,"Code correctly extracts, finalizes, and fits the model. However, the final markdown answer provides the raw MSE values but fails to calculate or state the ratio (test/train) as requested in the prompt and rubric."
47,25,25,"The student completed most of the lab successfully, particularly the modeling and workflow sections. Points were lost primarily in the data preprocessing steps (Q3) due to incorrect log base and predictor selection, and in Q2 for missing the stratification parameter. Q10 was penalized for not explicitly calculating the final ratio.",2,2,1,3,3,3,3,3,3,2,"Code executes and uses `skimr`, but fails Process Fidelity by creating an intermediate variable (`Missing`) instead of piping directly. Also, the conclusion about missing data is correct, but the code filters for missing data rather than just displaying the summary as requested.","Code executes and creates splits, but fails Output Accuracy by omitting the `strata = 'Sale_Price'` parameter required by the rubric. Variable names differ from the template but are functionally correct.",Code executes but has significant Process Fidelity and Output Accuracy issues. It uses `base = 10` for log transform instead of natural log (`exp(1)`). It applies center/scale to `all_predictors()` (including outcome) instead of `all_numeric_predictors()`. The order of steps is also suboptimal (dummy variables created before centering/scaling).,Code correctly defines all three models with appropriate engines and tunable parameters. Process fidelity is high.,Code correctly calls `translate()` on all three model objects. Process fidelity is high.,Code correctly sets seed and creates bootstrap samples using `bootstraps()`. Process fidelity is high.,Code correctly creates the workflow set and unnests the info column. Process fidelity is high.,"Code correctly unnests results, filters for rmse, groups, arranges, and slices. Process fidelity is high.",Code correctly calls `rank_results` with the specified parameters. Process fidelity is high.,"Code extracts the correct workflow and finalizes it. However, it fails Output Accuracy by not calculating or stating the ratio of test/train MSE as requested in the prompt ('What is the ratio...'). It only lists the individual MSE values."
48,25,25,"The student completed all exercises with mostly correct code structures. Points were deducted primarily for deviations in process fidelity (intermediate variables in Q1, incorrect log base in Q3) and missing parameters (strata in Q2). The modeling and workflow tuning sections were executed well.",2,2,1,3,3,3,3,3,3,2,"Code executes and uses `skimr`, but fails Process Fidelity by creating an intermediate variable (`Missing`) instead of piping directly. Also, the conclusion about missing data is correct, but the code filters for missing data rather than just displaying the summary as requested.","Code executes and creates splits. However, it misses the `strata = 'Sale_Price'` parameter required by the rubric for Output Accuracy. Variable names differ from the template (`dat_split` vs `data_split`), which is acceptable but deviates from the expected process.","Code executes but has significant Process Fidelity issues. The order of steps is incorrect (centering/scaling after dummy creation can be problematic depending on implementation, but more importantly, `step_log` uses base 10 instead of natural log `exp(1)` as required). Also, `prep` is assigned to a new variable `prep_recipe` rather than being part of the pipeline or examined directly as implied by the rubric's 'prep and examine' instruction.","Code correctly defines all three models with the correct engines and tunable parameters (`penalty`, `mixture`, `min_n`, `trees`). Process fidelity is high.",Code correctly calls `parsnip::translate()` on all three model objects. Output accuracy is met.,Code correctly sets seed and creates bootstrap samples using `rsample::bootstraps()` on the training data. Process fidelity is high.,"Code correctly creates the workflow set and unnests the info column. The variable names in the list (`base_recip`, `lm_base`, etc.) are different from the solution but valid. The structure is correct.","Code correctly chains the required dplyr/tidyr functions to unnest, filter for rmse, group, arrange, and slice. Process fidelity is high.",Code correctly calls `workflowsets::rank_results()` with the specified parameters. Process fidelity is high.,"Code extracts the workflow and finalizes it. However, the workflow ID used (`base_recip_random_forest`) is derived from the student's custom names in Q7, whereas the rubric expects `base_forest` (derived from standard names). While the code likely works for the student's specific object, it deviates from the expected variable naming convention in the rubric's Process Fidelity check. The final comparison is present."
49,24,24,"The student completed all exercises with generally correct logic and function usage. Points were deducted primarily for deviations in variable naming (Q2, Q7), incorrect preprocessing parameters (Q3 log base), and incomplete final interpretation (Q10). Ensure strict adherence to parameter values (like stratification and log base) and variable names defined in the starter template to avoid downstream errors.",2,2,1,3,3,3,2,3,3,2,"Code executes and uses `skimr`, but fails Process Fidelity by creating an intermediate variable (`Missing`) instead of piping directly. Also, the conclusion about missing data is correct, but the code filters for missing data rather than just displaying the summary as requested.","Code executes and creates splits. However, it misses the `strata = 'Sale_Price'` parameter required by the rubric for Output Accuracy. Variable names differ from the template (`dat_split` vs `data_split`), which may cause issues in later exercises if strict variable names are expected, though the logic is sound.","Code executes but has significant Process Fidelity and Output Accuracy issues. 1) Uses `base = 10` for log transform instead of natural log (`base = exp(1)`). 2) Applies `step_center` and `step_scale` to `all_predictors()` *after* `step_dummy`, which centers/scales dummy variables (usually undesirable) and potentially the outcome if not careful (though `all_predictors` excludes outcome). 3) The rubric expects centering/scaling numeric predictors specifically. 4) The prep step is assigned to a new variable `prep_recipe` rather than just prepping the existing `norm_recipe` or piping directly for examination.","Correctly defines all three models with appropriate engines, modes, and tunable parameters (`tune()`). Code structure matches the rubric requirements.",Correctly calls `parsnip::translate()` on all three model objects. Output accuracy is assumed based on correct input.,Correctly sets seed and creates bootstrap samples using `rsample::bootstraps()` on the training data. Matches rubric criteria.,"Code executes and creates the workflow set. However, the model names in the list (`lm_base`, `elastic_net`, `random_forest`) differ from the solution template (`base`, `glmnet`, `forest`). This affects Output Accuracy as the resulting workflow IDs will differ from expected standards, potentially causing confusion in later steps. The unnesting step is correct.","The code correctly chains the necessary dplyr and tidyr functions to unnest results, filter for rmse, group, arrange, and slice. The logic matches the rubric's Process Fidelity requirements.",Correctly calls `workflowsets::rank_results()` with the specified parameters. Code is present and correct.,"Code is present for extraction, finalization, and fitting. However, the workflow ID used (`base_recip_random_forest`) is derived from the custom names in Q7, which is risky if the grader expects standard names. More importantly, the final markdown answer provides the raw MSE values but fails to explicitly calculate and state the *ratio* or the percentage difference as requested in the rubric's Output Accuracy check ('ratio of ... test/train'). The code blocks are marked `eval: false`, so no output is generated to verify the fit."
50,26,26,The student completed all exercises and demonstrated a good understanding of the tidymodels workflow. Points were deducted primarily for missing the stratification parameter in the train/test split and errors in the recipe preprocessing steps (log base and predictor selection). The modeling and tuning sections were executed correctly.,2,2,1,3,3,3,3,3,3,3,"Code executes and uses `skimr`, but fails Process Fidelity by creating intermediate variables (`Missing`) instead of piping directly. Also, the conclusion 'No missing data' is technically incorrect based on the `n_missing > 0` filter shown, though the rubric expects 'no missing data' for the Ames dataset in this context. Deducted 1 pt for process.","Code executes correctly with `set.seed` and splits. However, it misses the `strata = 'Sale_Price'` parameter required by the rubric for Output Accuracy. Deducted 1 pt.","Code executes but has significant Process Fidelity and Output Accuracy issues. 1) Uses `base = 10` for log transform instead of natural log (`exp(1)`). 2) Applies center/scale to `all_predictors()` (including outcome) instead of `all_numeric_predictors()`. 3) Order of steps is suboptimal (dummy variables created before centering/scaling, though less critical than the scope error). Deducted 2 pts.","Correctly defines all three models with appropriate engines, modes, and tunable parameters (`tune()`). Meets all criteria.",Correctly applies `parsnip::translate()` to all three model objects. Meets all criteria.,Correctly sets seed and creates bootstrap samples using `rsample::bootstraps()` on the training data. Meets all criteria.,"Correctly creates the workflow set with the recipe and models, and unnests the info column. Meets all criteria.","Correctly chains the dplyr/tidyr functions to unnest results, filter for rmse, group, arrange, and slice. Meets all criteria.",Correctly calls `workflowsets::rank_results()` with the specified parameters. Meets all criteria.,"Correctly extracts the best workflow, finalizes it with the best parameters, fits to train/test data, and reports the MSE ratio. Meets all criteria."
