Run,Total,Model_Total,OverallComment,Q1,Q2,Q3,Q4,Q5,Q6,Q7,Q8,Q9,Q10,Q1_feedback,Q2_feedback,Q3_feedback,Q4_feedback,Q5_feedback,Q6_feedback,Q7_feedback,Q8_feedback,Q9_feedback,Q10_feedback
1,26,26,"The student demonstrated strong proficiency in creating models, recipes, and workflow sets. Points were deducted primarily for incorrect interpretation of EDA results (Q1) and deviations from the specific coding workflows requested in later exercises (Q7, Q8, Q10), where manual or alternative methods were used instead of the prescribed tidyverse chains.",2,3,3,3,3,3,2,2,3,2,"Code executes and uses `skimr::skim()`, but the conclusion in the markdown is incorrect. The student claims there is missing data ('YES'), whereas the rubric and data indicate there is no missing data. Deducted 1 point for OutputAccuracy.","Correctly sets seed, creates split with `initial_split` using correct parameters (`strata`, `prop`), and extracts training/testing sets. Meets all criteria.","Recipe is created with the correct formula and steps (`step_log`, `step_other`, `step_dummy`, `step_center`, `step_scale`). The recipe is prepped and tidied. Meets all criteria.","Three models are created: base lm, glmnet with tuned penalty/mixture, and random forest with tuned min_n/trees. Correct engines and modes are set. Meets all criteria.",Correctly calls `parsnip::translate()` on all three model objects. Meets all criteria.,Correctly sets seed and creates bootstrap samples using `rsample::bootstraps()` on the training data. Meets all criteria.,"The workflow set is created, but the student defines a new recipe (`rec_base`) instead of using the `norm_recipe` from Exercise 3 as implied by the workflow continuity. Additionally, `unnest_wider` is used instead of `unnest` on the info column. Deducted 1 point for ProcessFidelity/OutputAccuracy deviation from expected workflow structure.","The student uses `tune::collect_metrics()` and manual manipulation instead of the expected `tidyr::unnest()` chain on the `result` and `.metrics` columns as specified in the rubric. While the result is similar, the process fidelity to the required dplyr/tidyr chain is missing. Deducted 1 point for ProcessFidelity.",Correctly calls `workflowsets::rank_results()` with the specified parameters. Meets all criteria.,"The student identifies the best workflow and finalizes it. However, the final comparison code is overly complex, re-defining recipes and workflows rather than simply fitting the finalized `best_model_workflow` on train/test data as requested. The ratio calculation is present but the process deviates significantly from the expected simple fit/compare workflow. Deducted 1 point for ProcessFidelity."
2,24,24,"The student demonstrated a good understanding of the tidymodels workflow, correctly setting up data splits, recipes, and models. However, there were deviations in the specific processes required by the rubric, particularly in Exercise 3 (missing tidy examination), Exercise 7 (using a new recipe instead of the previous one), and Exercise 10 (not extracting the specific 'base_forest' workflow). The incorrect conclusion about missing data in Exercise 1 also resulted in a penalty.",2,3,2,3,3,3,2,2,3,1,"Code executes and uses `skimr::skim()`, but the conclusion in the markdown is incorrect. The Ames dataset has no missing data, but the student answered 'YES' to missing data. Deducted 1 point for OutputAccuracy.","Correctly sets seed, creates split with `initial_split` using correct parameters (`strata`, `prop`), and extracts training/testing sets.","Recipe steps are present, but the order is incorrect (centering/scaling before dummy variables can cause issues with dummy encoding in some contexts, though `step_dummy` usually handles factors). More critically, the student did not use `broom::tidy()` on the prepped recipe as required by the rubric's ProcessFidelity check for examination. Deducted 1 point.","Correctly defines three models: `lm_mod_base`, `glmnet_mod_tune` (with penalty/mixture tuning), and `rf_mod_tune` (with min_n/trees tuning). Uses correct engines and modes.",Correctly calls `parsnip::translate()` on all three model objects.,Correctly sets seed and creates bootstrap samples using `rsample::bootstraps()` on the training data.,"The `workflow_set` is created, but the student defined a new recipe `rec_base` instead of using the `norm_recipe` from Exercise 3. Additionally, the unnesting code uses `unnest_wider` instead of `unnest` on the info column as specified in the rubric. Deducted 1 point for ProcessFidelity.","The student used `tune::collect_metrics()` and `mutate`/`map` instead of the required `tidyr::unnest()` workflow on the `result` and `.metrics` columns. While the result is similar, the specific process fidelity (unnesting nested tibbles) was not followed. Deducted 1 point.",Correctly calls `workflowsets::rank_results()` with the required parameters and compares results.,"The student failed to extract the specific 'base_forest' workflow as required. Instead, they dynamically selected the best workflow ID and finalized it. Furthermore, they did not fit the model on both training and test data using the finalized workflow directly to compare OOB errors as requested. The manual MSE calculation and ratio are present but the workflow extraction/finalization process deviated significantly from the rubric's expected steps. Deducted 2 points."
3,24,24,"The student demonstrated a strong understanding of the tidymodels workflow, correctly implementing data splitting, recipe creation, and model specification. Points were deducted primarily for incorrect markdown conclusions in Q1, deviations from the specific recipe and workflow structures in Q7, and overly complex or non-standard implementations in the final tuning and comparison steps (Q8-Q10).",2,3,3,3,3,3,2,2,2,1,"Code executes and uses `skimr::skim()`, but the conclusion in the markdown is incorrect. The Ames dataset has no missing data, but the student answered 'YES'.","Correctly sets seed, creates split with `initial_split` using correct parameters, and extracts training/testing sets.",Recipe is created with correct formula and steps. `prep()` and `tidy()` are used to examine the recipe.,"Three models are created correctly: base lm, glmnet with tuned penalty/mixture, and ranger with tuned min_n/trees.",Correctly applies `parsnip::translate()` to all three model objects.,Correctly sets seed and creates bootstrap samples using `rsample::bootstraps()` on the training data.,"Workflow set is created, but the recipe used (`rec_base`) differs significantly from the required `norm_recipe` (uses `Sale_Price ~ .` instead of specified predictors). The unnesting step is present but uses `unnest_wider` instead of `unnest` on the info column as requested.","Workflow map is executed. The extraction of metrics is done via `collect_metrics` and manual unnesting rather than the specific `select/unnest/filter/group_by/arrange/slice` pipeline requested in the rubric, though the logic is similar.",Calls `rank_results` but does not use `select_best = TRUE` as required. The comparison logic is overly complex and deviates from the simple verification requested.,The workflow extraction and finalization are complex and deviate from the standard solution. The final comparison calculates MSE ratio manually using predictions rather than using the OOB errors from the fitted workflow objects directly as implied by the solution template. The result (1.003876) differs from the expected ~1.11.
4,23,23,"The student demonstrated strong coding skills and understanding of the tidymodels ecosystem, particularly in model specification and resampling. However, several deductions were made for deviating from the specific process steps outlined in the rubric, such as using a different recipe in the workflow set, not following the exact unnesting chain in Ex8, and not extracting the specific 'base_forest' workflow in Ex10. The conclusion in Ex1 was also factually incorrect regarding missing data.",2,3,2,3,3,3,2,2,2,1,"Code executes and uses `skimr::skim()`, but the conclusion in the markdown is incorrect. The Ames dataset has no missing data, yet the student answered 'YES'. The rubric requires the conclusion that there is no missing data for full OutputAccuracy points.","Correctly sets seed, creates split with `initial_split` using correct parameters (`strata`, `prop`), and extracts training/testing sets. Meets all criteria.","The recipe steps are present but the order is incorrect. `step_center` and `step_scale` are applied to `all_predictors()` *after* `step_dummy`, which means dummy variables are also centered/scaled. While this might work numerically, the rubric specifies centering/scaling numeric predictors and creating dummies for nominal ones, implying a specific order (usually center/scale numerics before or after dummies depending on intent, but the rubric solution centers/scales numerics first). More critically, the student used `step_log(all_outcomes())` which is correct, but the rubric specifically asks for `base = exp(1)` for natural log. The student did not specify the base. Also, the rubric expects `broom::tidy()` to be used for examination, which is present. Deducted 1 point for incorrect step order/log base specification.","Correctly defines three models: `lm_mod_base`, `glmnet_mod_tune` (with penalty/mixture tuned), and `rf_mod_tune` (with min_n/trees tuned). Uses correct engines and modes.",Correctly calls `parsnip::translate()` on all three model objects.,Correctly sets seed and creates bootstrap samples using `rsample::bootstraps()` on the training data.,"The `workflow_set` is created, but the student defined a *new* recipe (`rec_base`) instead of using the `norm_recipe` from Exercise 3. The rubric expects the workflow set to use the recipe created in Ex3. Additionally, the student used `unnest_wider` instead of `unnest` on the info column, which changes the structure significantly from the expected output. Deducted 1 point for process fidelity (using wrong recipe) and output accuracy.","The student used `tune::collect_metrics()` and manual manipulation instead of the expected `tidyr::unnest()` chain on the `result` and `.metrics` columns as specified in the rubric's ProcessFidelity check. The rubric explicitly requires chaining `select`, `unnest`, `filter`, `group_by`, `arrange`, and `slice`. The student's approach is valid R code but deviates from the required workflow structure.",The student called `rank_results` but did not use `select_best = TRUE` as required by the rubric. The rubric expects the output to show the best configuration for each workflow. The student's code performs additional manual comparisons which are not part of the rubric's expected process.,"The student failed to extract the 'base_forest' workflow as specified in the rubric's ProcessFidelity check. Instead, they dynamically determined the best workflow and finalized it. While this is good practice, the rubric explicitly requires extracting 'base_forest' and finalizing with specific parameters (trees=1, min_n=11). The student's code does not match the expected variable assignments or specific parameter values."
5,23,23,"The student demonstrated a good understanding of the tidymodels ecosystem, correctly setting up data splits, models, and resampling. However, points were deducted for deviations in the specific workflow processes (e.g., recipe step order, unnesting methods) and incorrect interpretation of the EDA results. Exercise 10 significantly deviated from the prescribed steps.",2,3,2,3,3,3,2,2,2,1,"Code executes and uses `skimr::skim()`, but the conclusion in the markdown is incorrect. The Ames dataset has no missing data, yet the student answered 'YES'.","Correctly sets seed, creates split with `initial_split` using correct parameters (`strata`, `prop`), and extracts training/testing sets.","Recipe steps are present, but the order is incorrect (centering/scaling before dummy variables can cause issues with dummy encoding). Also, `step_log` was applied to `all_outcomes()` without specifying `base = exp(1)` as requested, though natural log is default. The main deduction is for process fidelity regarding step order and specific parameter requirements.","Correctly defines three models: base lm, glmnet with tuned penalty/mixture, and ranger with tuned min_n/trees. Uses `parsnip::tune()` correctly.",Correctly calls `parsnip::translate()` on all three model objects.,Correctly sets seed and creates bootstrap samples using `rsample::bootstraps()` on the training data.,"The `workflow_set` is created, but the student defined a *new* recipe (`rec_base`) instead of using the `norm_recipe` from Exercise 3 as implied by the workflow continuity. Also, `unnest_wider` was used instead of `unnest` on the info column, which changes the structure slightly from the expected output.",The student used `tune::collect_metrics()` and manual manipulation instead of the expected `tidyr::unnest()` chain on the `result` and `.metrics` columns directly as specified in the rubric's process fidelity. The logic is sound but deviates from the required workflow structure.,"Called `rank_results`, but the subsequent comparison code is overly complex and deviates from the simple verification requested. The core function call is present.","The student did not extract the 'base_forest' workflow as specified in the rubric's expected process. Instead, they dynamically selected the best workflow and finalized it. While logically sound for model selection, it fails the specific process fidelity check for extracting the specific 'base_forest' workflow and finalizing with the specific parameters (trees=1, min_n=11) mentioned in the rubric's output accuracy check."
6,23,23,"The student demonstrated a good understanding of the tidymodels workflow, particularly in data splitting and model specification. However, there were deviations from the specific instructions in the rubric, such as using the wrong recipe in the workflow set, incorrect log base in preprocessing, and dynamic model selection instead of the specified 'base_forest' extraction. The conclusion in Exercise 1 was also factually incorrect regarding missing data.",2,3,2,3,3,3,2,2,2,1,"Code executes and uses `skimr::skim()`, but the conclusion in the markdown is incorrect. The Ames dataset has no missing data, but the student answered 'YES'. Deducted 1 point for OutputAccuracy.","Correctly sets seed, creates split with `initial_split` using correct parameters (`strata`, `prop`), and extracts training/testing sets.","Recipe structure is mostly correct, but `step_log` uses default base (10) instead of natural log (`base = exp(1)`) as required by the rubric. Also, `step_center` and `step_scale` are applied to `all_predictors()` which includes the outcome if not careful, though `all_numeric_predictors()` is safer. The main deduction is for the incorrect log base.","Correctly defines three models: `lm_mod_base`, `glmnet_mod_tune` (with penalty/mixture tuning), and `rf_mod_tune` (with min_n/trees tuning). Note: Student used variable names `glmnet_mod_tune` and `rf_mod_tune` instead of `lm_mod_glmnet` and `lm_mod_rforest`, but the logic is correct.",Correctly calls `parsnip::translate()` on all three model objects.,Correctly sets seed and creates bootstrap samples using `rsample::bootstraps()` on the training data.,"The `workflow_set` is created, but the recipe used (`rec_base`) is different from the one specified in Exercise 3 (`norm_recipe`). The rubric requires using the recipe created in Ex3. Additionally, the unnesting code uses `unnest_wider` which is valid but the primary issue is using the wrong recipe object.","The student used `tune::collect_metrics()` and manual manipulation instead of the direct `unnest` chain specified in the rubric (`dplyr::select`, `tidyr::unnest`, etc.). While the result is similar, the process fidelity to the specific tidyverse chain requested is low. Also, the sorting logic `arrange(desc(.estimate))` picks the *worst* RMSE (highest error), whereas the rubric implies finding the best (lowest RMSE) or simply following the chain. The rubric asks to 'pick out the first row', implying the sort order determines the 'best'. Sorting descending on RMSE picks the worst. This is a process error.","Code calls `rank_results` correctly. However, the subsequent comparison logic is complex and deviates from the simple 'compare to results from Ex8' instruction. The core requirement of calling `rank_results` is met.","The student did not extract the 'base_forest' workflow as specified in the rubric (Ex10 OutputAccuracy). Instead, they dynamically selected the best workflow ID and finalized it. While this is good practice, it deviates from the specific instructions to extract 'base_forest' and finalize with specific parameters (trees=1, min_n=11). The final comparison code is also overly complex and re-defines recipes/models rather than using the finalized workflow from the previous steps."
7,27,27,"The student demonstrated strong proficiency in tidymodels workflows, correctly implementing data splitting, recipe creation, model specification, and tuning. Points were deducted primarily for an incorrect conclusion in the EDA section (Q1) and deviations in the final model evaluation steps (Q10), where the custom evaluation code produced results inconsistent with the expected solution. Ensure that the recipe used in the workflow set matches the one defined in earlier exercises.",2,3,3,3,3,3,2,3,3,2,"Code executes and uses `skimr::skim()`, but the conclusion in the markdown is incorrect. The Ames dataset has no missing data, yet the student answered 'YES'. Deducted 1 point for OutputAccuracy.","Correctly sets seed, creates split with `initial_split` using correct parameters (`strata`, `prop`), and extracts training/testing sets. Meets all criteria.","Recipe is created with the correct formula and steps (`step_log`, `step_other`, `step_dummy`, `step_center`, `step_scale`). The recipe is prepped and tidied. Meets all criteria.","Three models are defined: `lm_mod_base`, `glmnet_mod_tune` (with penalty/mixture tuned), and `rf_mod_tune` (with min_n/trees tuned). Engines and modes are set correctly.",Correctly calls `parsnip::translate()` on all three model objects to display their templates.,Correctly sets seed and creates bootstrap samples using `rsample::bootstraps()` on the training data.,"The `workflow_set` is created, but it uses a different recipe (`rec_base`) than the one specified in Exercise 3 (`norm_recipe`). The rubric requires using the recipe from Ex3. Deducted 1 point for ProcessFidelity/OutputAccuracy mismatch.","Correctly maps `tune_grid` across workflows, unnests results, filters for RMSE, groups by workflow ID, and selects the top row per group. The logic follows the rubric's process fidelity.",Correctly calls `workflowsets::rank_results()` with the specified parameters and compares the output to previous results.,"The student identifies the best workflow and finalizes it. However, the final comparison code is overly complex and deviates from the expected simple `fit()` on train/test data structure. The calculated MSE ratio (~1.0) is significantly different from the expected ~1.12, suggesting a potential issue with how the final model was applied or evaluated (e.g., using a different recipe or model spec than the finalized best one). Deducted 1 point for OutputAccuracy/ProcessFidelity."
8,23,23,"The student demonstrated a good understanding of the tidymodels workflow, particularly in data splitting, model specification, and resampling. However, there were deviations in the specific recipe steps (log base), the workflow set composition (using a different recipe), and the final model selection process (not extracting the specific 'base_forest' workflow as requested). The conclusion in Exercise 1 was also factually incorrect regarding missing data.",2,3,2,3,3,3,2,2,2,1,"Code executes and uses `skimr::skim()`, but the conclusion in the markdown is incorrect. The Ames dataset has no missing data, but the student answered 'YES'. Deducted 1 point for OutputAccuracy.","Correctly sets seed, creates split with `initial_split` using correct parameters (`strata`, `prop`), and extracts training/testing sets.","Recipe structure is mostly correct, but `step_log` uses default base (10) instead of natural log (`base = exp(1)` or `base = 'e'`) as required by the rubric. Also, `step_center` and `step_scale` are applied to `all_predictors()` which includes the outcome if not careful, though `all_numeric_predictors()` is safer. The main deduction is for the incorrect log base.","Correctly defines three models: `lm_mod_base`, `glmnet_mod_tune` (with penalty/mixture tuning), and `rf_mod_tune` (with min_n/trees tuning). Uses correct engines and modes.",Correctly calls `parsnip::translate()` on all three model objects.,Correctly sets seed and creates bootstrap samples using `rsample::bootstraps()` on the training data.,"The `workflow_set` is created, but the recipe used (`rec_base`) is different from the one specified in Exercise 3 (`norm_recipe`). The rubric requires using the recipe created in Ex3. Additionally, `unnest_wider` is used instead of `unnest` on the info column, which changes the structure significantly from the expected output.","The workflow map is executed. However, the extraction of metrics uses `tune::collect_metrics` inside a `mutate`/`map` pipeline rather than the direct `unnest` chain specified in the rubric (`select` -> `unnest` -> `filter` -> `group_by` -> `arrange` -> `slice`). While the result is likely similar, the process fidelity is low. Also, the student sorts by highest RMSE (worst) instead of lowest (best) or just follows the 'highest to lowest' instruction literally which is counter-intuitive for RMSE but matches the prompt's specific (albeit confusing) instruction to order descending. The main issue is the deviation from the specific `unnest` workflow requested.","Calls `rank_results` but adds significant extra code to compare with Ex8 results manually. The rubric asks to run the code and compare. The student's code is overly complex and deviates from the simple execution requested. The output accuracy is hard to verify due to the custom comparison logic, but the core function call is present.","The student does not extract the 'base_forest' workflow as specified in the rubric's OutputAccuracy check. Instead, they dynamically find the best workflow ID. They also create a new recipe (`norm_recipe2`) and fit a model that may not be the finalized best model from the tuning process. The final ratio calculation is present, but the process of selecting and finalizing the specific 'base_forest' model with the specific parameters (trees=1, min_n=11) is missing."
9,23,23,"The student demonstrated a good understanding of the tidymodels ecosystem, correctly setting up data splits, models, and resampling. However, there were deviations from the specific workflow steps requested in the rubric, particularly in Exercises 7, 8, and 10 where custom solutions were implemented instead of following the prescribed template. Additionally, the EDA conclusion in Q1 was factually incorrect regarding missing data.",2,3,2,3,3,3,2,2,2,1,"Code executes and uses `skimr::skim()`, but the conclusion in the markdown is incorrect. The Ames dataset has no missing data, yet the student answered 'YES'. Deducted 1 point for OutputAccuracy.","Correctly sets seed, creates split with `initial_split` using correct parameters (`strata`, `prop`), and extracts training/testing sets. Meets all criteria.","Recipe steps are present but the order is incorrect (centering/scaling before dummy variables can cause issues with factor levels, and log transform should typically be on outcome). Also, `step_log` was applied to `all_outcomes()` which is correct, but the rubric specifies `base = exp(1)` explicitly which is default, so that's fine. However, the process fidelity is slightly off regarding the specific order requested in the solution template (center/scale usually after dummy or on numeric predictors specifically). More importantly, the student did not use `broom::tidy()` on the prepped recipe as required by the rubric's 'ProcessFidelity' and 'CodeExecution' checks for examination. Deducted 1 point.","Correctly defines three models: `lm_mod_base`, `glmnet_mod_tune` (with penalty/mixture), and `rf_mod_tune` (with min_n/trees). Uses `set_engine` and `set_mode` appropriately.",Correctly calls `parsnip::translate()` on all three model objects. Output accuracy is assumed based on correct code.,Correctly sets seed and creates bootstrap samples using `rsample::bootstraps()` on `ames_train`.,"The student created a *new* recipe (`rec_base`) instead of using the `norm_recipe` from Exercise 3, which violates the workflow continuity expected in the lab. Additionally, `unnest_wider` was used instead of `unnest` on the info column as specified in the rubric. Deducted 1 point for ProcessFidelity/CodeExecution deviation.","The student used `tune::collect_metrics()` and manual manipulation instead of the direct `tidyr::unnest()` chain on the `result` and `.metrics` columns as specified in the rubric's ProcessFidelity check. While the result might be similar, the specific workflow steps requested (unnest result, unnest metrics, filter, group, arrange, slice) were not followed exactly. Deducted 1 point.",The student called `rank_results` but did not use `select_best = TRUE` as required by the rubric. They also performed extensive manual comparison code not requested. Deducted 1 point for missing parameter in CodeExecution.,"The student did not extract the 'base_forest' workflow as implied by the solution path (they extracted based on dynamic best result, which is good practice, but the rubric expects specific variable names and steps). More critically, the final comparison code is overly complex and deviates significantly from the simple `fit()` and comparison of OOB errors requested. The ratio calculation is present but the process fidelity is low. Deducted 2 points."
10,24,21,"The student demonstrated strong proficiency in the initial data preparation and model specification steps (Ex1-6). However, significant deviations occurred in the workflowset construction and final model evaluation (Ex7-10). Specifically, the student replaced the required recipe with a custom one, used alternative methods for extracting metrics, and failed to fit the specified best random forest model in the final exercise, instead fitting a linear model. These process fidelity issues resulted in point deductions.",2,3,3,3,3,3,2,2,2,1,"Code executes and uses `skimr::skim()`, but the conclusion in the markdown is incorrect. The Ames dataset has no missing data, but the student answered 'YES' to missing data. Deducted 1 point for OutputAccuracy.","Correctly sets seed, creates split with `initial_split` using correct parameters (`strata`, `prop`), and extracts training/testing sets.","Recipe is created with correct formula and steps (`step_log`, `step_other`, `step_dummy`, `step_center`, `step_scale`). Recipe is prepped and tidied.","Three models are correctly specified: base lm, glmnet with tuned penalty/mixture, and ranger with tuned min_n/trees.",Correctly calls `parsnip::translate()` on all three model objects.,Correctly sets seed and creates bootstrap samples using `rsample::bootstraps()` on the training data.,"Workflow set is created, but the recipe used (`rec_base`) differs significantly from the required `norm_recipe` (uses `Sale_Price ~ .` and different steps). Also, `unnest_wider` was used instead of `unnest` on the info column. Deducted 1 point for ProcessFidelity/OutputAccuracy mismatch with rubric requirements.","Workflow map is executed. However, the extraction of metrics uses `tune::collect_metrics` and manual manipulation rather than the specified `unnest` chain on the `result` and `.metrics` columns. The logic for selecting the 'best' (highest estimate) is technically followed per the prompt's unusual instruction, but the process fidelity to the specific `unnest` workflow is low.","Calls `rank_results`, but the code is overly complex with manual joins and comparisons not required by the rubric. The rubric asks to run the function and compare; the student's code does this but deviates significantly from the expected simple process.","The student did not extract the 'base_forest' workflow as required. Instead, they dynamically selected a best workflow, finalized it, and then created a *new* workflow (`wf`) using a linear regression model (`lm`) for the final fit comparison, rather than fitting the best random forest model. The final comparison logic is also convoluted and does not follow the prescribed `fit` on `best_model_workflow`."
11,23,23,"The student demonstrated good understanding of the tidymodels workflow structure, particularly in model specification and resampling. However, there were significant deviations in the recipe creation (Ex3, Ex7) and the final model selection/finalization process (Ex10). The conclusion in Ex1 was factually incorrect. Ensure you follow the specific variable names and process steps outlined in the rubric, especially regarding recipe steps and model extraction.",2,3,2,3,3,3,2,2,2,1,"Code executes and uses `skimr::skim()`, but the conclusion in the markdown is incorrect. The Ames dataset has no missing data, but the student concluded 'YES' (missing data exists). Deducted 1 point for OutputAccuracy.","Correctly sets seed, creates split with `initial_split` using correct parameters (`strata`, `prop`), and extracts training/testing sets.","Recipe steps are present, but the order is incorrect. `step_center` and `step_scale` are applied after `step_dummy`, which may scale dummy variables incorrectly or miss numeric predictors if not specified carefully. Also, `step_log` uses `all_outcomes()` which is correct, but the rubric specifies `base = exp(1)` explicitly; default is usually correct but explicit is safer. Main deduction for process fidelity regarding step order and predictor selection.","Correctly defines three models: `lm_mod_base`, `glmnet_mod_tune` (with penalty/mixture tuning), and `rf_mod_tune` (with min_n/trees tuning). Uses correct engines and modes.",Correctly calls `parsnip::translate()` on all three model objects.,Correctly sets seed and creates bootstrap samples using `rsample::bootstraps()` on the training data.,"The `workflow_set` is created, but the recipe used (`rec_base`) is different from the one specified in Exercise 3 (`norm_recipe`). The rubric requires using the recipe created in Ex3. Also, `unnest_wider` is used instead of `unnest` on the info column as requested, though it shows structure. Deducted for process fidelity (wrong recipe).","The code to map workflows is present. However, the extraction of metrics uses `tune::collect_metrics` inside a `mutate`/`map` pipeline rather than the direct `unnest` chain specified in the rubric (`select` -> `unnest` -> `select` -> `unnest`). While functionally similar, it deviates from the expected process fidelity. Also, the sorting logic `arrange(desc(.estimate))` picks the *worst* RMSE (highest error), whereas the rubric implies finding the 'best' metrics, though it explicitly says 'order... highest to lowest... pick first'. If following instructions literally, this is correct, but typically 'best' means lowest RMSE. The rubric says 'pick out the first row', implying the top of the sorted list. If sorted desc, it's the worst. This is ambiguous but likely a process error if the goal is best model. Deducted for deviation from standard 'best' interpretation and complex pipeline.","Calls `rank_results` correctly. However, the subsequent comparison code is overly complex and deviates from the simple 'compare to results from exercise 8' instruction. The core requirement is met, but the implementation is messy.","The student did not extract the 'base_forest' workflow as specified in the rubric's OutputAccuracy check. Instead, they dynamically found the best workflow ID. They also created a new recipe (`norm_recipe2`) and fitted a potentially different model (falling back to LM if `final_wflow` didn't exist or using the dynamic best). The rubric specifically asks to extract 'base_forest', finalize with specific parameters (trees=1, min_n=11), and fit. The student's approach is too divergent from the required process."
12,24,24,"The student demonstrated strong coding skills and correctly implemented most of the tidymodels workflow. Points were deducted primarily for incorrect markdown interpretation in Q1 (missing data conclusion) and deviations from the specific process requirements in Q7, Q8, and Q10 (using dynamic selection instead of specified workflow IDs/recipes). The code is generally robust but sometimes overly complex compared to the starter template expectations.",2,3,3,3,3,3,2,2,2,1,"Code executes and uses `skimr::skim()`, but the conclusion in the markdown is incorrect. The Ames dataset has no missing data, but the student answered 'YES'.","Correctly sets seed, creates split with `initial_split` using correct parameters (`strata`, `prop`), and extracts training/testing sets.","Recipe is created with correct formula and steps (`step_log`, `step_other`, `step_dummy`, `step_center`, `step_scale`). Recipe is prepped and tidied.","Three models are defined correctly: base lm, glmnet with tuned penalty/mixture, and random forest with tuned min_n/trees.",Correctly applies `parsnip::translate()` to all three model specifications.,Correctly sets seed and creates bootstrap samples using `rsample::bootstraps()` on the training data.,"Workflow set is created, but the recipe used (`rec_base`) differs significantly from the required `norm_recipe` (uses `Sale_Price ~ .` and different steps). The unnesting step is present but uses `unnest_wider` instead of standard `unnest` on info, though it shows structure.","Workflow map is executed. The extraction of metrics is complex and deviates from the requested pipeline (uses `mutate`/`map` instead of direct `unnest` on result/.metrics columns). It filters for rmse and groups, but the process fidelity is low compared to the rubric's expected simple pipeline.","Calls `rank_results` correctly. However, the subsequent code to compare with Exercise 8 is overly complex and deviates from the simple comparison expected. The core function call is correct.","The student did not extract the 'base_forest' workflow as specified in the rubric. Instead, they dynamically selected the best workflow ID and finalized it. While technically valid in tidymodels, it fails the specific process fidelity check for extracting 'base_forest' and using specific parameters (trees=1, min_n=11). The final comparison code is also non-standard."
13,24,24,"The student demonstrated a good understanding of the tidymodels workflow, correctly setting up data splits, models, and resampling. However, there were deviations in the specific processes required by the rubric, such as using a new recipe in the workflow set instead of the one from Ex3, and not following the exact variable names and extraction steps in Ex10. The conclusion in Ex1 was also factually incorrect regarding missing data.",2,3,2,3,3,3,2,2,3,1,"Code executes and uses `skimr::skim()`, but the conclusion in the markdown is incorrect. The Ames dataset has no missing data, but the student answered 'YES' to 'Is there any missing data?'. Deducted 1 point for OutputAccuracy.","Correctly sets seed, creates split with `initial_split` using correct parameters (`strata`, `prop`), and extracts training/testing sets. Meets all criteria.","The recipe steps are present, but the order is incorrect. `step_center` and `step_scale` are applied after `step_dummy`, which means dummy variables are not centered/scaled as intended by the standard workflow (and potentially causes issues if not handled carefully). Also, `step_log` uses `all_outcomes()` which is correct, but the rubric specifies `base = exp(1)` explicitly; default is usually correct but explicit is better. The main deduction is for ProcessFidelity regarding step order and potentially missing explicit base specification.","Correctly defines three models: `lm_mod_base`, `glmnet_mod_tune` (with penalty/mixture tuned), and `rf_mod_tune` (with min_n/trees tuned). Uses correct engines and modes.",Correctly calls `parsnip::translate()` on all three model objects. Output would show the templates.,Correctly sets seed and creates bootstrap samples using `rsample::bootstraps()` on `ames_train`.,"The `workflow_set` is created, but the student defines a *new* recipe (`rec_base`) instead of using the `norm_recipe` from Exercise 3. The rubric expects the workflow set to use the recipe created in Ex3. Additionally, the unnesting code uses `unnest_wider` which is valid but the rubric specifies `unnest` on the info column. The deviation from using the prepared recipe is a ProcessFidelity issue.","The student uses `tune::collect_metrics` and manual manipulation rather than the direct `unnest` chain specified in the rubric (`select` -> `unnest` -> `filter` -> `group_by` -> `arrange` -> `slice`). While the logic is similar, the code structure deviates significantly from the expected process fidelity. Also, the student filters for 'highest' RMSE (desc), which is technically 'worst' for RMSE, but the rubric asks to arrange desc and pick first, so the code follows the instruction literally even if statistically counter-intuitive for 'best'. Deduction for ProcessFidelity due to different code structure.",Correctly calls `workflowsets::rank_results()` with the specified parameters. The comparison logic is present.,"The student does not extract the 'base_forest' workflow as specified in the rubric. Instead, they dynamically find the best ID and extract that. They also define a new recipe (`norm_recipe2`) and fit a potentially different model (falling back to LM if `final_wflow` doesn't exist or using the dynamic best). The rubric specifically asks to extract 'base_forest', finalize with specific parameters (trees=1, min_n=11), and fit. The student's approach is more complex and deviates from the specific variable names and steps required."
14,26,26,"The student demonstrated a strong understanding of the tidymodels workflow, correctly implementing data splitting, recipe creation, model specification, and tuning. Points were deducted primarily for incorrect interpretation of EDA results (Ex1), deviation from the specific recipe definition in the workflow set (Ex7), and overly complex manual calculations for the final model comparison (Ex10) which led to inconsistent results. Ensure strict adherence to the specified functions and variable names in future labs.",2,3,3,3,3,3,2,2,3,2,"Code executes and uses `skimr::skim()`, but the conclusion in the markdown is incorrect. The Ames dataset has no missing data, but the student answered 'YES' to missing data. Deducted 1 point for OutputAccuracy.","Correctly sets seed, creates split with `initial_split` using correct parameters (`strata`, `prop`), and extracts training/testing sets. Meets all criteria.","Recipe is created with the correct formula and steps (`step_log`, `step_other`, `step_dummy`, `step_center`, `step_scale`). The recipe is prepped and tidied. Meets all criteria.","Three models are created: `lm_mod_base`, `glmnet_mod_tune` (with penalty/mixture tuned), and `rf_mod_tune` (with min_n/trees tuned). Correct engines and modes are set. Meets all criteria.",Correctly calls `parsnip::translate()` on all three model objects. Meets all criteria.,Correctly sets seed and creates bootstrap samples using `rsample::bootstraps()` on the training data. Meets all criteria.,"Workflow set is created, but the recipe used (`rec_base`) differs significantly from the required `norm_recipe` (uses `Sale_Price ~ .` instead of the specific formula, and different steps). While the structure is correct, the process fidelity regarding the specific recipe defined in Ex3 is compromised. Deducted 1 point for ProcessFidelity.",The student used `tune::collect_metrics()` and manual manipulation instead of the required `tidyr::unnest()` on the `.metrics` column within the workflow object structure as specified in the rubric. The logic is sound but deviates from the expected process fidelity. Deducted 1 point for ProcessFidelity.,Correctly calls `workflowsets::rank_results()` with the specified parameters. Meets all criteria.,"The student identified the best workflow and finalized it. However, the final comparison code is overly complex and deviates from the simple `fit()` calls on the finalized workflow requested in the rubric. The calculated ratio (1.003876) is also inconsistent with the expected ~1.12 ratio, suggesting potential issues with the log-transformation handling in the manual MSE calculation. Deducted 1 point for OutputAccuracy/ProcessFidelity."
15,23,23,"The student demonstrated good understanding of the tidymodels ecosystem, particularly in model specification and resampling. However, there were significant deviations from the required process fidelity in Exercises 7, 8, and 10, where the student opted for more complex or dynamic solutions rather than following the specific step-by-step instructions. Exercise 1 had a factual error regarding missing data.",2,3,2,3,3,3,2,2,2,1,"Code executes and uses `skimr::skim()`, but the student did not use the pipe operator `|>` as required by the rubric. Additionally, the student incorrectly concluded there is missing data (Ames data has none), failing the OutputAccuracy criterion.","Correctly sets seed, creates split with `initial_split` using correct parameters (`strata`, `prop`), and extracts training/testing sets. Meets all criteria.","The recipe steps are present but the order is incorrect (centering/scaling before dummy variables can cause issues, though `all_predictors` might catch them). More importantly, the rubric requires `base = exp(1)` for the log transform, but the student used `step_log(all_outcomes())` which defaults to natural log but doesn't explicitly show the base parameter as requested in the strict process fidelity check. Also, the student did not pipe to `broom::tidy()` in the final step as requested in the starter template/rubric output accuracy.","Correctly defines three models: `lm_mod_base`, `glmnet_mod_tune` (with penalty/mixture tuning), and `rf_mod_tune` (with min_n/trees tuning). Uses correct engines and modes.",Correctly calls `parsnip::translate()` on all three model objects. Output accuracy is assumed based on correct code structure.,Correctly sets seed and creates bootstrap samples using `rsample::bootstraps()` on the training data.,"The student created a *new* recipe (`rec_base`) instead of using the `norm_recipe` from Exercise 3, violating Process Fidelity. The workflow set was created and unnested, but the deviation in recipe usage is a significant process error.","The student used `tune::collect_metrics()` and manual manipulation instead of the specific `dplyr`/`tidyr` chain requested in the rubric (`select`, `unnest`, `filter`, `group_by`, `arrange`, `slice`). While the result is likely similar, the process fidelity to the specific tidyverse workflow requested is low.","The student ran `rank_results` but added extensive extra code to compare it manually with Exercise 8 results. The rubric asks to run the function and compare output. The core function call is present, but the output accuracy check is obscured by the extra comparison logic which may not match the simple 'show best config' expectation.","The student failed to extract the specific 'base_forest' workflow as required. Instead, they dynamically found the best ID and finalized it. They also created a new recipe (`norm_recipe2`) and fitted a potentially different model (falling back to LM if `final_wflow` didn't exist or updating recipe). The specific requirement to fit `base_forest` with `trees=1, min_n=11` was not followed. The MSE ratio calculation is present but based on a different model/recipe than specified."
16,23,23,"The student demonstrated good understanding of the tidymodels workflow structure, particularly in model specification and resampling. However, there were deviations in the recipe definition (Ex3, Ex7) and the final model evaluation (Ex10), where custom code replaced the required workflow-based fitting. The EDA conclusion was also factually incorrect.",2,3,2,3,3,3,2,2,2,1,"Code executes and uses `skimr::skim()`, but the conclusion in the markdown is incorrect. The Ames dataset has no missing data, yet the student answered 'YES'. Deducted 1 point for OutputAccuracy.","Correctly sets seed, creates split with `initial_split` using correct parameters (`strata`, `prop`), and extracts training/testing sets.","Recipe structure is mostly correct, but `step_log` uses default base 10 instead of natural log (`base = exp(1)`) as required by the rubric. Also, `step_center` and `step_scale` are applied to `all_predictors()` which includes the outcome if not careful, though `all_numeric_predictors()` is preferred. Deducted 1 point for OutputAccuracy/ProcessFidelity regarding the log base.","Correctly defines three models: `lm_mod_base`, `glmnet_mod_tune` (with penalty/mixture), and `rf_mod_tune` (with min_n/trees). Uses `tune()` correctly.",Correctly calls `parsnip::translate()` on all three model objects.,Correctly sets seed and creates bootstrap samples using `rsample::bootstraps()` on the training data.,"The `workflow_set` is created, but the recipe used (`rec_base`) differs significantly from the required `norm_recipe` (uses `Sale_Price ~ .` and different steps). The rubric requires using the recipe from Ex3. Deducted 1 point for ProcessFidelity.","The student uses `tune::collect_metrics()` and manual manipulation instead of the required `tidyr::unnest()` on the `.metrics` column within the workflow object structure as specified in the rubric checks. The workflow is updated, but the extraction process deviates from the expected `unnest` chain. Deducted 1 point for ProcessFidelity.","Calls `rank_results` correctly, but the subsequent comparison code is overly complex and deviates from the simple verification expected. The core function call is present. Deducted 1 point for ProcessFidelity due to non-standard implementation.","The student does not extract the specific 'base_forest' workflow as required. Instead, they dynamically find the best ID and finalize it. Furthermore, the final comparison code is completely rewritten using a new recipe (`norm_recipe2`) and manual MSE calculation, rather than fitting the finalized workflow to train/test data as instructed. Significant deviation from ProcessFidelity and OutputAccuracy."
17,23,23,"The student demonstrates a good understanding of the tidymodels workflow, particularly in data splitting, model specification, and resampling. However, there are significant deviations in the later exercises. Specifically, the student did not use the recipe created in Exercise 3 for the workflow set, and in Exercise 10, they redefined the model and recipe rather than using the finalized workflow from the tuning process. The conclusion in Exercise 1 was also factually incorrect regarding missing data.",2,3,2,3,3,3,2,2,2,1,"Code executes and uses `skimr::skim()`, but the conclusion in the markdown is incorrect. The Ames dataset has no missing data, but the student answered 'YES'.","Correctly sets seed, creates split with `initial_split` using correct parameters (`strata`, `prop`), and extracts training/testing sets.","Recipe structure is mostly correct, but `step_log` uses default base 10 instead of natural log (`base = exp(1)`). Also, `step_center` and `step_scale` are applied to `all_predictors()` which includes the outcome if not careful, though `all_numeric_predictors()` is preferred for fidelity. The main deduction is for the log base.","Correctly defines three models: base lm, glmnet with tuned penalty/mixture, and ranger with tuned min_n/trees. Uses `parsnip::tune()` correctly.",Correctly calls `parsnip::translate()` on all three model objects.,Correctly sets seed and creates bootstrap samples using `rsample::bootstraps()` on the training data.,"Creates a workflow set, but uses a different recipe (`rec_base`) than the one specified in Exercise 3 (`norm_recipe`). The rubric requires using the recipe created in Ex3. Also, `unnest_wider` is used instead of `unnest` on the info column, which changes the structure slightly but shows the contents.","The workflow map is executed. However, the extraction of metrics uses `tune::collect_metrics` inside a mutate/map chain rather than the standard `unnest` workflow specified in the rubric. The logic for filtering and selecting top rows is present but deviates from the expected `unnest` -> `filter` -> `group_by` -> `arrange` -> `slice` pipeline.","Calls `rank_results` correctly. The comparison logic is complex and deviates from the simple 'compare output' instruction, but the core function is present and used correctly.","The student does not extract the 'base_forest' workflow as required by the rubric. Instead, they dynamically find the best ID and extract that. Furthermore, they redefine the recipe and model in Q10c, ignoring the finalized workflow from previous steps. The final comparison calculates MSE ratio but does not follow the prescribed process of fitting the finalized best model workflow."
18,23,23,"The student demonstrates a good understanding of the tidymodels workflow, particularly in model specification and resampling. However, there are deviations from the specific instructions in the rubric, such as using a different recipe in the workflow set, incorrect step ordering in the recipe, and not following the specific variable names and extraction steps for the final model. The conclusion in Exercise 1 was also factually incorrect.",2,3,2,3,3,3,2,2,2,1,"Code executes and uses `skimr::skim()`, but the conclusion in the markdown is incorrect. The Ames dataset has no missing data, but the student answered 'YES'.","Correctly sets seed, creates split with `initial_split` using correct parameters, and extracts training/testing sets.","Recipe steps are present, but the order is incorrect. `step_center` and `step_scale` are applied after `step_dummy`, which may scale dummy variables incorrectly or miss numeric predictors if not specified carefully. Also, `step_log` uses `all_outcomes()` which is correct, but the rubric specifies `base = exp(1)` explicitly; default is usually correct but explicit is safer. The main issue is the process fidelity regarding step order relative to dummy creation.","Correctly defines three models: base lm, glmnet with tuned penalty/mixture, and random forest with tuned min_n/trees. Uses `parsnip` functions correctly.",Correctly calls `parsnip::translate()` on all three model objects.,Correctly sets seed and creates bootstrap samples using `rsample::bootstraps()` on the training data.,"Creates a workflow set, but uses a different recipe (`rec_base`) than the one defined in Exercise 3 (`norm_recipe`). The rubric expects the workflow set to use the recipe created in Ex3. Also, `unnest_wider` is used instead of `unnest` on the info column, which changes the structure slightly but shows the contents.","The code for mapping and extracting metrics is complex and deviates from the expected simple pipeline. It uses `mutate` and `map` instead of direct `unnest` on the result column. It filters for rmse and groups, but the process fidelity is low compared to the expected `select` -> `unnest` -> `filter` -> `group_by` -> `arrange` -> `slice` pipeline.","Calls `rank_results` correctly. However, the subsequent code to compare with Ex8 is overly complex and relies on variables from Ex8 that were not created in the standard way. The core requirement of running `rank_results` is met.","The student does not extract the 'base_forest' workflow as specified in the rubric. Instead, they dynamically find the best workflow and finalize it. While this is a valid modeling approach, it deviates from the specific instructions to extract 'base_forest' and finalize with specific parameters (trees=1, min_n=11). The final comparison code is also significantly different from the template, calculating MSE manually rather than using the fit objects directly as implied by the template structure."
19,27,27,"The student demonstrated strong proficiency in tidymodels workflows, correctly implementing data splitting, recipe creation, model specification, and tuning. Points were deducted primarily for an incorrect conclusion in the EDA section (Q1) and deviations from the specified recipe in the workflow set (Q7). The final model comparison (Q10) was functional but unnecessarily complex compared to the standard approach.",2,3,3,3,3,3,2,3,3,2,"Code executes and uses `skimr::skim()`, but the conclusion in the markdown is incorrect. The Ames dataset has no missing data, but the student answered 'YES' to missing data. Deducted 1 point for OutputAccuracy.","Correctly sets seed, creates split with `initial_split` using correct parameters (`strata`, `prop`), and extracts training/testing sets. Meets all criteria.","Recipe is created with the correct formula and steps (`step_log`, `step_other`, `step_dummy`, `step_center`, `step_scale`). The recipe is prepped and tidied. Meets all criteria.","Three models are created: `lm_mod_base`, `glmnet_mod_tune` (with penalty/mixture tuned), and `rf_mod_tune` (with min_n/trees tuned). Correct engines and modes are set. Meets all criteria.",Correctly calls `parsnip::translate()` on all three model objects. Meets all criteria.,Correctly sets seed and creates bootstrap samples using `rsample::bootstraps()` on the training data. Meets all criteria.,"Workflow set is created, but the recipe used (`rec_base`) differs significantly from the required `norm_recipe` (uses `Sale_Price ~ .` instead of specific predictors, adds imputation steps not requested). While the workflow structure is correct, the process fidelity regarding the specific recipe defined in Ex3 is low. Deducted 1 point for ProcessFidelity/OutputAccuracy mismatch with previous exercise.","Correctly maps `tune_grid` across workflows. The subsequent code correctly unnests metrics, filters for RMSE, groups by workflow ID, and selects the top row. Meets all criteria.",Correctly calls `workflowsets::rank_results()` with appropriate parameters and compares results. Meets all criteria.,"The student identifies the best workflow and finalizes it. However, the final comparison code is overly complex and deviates from the standard `fit()` on train/test data requested. It manually calculates MSE ratio using predictions, which is valid but diverges from the expected simple workflow fit comparison. The ratio provided (1.003876) is plausible but the process was not the standard tidyverse workflow fit comparison. Deducted 1 point for ProcessFidelity."
20,23,23,"The student demonstrated strong coding skills and understanding of the tidymodels ecosystem, particularly in model specification and resampling. However, points were deducted for deviating from specific procedural instructions (e.g., using a different recipe in Q7, dynamic workflow selection in Q10 instead of the specified 'base_forest') and an incorrect conclusion in the EDA section. Adhering more closely to the specific variable names and steps outlined in the rubric would improve the score.",2,3,2,3,3,3,2,2,2,1,"Code executes and uses `skimr::skim()`, but the conclusion in the markdown is incorrect. The Ames dataset has no missing data, yet the student answered 'YES'.","Correctly sets seed, creates split with `initial_split` using correct parameters (`strata`, `prop`), and extracts training/testing sets.","Recipe structure is mostly correct, but `step_log` uses default base 10 instead of natural log (`base = exp(1)`). Also, `step_center` and `step_scale` are applied to `all_predictors()` which includes the outcome if not careful, though `all_numeric_predictors()` is preferred for fidelity to the rubric's specific instruction to center/scale predictors.","Correctly defines three models: base lm, glmnet with tuned penalty/mixture, and ranger with tuned min_n/trees. Uses `parsnip::tune()` correctly.",Correctly calls `parsnip::translate()` on all three model objects.,Correctly sets seed and creates bootstrap samples using `rsample::bootstraps()` on the training data.,"Creates a workflow set, but uses a different recipe (`rec_base`) than the one specified in Exercise 3 (`norm_recipe`). The rubric requires using the recipe created in Ex3. Also, `unnest_wider` is used instead of `unnest` on the info column as requested.","The workflow map is executed, but the extraction of metrics uses `tune::collect_metrics` inside a mutate/map pipeline rather than the direct `unnest` workflow specified in the rubric. The logic for selecting the 'best' (highest estimate) is technically followed per the prompt's unusual instruction, but the process fidelity to the specific `select/unnest/filter` chain is low.","Calls `rank_results` correctly. However, the comparison logic is overly complex and deviates from the simple verification requested. The code runs but does not clearly demonstrate the consistency check in the manner expected by the rubric's simplicity.","The student did not extract the 'base_forest' workflow as specified. Instead, they dynamically found the best workflow and finalized it. While this is good practice, it deviates from the specific instructions to extract 'base_forest' and finalize with specific parameters (trees=1, min_n=11). The final comparison code is also significantly different from the template, calculating MSE manually rather than using the fitted workflow objects directly as implied by the starter template structure."
21,24,24,"The student demonstrated a good understanding of the tidymodels workflow, particularly in model specification and resampling. However, there were deviations in the recipe creation (wrong log base, wrong recipe used in workflow set) and the final model extraction did not follow the specific instructions to use the 'base_forest' workflow. The EDA conclusion was also factually incorrect regarding missing data.",2,3,2,3,3,3,2,2,3,1,"Code executes and uses `skimr::skim()`, but the conclusion in the markdown is incorrect. The Ames dataset has no missing data, but the student answered 'YES'. Deducted 1 point for OutputAccuracy.","Correctly sets seed, creates split with `initial_split` using correct parameters (`strata`, `prop`), and extracts training/testing sets.","Recipe structure is mostly correct, but `step_log` uses default base 10 instead of natural log (`base = exp(1)`) as required by the rubric. Also, `step_center` and `step_scale` are applied to `all_predictors()` which includes the outcome if not careful, though `all_numeric_predictors()` is safer. The main deduction is for the incorrect log base.","Correctly defines three models: `lm_mod_base`, `glmnet_mod_tune` (with penalty/mixture tuning), and `rf_mod_tune` (with min_n/trees tuning). Uses correct engines and modes.",Correctly calls `parsnip::translate()` on all three model objects.,Correctly sets seed and creates bootstrap samples using `rsample::bootstraps()` on the training data.,"The `workflow_set` is created, but the recipe used (`rec_base`) is different from the one specified in Exercise 3 (`norm_recipe`). The rubric requires using the recipe created in Ex3. Also, `unnest_wider` is used instead of `unnest` on the info column, which changes the structure slightly but is acceptable for examination. Deducted 1 point for ProcessFidelity (using wrong recipe).","The workflow map is executed. However, the extraction of metrics uses `tune::collect_metrics` inside a `mutate`/`map` pipeline rather than the standard `unnest` workflow specified in the rubric (`unnest(result)`, `unnest(.metrics)`). While it achieves the goal, it deviates from the expected process fidelity. Deducted 1 point.",Correctly calls `workflowsets::rank_results()` with the specified parameters and compares results.,"The student did not extract the 'base_forest' workflow as required by the rubric (Ex10 OutputAccuracy/ProcessFidelity). Instead, they created a new workflow or used a generic best model extraction that didn't align with the specific 'base_forest' ID requirement. The final comparison code is complex and deviates significantly from the expected simple `fit()` on train/test sets. Deducted 2 points for ProcessFidelity and OutputAccuracy."
22,23,23,"The student demonstrated a good understanding of the tidymodels workflow, particularly in data splitting, model specification, and resampling. However, there were deviations in the specific recipe steps (log base), the workflow set construction (using a new recipe instead of the prepped one), and the final model extraction/finalization. The markdown conclusion for Ex1 was also factually incorrect regarding missing data.",2,3,2,3,3,3,2,2,2,1,"Code executes and uses `skimr::skim()`, but the conclusion in the markdown is incorrect. The Ames dataset has no missing data, but the student answered 'YES'.","Correctly sets seed, creates split with `initial_split` using correct parameters, and extracts training/testing sets.","Recipe structure is mostly correct, but `step_log` uses default base 10 instead of natural log (`base = exp(1)`). Also, `step_center` and `step_scale` are applied to `all_predictors()` which includes the outcome if not careful, though here it likely works due to order, but the rubric specifies numeric predictors. The main deduction is for the log base.","Correctly defines three models: base lm, glmnet with tuned penalty/mixture, and ranger with tuned min_n/trees.",Correctly calls `parsnip::translate()` on all three model objects.,Correctly sets seed and creates bootstrap samples using `rsample::bootstraps()` on the training data.,"The `workflow_set` is created, but the student defined a new recipe `rec_base` instead of using the `norm_recipe` from Ex3. Also, `unnest_wider` was used instead of `unnest` on the info column as requested.","The student used `tune::collect_metrics` and manual manipulation instead of the requested pipeline of `unnest`, `filter`, `group_by`, `arrange`, `slice`. While the result might be similar, the process fidelity to the specific dplyr/tidyr chain requested is missing.","Code calls `rank_results`, but the subsequent comparison logic is overly complex and deviates from the simple comparison requested. The core function call is present.","The student did not extract the 'base_forest' workflow as implied by the solution path (they extracted based on rank results which might differ). They also did not finalize with the specific parameters (trees=1, min_n=11) mentioned in the rubric's expected output accuracy. The final fit comparison was done manually with a different recipe, deviating significantly from the expected workflow."
23,23,23,"The student demonstrated a good understanding of the tidymodels workflow, particularly in data splitting, model specification, and resampling. However, there were deviations from the specific instructions in later exercises, such as using a different recipe in Ex7, not following the exact unnesting pipeline in Ex8, and not extracting the specific 'base_forest' workflow in Ex10. The EDA conclusion was also factually incorrect.",2,3,2,3,3,3,2,2,2,1,"Code executes and uses `skimr::skim()`, but the conclusion in the markdown is incorrect. The Ames dataset has no missing data, but the student answered 'YES'.","Correctly sets seed, creates split with `initial_split` using correct parameters (`strata`, `prop`), and extracts training/testing sets.","Recipe structure is mostly correct, but `step_log` uses default base 10 instead of natural log (`base = exp(1)`). Also, `step_center` and `step_scale` are applied to `all_predictors()` which includes the outcome if not careful, though `all_numeric_predictors()` is preferred for fidelity. The main deduction is for the log base.","Correctly defines three models: `lm_mod_base`, `glmnet_mod_tune` (with penalty/mixture), and `rf_mod_tune` (with min_n/trees). Uses `tune()` correctly.",Correctly calls `parsnip::translate()` on all three model objects.,Correctly sets seed and creates bootstrap samples using `rsample::bootstraps()` on the training data.,"Creates a workflow set, but uses a different recipe (`rec_base`) than the one specified in Exercise 3 (`norm_recipe`). The rubric requires using the recipe created in Ex3. Also, `unnest_wider` is used instead of `unnest` on the info column, which changes the structure slightly but shows the contents.","The workflow map is executed. However, the extraction of metrics uses `tune::collect_metrics` inside a `mutate`/`map` pipeline rather than the direct `unnest` workflow specified in the rubric. The logic for filtering and sorting is present but deviates from the expected `unnest` -> `filter` -> `group_by` -> `arrange` -> `slice` chain.","Calls `rank_results` correctly. The comparison logic is complex and deviates from the simple 'compare to results from Ex8' instruction, but the core function call is present.","The student does not extract the 'base_forest' workflow as specified in the rubric. Instead, they dynamically find the best workflow ID. They also redefine the recipe and model in the final chunk rather than using the finalized workflow from previous steps. The final ratio calculation is present but based on a different model/recipe setup than requested."
24,26,25,"The student demonstrated a strong understanding of the tidymodels workflow, correctly implementing data splitting, recipe creation, model specification, and tuning. Points were deducted primarily for incorrect interpretation of the EDA results (Q1), deviation from the specific recipe formula in the workflow set (Q7), and overly complex or non-standard code structures in the final extraction and comparison steps (Q8, Q10). Ensure future submissions strictly follow the variable names and simplified workflows requested in the prompts.",2,3,3,3,3,3,2,2,3,2,"Code executes and uses `skimr::skim()`, but the conclusion in the markdown is incorrect. The Ames dataset has no missing data, but the student answered 'YES' to missing data. Deducted 1 point for OutputAccuracy.","Correctly sets seed, creates split with `initial_split` using correct parameters (`strata`, `prop`), and extracts training/testing sets. Meets all criteria.","Recipe is created with the correct formula and steps (`step_log`, `step_other`, `step_dummy`, `step_center`, `step_scale`). The recipe is prepped and tidied. Meets all criteria.","Three models are created: `lm_mod_base`, `glmnet_mod_tune` (with penalty/mixture tuned), and `rf_mod_tune` (with min_n/trees tuned). Correct engines and modes are set. Meets all criteria.",Correctly calls `parsnip::translate()` on all three model objects. Meets all criteria.,Correctly sets seed and creates bootstrap samples using `rsample::bootstraps()` on the training data. Meets all criteria.,"Workflow set is created, but the recipe used (`rec_base`) differs significantly from the required `norm_recipe` (uses `Sale_Price ~ .` instead of the specified formula, adds imputation steps not requested). The unnesting step is present. Deducted 1 point for ProcessFidelity/OutputAccuracy regarding the specific recipe requirements.","The workflow map is executed. However, the extraction of metrics uses `tune::collect_metrics()` inside a `mutate`/`map` pipeline rather than the expected `unnest` workflow on the `result` column directly as hinted in the rubric/starter. The logic for filtering and selecting top rows is present but deviates from the standard tidyverse unnest pattern expected. Deducted 1 point for ProcessFidelity.",Correctly calls `workflowsets::rank_results()` with the specified parameters. The comparison logic is present. Meets all criteria.,"The student identifies the best workflow and finalizes it. However, the final comparison code is overly complex, re-defining recipes and workflows instead of using the finalized `best_model_workflow` directly as requested. The calculation of the MSE ratio is present. Deducted 1 point for ProcessFidelity (not using the finalized workflow variable directly for fitting)."
25,23,23,"The student demonstrated a good understanding of the tidymodels workflow, correctly setting up data splits, models, and resampling. However, points were deducted for deviations from specific rubric instructions, such as using the wrong recipe in the workflow set, incorrect log base in preprocessing, and not following the specific variable names and extraction steps for the final model comparison. The conclusion for the EDA was also factually incorrect.",2,3,2,3,3,3,2,2,2,1,"Code executes and uses `skimr::skim()`, but the conclusion in the markdown is incorrect. The Ames dataset has no missing data, but the student answered 'YES'.","Correctly sets seed, creates split with `initial_split` using correct parameters, and extracts training/testing sets.","Recipe structure is mostly correct, but `step_log` uses default base 10 instead of natural log (`base = exp(1)`). Also, `step_center` and `step_scale` are applied to `all_predictors()` which includes the outcome if not careful, though here it likely works due to order, but the rubric specifies `all_numeric_predictors()` for centering/scaling before dummy creation in some contexts, or specifically numeric predictors. The main deduction is the log base.","Correctly defines three models: base lm, glmnet with tuned penalty/mixture, and ranger with tuned min_n/trees.",Correctly calls `parsnip::translate()` on all three model objects.,Correctly sets seed and creates bootstrap samples using `rsample::bootstraps()` on the training data.,"The `workflow_set` is created, but the recipe used (`rec_base`) is different from the one specified in Exercise 3 (`norm_recipe`). The rubric requires using the recipe created in Ex3. Additionally, `unnest_wider` is used instead of `unnest` on the info column as requested.","The workflow map is executed. However, the extraction of metrics uses `tune::collect_metrics` inside a mutate/map pipeline rather than the direct `unnest` chain specified in the rubric (`unnest(result)`, `unnest(.metrics)`). The logic for filtering and sorting is present but deviates from the expected tidyverse chain structure.","Calls `rank_results` but adds significant extra code to manually compare with Ex8 results. The rubric asks to run the code and compare, implying a simpler execution and observation. The core function call is correct.","The student did not extract the 'base_forest' workflow as specified in the rubric's expected process. Instead, they dynamically determined the best workflow and finalized it. While logically sound, it deviates from the specific instructions to extract 'base_forest' and finalize with specific parameters (trees=1, min_n=11). The final comparison code is also overly complex and deviates from the simple `fit` calls on train/test data requested."
26,26,25,"The student demonstrated a strong understanding of the tidymodels workflow, correctly implementing data splitting, recipe creation, model specification, and tuning. Points were deducted primarily for incorrect interpretation of EDA results (Q1) and deviations from the specific coding processes requested in later exercises (Q7, Q8, Q10), where alternative or more complex methods were used instead of the prescribed functions.",2,3,3,3,3,3,2,2,3,2,"Code executes and uses `skimr::skim()`, but the conclusion in the markdown is incorrect. The Ames dataset has no missing data, but the student answered 'YES' to missing data. Deducted 1 point for OutputAccuracy.","Correctly sets seed, creates split with `initial_split` using correct parameters (`strata`, `prop`), and extracts training/testing sets. Meets all criteria.","Recipe is created with the correct formula and steps (`step_log`, `step_other`, `step_dummy`, `step_center`, `step_scale`). The recipe is prepped and tidied. Meets all criteria.","Three models are created: base lm, glmnet with tuned penalty/mixture, and random forest with tuned min_n/trees. Correct engines and modes are set. Meets all criteria.",Correctly calls `parsnip::translate()` on all three model objects. Meets all criteria.,Correctly sets seed and creates bootstrap samples using `rsample::bootstraps()` on the training data. Meets all criteria.,"Workflow set is created, but the recipe used (`rec_base`) differs significantly from the required `norm_recipe` (uses `Sale_Price ~ .` instead of the specified formula, adds imputation steps not requested). While the structure is correct, the process fidelity is compromised by using an incorrect recipe. Deducted 1 point for ProcessFidelity.","The student uses `tune::collect_metrics()` and manual unnesting/filtering instead of the requested `tidyr::unnest()` on the nested `.metrics` column within the workflow set object. While the result is similar, the specific workflow mapping and unnesting process requested in the rubric was not followed. Deducted 1 point for ProcessFidelity.",Correctly calls `workflowsets::rank_results()` with the specified parameters and compares results. Meets all criteria.,"The student identifies the best workflow and finalizes it. However, the final comparison code is overly complex, re-defines the recipe, and calculates MSE manually rather than using the standard `fit()` output or yardstick directly on the fitted workflow objects as implied by the simpler solution. The ratio calculation is present but the process is convoluted and deviates from the expected simple `fit()` on train/test. Deducted 1 point for ProcessFidelity."
27,23,23,"The student demonstrated a good understanding of the tidymodels ecosystem, particularly in model specification and resampling. However, there were significant deviations from the required process in later exercises, particularly in how workflows were constructed, unnested, and finalized. The incorrect conclusion in Exercise 1 and the custom implementation in Exercise 10 reduced the score.",2,3,2,3,3,3,2,2,2,1,"Code executes and uses `skimr::skim()`, but the conclusion in the markdown is incorrect. The Ames dataset has no missing data, but the student answered 'YES' to missing data. Deducted 1 point for OutputAccuracy.","Correctly sets seed, creates split with `initial_split` using correct parameters (`strata`, `prop`), and extracts training/testing sets.","Recipe structure is mostly correct, but `step_log` is applied to `all_outcomes()` without specifying `base = exp(1)` (natural log) as required by the rubric. Also, `step_center` and `step_scale` are applied to `all_predictors()` which may include the outcome if not careful, though `all_outcomes` was logged. The main issue is the missing explicit natural log base specification and potential order issues with dummy variables before scaling.","Correctly defines three models: `lm_mod_base`, `glmnet_mod_tune` (with penalty/mixture tuning), and `rf_mod_tune` (with min_n/trees tuning). Uses correct engines and modes.",Correctly calls `parsnip::translate()` on all three model objects.,Correctly sets seed and creates bootstrap samples using `rsample::bootstraps()` on the training data.,"The `workflow_set` is created, but the student defined a new recipe `rec_base` instead of using the `norm_recipe` from Exercise 3. Additionally, `unnest_wider` was used instead of `unnest` on the info column, which changes the structure significantly from the expected output.","The student used `tune::collect_metrics` and manual manipulation instead of the expected `tidyr::unnest` workflow on the `result` and `.metrics` columns directly. While the logic is sound, it deviates from the specific process fidelity required (unnesting nested tibbles directly).","Code calls `rank_results`, but the subsequent comparison logic is overly complex and deviates from the simple comparison requested. The core function call is present, but the process fidelity is low.","The student did not extract the 'base_forest' workflow as specified in the rubric. Instead, they dynamically selected the best workflow and finalized it. Furthermore, the final comparison code is completely custom and does not follow the expected process of fitting the finalized workflow to train/test data and comparing OOB errors directly as implied by the starter template structure. The ratio calculation is also based on a custom MSE implementation rather than the model's internal metrics."
28,23,23,"The student demonstrated good understanding of the tidymodels ecosystem but frequently deviated from the specific process fidelity requirements of the rubric. Key issues include not using the pipe operator in Ex1, creating new recipes instead of reusing previous ones in Ex7/Ex10, and using alternative functions (`collect_metrics`, `unnest_wider`) instead of the specified `unnest` workflows. Code execution was generally successful, but adherence to the prescribed steps was inconsistent.",2,3,2,3,3,3,2,2,2,1,"Code executes and uses `skimr::skim()`, but the student did not use the pipe operator `|>` as required by the rubric. Additionally, the student incorrectly concluded there is missing data (the Ames dataset in `modeldata` has no missing values), violating OutputAccuracy.","Correctly sets seed, creates split with `initial_split` using correct parameters (`strata`, `prop`), and extracts training/testing sets. Meets all criteria.","The recipe steps are present, but the order is incorrect (centering/scaling before dummy variables can cause issues, though `step_dummy` handles factors). More critically, the rubric requires piping to `recipes::prep()` and `broom::tidy()` in a single step or specific workflow. The student created a separate `norm_prep` object and called `tidy` separately, deviating from the expected process fidelity. Also, `step_log` was applied to `all_outcomes()` which is correct, but the rubric specifies `base = exp(1)` explicitly; default is natural log so this is acceptable. Deduction for process fidelity.","Correctly defines three models: `lm_mod_base`, `glmnet_mod_tune` (with penalty/mixture tuning), and `rf_mod_tune` (with min_n/trees tuning). Uses correct engines and modes.",Correctly calls `parsnip::translate()` on all three model objects. Output accuracy is assumed based on correct code structure.,Correctly sets seed and creates bootstrap samples using `rsample::bootstraps()` on `ames_train`. Meets all criteria.,"The student created a *new* recipe (`rec_base`) instead of using the `norm_recipe` from Exercise 3, violating process fidelity. The `workflow_set` was created correctly, but the unnesting used `unnest_wider` instead of `unnest` on the info column as specified in the rubric checks. Deduction for process fidelity and incorrect function usage.","The student used `tune::collect_metrics()` and `mutate`/`map` instead of the required `tidyr::unnest()` workflow on the `result` and `.metrics` columns. While the result is similar, the rubric explicitly requires chaining `select`, `unnest`, `filter`, `group_by`, `arrange`, and `slice`. The student's approach deviates significantly from the expected process fidelity.","The student called `rank_results` but added extensive extra code to compare with Exercise 8 results manually. The rubric asks to run the code and compare output. The core function call is correct, but the output accuracy check is obscured by the custom comparison logic. Deduction for not following the simple expected process.","The student failed to extract the specific 'base_forest' workflow as required. Instead, they dynamically found the best ID and finalized it. They also created a new recipe (`norm_recipe2`) and fitted a model that might not be the finalized random forest from the workflow set. The final ratio calculation is present, but the process fidelity is low because they did not follow the specific steps of extracting `base_forest`, finalizing with specific parameters (trees=1, min_n=11), and fitting that specific workflow."
29,25,25,"The student demonstrated strong coding skills and successfully executed most of the tidymodels workflow. Points were deducted primarily for incorrect interpretation of the EDA results (Q1), using a different recipe than specified in Q7, and deviating from the specific process instructions in Q10 (extracting a specific workflow ID vs dynamic selection). The code is generally robust and well-commented.",2,3,3,3,3,3,2,2,3,1,"Code executes and uses `skimr::skim()`, but the conclusion in the markdown is incorrect. The Ames dataset has no missing data, but the student answered 'YES'.","Correctly sets seed, creates split with `initial_split` using correct parameters, and extracts training/testing sets.",Recipe is created with correct formula and steps. `prep()` and `tidy()` are used to examine the recipe.,"Three models are created correctly: base lm, glmnet with tuned penalty/mixture, and ranger with tuned min_n/trees.",Correctly calls `parsnip::translate()` on all three model objects.,Correctly sets seed and creates bootstrap samples using `rsample::bootstraps()` on the training data.,"Workflow set is created, but the recipe used (`rec_base`) differs significantly from the required `norm_recipe` (uses `Sale_Price ~ .` instead of specified predictors, adds imputation steps not requested). The unnesting step is present.","Workflow map is executed. The extraction of metrics is complex and uses `mutate`/`map` instead of the simpler `unnest` chain requested, but achieves the goal of filtering for rmse and grouping. However, it orders by highest estimate (worst RMSE) as per the confusing prompt instruction, which is technically what was asked but statistically counter-intuitive for 'best'.",Correctly calls `workflowsets::rank_results()` with specified parameters and compares to previous results.,"The student did not extract the 'base_forest' workflow as required. Instead, they dynamically selected the best workflow ID and finalized it. While the code runs, it deviates from the specific process fidelity requirement to extract 'base_forest' and finalize with specific parameters (trees=1, min_n=11). The final comparison code is also overly complex and deviates from the simple `fit()` calls on the finalized workflow."
30,23,23,"The student demonstrated good understanding of the tidymodels ecosystem but deviated from specific procedural requirements in several exercises. Key issues include incorrect EDA conclusion, using a different recipe in later exercises than specified, and not following the exact unnesting and extraction steps required by the rubric. Ensure you follow the specific variable names and function chains requested.",2,3,2,3,3,3,2,2,2,1,"Code executes and uses `skimr::skim()`, but the conclusion in the markdown is incorrect. The Ames dataset has no missing data, but the student answered 'YES' to missing data. Deducted 1 point for OutputAccuracy.","Correctly sets seed, creates split with `initial_split` using correct parameters (`strata`, `prop`), and extracts training/testing sets. Meets all criteria.","The recipe steps are present but the order is incorrect. `step_center` and `step_scale` are applied after `step_dummy`, which means dummy variables are not centered/scaled as intended by the standard workflow (and potentially numeric predictors are scaled before log transform if order was different, but here log is first). More critically, the rubric requires `step_log` with `base = exp(1)` explicitly or natural log; `step_log(all_outcomes())` defaults to natural log, which is correct. However, the rubric specifies centering/scaling *predictors*. The student used `all_predictors()` after dummy creation, which is technically correct for scaling dummies, but the rubric implies a specific order: center/scale numeric, then dummy. The student's code centers/scales *after* dummy creation, which is acceptable in modern recipes but deviates from the specific 'ProcessFidelity' check of 'correct order' implied by the hint in the starter. More importantly, the student did not use `broom::tidy()` on the prepped recipe as required by the rubric's OutputAccuracy check ('prep and examines the recipe steps'). The code calls `recipes::tidy(norm_prep)` but does not assign or clearly display the tidy output in the expected manner for examination. Deducted 1 point for ProcessFidelity/OutputAccuracy regarding the examination step.","Correctly defines three models: `lm_mod_base`, `glmnet_mod_tune` (with penalty/mixture tuned), and `rf_mod_tune` (with min_n/trees tuned). Uses correct engines and modes.",Correctly calls `parsnip::translate()` on all three model objects. Output shows the templates.,Correctly sets seed and creates bootstrap samples using `rsample::bootstraps()` on `ames_train`.,"The `workflow_set` is created, but the student defined a *new* recipe `rec_base` instead of using the `norm_recipe` from Exercise 3. The rubric requires using 'your recipe' (the one with specific steps). Also, the student used `unnest_wider` instead of `unnest` on the info column, which changes the structure significantly. Deducted 1 point for ProcessFidelity (using wrong recipe) and OutputAccuracy.",The student used `tune::collect_metrics()` and manual manipulation instead of the required `tidyr::unnest()` on the `.metrics` column within the workflowset object as specified in the rubric's ProcessFidelity check. The rubric explicitly asks to 'un-nest the metrics in the column .metrics'. The student's approach is valid R code but does not follow the specific workflowset unnesting process required. Deducted 1 point for ProcessFidelity.,"The student calls `rank_results` but then performs extensive manual comparison code that is not required. The rubric asks to 'compare to your results from exercise 8'. The student's code is overly complex and deviates from the simple verification expected. However, the core function is called. Deducted 1 point for ProcessFidelity due to unnecessary complexity and deviation from the simple comparison instruction.","The student failed to extract the 'base_forest' workflow as required by the rubric. Instead, they dynamically found the best ID and extracted that. The rubric explicitly states: 'Must extract the base_forest workflow'. The student also did not finalize with the specific parameters `trees = 1, min_n = 11` as required by the rubric's OutputAccuracy check, but rather used `select_best`. The final fit comparison was done on a potentially different model or with a different recipe (`norm_recipe2`). Deducted 2 points for ProcessFidelity and OutputAccuracy."
31,23,23,"The student demonstrated strong coding skills and correctly implemented most tidymodels functions. However, there were deviations from the specific process steps outlined in the rubric, particularly in Exercises 7, 8, and 10. The student often created new objects or used alternative methods rather than following the prescribed workflow continuity. Additionally, the interpretation of missing data in Ex1 was incorrect.",2,3,2,3,3,3,2,2,2,1,"Code executes `skimr::skim(dat)` correctly. However, the student incorrectly concluded there is missing data ('YES') despite the code output likely showing 0 missing values (Ames data in modeldata has no NAs). The rubric requires the conclusion that there is no missing data.","Correctly sets seed, creates split with `initial_split` using correct parameters (`strata`, `prop`), and extracts training/testing sets. Process fidelity is high.","Recipe structure is mostly correct. However, `step_log` is applied to `all_outcomes()` without specifying `base = exp(1)` as required by the rubric for natural log. Also, `step_center` and `step_scale` are applied to `all_predictors()` which may include the outcome if not careful, though `all_outcomes` was logged. The main deduction is for missing the specific `base` argument and potentially incorrect scoping of center/scale steps relative to the rubric's strict process.","Correctly defines three models: `lm_mod_base`, `glmnet_mod_tune` (with penalty/mixture tuning), and `rf_mod_tune` (with min_n/trees tuning). Uses correct engines and modes.",Correctly calls `parsnip::translate()` on all three model objects. Output accuracy is assumed based on correct code.,Correctly sets seed and creates bootstrap samples using `rsample::bootstraps()` on `ames_train`.,"The student created a *new* recipe (`rec_base`) instead of using the `norm_recipe` from Exercise 3 as implied by the workflow continuity. The rubric expects the workflow set to use the previously defined recipe. Additionally, `unnest_wider` was used instead of `unnest` on the info column, which changes the structure slightly but shows understanding. Deduction for not using the established `norm_recipe`.","The student used `tune::collect_metrics` and manual manipulation instead of the direct `tidyr::unnest` chain on the `result` column as specified in the rubric's Process Fidelity. While the result is similar, the specific workflow of unnesting the nested tibble directly was not followed. Also, the student arranged by `.estimate` descending (highest RMSE), which is technically 'worst' performance, but the rubric asks for 'best metrics' and usually implies lowest RMSE for regression. The rubric check says 'arrange by .estimate descending', so the code matches the instruction, but the interpretation of 'best' is flawed. Deduction for process deviation.","Code calls `rank_results` correctly. However, the student added complex comparison logic that wasn't requested. The rubric asks to compare output to Ex 8. The student's Ex 8 logic was flawed (picking highest RMSE), so the comparison is confusing. Deduction for over-complication and lack of clear verification of consistency.","The student did not extract the 'base_forest' workflow as specified in the rubric's Output Accuracy for Ex10. Instead, they dynamically selected a best workflow and finalized it. They also manually calculated MSE ratio using a new recipe/model fit rather than using the OOB errors from the ranger model as implied by the rubric's mention of 'OOB prediction errors'. The process fidelity is low compared to the expected solution."
32,23,23,"The student demonstrated a good understanding of the tidymodels workflow, particularly in model specification and resampling. However, there were deviations from the specific instructions in Exercises 7, 8, and 10, where the student used alternative (though often valid) methods instead of the prescribed steps. The incorrect conclusion in Exercise 1 and the log base error in Exercise 3 also resulted in point deductions.",2,3,2,3,3,3,2,2,2,1,"Code executes and uses `skimr::skim()`, but the conclusion in the markdown is incorrect. The Ames dataset has no missing data, but the student answered 'YES'.","Correctly sets seed, creates split with `initial_split` using correct parameters (`strata`, `prop`), and extracts training/testing sets.","Recipe structure is mostly correct, but `step_log` uses default base 10 instead of natural log (`base = exp(1)`). Also, `step_center` and `step_scale` are applied to `all_predictors()` after `step_dummy`, which may scale dummy variables incorrectly depending on interpretation, though the rubric emphasizes the log base error.","Correctly defines three models: base lm, glmnet with tuned penalty/mixture, and random forest with tuned min_n/trees. Uses correct engines and modes.",Correctly calls `parsnip::translate()` on all three model objects.,Correctly sets seed and creates bootstrap samples using `rsample::bootstraps()` on the training data.,"Creates a workflow set, but uses a different recipe (`rec_base`) than the one specified in Exercise 3 (`norm_recipe`). The rubric requires using the recipe created in Ex3. Also, `unnest_wider` is used instead of `unnest` on the info column, which changes the structure slightly but shows the contents.","Runs `workflow_map` correctly. However, the extraction of metrics uses `tune::collect_metrics` inside a `mutate`/`map` pipeline rather than the direct `unnest` chain specified in the rubric. The logic for filtering and selecting top rows is present but deviates from the expected `unnest` workflow.","Calls `rank_results` correctly. The comparison logic is complex and deviates from the simple 'compare output' instruction, but the core function is present and used correctly.","The student does not extract the 'base_forest' workflow as specified. Instead, they dynamically find the best workflow ID and finalize it. While this is a valid approach, it deviates from the specific instructions to extract 'base_forest' and finalize with specific parameters (trees=1, min_n=11). The final comparison code is also overly complex and redefines recipes/workflows unnecessarily."
33,23,23,"The student demonstrated a good understanding of the tidymodels ecosystem, particularly in model specification and resampling. However, there were significant deviations in process fidelity for the recipe creation (Ex3, Ex7) and the final model evaluation (Ex10). The incorrect conclusion in Ex1 regarding missing data also resulted in a point deduction. Ensure you follow the specific variable names and workflow steps outlined in the instructions.",2,3,2,3,3,3,2,2,2,1,"Code executes and uses `skimr::skim()`, but the conclusion in the markdown is incorrect. The Ames dataset has no missing data, but the student answered 'YES'.","Correctly sets seed, creates split with `initial_split` using correct parameters (`strata`, `prop`), and extracts training/testing sets.","Recipe structure is mostly correct, but `step_log` uses default base 10 instead of natural log (`base = exp(1)`). Also, `step_center` and `step_scale` are applied to `all_predictors()` which includes the outcome if not careful, though `all_numeric_predictors()` is preferred for fidelity. The main deduction is for the log base.","Correctly defines three models: base lm, glmnet with tuned penalty/mixture, and random forest with tuned min_n/trees. Uses correct engines and modes.",Correctly calls `parsnip::translate()` on all three model objects.,Correctly sets seed and creates bootstrap samples using `rsample::bootstraps()` on the training data.,"The `workflow_set` is created, but the student defined a new recipe (`rec_base`) instead of using the `norm_recipe` from Exercise 3. This breaks the process fidelity of using the specified preprocessing steps. Also used `unnest_wider` instead of `unnest` on the info column.","The student used `tune::collect_metrics()` and manual manipulation instead of the expected `tidyr::unnest()` workflow on the `result` and `.metrics` columns. While the logic is sound, it deviates significantly from the required process fidelity (unnesting nested tibbles directly).","Called `rank_results`, but the subsequent comparison code is overly complex and deviates from the simple verification requested. The core function call is present.","The student did not extract the 'base_forest' workflow as specified. Instead, they dynamically found the best ID and finalized it. Furthermore, they redefined the recipe and model in the final chunk rather than using the finalized workflow from the previous step. The final MSE ratio calculation is also inconsistent with the expected ~12% difference due to these deviations."
34,23,23,"The student demonstrated a good understanding of the tidymodels workflow, particularly in model specification and resampling. However, points were lost due to deviations from the specific process steps outlined in the rubric (e.g., recipe ordering, specific unnesting methods, and hardcoding the best model ID in Ex10). The incorrect conclusion in Ex1 regarding missing data also resulted in a deduction.",2,3,2,3,3,3,2,2,2,1,"Code executes and uses `skimr::skim()`, but the conclusion in the markdown is incorrect. The Ames dataset has no missing data, but the student answered 'YES' to missing data. Deducted 1 point for OutputAccuracy.","Correctly sets seed, creates split with `initial_split` using correct parameters (`strata`, `prop`), and extracts training/testing sets.","Recipe steps are present, but the order is incorrect (centering/scaling before dummy variables can cause issues with factor levels, and log transform should be on outcome). Also, `step_log` was applied to `all_outcomes()` which is correct, but the rubric specifies `base = exp(1)` explicitly which is default, so that's fine. However, the main issue is the process fidelity: the rubric expects specific variable names in the formula and specific step ordering. The student used `all_predictors()` for centering/scaling which includes dummies if done after, but here it's before. More critically, the student did not use `broom::tidy()` on the prepped recipe as required by the rubric's 'ProcessFidelity' and 'OutputAccuracy' checks for examination.","Correctly defined three models: `lm_mod_base`, `glmnet_mod_tune` (with penalty/mixture tune), and `rf_mod_tune` (with min_n/trees tune). Used correct engines and modes.",Correctly called `parsnip::translate()` on all three model objects.,Correctly set seed and created bootstrap samples using `rsample::bootstraps()` on `ames_train`.,"Created `workflow_set` but used a different recipe (`rec_base`) than the one specified in Exercise 3 (`norm_recipe`). The rubric expects the workflow set to use the recipe created in Ex3. Also, the unnesting step used `unnest_wider` instead of `unnest` on the info column as specified in the rubric's expected process.","Used `workflow_map` correctly. However, the subsequent data manipulation to extract metrics deviated from the rubric's expected process. The rubric expects a specific chain of `select`, `unnest`, `filter`, `group_by`, `arrange`, `slice`. The student used `mutate` with `map` and `collect_metrics`, which is a valid alternative but does not match the 'ProcessFidelity' check for the specific dplyr/tidyr verbs listed in the rubric. Deducted 1 point for process fidelity.","Called `rank_results` correctly. However, the comparison logic was overly complex and did not simply verify consistency as requested. The rubric expects a simple verification. The code is present but the 'ProcessFidelity' is low because it doesn't follow the simple comparison instruction.","The student failed to extract the specific 'base_forest' workflow as required by the rubric. Instead, they dynamically found the best workflow and finalized it. While this is good practice, it violates the specific 'ProcessFidelity' check which requires extracting 'base_forest' and finalizing with specific parameters (trees=1, min_n=11). The final comparison code was also significantly different from the template, calculating MSE manually rather than using the fit objects' OOB errors directly as implied by the solution template."
35,23,23,"The student demonstrated a good understanding of the tidymodels workflow, particularly in data splitting, model specification, and bootstrapping. However, there were deviations from the specific instructions in the rubric, such as using a different recipe in Ex7, incorrect log base in Ex3, and not following the specific model extraction/finalization steps in Ex10. The conclusion in Ex1 was also factually incorrect regarding missing data.",2,3,2,3,3,3,2,2,2,1,"Code executes and uses `skimr::skim()`, but the conclusion in the markdown is incorrect. The Ames dataset has no missing data, but the student answered 'YES' to missing data. Deducted 1 point for OutputAccuracy.","Correctly sets seed, creates split with `initial_split` using correct parameters (`strata`, `prop`), and extracts training/testing sets.","Recipe structure is mostly correct, but `step_log` uses default base (10) instead of natural log (`base = exp(1)`) as required by the rubric. Also, `step_center` and `step_scale` are applied to `all_predictors()` which includes the outcome if not careful, though `all_numeric_predictors()` is safer. The main deduction is for the incorrect log base.","Correctly defines three models: `lm_mod_base`, `glmnet_mod_tune` (with penalty/mixture tuning), and `rf_mod_tune` (with min_n/trees tuning). Uses correct engines and modes.",Correctly calls `parsnip::translate()` on all three model objects.,Correctly sets seed and creates bootstrap samples using `rsample::bootstraps()` on the training data.,"The `workflow_set` is created, but the recipe used (`rec_base`) is different from the one specified in Exercise 3 (`norm_recipe`). The rubric requires using the recipe created in Ex3. Additionally, `unnest_wider` is used instead of `unnest` on the info column, which changes the structure slightly but shows the contents. Deducted 1 point for ProcessFidelity (using wrong recipe).","The code attempts to extract metrics, but uses `tune::collect_metrics` inside a `mutate` map rather than the standard `unnest` workflow specified in the rubric. It also filters for 'highest' RMSE (desc), whereas RMSE should be minimized (lowest is best). The rubric asks to arrange by `.estimate` descending and pick the first row, which implies finding the worst model if RMSE is the metric, or the student misunderstood the metric direction. However, the code structure deviates significantly from the expected `select` -> `unnest` -> `filter` -> `group_by` -> `arrange` -> `slice` pipeline. Deducted 1 point for ProcessFidelity.","Calls `rank_results` correctly. However, the subsequent comparison code is overly complex and deviates from the simple comparison requested. The core requirement is to run the function and compare. The code runs, but the interpretation/comparison logic is convoluted. Deducted 1 point for ProcessFidelity/OutputAccuracy clarity.","The student did not extract the 'base_forest' workflow as specified in the rubric (Ex10 OutputAccuracy). Instead, they dynamically selected the best workflow ID and finalized it. While this is a valid modeling approach, it violates the specific process fidelity required by the rubric (extract 'base_forest', finalize with trees=1, min_n=11). The final comparison code is also custom and does not follow the template's variable assignments (`training_fit`, `testing_fit`). Deducted 2 points for ProcessFidelity and OutputAccuracy."
36,23,23,"The student demonstrated a good understanding of the basic tidymodels workflow (splitting, modeling, bootstrapping). However, there were significant deviations in process fidelity for Exercises 7, 8, and 10, where the student implemented custom or alternative solutions rather than following the specific steps outlined in the rubric. Exercise 1 had an incorrect conclusion in the markdown. Ensure you follow the specific function chains and variable names requested in future labs.",2,3,2,3,3,3,2,2,2,1,"Code executes and uses `skimr::skim()`, but the conclusion in the markdown is incorrect. The student claims there is missing data ('YES'), whereas the rubric requires the conclusion that there is no missing data (or at least consistency with the output). The code itself is verbose but functional.","Correctly sets seed, creates split with `initial_split` using correct parameters (`strata`, `prop`), and extracts training/testing sets. Process fidelity is high.","The recipe steps are present, but the order is incorrect relative to the rubric's expectation (centering/scaling before dummy variables can cause issues if not handled carefully, though `all_predictors` might catch them). More importantly, the student did not use `broom::tidy()` on the prepped recipe as required by the rubric's 'ProcessFidelity' and 'CodeExecution' checks for examination. They only called `recipes::tidy()` which is less standard for this specific check.","Correctly defines three models: `lm_mod_base`, `glmnet_mod_tune` (with penalty/mixture), and `rf_mod_tune` (with min_n/trees). Uses `set_engine` and `tune()` correctly.",Correctly calls `parsnip::translate()` on all three model objects. Output accuracy is assumed based on correct code structure.,Correctly sets seed and creates bootstrap samples using `rsample::bootstraps()` on the training data.,"The student created a *new* recipe (`rec_base`) instead of using the `norm_recipe` from Exercise 3, violating process fidelity. However, they did create a workflow set and unnest the info column. The deviation in recipe usage is a significant process error.","The student used `tune::collect_metrics()` and manual manipulation instead of the specific `dplyr`/`tidyr` chain requested in the rubric (`select`, `unnest`, `filter`, `group_by`, `arrange`, `slice`). While the result is likely similar, the process fidelity to the specific tidyverse workflow requested is low.","The student ran `rank_results` but added significant extra code to compare it manually with Exercise 8 results. The rubric asks to 'compare to your results from exercise 8', which can be done via observation. The code is overly complex and deviates from the simple execution expected, but the core function is present.","The student failed to extract the specific 'base_forest' workflow as required by the rubric. Instead, they dynamically determined the best workflow and used a fallback logic that might not align with the specific 'base_forest' requirement. Furthermore, the final comparison code is extremely convoluted, re-defining recipes and models, and calculating MSE manually rather than using the fitted workflow objects directly as expected. The process fidelity is very low."
37,25,22,"The student demonstrated strong coding skills in data splitting, recipe creation, and model specification. However, points were lost due to an incorrect conclusion in EDA, using a non-specified recipe in the workflow set, deviating from the required unnesting process in Exercise 8, and failing to follow the specific workflow extraction and finalization steps in Exercise 10.",2,3,3,3,3,3,2,2,3,1,"Code executes and uses `skimr::skim()`, but the conclusion in the markdown is incorrect. The Ames dataset has no missing data, yet the student answered 'YES' to missing data. Deducted 1 point for OutputAccuracy.","Correctly sets seed, creates split with `initial_split` using correct parameters (`strata`, `prop`), and extracts training/testing sets. Meets all criteria.","Recipe is created with the correct formula and steps (`step_log`, `step_other`, `step_dummy`, `step_center`, `step_scale`). The recipe is prepped and tidied. Meets all criteria.","Three models are created: base lm, glmnet with tuned penalty/mixture, and random forest with tuned min_n/trees. Correct engines and modes are set. Meets all criteria.",Correctly calls `parsnip::translate()` on all three model objects. Meets all criteria.,Correctly sets seed and creates bootstrap samples using `rsample::bootstraps()` on the training data. Meets all criteria.,"Workflow set is created, but the recipe used (`rec_base`) differs significantly from the required `norm_recipe` (uses `Sale_Price ~ .` instead of the specified formula, adds imputation steps not requested). While the structure is correct, the process fidelity is compromised by using an incorrect recipe. Deducted 1 point for ProcessFidelity.","The student uses `tune::collect_metrics()` and `mutate`/`map` instead of the required `tidyr::unnest()` workflow on the `result` column. While the result is similar, the specific process fidelity (unnesting result then metrics) is not followed. Deducted 1 point for ProcessFidelity.",Correctly calls `workflowsets::rank_results()` with the specified parameters and compares results. Meets all criteria.,"The student fails to extract the specific 'base_forest' workflow as required. Instead, they dynamically find the best workflow and use a fallback linear model if variables don't exist. The final comparison uses a manually constructed recipe and model rather than the finalized best workflow from the tuning process. Significant deviation from ProcessFidelity and OutputAccuracy."
38,24,24,"The student demonstrated strong proficiency in the initial data preparation and model specification steps (Ex1-Ex6). However, significant deviations occurred in the later workflow exercises (Ex7-Ex10), where custom recipes and manual metric calculations replaced the specific tidyverse chains and workflow extraction methods required by the rubric. The incorrect conclusion in Ex1 regarding missing data also resulted in a penalty.",2,3,3,3,3,3,2,2,2,1,"Code executes and uses `skimr::skim()`, but the conclusion in the markdown is incorrect. The Ames dataset has no missing data, yet the student answered 'YES'. Deducted 1 point for OutputAccuracy.","Correctly sets seed, creates split with `initial_split` using correct parameters (`strata`, `prop`), and extracts training/testing sets.","Recipe is created with the correct formula and steps (`step_log`, `step_other`, `step_dummy`, `step_center`, `step_scale`). The recipe is prepped and tidied.","Three models are defined correctly: `lm_mod_base`, `glmnet_mod_tune` (with penalty/mixture tuned), and `rf_mod_tune` (with min_n/trees tuned). Engines and modes are set appropriately.",Correctly calls `parsnip::translate()` on all three model specifications.,Correctly sets seed and creates bootstrap samples using `rsample::bootstraps()` on the training data.,"Workflow set is created, but the recipe used (`rec_base`) differs significantly from the required `norm_recipe` (uses `Sale_Price ~ .` and different steps). Also, `unnest_wider` was used instead of `unnest` on the info column. Deducted 1 point for ProcessFidelity/OutputAccuracy mismatch with rubric requirements.","Workflow map is executed. However, the extraction of metrics uses `tune::collect_metrics` and manual manipulation rather than the specified `unnest` chain on the `result` and `.metrics` columns. The logic for selecting the 'best' (highest estimate) is technically followed per the prompt's unusual instruction, but the process fidelity to the specific `dplyr`/`tidyr` chain requested is low.","Calls `rank_results` correctly. However, the subsequent comparison code is overly complex and deviates from the simple comparison requested. The core function call is present.","The student did not extract the 'base_forest' workflow as required by the rubric. Instead, they dynamically selected a best workflow and finalized it. Furthermore, the final comparison code is entirely custom (manual MSE calculation) rather than using the `fit()` function on the finalized workflow to compare OOB errors as specified. Significant deviation from ProcessFidelity."
39,24,24,"The student demonstrated strong proficiency in the initial data preparation and model specification steps (Ex1-6). However, deviations occurred in the workflow set construction and final model evaluation. Specifically, redefining recipes and models in later exercises rather than carrying forward previous objects led to inconsistencies. The final exercise failed to follow the specific instruction to use the 'base_forest' workflow, resulting in a lower score for that section.",2,3,3,3,3,3,2,2,2,1,"Code executes and uses `skimr::skim()`, but the conclusion in the markdown is incorrect. The Ames dataset has no missing data, but the student answered 'YES'.","Correctly sets seed, creates split with `initial_split`, and extracts training/testing sets using `rsample` functions.","Recipe is created with correct formula and steps (`step_log`, `step_other`, `step_dummy`, `step_center`, `step_scale`). Recipe is prepped and tidied.","Three models are defined correctly: base lm, glmnet with tuned penalty/mixture, and random forest with tuned min_n/trees.",Correctly applies `parsnip::translate()` to all three model specifications.,Correctly sets seed and creates bootstrap samples using `rsample::bootstraps()` on the training data.,"Workflow set is created, but the student defined a new recipe (`rec_base`) instead of using the `norm_recipe` from Exercise 3. Also used `unnest_wider` instead of `unnest` on the info column as requested.","Workflow map is executed. However, the student used `tune::collect_metrics()` and manual manipulation rather than the requested `tidyr::unnest()` on the `.metrics` column within the workflow set object. The logic for selecting the 'best' (highest estimate) is present but implemented via a different workflow than specified.","Calls `rank_results` correctly. The comparison logic is complex and deviates from the simple verification requested, but the core function is present.","The student did not extract the 'base_forest' workflow as specified. Instead, they dynamically selected a best workflow, finalized it, and then created a *new* workflow with a different recipe (`norm_recipe2`) and a linear model (`lm`) for the final fit, rather than fitting the tuned random forest model on the original recipe. The final comparison logic is also non-standard."
40,23,23,"The student demonstrated a good understanding of the tidymodels workflow, correctly setting up data splits, models, and resampling. However, there were deviations in the specific recipe steps (log base), the workflow set composition (using a different recipe), and the final model selection process (dynamic vs specified). The conclusion for the EDA was also incorrect.",2,3,2,3,3,3,2,2,2,1,"Code executes and uses `skimr::skim()`, but the conclusion in the markdown is incorrect. The Ames dataset has no missing data, but the student answered 'YES'.","Correctly sets seed, creates split with `initial_split` using correct parameters (`strata`, `prop`), and extracts training/testing sets.","Recipe structure is mostly correct, but `step_log` uses default base 10 instead of natural log (`base = exp(1)`). Also, `step_center` and `step_scale` are applied to `all_predictors()` which includes the outcome if not careful, though here it's likely fine as outcome is numeric. The main issue is the log base.","Correctly defines three models: base lm, glmnet with tuned penalty/mixture, and random forest with tuned min_n/trees. Uses correct engines and modes.",Correctly calls `parsnip::translate()` on all three model objects.,Correctly sets seed and creates bootstrap samples using `rsample::bootstraps()` on the training data.,"Creates a workflow set, but uses a different recipe (`rec_base`) than the one specified in Exercise 3 (`norm_recipe`). The rubric expects the recipe from Ex3. Also, `unnest_wider` is used instead of `unnest` on the info column, which changes the structure slightly but shows the contents.","The code to map workflows is present. However, the extraction of metrics uses `tune::collect_metrics` inside a `mutate`/`map` pipeline rather than the expected `unnest` workflow on the `result` column. It filters for rmse and groups, but the process fidelity is lower than the expected `unnest` chain.","Calls `rank_results` correctly. The comparison logic is complex and deviates from the simple 'compare to Ex8' instruction, but the core function is present.","The student does not extract the 'base_forest' workflow as specified in the rubric/solution. Instead, they dynamically find the best workflow and finalize it. While this is a valid approach, it deviates from the specific instructions to extract 'base_forest' and finalize with specific parameters (trees=1, min_n=11). The final fit comparison is done, but the workflow selection process is not what was asked."
41,23,23,"The student demonstrated a good understanding of the tidymodels workflow, particularly in data splitting, model specification, and resampling. However, there were deviations in the specific processes required by the rubric, such as using a different recipe in the workflow set and not following the exact code structure for extracting metrics and finalizing the model. The incorrect conclusion in Exercise 1 also cost points.",2,3,2,3,3,3,2,2,2,1,"Code executes and uses `skimr::skim()`, but the conclusion in the markdown is incorrect. The Ames dataset has no missing data, yet the student answered 'YES'. Deducted 1 point for OutputAccuracy.","Correctly sets seed, creates split with `initial_split` using correct parameters (`strata`, `prop`), and extracts training/testing sets.","Recipe structure is mostly correct, but `step_log` is applied to `all_outcomes()` without specifying `base = exp(1)` as required by the rubric for natural log. Also, `step_center` and `step_scale` are applied to `all_predictors()` which may include dummy variables created earlier if order isn't strictly controlled, though the rubric emphasizes the specific functions. Deducted 1 point for ProcessFidelity/OutputAccuracy regarding the log base specification.","Correctly defines three models: `lm_mod_base`, `glmnet_mod_tune` (with penalty/mixture tuned), and `rf_mod_tune` (with min_n/trees tuned). Uses correct engines and modes.",Correctly calls `parsnip::translate()` on all three model objects.,Correctly sets seed and creates bootstrap samples using `rsample::bootstraps()` on the training data.,"The `workflow_set` is created, but the recipe used (`rec_base`) differs significantly from the `norm_recipe` defined in Ex3 (e.g., uses `step_zv`, `step_impute`, different log base). The rubric expects the workflow set to use the recipe from Ex3. Deducted 1 point for ProcessFidelity.","The code uses `tune::collect_metrics()` and manual unnesting rather than the specific `dplyr::select`, `tidyr::unnest`, `dplyr::filter` chain specified in the rubric's ProcessFidelity check. While the result is likely similar, the workflow does not match the expected process. Deducted 1 point.","Calls `rank_results` but adds significant extra code to compare with Ex8 results manually. The rubric asks to run the code and compare output. The core function call is present, but the implementation is overly complex and deviates from the simple execution expected. Deducted 1 point for ProcessFidelity.","The student does not extract the 'base_forest' workflow as specified in the rubric's ProcessFidelity check. Instead, they dynamically find the best ID and finalize it. Furthermore, the final comparison code is messy, re-defines recipes, and calculates MSE manually rather than using the fitted workflow objects directly as implied by the template. Deducted 2 points for ProcessFidelity and OutputAccuracy."
42,23,23,"The student demonstrated good understanding of basic tidymodels functions like splitting data, creating models, and bootstrapping. However, they deviated from the required process in several key areas: not using the pipe operator `|>` where required, creating new recipes instead of reusing previous ones, and failing to follow the specific workflow extraction and finalization steps in Exercise 10. The markdown conclusions were also sometimes missing or incorrect.",2,3,2,3,3,3,2,2,2,1,"Code executes and uses `skimr::skim()`, but the conclusion in the markdown is incorrect. The Ames dataset contains missing data (e.g., in `Alley`, `Fireplace_Qual`), yet the student answered 'YES' to 'Is there any missing data?' implying they found none or misinterpreted the question relative to the rubric's expected 'No missing data' conclusion for the summary table context (or simply failed to identify the missing values correctly despite the code running). The rubric expects the conclusion that there is no missing data (likely referring to the specific variables used later or a misunderstanding of the dataset version, but the student's explicit 'YES' contradicts the standard interpretation of the skim output which shows NAs). More critically, the student did not use the pipe operator `|>` as required by the rubric for CodeExecution/ProcessFidelity.","Correctly sets seed, creates split with `initial_split` using correct parameters (`strata`, `prop`), and extracts training/testing sets. Process fidelity is high.","The recipe steps are present but the order is suboptimal (centering/scaling after dummy creation can be problematic if not careful, though `all_predictors` handles it). More importantly, the rubric requires `recipes::prep()` and `broom::tidy()` to be chained or used for examination. The student preps and tidies but does not use the pipe operator `|>` as explicitly requested in the rubric's CodeExecution check ('The pipe operator `|>` should be used'). Also, `step_log` was applied to `all_outcomes()` which is correct, but the rubric specifies `base = exp(1)` which is default, so that's fine. Deduction for not using `|>` and slightly messy process.","Correctly defines three models: `lm_mod_base`, `glmnet_mod_tune` (with penalty/mixture tuned), and `rf_mod_tune` (with min_n/trees tuned). Uses `set_engine` and `set_mode` appropriately.",Correctly calls `parsnip::translate()` on all three model objects. Output accuracy is met.,Correctly sets seed and creates bootstrap samples using `rsample::bootstraps()` on `ames_train`. Process fidelity is high.,"The student created a *new* recipe (`rec_base`) instead of using the `norm_recipe` from Exercise 3 as implied by the workflow continuity. The rubric expects the workflow set to use the recipe created in Ex3. Additionally, the student used `unnest_wider` instead of `unnest` on the info column, which changes the structure significantly from the expected output. Deduction for process fidelity (using wrong recipe) and output accuracy.","The student used `tune::collect_metrics()` and manual manipulation instead of the direct `tidyr::unnest()` chain on the `result` and `.metrics` columns as specified in the rubric's ProcessFidelity check. The rubric explicitly requires chaining `select`, `unnest`, `filter`, `group_by`, `arrange`, and `slice`. The student's approach is valid R code but deviates from the specific workflow taught and required by the rubric.","The student ran `rank_results` but added extensive extra code to compare it with Exercise 8 results manually. The rubric simply asks to run the function and compare. The extra code is not incorrect, but the core requirement was just to run `rank_results`. However, the student did not clearly state the comparison in markdown. Deduction for lack of clear markdown interpretation/comparison.","The student struggled significantly with Exercise 10. They did not extract the 'base_forest' workflow as specified in the rubric's ProcessFidelity check. Instead, they attempted to identify the best workflow dynamically and then created a *new* workflow (`wf`) using a *new* recipe (`norm_recipe2`) and a generic `linear_reg` model if the best workflow didn't exist, or updated the recipe. This deviates completely from the expected process of extracting `base_forest`, finalizing it with specific parameters (`trees=1, min_n=11`), and fitting it. The final MSE ratio calculation is also based on this incorrect workflow setup."
43,23,23,"The student demonstrated strong coding skills and understanding of the tidymodels workflow. However, points were deducted for deviating from specific rubric requirements, such as using the correct recipe in the workflow set, following the exact function chains for metric extraction, and adhering to the specific model selection instructions in Exercise 10. The incorrect conclusion about missing data in Exercise 1 also resulted in a deduction.",2,3,2,3,3,3,2,2,2,1,"Code executes `skimr::skim(dat)` correctly. However, the student incorrectly concluded there is missing data ('YES') despite the code output likely showing 0 missing values (Ames data in modeldata is clean). The rubric requires the conclusion that there is no missing data.","Correctly sets seed, creates split with `initial_split` using `strata = Sale_Price` and `prop = 0.75`, and extracts training/testing sets. Process fidelity is high.","Recipe structure is mostly correct. However, `step_log` was applied to `all_outcomes()` without specifying `base = exp(1)` (natural log), defaulting to base 10 or natural depending on version but explicit base is required by rubric. Also, `step_center` and `step_scale` were applied to `all_predictors()` which includes the outcome if not careful, or dummy variables created earlier. The order of operations (log before dummy/center/scale) is generally acceptable but the specific parameter `base=exp(1)` was missing.","Correctly defined three models: `lm_mod_base` (lm), `glmnet_mod_tune` (glmnet with penalty/mixture tuned), and `rf_mod_tune` (ranger with min_n/trees tuned). Used `parsnip::tune()` correctly.",Correctly called `parsnip::translate()` on all three model objects to display templates.,Correctly set seed and created bootstrap samples using `rsample::bootstraps()` on the training data.,"Created a workflow set, but used a different recipe (`rec_base`) than the one specified in Exercise 3 (`norm_recipe`). The rubric expects the workflow set to use the recipe created in Ex3. Also used `unnest_wider` instead of `unnest` on the info column, which changes the structure slightly but is functionally similar for examination. Deducted for not using the specified `norm_recipe`.","Used `workflow_map` correctly. However, the subsequent code to extract metrics used `tune::collect_metrics` and manual manipulation rather than the specific `dplyr`/`tidyr` chain requested in the rubric (`select`, `unnest`, `filter`, `group_by`, `arrange`, `slice`). The logic for selecting the 'best' (highest estimate) is also inverted for RMSE (lower is better), though the rubric asks to arrange descending and pick first, which the student did. The deviation from the specific function chain results in a partial deduction.","Called `rank_results` correctly. However, the comparison logic was overly complex and deviated from the simple verification requested. The code ran but did not clearly demonstrate the consistency check as simply as the rubric implies.","The student did not extract the 'base_forest' workflow as specified in the rubric's expected process. Instead, they dynamically determined the best workflow and finalized it. While this is good practice, it deviates from the specific instructions to extract 'base_forest' and finalize with specific parameters (trees=1, min_n=11). The final comparison code was also significantly different from the template, calculating MSE manually rather than using the fitted workflow objects directly as implied by the starter template structure."
44,24,21,"The student demonstrated good understanding of the initial data preparation and model specification steps (Ex1-Ex6). However, deviations in the workflow set creation (Ex7) and metric extraction (Ex8) led to compounding issues in the final exercises. The conclusion in Ex1 was factually incorrect regarding missing data. Ensure strict adherence to the specified recipe and workflow IDs in future labs.",2,3,3,3,3,3,2,2,2,1,"Code executes and uses `skimr::skim()`, but the conclusion in the markdown is incorrect. The Ames dataset has no missing data, but the student answered 'YES' to missing data. Deducted 1 point for OutputAccuracy.","Correctly sets seed, creates split with `initial_split` using correct parameters (`strata`, `prop`), and extracts training/testing sets. Meets all criteria.","Recipe is created with the correct formula and steps (`step_log`, `step_other`, `step_dummy`, `step_center`, `step_scale`). The recipe is prepped and tidied. Meets all criteria.","Three models are created: `lm_mod_base`, `glmnet_mod_tune` (with penalty/mixture tuned), and `rf_mod_tune` (with min_n/trees tuned). Correct engines and modes are set. Meets all criteria.",Correctly calls `parsnip::translate()` on all three model objects. Meets all criteria.,Correctly sets seed and creates bootstrap samples using `rsample::bootstraps()` on the training data. Meets all criteria.,"The `workflow_set` is created, but it uses a different recipe (`rec_base`) than the one specified in Exercise 3 (`norm_recipe`). The rubric requires using the recipe from Ex3. Also, `unnest_wider` is used instead of `unnest` on the info column, which changes the structure slightly, but the main issue is the wrong recipe. Deducted 1 point for ProcessFidelity/OutputAccuracy.","The student uses `tune::collect_metrics()` and manual manipulation instead of the required workflow of unnesting `result` and `.metrics` columns directly from `all_workflows` as specified in the rubric checks. While the result is similar, the process fidelity is low. Deducted 1 point for ProcessFidelity.",The student calls `rank_results` but does not use `select_best = TRUE` as required by the rubric. They also perform extensive manual comparison code not requested. Deducted 1 point for OutputAccuracy/ProcessFidelity.,"The student does not extract the 'base_forest' workflow as implied by the solution path (they extract based on rank results which might differ due to previous errors). They do not explicitly finalize with `trees=1, min_n=11` as seen in the solution. They fit a model and calculate MSE ratio, but the workflow extraction and finalization steps are not clearly aligned with the rubric's expected process. Deducted 2 points for ProcessFidelity and OutputAccuracy."
45,23,23,"The student demonstrated strong coding skills and understanding of the tidymodels ecosystem. However, points were deducted for not strictly following the prescribed workflow steps (e.g., using a different recipe in Ex7, not extracting the specific 'base_forest' model in Ex10) and for an incorrect conclusion in the EDA section. Ensure you follow the specific variable names and process steps outlined in the rubric.",2,3,2,3,3,3,2,2,2,1,"Code executes and uses `skimr::skim()`, but the conclusion in the markdown is incorrect. The Ames dataset has no missing data, but the student answered 'YES'.","Correctly sets seed, creates split with `initial_split` using correct parameters (`strata`, `prop`), and extracts training/testing sets.","Recipe structure is mostly correct, but `step_log` uses default base 10 instead of natural log (`base = exp(1)`). Also, `step_center` and `step_scale` are applied to `all_predictors()` which includes the outcome if not careful, though `all_numeric_predictors()` is preferred for fidelity. The main deduction is for the log base.","Correctly defines three models: base lm, glmnet with tuned penalty/mixture, and random forest with tuned min_n/trees. Uses `parsnip::tune()` correctly.",Correctly calls `parsnip::translate()` on all three model objects.,Correctly sets seed and creates bootstrap samples using `rsample::bootstraps()` on the training data.,"Creates a workflow set, but uses a different recipe (`rec_base`) than the one specified in Exercise 3 (`norm_recipe`). The rubric requires using the recipe created in Ex3. Also, `unnest_wider` is used instead of `unnest` on the info column, which changes the structure slightly but shows the contents.","The workflow mapping code is present. However, the extraction of metrics uses `tune::collect_metrics` inside a `mutate`/`map` pipeline rather than the standard `unnest` workflow specified in the rubric. The logic for filtering and selecting top rows is present but deviates from the expected `unnest` -> `filter` -> `group_by` -> `arrange` -> `slice` pipeline.","Calls `rank_results` correctly. The comparison logic is complex and deviates from the simple 'compare to results from Ex8' instruction, but the core function call is correct.","The student does not extract the 'base_forest' workflow as required by the rubric. Instead, they dynamically find the best workflow and finalize it. While this is a valid modeling approach, it fails the 'ProcessFidelity' check which explicitly requires extracting 'base_forest' and finalizing with specific parameters (trees=1, min_n=11). The final MSE ratio calculation is also based on a different workflow/recipe setup."
46,25,22,"The student demonstrated strong coding skills and correctly implemented most of the tidymodels workflow. However, points were lost for incorrect interpretation of the EDA results (Q1), deviation from the specified recipe in the workflow set (Q7), and not following the specific variable assignment and extraction instructions in the final model comparison (Q10). Ensure you follow the specific variable names and process steps outlined in the lab instructions.",2,3,3,3,3,3,2,2,3,1,"Code executes and uses `skimr::skim()`, but the conclusion in the markdown is incorrect. The Ames dataset has no missing data, yet the student answered 'YES' to missing data. Deducted 1 point for OutputAccuracy.","Correctly sets seed, creates split with `initial_split` using correct parameters (`strata`, `prop`), and extracts training/testing sets. Meets all criteria.","Recipe is created with the correct formula and steps (`step_log`, `step_other`, `step_dummy`, `step_center`, `step_scale`). The recipe is prepped and tidied. Meets all criteria.","Three models are created: base lm, glmnet with tuned penalty/mixture, and random forest with tuned min_n/trees. Correct engines and modes are set. Meets all criteria.",Correctly calls `parsnip::translate()` on all three model objects. Meets all criteria.,Correctly sets seed and creates bootstrap samples using `rsample::bootstraps()` on the training data. Meets all criteria.,"Workflow set is created, but the recipe used (`rec_base`) differs significantly from the required `norm_recipe` (uses `Sale_Price ~ .` instead of the specified formula, and includes imputation steps not requested). This affects ProcessFidelity. Deducted 1 point.","The student used `tune::collect_metrics()` and manual manipulation instead of the required `tidyr::unnest()` on the `.metrics` column within the workflow set structure as specified in the rubric. While the result is similar, the process fidelity to the specific tidyverse workflow requested is low. Deducted 1 point.",Correctly calls `workflowsets::rank_results()` with the specified parameters. Meets all criteria.,"The student did not extract the 'base_forest' workflow as required. Instead, they dynamically selected the best workflow ID and finalized it. Furthermore, the final comparison code is overly complex, manually calculating MSE ratios rather than using the fitted workflow objects directly as implied by the starter template. The specific variable assignments (`best_model_workflow`, `training_fit`, `testing_fit`) were not followed correctly. Deducted 2 points for ProcessFidelity and OutputAccuracy."
47,23,23,"The student demonstrated good understanding of the tidymodels workflow, particularly in model specification and resampling. However, there were deviations in process fidelity for Exercises 7, 8, and 10, where the student used alternative recipes or dynamic extraction methods instead of following the specific variable names and steps outlined in the rubric. The conclusion in Exercise 1 was also factually incorrect regarding missing data.",2,3,2,3,3,3,2,2,2,1,"Code executes and uses `skimr::skim()`, but the conclusion in the markdown is incorrect. The Ames dataset has no missing data, but the student answered 'YES'.","Correctly sets seed, creates split with `initial_split` using correct parameters (`strata`, `prop`), and extracts training/testing sets.","Recipe structure is mostly correct, but `step_log` uses default base 10 instead of natural log (`base = exp(1)`). Also, `step_center` and `step_scale` are applied to `all_predictors()` which includes the outcome if not careful, though `all_numeric_predictors()` is preferred for fidelity. The main deduction is for the log base.","Correctly defines three models: base lm, glmnet with tuned penalty/mixture, and ranger with tuned min_n/trees. Uses `parsnip::tune()` correctly.",Correctly calls `parsnip::translate()` on all three model objects.,Correctly sets seed and creates bootstrap samples using `rsample::bootstraps()` on the training data.,"Creates a workflow set, but uses a different recipe (`rec_base`) than the one specified in Exercise 3 (`norm_recipe`). The rubric requires using the recipe created in Ex3. Also, `unnest_wider` is used instead of `unnest` on the info column, which changes the structure slightly but shows the contents.","The workflow map is executed. However, the extraction of metrics uses `tune::collect_metrics` inside a `mutate`/`map` pipeline rather than the direct `unnest` chain specified in the rubric (`select` -> `unnest` -> `select` -> `unnest`). The logic for filtering and grouping is present but deviates from the expected process fidelity.",Calls `rank_results` but does not use `select_best = TRUE` as required by the rubric. The comparison logic is complex and deviates from the simple verification expected.,"The student does not extract the 'base_forest' workflow as required. Instead, they dynamically find the best ID and finalize it. They also redefine the recipe and fit a new workflow (`wf`) rather than fitting the finalized `best_model_workflow` on train/test data as specified. The final ratio calculation is present but based on a different model/recipe setup than requested."
48,24,24,"The student demonstrated strong proficiency in the initial data preparation and model specification steps (Ex1-6). However, deviations occurred in the workflow set creation (Ex7) where a different recipe was used, and in the final model evaluation (Ex10) where the specific instructions to extract and finalize the 'base_forest' model were not followed. The conclusion in Ex1 was also factually incorrect regarding missing data.",2,3,3,3,3,3,2,2,2,1,"Code executes and uses `skimr::skim()`, but the conclusion in the markdown is incorrect. The Ames dataset has no missing data, but the student answered 'YES'.","Correctly sets seed, creates split with `initial_split` using correct parameters (`strata`, `prop`), and extracts training/testing sets.","Recipe is created with the correct formula and steps (`step_log`, `step_other`, `step_dummy`, `step_center`, `step_scale`). Recipe is prepped and tidied.","Three models are defined correctly: base lm, glmnet with tuned penalty/mixture, and random forest with tuned min_n/trees.",Correctly applies `parsnip::translate()` to all three model specifications.,Correctly sets seed and creates bootstrap samples using `rsample::bootstraps()` on the training data.,"Workflow set is created, but the recipe used (`rec_base`) differs significantly from the required `norm_recipe` (uses `Sale_Price ~ .` and different steps). Also, `unnest_wider` was used instead of `unnest` on the info column as requested.","Workflow map is executed. However, the extraction of metrics uses `tune::collect_metrics` inside a mutate/map pipeline rather than the requested `unnest` workflow on the `result` column. The logic for selecting the 'best' (highest estimate) is present but the process fidelity to the specific `unnest` chain is low.","Calls `rank_results` correctly. The comparison logic is complex and deviates from the simple verification requested, but the core function is present.","The student did not extract the 'base_forest' workflow as required. Instead, they dynamically selected a best workflow and finalized it. The final comparison code is overly complex, re-defines recipes, and calculates MSE manually rather than using the OOB errors from the ranger model directly as implied by the solution template."
49,23,23,"The student demonstrates a good understanding of the tidymodels workflow, correctly setting up data splits, recipes, and models. However, there are deviations from the specific process fidelity required by the rubric, particularly in Exercises 7, 8, and 10 where the student used alternative (though often more robust) methods instead of the prescribed steps. The conclusion in Exercise 1 was incorrect.",2,3,2,3,3,3,2,2,2,1,"Code executes and uses `skimr::skim()`, but the conclusion in the markdown is incorrect. The Ames dataset has no missing data, but the student answered 'YES'.","Correctly sets seed, creates split with `initial_split` using correct parameters (`strata`, `prop`), and extracts training/testing sets.","Recipe structure is mostly correct, but `step_log` uses default base 10 instead of natural log (`base = exp(1)`). Also, `step_center` and `step_scale` are applied to `all_predictors()` which includes the outcome if not careful, though `all_numeric_predictors()` is preferred for fidelity to the rubric's specific instruction to center/scale predictors.","Correctly defines three models: base lm, glmnet with tuned penalty/mixture, and random forest with tuned min_n/trees. Uses correct engines and modes.",Correctly calls `parsnip::translate()` on all three model objects.,Correctly sets seed and creates bootstrap samples using `rsample::bootstraps()` on the training data.,"Creates a workflow set, but uses a different recipe (`rec_base`) than the one defined in Exercise 3 (`norm_recipe`). The rubric expects the workflow set to use the recipe created in Ex3. Also, `unnest_wider` is used instead of `unnest` on the info column, which changes the structure slightly from the expected output.","The code for mapping and extracting metrics is complex and deviates from the expected simple pipeline. It uses `mutate` and `map` instead of direct `unnest` on the result column. The filtering and grouping logic is present but convoluted. The rubric expects a direct pipeline using `select`, `unnest`, `filter`, `group_by`, `arrange`, `slice`.","Calls `rank_results` correctly, but the subsequent comparison code is overly complex and deviates from the simple 'compare to results from Ex8' instruction. The core function call is correct.","The student does not extract the 'base_forest' workflow as specified in the rubric. Instead, they dynamically find the best workflow and finalize it. While this is a valid modeling approach, it deviates from the specific process fidelity required (extracting 'base_forest', finalizing with specific parameters trees=1, min_n=11). The final comparison code is also significantly different from the template, manually calculating MSE rather than using the fitted workflow objects directly as implied by the starter template structure."
50,23,23,"The student demonstrated strong proficiency in setting up models, resampling, and workflow mapping. However, points were lost due to incorrect interpretation of EDA results (Ex1), deviations from the specific recipe and workflow variables defined in earlier exercises (Ex7, Ex10), and using alternative methods for metric extraction (Ex8) that did not match the rubric's process fidelity requirements. Ensure you follow the variable names and specific function chains requested in the rubric.",2,3,2,3,3,3,2,2,2,1,"Code executes and uses `skimr::skim()`, but the conclusion in the markdown is incorrect. The Ames dataset has no missing data, but the student answered 'YES'.","Correctly sets seed, creates split with `initial_split` using correct parameters (`strata`, `prop`), and extracts training/testing sets.","Recipe structure is mostly correct, but `step_log` uses default base 10 instead of natural log (`base = exp(1)`). Also, `step_center` and `step_scale` are applied to `all_predictors()` after `step_dummy`, which may scale dummy variables incorrectly depending on interpretation, though the rubric emphasizes the log base error.","Correctly defines three models: base lm, glmnet with tuned penalty/mixture, and random forest with tuned min_n/trees. Uses correct engines and modes.",Correctly calls `parsnip::translate()` on all three model objects.,Correctly sets seed and creates bootstrap samples using `rsample::bootstraps()` on the training data.,"Creates a workflow set, but uses a different recipe (`rec_base`) than the one defined in Exercise 3 (`norm_recipe`). The rubric expects the workflow set to use the recipe created in Ex3. Also, `unnest_wider` is used instead of `unnest` on the info column, which changes the structure slightly but is acceptable for examination.","Uses `workflow_map` correctly. However, the subsequent extraction of metrics uses `tune::collect_metrics` and manual manipulation rather than the direct `unnest` chain specified in the rubric (`select` -> `unnest` -> `filter` -> `group_by` -> `arrange` -> `slice`). The logic is sound but deviates from the expected process fidelity.","Calls `rank_results` correctly. The comparison code is complex and deviates from the simple 'compare to results from Ex8' instruction, but the core function call is present and correct.","The student does not extract the 'base_forest' workflow as required by the rubric. Instead, they dynamically find the best workflow ID and extract that. Furthermore, they redefine the recipe and model in the final chunk rather than using the finalized workflow from the previous steps. The final ratio calculation is also based on a manually constructed workflow, not the tuned best model."
