Run,Total,OverallComment,Q1,Q2,Q3,Q4,Q5,Q6,Q7,Q8,Q9,Q10,Q1_feedback,Q2_feedback,Q3_feedback,Q4_feedback,Q5_feedback,Q6_feedback,Q7_feedback,Q8_feedback,Q9_feedback,Q10_feedback
1,17,"You completed most of the required steps and showed a solid understanding of recipes, models, workflowsets, and tuning. The main issues were small but important deviations from the specified arguments (e.g., using `dat` vs `ames`, missing strata, not updating `all_workflows`, and differing best-model choices/parameters). For future labs, pay close attention to the exact objects, arguments, and workflow IDs requested in the instructions and rubric.",0,2,3,2,3,2,2,2,2,1,The code calls skim() on an undefined object `ames` instead of the provided `dat` object and does not use the pipe operator; this does not follow the required workflow or dataset.,"You correctly used set.seed(), initial_split(), training(), and testing(), and created ames_train/ames_test with a 0.75 split, but you omitted the required `strata = 'Sale_Price'` argument in initial_split.","You created the recipe with the correct formula on ames_train, applied step_log to Sale_Price, pooled Neighborhood, created dummies, centered and scaled predictors, and prepped then examined with broom::tidy; this matches the expected process and transformations.","You specified the three models with linear_reg(), rand_forest(), set_engine(), and tuning for penalty/mixture and min_n/trees, but you did not explicitly set mode = 'regression' for the glmnet model as required by the rubric.","You correctly applied parsnip::translate() to each of the three model objects, which is the expected workflow for inspecting the engine-specific templates.","You set the seed and created a bootstrap object from ames_train, but you did not namespace bootstraps() with rsample:: and changed the default parameters (times = 25) instead of using the default settings.","You built a workflow_set with the base recipe and three models and inspected the wflow_id/info columns, but you did not unnest the info column as requested, so the structure of each workflow is not fully shown.","You correctly unnested result and .metrics from a workflow_set, filtered for rmse, grouped by wflow_id, arranged by .estimate, and sliced the top row, but you created a new object `all_workflows_res` instead of updating `all_workflows` as specified and added extra CV/tuning setup beyond the requested pipeline.","You used workflowsets::rank_results() with rank_metric = 'rmse' and select_best = TRUE and compared results, but you applied it to `all_workflows_res` rather than directly to `all_workflows` as described in the rubric.","You demonstrated extracting a ranger workflow, finalizing with chosen parameters, and fitting to train/test data with an MSE ratio, but the workflow ID does not match the expected 'base_forest', the best parameters differ from the provided solution, and the reported MSE ratio is not close to the target value."
2,19,"You completed all exercises and generally followed the tidymodels workflow, including recipes, models, workflowsets, tuning, and evaluation. Most deductions are for small deviations from the specified objects (e.g., using `ames` vs `dat`, missing `strata`, not unnested info, or differing workflow IDs/parameters). For future labs, pay close attention to the exact variable names, arguments, and steps requested in the rubric to secure full credit.",1,2,3,2,3,2,2,2,2,2,"You used skimr::skim, but on `ames` instead of the defined `dat` object and without the pipe; also the rubric expects piping `dat |> skimr::skim()` and an explicit statement about no missing data based on that output.","You correctly used set.seed, initial_split, training, and testing with a 0.75 prop, but you omitted `strata = 'Sale_Price'`, which is required for full credit.","Recipe uses the correct formula, log-transforms Sale_Price, pools Neighborhood, creates dummies, centers and scales predictors, and is prepped then examined with broom::tidy; this matches the required process and transformations.","You correctly specified linear_reg, rand_forest, set_engine, and tuned parameters, but you did not set the mode for the glmnet model and used bare `tune()` instead of `parsnip::tune()`, which slightly departs from the expected parsnip workflow.",You applied parsnip::translate() to each of the three model objects as required; this matches the expected process and will show the correct engine-specific templates.,"You set the seed and created a bootstrap object from ames_train, but you used the unqualified bootstraps() instead of rsample::bootstraps() and changed the default resample count explicitly; use rsample::bootstraps(ames_train) for full alignment with the rubric.","You correctly built a workflow_set with one recipe and three models and inspected wflow_id and info, but you did not unnest the info column as requested, and model names differ from the base/glmnet/forest naming in the rubric.","You performed tuning with workflow_map and then unnested .metrics, filtered for rmse, grouped, arranged, and sliced, but you created a separate `all_workflows_res` instead of updating `all_workflows` and added extra CV setup not needed; the core unnest/filter/group/arrange/ slice workflow is correct.","You used workflowsets::rank_results with rank_metric = 'rmse' and select_best = TRUE and compared results, but you applied it to `all_workflows_res` and wrapped it in additional custom comparison code rather than the simple direct call on `all_workflows` specified in the rubric.","You extracted a ranger workflow, finalized it with tuned parameters, fit on train and test data, and computed a test/train MSE ratio, but the workflow id and parameters differ from the specified 'base_forest' with trees = 1, min_n = 11, so the final configuration and reported ratio do not match the expected solution."
3,19,"You completed all exercises with generally correct use of tidymodels, recipes, parsnip, rsample, and workflowsets, and your workflows and tuning logic are mostly sound. Most deductions are for not following the exact objects, arguments, or defaults specified in the rubric (e.g., using `dat`, adding `strata`, updating `all_workflows`, and using the prescribed best model and parameters). For future labs, focus on matching the requested function calls, argument values, and object names exactly, in addition to getting the overall modeling process right.",1,2,3,2,3,2,2,2,2,2,"You called skim() but on `ames` instead of the defined `dat` object, and did not use the pipe operator; the written conclusion about no missing data is present. Use `dat |> skimr::skim()` as in the instructions.","You correctly used set.seed(), initial_split(), training(), and testing() with a 0.75 split, but omitted the required `strata = 'Sale_Price'` argument. Add the stratification on Sale_Price to match the rubric.","Your recipe uses the correct formula, applies log to Sale_Price, pools Neighborhood, creates dummies, and then centers/scales predictors, and you prep and examine with broom::tidy(). This matches the expected preprocessing steps and order closely enough.","You correctly specified the three models and engines, and tuned penalty/mixture and min_n/trees, but did not explicitly set mode = 'regression' for the glmnet model. Always set the mode for all models per the rubric.","You applied parsnip::translate() to each of the three model objects as required, which will display the underlying engine-specific templates.","You set the seed and created a bootstrap object from ames_train, but used `bootstraps(ames_train, times = 25)` instead of the default parameters. Use the default call `rsample::bootstraps(ames_train)` to fully match the instructions.","You created a workflow_set with the base recipe and three models correctly, but in the second chunk you only selected the info column instead of unnesting it. Use `tidyr::unnest(info)` to inspect the workflow structure as requested.","You correctly used workflow_map, then selected wflow_id and result, unnested result and .metrics, filtered for rmse, grouped, arranged, and sliced. However, you created a new `all_workflows_res` instead of updating `all_workflows` as specified, and your code block includes extra setup not needed here.","You used workflowsets::rank_results() with rank_metric = 'rmse' and select_best = TRUE on `all_workflows_res`, and compared results, but the rubric expects this to be run on `all_workflows`. Align the object name with earlier steps to keep the workflow consistent.","You extracted a ranger workflow, finalized it with chosen parameters, fit on train and test data, and computed a test/train MSE ratio, but did not use the specified 'base_forest' workflow id or the given best parameters (trees = 1, min_n = 11). Follow the provided best-model configuration more closely."
4,16,"You completed most of the required steps and demonstrated a solid grasp of recipes, parsnip models, workflowsets, and tuning. The main issues are mismatches with the specified objects/arguments (e.g., using `ames` vs `dat`, missing `strata`, not unnested info, differing best-model workflow and parameters). For future labs, focus on closely following the exact variable names, arguments, and workflows requested in the instructions and rubric.",0,2,2,2,3,2,2,2,2,1,"Code calls skim() on an undefined object `ames` instead of the provided `dat`, and does not use the pipe operator; this does not meet the required workflow or output description.","You correctly set the seed, used initial_split(), training(), and testing(), and created ames_train/ames_test with a 0.75 split, but you omitted the required `strata = 'Sale_Price'` argument.","You created a recipe with the correct formula, applied log to Sale_Price, pooled Neighborhood, created dummies, and centered/scaled predictors, then prepped and tidied it; however, the order differs from the expected (center/scale before log/other/dummy), so process fidelity is slightly off.","You defined three parsnip models and used set_engine() appropriately; the random forest has tunable min_n and trees, but the glmnet model uses tune() without the parsnip:: prefix and does not explicitly set mode, so the specification is not fully aligned with the rubric.","You correctly called parsnip::translate() on each of the three model objects, satisfying the required workflow and expected outputs.","You set the seed and created a bootstrap object from ames_train, but you used bootstraps(ames_train, times = 25) instead of the default parameters and did not namespace rsample::bootstraps(), so process fidelity is slightly off.","You built a workflow_set with the base recipe and three models and inspected the wflow_id/info columns; however, you did not unnest the info column as requested, so the examination of the workflow structure is incomplete.","You used workflow_map() with resamples and grid, then unnested result and .metrics, filtered for rmse, grouped by wflow_id, arranged by .estimate, and sliced the top row; however, you created a separate `all_workflows_res` object instead of updating `all_workflows` as specified, and your code diverges from the provided pipeline structure.","You used workflowsets::rank_results() with rank_metric = 'rmse' and select_best = TRUE and compared results, but you applied it to `all_workflows_res` instead of `all_workflows` as in the rubric, so the process is slightly inconsistent with expectations.","You extracted a ranger workflow, finalized it with chosen parameters, and later built a more general best-model selection and evaluation pipeline; however, you did not extract the specified 'base_forest' workflow or use the given best parameters (trees = 1, min_n = 11), and your reported MSE ratio does not match the expected value."
5,18,"You completed most of the workflowsets, recipes, and modeling steps and showed a good grasp of tidymodels syntax. The main issues were mismatches with the specified objects and arguments (e.g., using `ames` vs `dat`, missing stratification, not reusing `all_workflows`, and differing best-model choices/parameters). Review the rubric instructions closely and align object names, arguments, and workflow IDs with the expected process in future labs.",0,2,3,2,3,2,2,1,2,1,"The code calls skim() on an undefined object `ames` instead of the `dat` dataset and does not use the pipe operator from `dat`, so required syntax and dataset are incorrect.","You correctly set the seed, used initial_split(), training(), and testing(), and created ames_train/ames_test, but you omitted the required `strata = 'Sale_Price'` argument in initial_split().","You created the recipe with the correct formula on ames_train, applied step_log to Sale_Price, pooled Neighborhood, created dummies, centered and scaled predictors, and prepped then examined with broom::tidy(); this matches the expected process and transformations.","You specified the three models with correct engines and tuning parameters, but you did not explicitly set the mode to 'regression' for the lm and glmnet models, which is expected in the rubric.","You correctly applied parsnip::translate() to each of the three model objects, which is exactly what was required for this exercise.","You set the seed and created a bootstrap object from ames_train, but you used bootstraps(ames_train, times = 25) instead of the default parameters as specified in the rubric.","You built a workflow_set with the base recipe and three models correctly, but you only selected the info column instead of unnesting it to show the full workflow structure as requested.","You demonstrated unnesting .metrics, filtering for rmse, grouping, arranging, and slicing, but you rebuilt a separate workflow set and used `all_workflows_res` instead of updating and using the original `all_workflows` object as specified.","You used workflowsets::rank_results() with rank_metric = 'rmse' and select_best = TRUE and compared results, but you applied it to `all_workflows_res` rather than directly to `all_workflows` as described in the rubric.","You extracted and finalized a ranger workflow and computed train/test metrics and an MSE ratio, but the workflow ID, best parameters, and reported ratio do not match the specified 'base_forest' workflow with trees = 1, min_n = 11 and the expected ~0.1146 ratio."
6,17,"You completed most of the required tidymodels workflow, including recipes, models, workflow sets, tuning, and metric extraction. The main deductions are for small deviations from the specified objects/arguments (e.g., using `ames` vs `dat`, missing `strata`, not unnesting `info`, and not strictly following the provided pipelines). For future labs, align more closely with the given templates and argument requirements to ensure full credit.",1,2,3,2,3,2,2,2,,,"You used skimr::skim, but on `ames` instead of the defined `dat` object and without the pipe; also the rubric expects piping `dat |> skimr::skim()` and an explicit statement about no missing data based on that output.","You correctly used set.seed, initial_split, training, and testing with a 0.75 prop, but you omitted `strata = 'Sale_Price'`, which is required for full credit.","Your recipe uses the correct formula, applies log to Sale_Price, pools Neighborhood, creates dummies, centers and scales predictors, and then preps and inspects with broom::tidy; this matches the expected process and transformations.","You correctly specified the three parsnip models and tuned parameters, but you did not set the mode for the glmnet model, and you used bare `tune()` instead of `parsnip::tune()`, which is slightly incomplete per the rubric.",You applied parsnip::translate() to each of the three model objects as required; this matches the expected workflow and will show the correct engine-specific templates.,"You set the seed and created a bootstrap object from ames_train, but you did not namespace rsample::bootstraps and changed defaults (times = 25); use `rsample::bootstraps(ames_train)` with defaults for full credit.","You correctly built a workflow_set with the recipe and three models, but you only selected the info column instead of unnesting it; use `tidyr::unnest(info)` to fully examine the workflow structure as required.","You demonstrated the correct unnest–filter–group–arrange–slice pipeline on a tuned workflow set, but you created a new `all_workflows_res` instead of using the provided `all_workflows` object and did not follow the exact select/unnest sequence from the template.",,
7,17,"You completed all exercises and demonstrated a solid grasp of tidymodels workflows, recipes, models, and workflowsets. Most required functions are present and used in a reasonable way, but several steps diverge from the exact processes and parameter choices specified in the rubric (e.g., stratified split, recipe details, workflow IDs, and final model parameters). Review the solution template to align object names, arguments, and workflow IDs more closely with the expected workflow in future labs.",1,2,2,2,3,2,2,2,2,1,"You called skim() but on `ames` instead of the defined `dat` object, and did not use the pipe from `dat` to `skim()`. The written conclusion about no missing data is present, but process and object naming don’t follow the rubric.","You correctly used set.seed(), initial_split(), training(), and testing() with a 0.75 split. However, you omitted `strata = 'Sale_Price'`, so the split does not fully match the specified process.","You created a recipe with the correct formula, applied log to Sale_Price, pooled Neighborhood, created dummies, and centered/scaled predictors, then prepped and tidied it. You did not explicitly set the log base to exp(1), and you centered/scaled all predictors (including dummies) rather than only numeric predictors as specified.","You defined three parsnip models with appropriate engines and tuning parameters, and set mode for the random forest. However, you did not set the mode explicitly for the glmnet model, and you used `tune()` without the `parsnip::` namespace, which is less precise per the rubric.","You correctly applied parsnip::translate() to each of the three model objects, which matches the expected workflow and would display the three engine-specific templates.","You set the seed and created a bootstrap object from `ames_train`, but you used `bootstraps(ames_train, times = 25)` instead of the default parameters and omitted the `rsample::` namespace. The result is still a valid bootstrap resampling object.","You built a workflow_set with the base recipe and three models and inspected the wflow_id and info columns. However, you did not unnest the `info` column as requested, so the full workflow structure is not shown.","You correctly mapped tuning over the workflow set, unnested `result` and `.metrics`, filtered for rmse, grouped by wflow_id, arranged by .estimate, and sliced the top row. However, you created a new `all_workflows_res` object instead of updating `all_workflows` as specified, and your code diverges somewhat from the provided pipeline structure.","You used workflowsets::rank_results() with `rank_metric = 'rmse'` and `select_best = TRUE` on `all_workflows_res` and compared results, which matches the intent. The rubric expects the function to be called on `all_workflows`, but the overall process is correct.","You used extract_workflow(), finalize_workflow(), and fit() and computed train/test metrics and an MSE ratio. However, you did not extract the specified 'base_forest' workflow or use the given best parameters (trees = 1, min_n = 11), and your workflow IDs/parameter choices differ from the rubric’s expected final model and ratio."
8,19,"You completed all exercises with generally correct use of tidymodels, recipes, parsnip, rsample, and workflowsets. Most workflows and transformations are structurally sound, but several steps deviate from the exact rubric requirements (e.g., specific objects, arguments, and IDs). For future labs, align more closely with the specified variable names, arguments (like strata, defaults), and exact workflows to ensure full credit.",1,2,3,2,3,2,2,2,2,2,"You used skimr::skim, but on `ames` instead of the defined `dat` object and without the pipe; also the rubric expects piping `dat |> skimr::skim()` and an explicit statement about no missing data in the skim output.","You correctly used set.seed, initial_split, training, and testing with a 0.75 prop, but you omitted `strata = 'Sale_Price'`, which is required for full credit.","Recipe uses the correct formula, applies log to Sale_Price, pools Neighborhood, creates dummies, and then centers/scales predictors; you prep and inspect with broom::tidy, matching the required process and transformations.","All three models are specified with correct engines and tuning parameters, but you did not explicitly set mode = 'regression' for the glmnet model as required by the rubric.","You correctly call parsnip::translate() on each of the three model objects, which matches the expected workflow and output structure.","You set the seed and created a bootstrap object from ames_train, but you used `bootstraps(ames_train, times = 25)` instead of the default parameters specified in the rubric.","You correctly build a workflow_set with one recipe and three models and inspect its structure, but you only select the info column instead of unnesting it as required to fully examine the workflow contents.","You correctly unnest result and .metrics, filter for rmse, group by wflow_id, arrange by .estimate, and slice the top row, but you redo the workflow/recipe setup and use a separate `all_workflows_res` object rather than operating directly on the tuned `all_workflows` as described.","You use workflowsets::rank_results with rank_metric = 'rmse' and select_best = TRUE and compare results, but you apply it to `all_workflows_res` and add extra analysis rather than the minimal direct call on `all_workflows` specified in the rubric.","You extract a ranger workflow, finalize it with chosen parameters, fit on train and test, and compute an MSE ratio, but the workflow ID and parameter values differ from the specified 'base_forest' with trees = 1 and min_n = 11, so the expected configuration and ratio are not matched."
9,17,"You implemented most of the required tidymodels workflow, including recipes, model specifications, workflow sets, tuning, and performance comparison. The main issues are small deviations from the specified objects/arguments (e.g., using `ames` vs `dat`, missing stratification, not updating `all_workflows`, and differing best-model choices/parameters). Tightening alignment with the instructions and rubric (especially object names, arguments, and required IDs) will help you receive full credit in future labs.",0,2,3,2,3,2,2,2,2,1,"Code calls skim() on an undefined object `ames` instead of the provided `dat`, and does not use the pipe operator; this does not meet the required workflow or output description.","You correctly set the seed, used initial_split(), training(), and testing(), and created ames_train/ames_test with a 0.75 prop, but you omitted the required `strata = 'Sale_Price'` argument.","Recipe uses the correct formula, applies log to Sale_Price, pools Neighborhood, creates dummies, centers and scales predictors, and is prepped then examined with broom::tidy(); this matches the expected process and transformations.","All three models are specified with the correct parsnip functions and engines, and tuning parameters are set, but you did not explicitly set the mode for the lm and glmnet models as required.","You applied parsnip::translate() to each of the three model objects, which is the expected workflow to inspect the engine-specific templates.","You set the seed and created a bootstrap object from ames_train, but you did not namespace bootstraps() with rsample:: and changed defaults by specifying times = 25 and extra inspection code.","You correctly built a workflow_set with the recipe and three models, but you only selected the info column instead of unnesting it to show the full workflow structure as requested.","You correctly used workflow_map(), unnested result and .metrics, filtered for rmse, grouped by wflow_id, arranged by .estimate, and sliced the top row, but you created a separate `all_workflows_res` object instead of updating `all_workflows` as specified.","You used workflowsets::rank_results() with rank_metric = 'rmse' and select_best = TRUE and compared results, but applied it to `all_workflows_res` rather than directly to `all_workflows` as in the rubric.","You extracted and finalized a ranger workflow and fit it on train/test data with an MSE ratio, but the workflow ID, best parameters, and reported ratio do not match the specified 'base_forest' workflow and given parameter values."
10,18,"You completed most of the required steps and demonstrated a solid understanding of recipes, models, workflowsets, and tuning. The main deductions are for small but important mismatches with the specified process (e.g., missing strata in the split, not using the exact objects/ids/parameters requested, and not fully following the unnesting instructions). For future labs, focus on matching the rubric’s exact function calls, arguments, and object names, even if your alternative approach is reasonable.",1,2,3,2,3,2,2,2,2,1,"You used skimr::skim, but on `ames` instead of the defined `dat` object and without the pipe; also the rubric expects piping `dat |> skimr::skim()` and an explicit statement about no missing data based on that output.","You correctly used set.seed, initial_split, training, and testing with a 0.75 prop, but you omitted `strata = 'Sale_Price'`, which is required for full credit.","Recipe uses the correct formula, applies log to Sale_Price, pools Neighborhood, creates dummies, and then centers/scales predictors; you also prep and inspect with broom::tidy, matching the expected workflow.","All three models are specified with the right parsnip functions and engines, and tuning parameters are set, but you did not explicitly set `set_mode('regression')` for the glmnet model as required by the rubric.","You correctly called parsnip::translate() on each of the three model objects, which is exactly what was required.","You set the seed and created a bootstrap object from ames_train, but you did not namespace `bootstraps()` with rsample:: and you changed the defaults (times = 25) instead of using the default parameters.","You correctly built a workflow_set with the base recipe and three models, but you only selected the info column instead of unnesting it to show the workflow structure as requested.","You demonstrated the correct unnest–filter–group–arrange–slice pipeline on the workflow results and focused on rmse, but you introduced a separate `all_workflows_res` object and extra CV setup instead of applying the operations directly to the tuned `all_workflows` as described.","You used workflowsets::rank_results with rmse and select_best=TRUE and compared results, but you applied it to `all_workflows_res` and added extra analysis rather than the minimal call on `all_workflows` specified in the rubric.","You showed how to extract a ranger workflow, finalize it with chosen parameters, and then fit and compare train/test performance, but the workflow id (`base_ranger`) and parameters do not match the specified 'base_forest' with trees=1, min_n=11, and the reported MSE ratio differs from the expected value."
11,18,"You completed all exercises and demonstrated a solid grasp of tidymodels workflows, recipes, models, and workflowsets. Most required functions and steps are present, but several details diverge from the rubric (e.g., stratification in splits, exact recipe options, updating `all_workflows`, and specific best-model parameters). Review the solution file to align your code more closely with the expected processes and argument choices.",1,2,2,2,3,2,2,2,2,2,"You used skim() but on `ames` instead of the defined `dat` object, and did not use the pipe operator as specified; the missing-data conclusion is stated, but the workflow does not fully match the rubric.","You correctly used set.seed(), initial_split(), training(), and testing() with a 75% split, but you omitted `strata = 'Sale_Price'`, so the split is not stratified as required.","You created the correct recipe with log(Sale_Price), step_other, dummy variables, centering, and scaling, and prepped it; however, you did not specify `base = exp(1)` in step_log and centered/scaled all predictors (including dummies) rather than only numeric predictors as in the expected process.","You defined three parsnip models with appropriate engines and tuning parameters, but you did not explicitly set the mode for the glmnet model and used `tune()` without the `parsnip::` namespace, which slightly diverges from the expected specification.","You correctly called parsnip::translate() on each of the three model objects, matching the expected workflow and outputs.","You set the seed and created a bootstrap object from ames_train, but you did not namespace bootstraps() with rsample:: and changed the default resample count by specifying `times = 25`.","You built a workflow_set with the recipe and three models and inspected the wflow_id and info columns, but you did not unnest the info column as requested, and your model object names differ from those in earlier exercises (though functionally acceptable).","You correctly used workflow_map(), unnested result and .metrics, filtered for rmse, grouped by wflow_id, and arranged/sliced, but you created a new `all_workflows_res` object instead of updating `all_workflows` as specified and added extra CV/tuning setup beyond the requested minimal pipeline.","You used rank_results() with `rank_metric = 'rmse'` and `select_best = TRUE` and compared results, but you applied it to `all_workflows_res` instead of `all_workflows` as in the rubric and added extra comparison code not required.","You extracted a ranger workflow, finalized it with chosen parameters, fit on train and test data, and computed a test/train MSE ratio; however, the workflow id differs from the expected 'base_forest', the best parameters do not match the provided solution, and the reported ratio is not close to the target value."
12,19,"You implemented most of the required tidymodels workflow: recipes, models, workflow sets, tuning, and performance comparison are all present and largely correct. Most deductions are for not following exact rubric details (correct object names, strata argument, default bootstrap settings, and specific workflow IDs/parameters) rather than for major conceptual errors. Tightening alignment with the provided process (especially object names, arguments like strata, and using the specified workflow IDs and parameters) will bring this to full credit.",1,2,3,2,3,2,2,2,2,2,"You used skim() but on `ames` instead of the defined `dat` object, and did not use the pipe operator as specified. The missing-data conclusion is stated, but process and object choice do not follow the rubric.","You correctly used set.seed(), initial_split(), training(), and testing() with a 0.75 prop, but omitted `strata = 'Sale_Price'`. Add the strata argument to fully match the expected process.","Your recipe uses the correct formula, log-transforms Sale_Price, pools Neighborhood, creates dummies, centers and scales predictors, and then preps and tidies the recipe. The order is acceptable and matches the required transformations.","You correctly specified a base lm model and a glmnet model with tunable penalty and mixture, and a ranger random forest with tunable min_n and trees. However, you did not explicitly set the mode for the first two models, which is expected in the rubric solution.","You applied parsnip::translate() to each of the three model objects, which matches the required workflow and will display the engine-specific templates.","You set the seed and created a bootstrap object from ames_train, but did not namespace bootstraps() with rsample:: as required, and you changed the default resample count by specifying times = 25.","You correctly created a workflow_set with the recipe and three models and inspected wflow_id and info, but you did not unnest the info column as requested, so the structure is not fully examined per the rubric.","You used workflow_map(), then selected, unnested, filtered for rmse, grouped, arranged, and sliced, which matches the intended process, but you created a separate `all_workflows_res` instead of updating `all_workflows` as specified. The overall workflow and metrics extraction are otherwise correct.","You called rank_results() with rank_metric = 'rmse' and select_best = TRUE and compared results, but you applied it to `all_workflows_res` rather than `all_workflows` as in the rubric. The ranking logic and comparison are still appropriate.","You extracted a ranger workflow, finalized it with chosen parameters, and then in a more elaborate pipeline re-identified and finalized the best workflow and compared train/test performance, including an MSE ratio. However, the initial extract_workflow id ('base_ranger' vs expected 'base_forest') and parameter values differ from the provided solution, so the specific expected configuration and ratio are not matched."
13,19,"You implemented most of the required tidymodels workflow: recipes, models, workflow_set, tuning, and evaluation are all present and largely correct. The main issues are small deviations from the specified objects/arguments (e.g., using `ames` vs `dat`, missing stratification, different workflow IDs/parameters) and not fully following some exact rubric steps (like unnesting info). Tightening alignment with the provided process and argument details would bring this to full credit.",1,2,3,2,3,2,2,2,2,2,"You called skim() but on `ames` instead of the defined `dat` object, and did not use the pipe operator; process and object choice don’t match the rubric.","You correctly used set.seed(), initial_split(), training(), and testing() with a 0.75 split, but omitted `strata = 'Sale_Price'`, so the split is not stratified as required.","Recipe uses the correct formula, applies log to Sale_Price, pools Neighborhood, creates dummies, centers and scales predictors, and preps then tidies; order is acceptable and matches the intended transformations.","You correctly specified linear_reg, rand_forest, engines, and tuning parameters, but did not set mode = 'regression' for the glmnet model and used unqualified tune(), which slightly departs from the expected parsnip::tune() usage.","You applied parsnip::translate() to each of the three model objects as required, which will display the underlying engine-specific templates.","You set the seed and created a bootstraps object on ames_train, but did not namespace rsample::bootstraps() and changed the default resample count (times = 25), so the process is slightly off the rubric.","You correctly built a workflow_set with the recipe and three models and inspected wflow_id and info, but did not unnest the info column as requested, so the structure is not fully examined.","You correctly unnested result and .metrics, filtered for rmse, grouped by wflow_id, arranged by .estimate, and sliced the top row, but you rebuilt workflows and used a different resampling/tuning setup than the provided workflow_map call, so the process diverges from instructions.","You used workflowsets::rank_results() with rank_metric = 'rmse' and select_best = TRUE and compared results, but operated on `all_workflows_res` instead of the rubric’s `all_workflows`, adding extra steps beyond what was asked.","You extracted a ranger workflow, finalized it with chosen parameters, fit on train and test data, and computed an MSE ratio, but did not use the specified 'base_forest' workflow or the given best parameters (trees = 1, min_n = 11), so the selected model and reported ratio differ from the expected solution."
14,18,"You completed all exercises and demonstrated a solid grasp of tidymodels workflows, recipes, models, and workflowsets. Most steps follow the intended structure, but there are several deviations from the exact rubric specifications (object names, arguments like strata, defaults, and some output expectations). Review the solution template to align more closely with the required processes and argument choices in future labs.",1,2,2,2,3,2,2,2,2,2,"You used skim() but on `ames` instead of the defined `dat` object, and did not use the pipe operator as specified; the missing-data conclusion is present but process and object choice do not match the rubric.","You correctly used set.seed(), initial_split(), training(), and testing() with a 0.75 prop, but omitted the required `strata = 'Sale_Price'` argument; otherwise the workflow is correct.","You created the correct recipe with the right formula and included log, other, dummy, center, and scale steps, then prepped and tidied it; however, you did not specify `base = exp(1)` in step_log and centered/scaled all predictors (including dummies) rather than only numeric predictors.","You defined three parsnip models and used tune() for the appropriate parameters, but did not set the mode for the lm and glmnet models and used bare `tune()` instead of `parsnip::tune()`, which is less explicit than expected.","You correctly called parsnip::translate() on each of the three model objects, matching the expected workflow and outputs.","You set the seed and created a bootstrap object from ames_train, but used the un-namespaced bootstraps() and changed the default number of resamples (times = 25) instead of relying on defaults.","You built a workflow_set with the intended recipe and three models and showed the wflow_id and info columns, but did not unnest the info column as requested and your model object names differ from the rubric’s (lm/glmnet/ranger vs base/glmnet/forest).","You correctly used workflow_map(), then selected, unnested, filtered for rmse, grouped, arranged, and sliced to get best metrics; however, you created a separate `all_workflows_res` instead of updating `all_workflows` as specified and changed resampling/grid settings from the provided defaults.","You used workflowsets::rank_results() with rank_metric = 'rmse' and select_best = TRUE and compared results, but applied it to `all_workflows_res` rather than `all_workflows` as in the rubric and added extra, unnecessary complexity.","You extracted a ranger workflow, finalized it with chosen parameters, fit on train and test data, and computed a test/train MSE ratio; however, the workflow id and best parameters differ from the specified base_forest/trees=1,min_n=11 example, and your reported ratio does not match the expected approximate value."
15,18,"You completed all exercises and generally followed the tidymodels workflow, including recipes, models, workflowsets, tuning, and evaluation. Most key functions are present, but there are several deviations from the specified objects, arguments (e.g., strata, base in step_log), and naming conventions, and some steps are more complex or inconsistent than required. Focusing on using the exact data objects, arguments, and workflow updates described in the rubric will help align your solutions more closely with expectations.",1,2,2,2,3,2,2,2,2,2,"You called skim() but on `ames` instead of the defined `dat` object, and did not use the pipe operator; the written conclusion about no missing data is present, but code setup and process don’t match the rubric.","You correctly used set.seed(), initial_split(), training(), and testing() with a 0.75 split, but you omitted the required `strata = 'Sale_Price'` argument.","You created a recipe with the correct formula, applied log to Sale_Price, pooled Neighborhood, created dummies, and centered/scaled predictors, then prepped and tidied; however, you did not specify `base = exp(1)` in step_log and centered/scaled all predictors (including the outcome) rather than only numeric predictors.","You defined three parsnip models and used tune() for penalty/mixture and min_n/trees, and set the ranger mode to regression; however, you did not set the mode for the lm and glmnet models, and you used unqualified tune() instead of parsnip::tune(), which is slightly off the expected pattern.","You correctly applied parsnip::translate() to each of the three model objects, matching the expected workflow and outputs.","You set the seed and created a bootstrap object from ames_train, but you used `bootstraps(ames_train, times = 25)` instead of the default parameters and did not namespace rsample::bootstraps as specified.","You rebuilt an unprepped recipe, defined three models, and created a workflow_set with them; however, the model object names differ from the earlier ones, and you only selected the info column instead of unnesting it to inspect the workflow structure as required.","You used workflow_map() (on a new object) and then correctly unnested result and .metrics, filtered for rmse, grouped by wflow_id, arranged by .estimate, and sliced the top row; however, you created and used `all_workflows_res` instead of updating `all_workflows` as specified, and your earlier workflow_map call on `all_workflows` is not integrated with this analysis.","You called rank_results() with the correct arguments and compared results, but you applied it to `all_workflows_res` rather than the rubric’s `all_workflows`, and the extra manual comparison code is more complex than needed.","You extracted a ranger workflow, finalized it with chosen parameters, and later implemented a full tune–select–finalize–fit pipeline and computed a test/train MSE ratio; however, the workflow ID used (`base_ranger`) does not match the expected `base_forest`, the best parameters differ from the solution, and the reported MSE ratio is not close to the target value."
16,20,"Most exercises are completed with the correct functions and general workflows, and you demonstrate a solid grasp of recipes, models, workflowsets, and tuning. Points were mainly lost where the rubric required specific arguments (e.g., using `dat`, adding `strata`, rsample:: namespacing, unnesting info) or specific IDs/values for comparison. Review the rubric details and align object names, arguments, and final comparison metrics more closely with the provided specifications.",1,2,3,2,3,2,2,3,3,2,"You used skim() but on `ames` instead of the defined `dat` object, and did not use the pipe operator as specified; the missing-data conclusion is present but process and object choice do not follow the rubric.","You correctly used set.seed(), initial_split(), training(), and testing() with a 0.75 prop, but omitted the required `strata = 'Sale_Price'` argument; otherwise the workflow is correct.","Your recipe uses the correct formula, log-transforms Sale_Price, pools Neighborhood, creates dummies, and then centers/scales predictors, and you prep and tidy it; this matches the expected process and transformations.","You correctly specified linear_reg, glmnet, and rand_forest models with tuning parameters and engines, but did not explicitly set the mode for the glmnet model; otherwise the model specs align with the rubric.","You applied parsnip::translate() to each of the three model objects, which is exactly what was required to inspect the engine-specific templates.","You set the seed and created a bootstraps object from ames_train, but did not namespace bootstraps() with rsample:: and changed the default resample count (times = 25); process is mostly correct but not fully per instructions.","You built a workflow_set with the base recipe and three models and inspected wflow_id and info, but did not unnest the info column as requested; the workflow structure is otherwise appropriate.","You mapped workflow_map over the workflow set, then unnested result and .metrics, filtered for rmse, grouped by wflow_id, arranged by .estimate, and sliced the top row; this matches the required workflow even though you used a separate object name.",You used workflowsets::rank_results with rank_metric = 'rmse' and select_best = TRUE and compared results to those from Exercise 8 via additional summaries; this satisfies the rubric for ranking and comparison.,"You extracted a ranger workflow, finalized it with chosen parameters, and then elsewhere implemented a full finalize–fit–evaluate cycle and reported a test/train MSE ratio; however, the workflow ID differs from the rubric’s base_forest example and the reported ratio does not match the expected value."
17,21,"You implemented most of the required tidymodels workflow correctly, including recipes, model specifications, workflow sets, tuning, and performance comparison. The main issues are small deviations from the specified arguments (e.g., strata in splits, default bootstrap settings) and not exactly following some naming/ID conventions. Tightening alignment with the instructions and rubric details will help ensure full credit in future labs.",1,2,3,2,3,2,2,3,3,2,"You used skim() but on `ames` instead of the defined `dat` object, and did not use the pipe operator as specified; the missing-data conclusion is stated. Use `dat |> skimr::skim()` next time.","You correctly used set.seed(), initial_split(), training(), and testing() with a 75% split, but omitted `strata = 'Sale_Price'`. Add the strata argument to match the rubric.","Your recipe uses the correct formula, logs Sale_Price, pools Neighborhood, creates dummies, centers and scales predictors, and preps then tidies the recipe. This matches the required process and transformations.","You correctly specified linear_reg, glmnet, and rand_forest models with tuning parameters and engines, but did not explicitly set mode for the first two models. Always set `set_mode('regression')` for clarity and consistency.","You applied parsnip::translate() to each of the three model objects as required, which will display the underlying engine-specific templates.","You set the seed and created a bootstraps object from ames_train, but did not namespace rsample::bootstraps and changed the default resample count (times = 25). Use `rsample::bootstraps(ames_train)` with defaults per the rubric.","You correctly built a workflow_set with the recipe and three models, but did not unnest the `info` column as requested—only selected it. Use `tidyr::unnest(info)` to inspect the workflow structure.","You mapped tuning over the workflow set and then selected wflow_id and result, unnested result and .metrics, filtered for rmse, grouped, arranged by .estimate, and sliced the top row per group, matching the required workflow.","You used workflowsets::rank_results with `rank_metric = 'rmse'` and `select_best = TRUE` and compared results to those from Exercise 8, satisfying the rubric requirements.","You extracted a ranger workflow, finalized it with chosen parameters, fit on train and test data, and computed an MSE ratio, but did not use the specified 'base_forest' ID or the given best parameters (trees = 1, min_n = 11). Align IDs and parameters with the earlier tuning results."
18,17,"You completed all exercises and demonstrated a generally solid understanding of recipes, models, workflowsets, and tuning. Most core steps are present, but several details diverge from the specified process (e.g., correct data object in Q1, stratification in Q2, exact recipe and workflow usage, and matching the prescribed best model parameters). Review the solution template to align more closely with the expected workflows and argument choices in future labs.",0,2,2,2,3,2,2,2,2,2,"Code calls skim() on an undefined object `ames` instead of the provided `dat`, and does not use the pipe operator; this does not meet the required workflow.","You correctly set the seed, used initial_split(), training(), and testing(), and created ames_train/ames_test with a 75% split, but you omitted the required `strata = 'Sale_Price'` argument.","You created a recipe with the correct formula, applied log to Sale_Price, pooled Neighborhood, created dummies, and centered/scaled predictors, then prepped and tidied it; however, you did not explicitly set `base = exp(1)` in step_log and centered/scaled all predictors (including the outcome) rather than only numeric predictors.","You defined three parsnip models and used tune() for penalty/mixture and min_n/trees, but you did not set the mode for the lm and glmnet models and used unqualified tune() instead of parsnip::tune(), which partially diverges from the expected specification.","You correctly applied parsnip::translate() to each of the three model objects, which would display the underlying engine-specific templates.","You set the seed and created a bootstrap object from ames_train, but you did not namespace bootstraps() with rsample:: and changed the default resample count by specifying times = 25.","You rebuilt an appropriate unprepped recipe, specified three models, and created a workflow_set with them; however, you did not unnest the info column as requested and only selected it, so the structure is not fully examined.","You correctly unnested result and .metrics, filtered for rmse, grouped by wflow_id, arranged by .estimate, and sliced the top row; however, you rebuilt the workflows and used a different resampling/tuning setup (vfold_cv and a separate all_workflows_res) instead of operating directly on the tuned all_workflows object as specified.","You used workflowsets::rank_results() with rank_metric = 'rmse' and select_best = TRUE and compared results, but you applied it to all_workflows_res rather than the all_workflows object defined in the instructions.","You extracted a ranger workflow, finalized it with chosen parameters, and then in a later chunk refit workflows, selected best parameters, finalized, and compared train/test performance with an MSE ratio; however, you did not extract the specified 'base_forest' workflow or use the given best parameters (trees = 1, min_n = 11), and your workflow selection process diverges from the expected simpler path."
19,19,"You completed all exercises and demonstrated a solid grasp of recipes, parsnip models, workflowsets, and tuning workflows. Most core functions and workflows are present and used reasonably, but several steps diverge from the specified process (e.g., object names, stratification, parameter choices, and some unnesting/inspection steps). For future labs, focus on matching the exact data objects, arguments, and workflow IDs requested in the instructions so your results align more closely with the rubric expectations.",1,2,3,2,3,2,2,2,2,2,"You called skim() but on `ames` instead of the defined `dat` object, and did not use the pipe operator; process and object name should match the instructions.","You correctly used set.seed(), initial_split(), training(), and testing() with a 0.75 prop, but omitted the required `strata = 'Sale_Price'` argument.","Recipe uses the correct formula, log-transforms Sale_Price, pools Neighborhood, creates dummies, and then centers/scales predictors; prep() and broom::tidy() are used appropriately.","You correctly specified linear_reg and rand_forest models with appropriate engines and tuning parameters, but did not set the mode for the glmnet model and used bare `tune()` instead of `parsnip::tune()`.",parsnip::translate() is correctly applied to each of the three model objects to inspect their engine-specific templates.,"You set the seed and created a bootstraps object on ames_train, but did not namespace bootstraps() with rsample:: and changed the default resample count by specifying times = 25.","You correctly built a workflow_set with the recipe and three models, but did not unnest the info column as requested and used different model object names than in earlier exercises.","You performed workflow_map, unnested result and .metrics, filtered for rmse, and grouped/arranged/sliced correctly, but rewrote the workflow set as `all_workflows_res` and did not follow the exact unnesting/selection pattern on `all_workflows` as in the template.","You used rank_results() with the correct arguments and compared models, but the code is more complex than needed and does not explicitly demonstrate matching the best configurations to the Exercise 8 summary.","You extracted and finalized a ranger workflow and fit it on train/test data, but did not use the specified 'base_forest' workflow or the given best parameters (trees = 1, min_n = 11), so the final performance comparison does not match the expected configuration."
20,18,"You completed all exercises with generally correct use of tidymodels, workflowsets, and rsample, and your code shows a solid understanding of the modeling workflow. Most deductions are for not matching the exact objects, arguments, or workflow steps specified in the rubric (e.g., using different ids, resampling schemes, or omitting strata/mode settings). For future labs, focus on closely following the given specifications (object names, arguments, and sequence of steps) in addition to writing correct code.",1,2,2,2,3,2,2,2,2,2,"You used skim() but on `ames` instead of the defined `dat` object, and did not use the pipe `|>` from `dat`; the written conclusion about no missing data is present. Fix the object name and pipe usage to match the expected workflow.","You correctly used set.seed(), initial_split(), training(), and testing() with a 0.75 prop, but omitted `strata = 'Sale_Price'`. Add the strata argument to match the rubric’s required split process.","You created the correct recipe with log(Sale_Price), step_other, dummies, centering, and scaling, and prepped and tidied it. However, centering/scaling all predictors (including the outcome after dummy creation) and not specifying base = exp(1) deviates from the expected process; restrict centering/scaling to numeric predictors and set the log base explicitly.","You defined three parsnip models and used tune() for the glmnet and random forest parameters, but did not set `set_mode('regression')` for the first two models and used `mixture = 1` instead of tuning mixture in the glmnet model. Add explicit regression mode for all and tune both penalty and mixture as required.","You correctly called parsnip::translate() on each of the three model objects, which matches the expected workflow and would display the appropriate templates.","You set the seed and created a bootstrap object from ames_train, but used the unqualified bootstraps() and specified times = 25 instead of the default. Use rsample::bootstraps(ames_train) with default parameters to fully match the rubric.","You correctly built a workflow_set with the recipe and three models, but the models are named lm/glmnet/ranger instead of base/glmnet/forest and you did not unnest the info column (only selected it). Rename models to match the spec and use tidyr::unnest(info) to inspect the structure.","You used workflow_map() (on a new object) and then correctly unnested result and .metrics, filtered for rmse, grouped, arranged, and sliced. However, you rebuilt workflows and used different resampling (vfold instead of bootstraps on train_resamples) and a separate `all_workflows_res` object rather than updating `all_workflows` as specified.","You called rank_results() with rank_metric = 'rmse' and select_best = TRUE and compared results, but again used `all_workflows_res` instead of the rubric’s `all_workflows` object. Align the object naming with Exercise 8 to fully match the expected process.","You extracted a ranger workflow, finalized it with chosen parameters, and then elsewhere implemented a full tune–select–finalize–fit pipeline and computed a test/train MSE ratio (though not the expected numeric value). However, you used a non-existent workflow id ('base_ranger') and did not explicitly use the specified best parameters (trees = 1, min_n = 11) or the base_forest workflow."
21,18,"You completed all exercises and generally followed the tidymodels workflow, showing good understanding of recipes, models, resampling, and workflowsets. Most deductions are for not matching the exact objects, arguments, or processes specified in the rubric (e.g., using `dat`, `strata`, default bootstrap settings, and the given best model/parameters). For future labs, focus on aligning closely with the provided templates and instructions while keeping your code minimal and consistent across exercises.",1,2,2,2,3,2,2,2,2,2,"You used skim() but on `ames` instead of the defined `dat` object, and did not use the pipe operator as specified; the missing-data conclusion is stated. Use `dat |> skimr::skim()` in one step.","You correctly used set.seed(), initial_split(), training(), and testing() with a 0.75 split, but omitted `strata = 'Sale_Price'`. Add the strata argument to match the rubric.","You created and prepped a recipe with log, other, dummy, center, and scale steps, but did not specify `base = exp(1)` and centered/scaled all predictors (including the outcome) rather than only numeric predictors. Restrict centering/scaling to numeric predictors and match the specified log base.","You defined three parsnip models and tuned the correct parameters for glmnet and the forest, but did not set `set_mode('regression')` for the base linear model and used `tune()` without the `parsnip::` namespace. Ensure all three models explicitly set regression mode and use fully qualified `parsnip::tune()`.","You correctly called parsnip::translate() on each of the three model objects, which will display the engine-specific templates as required.","You set the seed and created bootstrap resamples from `ames_train`, but did not use the `rsample::` namespace and changed defaults by specifying `times = 25`. Use `rsample::bootstraps(ames_train)` with default parameters to fully match the rubric.","You built a workflow_set with the recipe and three models correctly, but the info column was only selected, not unnested as requested. Add `tidyr::unnest(info)` to inspect the workflow structure.","You demonstrated the correct unnest–filter–group–arrange–slice pipeline on a tuned workflow set, but rebuilt/tuned a new object (`all_workflows_res`) instead of using the provided `all_workflows`, and your code does not follow the exact select/unnest chain from the prompt. Reuse the existing `all_workflows` and match the specified sequence.","You used workflowsets::rank_results() with `rank_metric = 'rmse'` and `select_best = TRUE` and compared results, but applied it to `all_workflows_res` instead of the `all_workflows` object specified. Apply rank_results directly to `all_workflows` per the instructions.","You extracted a ranger workflow, finalized it with tuned parameters, and compared train/test performance with an MSE ratio, but did not use the specified workflow id ('base_forest') or the given best parameters (trees = 1, min_n = 11), and your process redefines workflows multiple times. Follow the simpler expected path: extract 'base_forest', finalize with the provided parameters, then fit on train and test."
22,18,"You completed all exercises and demonstrated a solid grasp of tidymodels workflows, recipes, models, and workflowsets. Most tasks are structurally correct, but several diverge from the exact objects, arguments, and processes specified in the rubric (e.g., object names, stratification, specific engines/modes, and prescribed best-model parameters). For future labs, align more closely with the provided templates and instructions, especially regarding object names, function arguments, and the exact workflow sequence being assessed.",1,2,2,2,3,2,2,2,2,2,"You used skim() but on `ames` instead of the defined `dat` object, and did not use the pipe `|>` from `dat |> skimr::skim()`. Also, the rubric expects the specific workflow and conclusion about no missing data; partial credit for attempting skim.","You correctly set the seed, used `initial_split()`, and created `ames_train` and `ames_test` with a 75% split, but you omitted `strata = 'Sale_Price'` and did not explicitly show stratification as required.","You created a recipe with the correct formula, applied log to Sale_Price, pooled Neighborhood, created dummies, and centered/scaled predictors, then prepped and tidied. However, the expected order is to center/scale numeric predictors before dummy creation and to specify `base = exp(1)`; also the rubric expects centering/scaling only numeric predictors, not all predictors.","You defined three parsnip models and used `set_engine()` and tuning, but you did not set `set_mode('regression')` for the glmnet model and used different object names (`glmnet_mod`, `ranger_mod`) than specified (`lm_mod_glmnet`, `lm_mod_rforest`), which breaks the expected workflow.","You correctly called `parsnip::translate()` on each of the three model objects, satisfying the required workflow and expected outputs.","You set the seed and created bootstrap resamples from `ames_train`, but you did not use the fully qualified `rsample::bootstraps()` and changed the default parameters by specifying `times = 25` instead of leaving defaults.","You created a workflow set with one recipe and three models and inspected the `info` column, but you did not unnest `info` as requested and your model object names differ from earlier (`glmnet_mod`, `ranger_mod` vs. rubric’s expected names).","You correctly used `workflow_map()`, unnested `result` and `.metrics`, filtered for rmse, grouped by `wflow_id`, arranged by `.estimate`, and sliced the top row. However, you rebuilt recipes/models and used a new `all_workflows_res` object instead of the existing `all_workflows`, and your code diverges from the exact pipeline requested in the template.","You used `workflowsets::rank_results()` with `rank_metric = 'rmse'` and `select_best = TRUE` and compared results, but you applied it to `all_workflows_res` rather than the rubric’s `all_workflows` object and added extra, unnecessary complexity.","You ultimately extracted a best workflow, finalized it with tuned parameters, fit on training and test data, and computed a test/train MSE ratio. However, you did not follow the specified process (extracting `base_forest` and using trees=1, min_n=11) and instead rebuilt workflows and selected a different best model, so the workflow and expected parameter values do not match the rubric."
23,17,"You completed all exercises and demonstrated a generally correct understanding of tidymodels workflows, recipes, models, and workflowsets. Most deductions are for not following the exact objects, arguments, and processes specified in the rubric (e.g., using `dat`, adding `strata`, exact recipe steps, and prescribed workflow IDs/parameters). For future labs, focus on matching the requested function calls, argument values, and object names more closely, and avoid rebuilding structures when the instructions say to update existing ones.",1,2,2,2,3,2,2,2,2,1,"You used skim() but on `ames` instead of the defined `dat` object, and did not use the pipe `|>` from `dat`. Also, the rubric expects the skim output to support the no-missing-data conclusion.","You correctly set the seed, used initial_split, training, and testing, and created ames_train/ames_test with a 75% split. However, you omitted `strata = 'Sale_Price'`, which is required by the rubric.","You created a recipe with the correct formula and included log, other, dummy, center, and scale steps, then prepped and tidied it. However, you did not specify `base = exp(1)` in step_log and centered/scaled all predictors (including dummies) rather than only numeric predictors as in the expected process.","You defined three parsnip models and used tune() for the glmnet and random forest parameters, and set the ranger mode to regression. You did not set `set_mode('regression')` for the glmnet model, and the rubric expects both penalty and mixture to be tunable (you tuned penalty but fixed mixture at 1).","You correctly called parsnip::translate() on each of the three model objects, which matches the expected workflow and will show the appropriate engine-specific templates.","You set the seed and created a bootstrap object from ames_train, but you used `bootstraps(ames_train, times = 25)` instead of the default parameters specified in the rubric.","You built a workflow_set with the base recipe and three models and inspected wflow_id and info. However, you did not unnest the info column as required, and your model object names differ from those specified in the rubric (lm_mod_glmnet, lm_mod_rforest).","You correctly updated a workflow set with workflow_map, then unnested result and .metrics, filtered for rmse, grouped by wflow_id, arranged by .estimate, and sliced the top row. However, you rebuilt the workflows and used a separate `all_workflows_res` object instead of the provided all_workflows, and your pipeline does not exactly follow the given select/unnest structure.","You used workflowsets::rank_results with rank_metric = 'rmse' and select_best = TRUE and compared results, but you applied it to `all_workflows_res` rather than the rubric’s `all_workflows` object and added extra, unnecessary complexity.","You eventually extracted a best workflow, finalized it with selected parameters, fit on training and test data, and computed an MSE ratio. However, you did not follow the specified process (extracting 'base_forest' and using trees = 1, min_n = 11), and much of your code rebuilds recipes, models, and workflows rather than using the existing workflow set."
24,18,"You completed all exercises and demonstrated a solid grasp of tidymodels workflows, recipes, models, and resampling. Most required functions were used correctly, but several steps diverged from the exact processes and objects specified in the rubric (e.g., use of `dat`, stratification, recipe details, and specific workflow IDs/parameters). For future labs, focus on matching the requested objects, arguments, and workflows exactly, even if alternative approaches are technically valid.",1,2,2,2,3,2,2,2,2,2,"You used skim() but on `ames` instead of the defined `dat` object, and did not use the pipe `|>` from `dat` to `skim()`. Also, the rubric expects the skim output to support the no-missing-data conclusion. Use `dat |> skimr::skim()` in one step.","You correctly set the seed, used `initial_split()`, and created `ames_train` and `ames_test` with a 75% split. However, you omitted `strata = 'Sale_Price'`, which is required for full credit.","You created a recipe with the correct formula and included log transform, pooling, centering, scaling, dummies, and `prep()` with `broom::tidy()`. However, the rubric expects centering and scaling of numeric predictors and log-transform with `base = exp(1)`; you used `step_log(Sale_Price)` without specifying base and centered/scaled all predictors (including outcome and dummies), which is not fully aligned with the specified process.","You defined three parsnip models and used `set_engine()` appropriately, and tuned `penalty`/`mixture` and `min_n`/`trees`. However, you did not explicitly set `set_mode('regression')` for the first two models as required, and you used bare `tune()` instead of `parsnip::tune()` per the rubric.","You correctly called `parsnip::translate()` on each of the three model objects, which matches the expected workflow and will show the three engine-specific templates.","You set the seed and created bootstrap resamples from `ames_train`, but you used `bootstraps(ames_train, times = 25)` instead of the default call on `ames_train` as specified. The object is still a valid bootstrap resampling object, but the process deviates slightly from the instructions.","You created a workflow set with one recipe and three models and inspected the `wflow_id` and `info` columns. However, the rubric expects `tidyr::unnest(info)` to examine the full structure; you only selected the column without unnesting it.","You correctly updated a workflow set with `workflow_map()`, then selected `wflow_id` and `result`, unnested `result` and `.metrics`, filtered for `rmse`, grouped, arranged by `.estimate`, and sliced the top row. However, you created a new `all_workflows_res` object instead of updating `all_workflows` as in the prompt, and your earlier redefinition of the workflow set differs from the one mapped in the provided code.","You used `workflowsets::rank_results()` with `rank_metric = 'rmse'` and `select_best = TRUE` on `all_workflows_res` and compared results, which matches the intent. The rubric, however, specifies calling `rank_results(all_workflows, ...)`; using a different object slightly departs from the expected process.","You extracted a ranger workflow, finalized it with tuned parameters, fit it on training and test data, and computed and interpreted the MSE ratio. However, the rubric expects extracting the 'base_forest' workflow from `all_workflows`, finalizing with `trees = 1` and `min_n = 11`, and using `workflowsets::extract_workflow()` on that set; your IDs, parameters, and workflow source differ from the specified process."
25,17,"You completed all exercises and demonstrated a solid grasp of tidymodels workflows, recipes, and workflowsets. Most required functions are present, but several steps deviate from the exact processes and object names specified in the rubric (e.g., stratified split, specific workflow IDs, and parameter choices). For future labs, align more closely with the given instructions and object names, and ensure you use the exact arguments and namespaces requested so you receive full credit for process fidelity and expected outputs.",1,2,2,2,3,2,2,2,2,1,"You used skim() but on `ames` instead of the defined `dat` object, and did not use the pipe `dat |> skimr::skim()`. Also, the rubric expects the skim output to support the no-missing-data conclusion.","You correctly used set.seed(), initial_split(), training(), and testing() with a 75% split, but you omitted `strata = 'Sale_Price'` in initial_split, which is required by the rubric.","You created a recipe with the correct formula and included log, other, dummy, center, and scale steps, then prepped and tidied it. However, you did not specify `base = exp(1)` in step_log and centered/scaled all predictors (including dummies) rather than just numeric predictors as described.","You defined three parsnip models and used tune() for glmnet and random forest, but you did not call `parsnip::set_mode('regression')` on the glmnet model, and the glmnet model’s parameters are not fully qualified with parsnip::tune() as in the rubric.","You correctly called parsnip::translate() on each of the three model objects, which matches the expected workflow and output structure.","You set the seed and created bootstrap resamples from ames_train, but you did not namespace bootstraps() with rsample:: and changed the default parameters (times = 25) instead of using the default settings as specified.","You built a workflow_set with the recipe and three models and inspected wflow_id and info, but you did not unnest the info column as required, and your model object names differ from those specified in the rubric (e.g., glmnet_mod vs lm_mod_glmnet).","You correctly mapped tuning over the workflow set, unnested result and .metrics, filtered for rmse, grouped by wflow_id, arranged by .estimate, and sliced the top row. However, you used a separate `all_workflows_res` object and additional CV setup rather than directly updating and working from `all_workflows` as described.","You used workflowsets::rank_results() with rank_metric = 'rmse' and select_best = TRUE, but applied it to `all_workflows_res` instead of `all_workflows` as specified, and added extra comparison code beyond what was requested.","You eventually extracted, finalized, and fit a best workflow and computed a test/train MSE ratio, but you did not follow the specified process (extracting 'base_forest' and using trees = 1, min_n = 11), and earlier parts reference a non-existent 'base_ranger' workflow ID."
26,16,"You covered all exercises and generally followed the tidymodels workflow, with correct use of recipes, parsnip models, workflowsets, and tuning. Most deductions are for not matching the exact objects/arguments specified in the rubric (e.g., using `dat`, `strata`, default bootstraps, unnesting info, and reusing the same workflow object). For future labs, focus on aligning closely with the given variable names, arguments, and sequence of steps, and avoid redefining objects in later exercises unless instructed.",1,2,2,2,3,2,2,2,,,"You used skim() but on `ames` instead of the defined `dat` object, and did not use the pipe `|>` from `dat`. Also the rubric expects the skim to be piped from the dataset in a single step.","You correctly used set.seed(), initial_split(), training(), and testing() with a 0.75 split, but you omitted `strata = 'Sale_Price'` in initial_split, so the process is slightly incomplete.","You created a recipe with the correct formula and included log, other, dummy, center, and scale steps, then prepped and tidied it. However, you did not specify `base = exp(1)` in step_log and you centered/scaled all predictors (including dummies) rather than just numeric predictors as in the expected process.","You defined three parsnip models and correctly tuned penalty/mixture and min_n/trees, and set the ranger mode to regression. However, you did not explicitly set the mode for the lm and glmnet models, and you used bare `tune()` instead of `parsnip::tune()` which is less explicit per the rubric.","You correctly called parsnip::translate() on each of the three model objects, which matches the expected workflow and will show the three engine-specific templates.","You set the seed and created bootstrap resamples from `ames_train`, but you used `bootstraps(ames_train, times = 25)` instead of the default parameters as specified in the rubric.","You built a workflow_set with the recipe and three models and inspected the wflow_id and info columns. However, you did not unnest the `info` column as requested, and your model object names differ from those defined earlier (glmnet_mod/ranger_mod vs lm_mod_glmnet/lm_mod_rforest), which breaks consistency with the expected process.","You used workflow_map(), then selected, unnested `result` and `.metrics`, filtered for rmse, grouped, arranged, and sliced, which matches the intended workflow. However, you rebuilt recipes/models/workflows instead of using the existing `all_workflows`, and you stored results in `all_workflows_res` rather than updating `all_workflows` as specified.",,
27,18,"You completed all exercises and demonstrated a solid grasp of tidymodels workflows, recipes, and workflowsets. Most required functions are present, but several steps deviate from the specified process (e.g., object names, arguments like strata, and using the exact workflow objects requested). For future labs, focus on matching the rubric’s exact data objects, arguments, and workflows while keeping code minimal and directly tied to the instructions.",1,2,2,2,3,2,2,2,2,2,"You used skim() but on `ames` instead of the defined `dat` object, and did not use the pipe operator as specified; the missing-data conclusion is present but process and object choice do not match the rubric.","You correctly used set.seed(), initial_split(), training(), and testing() with a 0.75 split, but you omitted the required `strata = 'Sale_Price'` argument.","You created a recipe with the correct formula and included log, other, dummy, center, and scale steps and prepped it, but you did not specify `base = exp(1)` in step_log and centered/scaled all predictors (including dummies) rather than just numeric predictors.","You defined three parsnip models with appropriate engines and tuning for penalty/mixture and min_n/trees, but you did not explicitly set the mode for the glmnet model and used `tune()` without the parsnip:: namespace.","You correctly called parsnip::translate() on each of the three model objects, matching the expected workflow and outputs.","You set the seed and created bootstrap resamples from ames_train, but you did not use the rsample:: namespace and changed the default parameters by specifying `times = 25` and adding extra inspection code.","You built a workflow_set with the intended recipe and three models and inspected its structure, but you only selected the info column instead of unnesting it as required to show the full workflow details.","You correctly mapped tuning over the workflow set and then unnested result and .metrics, filtered for rmse, grouped, arranged, and sliced, but you rebuilt the workflows and used a separate `all_workflows_res` object rather than operating directly on the tuned `all_workflows` as specified.","You used rank_results() with rank_metric = 'rmse' and select_best = TRUE and compared results, but you applied it to `all_workflows_res` instead of the rubric’s `all_workflows` object and added extra, unnecessary complexity.","You extracted a ranger workflow, finalized it with selected parameters, fit on training and test data, and computed an MSE ratio, but you did not use the specified 'base_forest' workflow id or the given best parameters (trees = 1, min_n = 11), so your process and reported ratio differ from the expected solution."
28,18,"You completed all exercises and demonstrated a solid grasp of tidymodels workflows, recipes, models, and workflowsets. Most steps follow the intended process, but several details (object names, arguments like `strata`, exact recipe options, and using the specified objects) diverge from the rubric. For future labs, focus on matching the requested function calls, arguments, and object names exactly, and avoid redefining key objects in different ways across exercises.",1,2,2,2,3,2,2,2,2,2,"You called skim() but on `ames` instead of the defined `dat` object, and did not use the pipe `|>` from `dat`. Also, the rubric expects the skim output to support the no-missing-data conclusion; align your code with the provided data object and piping pattern.","You correctly used set.seed(), initial_split(), training(), and testing() with a 0.75 split, but you omitted `strata = 'Sale_Price'`. Add the strata argument to match the expected process and ensure stratified sampling.","You created a recipe with the correct formula and included log transform, step_other, dummy variables, centering, and scaling, then prepped and tidied it. However, the rubric expects centering and scaling of numeric predictors and log with base = exp(1); use `all_numeric_predictors()` and explicitly set `base = exp(1)` to fully match the specification.","You defined three parsnip models and used tune() for glmnet and random forest, but you did not set `set_mode('regression')` on the glmnet model and used different object names (`glmnet_mod`, `ranger_mod`) than requested (`lm_mod_glmnet`, `lm_mod_rforest`). Align names and ensure all models have mode set explicitly.","You correctly applied parsnip::translate() to each of the three model objects, which will display the underlying engine-specific templates as required.","You set the seed and created bootstrap resamples from `ames_train`, but you did not use the fully qualified `rsample::bootstraps()` and changed the default by specifying `times = 25`. Use `rsample::bootstraps(ames_train)` with default parameters to match the rubric exactly.","You built a workflow_set with one recipe and three models and inspected wflow_id and info, but you did not unnest the `info` column as requested. Use `tidyr::unnest(info)` to show the full workflow structure.","You correctly used workflow_map, unnested `result` and `.metrics`, filtered for rmse, grouped, arranged, and sliced, but you created a separate `all_workflows_res` object instead of updating `all_workflows` as in the prompt. Also, your earlier workflow_set/model names differ from the template, which may change wflow_ids; keep the same object and naming structure for full credit.","You used workflowsets::rank_results() with `rank_metric = 'rmse'` and `select_best = TRUE` and compared results, but you applied it to `all_workflows_res` instead of `all_workflows` as specified. Use the exact object and arguments from the instructions to fully match the expected process.","You extracted a ranger workflow, finalized it with best parameters, fit on train and test data, and computed an MSE ratio, which satisfies the main workflow. However, the workflow id (`base_ranger` vs `base_forest`), parameter values, and resulting ratio differ from the provided solution; align the workflow id and best parameters with the earlier tuning results for full accuracy."
29,18,"You completed all exercises and generally followed the intended tidymodels workflow, including recipes, models, workflow sets, resampling, tuning, and evaluation. Most deductions are for small but important deviations from the specified process (e.g., missing `strata`, not unnesting `info`, differing parameter choices, or object names). Review the solution template and rubric to align your code more closely with the expected functions, arguments, and workflow steps.",1,2,2,2,3,2,2,2,2,2,"You used skim() but on `ames` instead of the defined `dat` object, and did not use the pipe `|>` from `dat` to `skim()`. The written conclusion about no missing data is present, but process and object choice do not match the rubric.","You correctly set the seed, used `initial_split()`, and created `ames_train` and `ames_test` with a 75% split. However, you omitted `strata = 'Sale_Price'`, which was required for full credit.","You created a recipe with the correct formula, log-transformed `Sale_Price`, pooled `Neighborhood`, created dummies, and centered/scaled predictors, then prepped and tidied. However, you did not specify `base = exp(1)` in `step_log()` and centered/scaled all predictors (including the outcome) rather than only numeric predictors, which deviates from the expected process.","You defined three parsnip models and used `set_engine()` appropriately, with tuning parameters for glmnet and random forest. You did not explicitly set `set_mode('regression')` for the glmnet model, and you used `tune()` without the `parsnip::` namespace, which is slightly off from the rubric’s expected explicit usage.","You correctly called `parsnip::translate()` on each of the three model objects, which matches the required workflow and would display the three engine-specific templates.","You set the seed and created bootstrap resamples from `ames_train`, but you used `bootstraps(ames_train, times = 25)` instead of the default parameters and did not namespace `bootstraps()` with `rsample::`. The overall process is correct but not exactly as specified.","You built a `workflow_set` with one recipe and three models and then selected the `wflow_id` and `info` columns. However, the rubric expected using `tidyr::unnest(info)` to inspect the workflow structure; you only selected the column without unnesting it.","You used `workflow_map()` (on `all_workflows_res`) and then correctly selected, unnested `result` and `.metrics`, filtered for `rmse`, grouped, arranged, and sliced. However, you created a new `all_workflows_res` object instead of updating `all_workflows` as specified, and your earlier redefinition of recipe/models/workflows diverges from the simpler expected process.","You called `rank_results()` with `rank_metric = 'rmse'` and `select_best = TRUE` and compared results, which satisfies the main requirement. The additional custom comparison code is fine but more complex than needed and not strictly aligned with the simple process described in the rubric.","You extracted a ranger workflow, finalized it with tuned parameters, and then in a later chunk re-derived the best workflow, finalized it, fit on train and test, and computed an MSE ratio. However, you did not use the specified `base_forest` ID or the given best parameters (trees = 1, min_n = 11), and your reported ratio differs from the expected approximate value, so the process and output do not fully match the rubric."
30,19,"You completed all exercises with generally correct use of tidymodels, recipes, parsnip, workflowsets, and rsample. Most workflows and transformations are reasonable, but several steps diverge from the exact objects and arguments specified in the rubric (e.g., use of `dat`, stratification, specific workflow ids/parameters, and unnesting info). Tightening alignment with the provided process and being consistent with earlier objects would bring this to full credit.",1,2,3,2,3,2,2,2,2,2,"You used skimr::skim, but on `ames` instead of the defined `dat` object and without the pipe; this breaks the expected workflow and may not run as written. The missing-data conclusion is present.","You correctly used set.seed, initial_split, training, and testing with a 75% split, but omitted `strata = 'Sale_Price'`. Add the strata argument to fully match the rubric.","Your recipe uses the correct formula, log-transforms Sale_Price, pools Neighborhood, creates dummies, and centers/scales predictors, then preps and tidies. This matches the required process and transformations.","You correctly specified lm, glmnet, and ranger models with tunable parameters, but did not explicitly set mode = 'regression' for the first two models and used bare `tune()` instead of `parsnip::tune()`. Add explicit modes and namespaces for full credit.","You applied parsnip::translate() to each of the three model objects as required, which will display the engine-specific templates.","You set the seed and created bootstrap resamples from ames_train, but did not namespace `bootstraps()` with rsample and changed defaults (times = 25). Use `rsample::bootstraps(ames_train)` with defaults to fully align with the rubric.","You created a workflow_set with the recipe and three models correctly, but the info column is only selected, not unnested as requested. Use tidyr::unnest(info) to inspect the workflow structure.","You correctly used workflow_map and then unnested result and .metrics, filtered for rmse, grouped, arranged, and sliced. However, you rebuilt workflows and used vfold_cv instead of the provided `all_workflows` and `train_resamples`, which deviates from the expected process.","You used workflowsets::rank_results with rank_metric = 'rmse' and select_best = TRUE, but applied it to `all_workflows_res` instead of the `all_workflows` object specified in the rubric. Keep the input consistent with Exercise 8 for full credit.","You extracted a ranger workflow, finalized it with chosen parameters, and compared train/test performance with an MSE ratio. However, the workflow id and parameters do not match the specified 'base_forest' with trees = 1, min_n = 11, and you rebuilt workflows rather than using the earlier tuned set."
31,17,"You completed most of the required tidymodels workflow: recipes, models, workflow sets, resampling, tuning, and metric extraction are all present and largely correct. Most deductions are for small but important deviations from the specified process (e.g., missing strata in the split, not updating the exact object requested, or not following the exact function signatures). Review the rubric instructions closely next time and align object names, arguments, and steps exactly with what is requested.",1,2,3,2,3,2,2,2,,,"You used skimr::skim, but on `ames` instead of the defined `dat` object and without the pipe operator; also the rubric expects piping `dat |> skimr::skim()` and an explicit statement about no missing data based on that output.","You correctly set the seed, used initial_split, and created ames_train/ames_test with prop = 0.75, but you omitted `strata = 'Sale_Price'`, which is required for full credit.","Your recipe uses the correct formula, log-transforms Sale_Price, pools Neighborhood, creates dummies, centers and scales predictors, and you prep and examine it with broom::tidy; this matches the expected process and transformations.","You correctly specified linear_reg, glmnet with tunable penalty/mixture, and a ranger random forest with tunable min_n/trees, but you did not set the mode to 'regression' for the first two models as required by the rubric.","You applied parsnip::translate() to each of the three model objects, which is exactly what was required to inspect the engine-specific templates.","You set the seed and created a bootstrap object from ames_train, but you did not namespace bootstraps with rsample:: and you changed the default resampling parameters (times = 25) instead of using the defaults as specified.","You correctly built a workflow_set with the base recipe and three models and inspected the wflow_id/info columns, but you did not unnest the info column as requested, so the workflow structure is not fully examined per the rubric.","You performed tuning with workflow_map and then unnested result and .metrics, filtered for rmse, grouped by wflow_id, arranged by .estimate, and sliced the top row, but you used a separate `all_workflows_res` object instead of updating `all_workflows` as specified.",,
32,19,"You completed all exercises with generally correct use of tidymodels, recipes, parsnip, rsample, and workflowsets, and your code shows a solid understanding of the workflow. Most deductions are for not following the exact objects, arguments, or IDs specified in the rubric (e.g., using `dat`, `strata`, specific workflow IDs, and parameter values). For future labs, pay close attention to the required variable names, function arguments, and exact workflows so your solutions align more tightly with the grading criteria.",1,2,3,2,3,2,2,2,2,2,"You used skimr::skim, but on `ames` instead of the defined `dat` object and without the pipe; also the rubric expects piping `dat |> skimr::skim()` and an explicit statement about no missing data based on that output.","You correctly set the seed, used initial_split, and created ames_train/ames_test with prop = 0.75, but you omitted `strata = 'Sale_Price'` in the split.","Your recipe uses the correct formula, log-transforms Sale_Price, pools Neighborhood, creates dummies, centers and scales predictors, and you prep and inspect with broom::tidy; this matches the required process and transformations.","You correctly specified the three parsnip models and tuned the right parameters, but you did not set `set_mode('regression')` for the lm and glmnet models as required by the rubric.","You applied parsnip::translate() to each of the three model objects, which is exactly what was required for examining the engine-specific templates.","You set the seed and created bootstrap resamples from ames_train, but you used `times = 25` and omitted the `rsample::` namespace; the rubric expects the default bootstraps call on ames_train.","You correctly built a workflow_set with the base recipe and three models, but you only selected the info column instead of unnesting it with tidyr::unnest(info) as specified.","You correctly mapped tuning over the workflow set, unnested result and .metrics, filtered for rmse, grouped by wflow_id, and arranged/sliced; however, you used a separate `all_workflows_res` object and different resampling setup than the provided workflow_map call on `all_workflows`.","You used workflowsets::rank_results with rank_metric = 'rmse' and select_best = TRUE and compared results, but you applied it to `all_workflows_res` instead of the `all_workflows` object specified in the rubric.","You extracted and finalized a best workflow and compared train/test performance, but you did not use the specified 'base_forest' workflow or the given best parameters (trees = 1, min_n = 11), and your reported MSE ratio differs from the expected reference."
33,18,"You completed all exercises and generally followed the tidymodels workflow, including recipes, models, workflowsets, tuning, and performance comparison. Most deductions are for small deviations from the specified arguments (e.g., missing strata, different parameter choices) or from the exact objects and steps requested in the rubric. For future labs, pay close attention to using the exact variable names, function arguments, and column manipulations specified, and keep your code as close as possible to the expected workflow to avoid losing points on process fidelity.",1,2,2,2,3,2,2,2,2,2,"You used skimr::skim, but on `ames` instead of the defined `dat` object and without the pipe; also the rubric expects piping `dat |> skimr::skim()` and an explicit statement about no missing data based on that output.","You correctly set the seed, used initial_split, training, and testing, and assigned to the right objects with a 75% split, but you omitted `strata = 'Sale_Price'` in initial_split, which is required by the rubric.","You created a recipe with the correct formula, applied log to Sale_Price, pooled Neighborhood, created dummies, and centered/scaled, then prepped and tidied. However, the expected order is to center/scale numeric predictors before dummy creation and to specify `base = exp(1)` in step_log; also centering/scaling all predictors (including the outcome) is not ideal.","You defined three parsnip models and used tune() for the appropriate parameters, and set the ranger mode to regression. However, you did not set `set_mode('regression')` for the lm and glmnet models, and you used bare `tune()` instead of `parsnip::tune()`, which may not work without attaching tidymodels.","You correctly called `parsnip::translate()` on each of the three model objects, which matches the expected workflow and would display the three engine-specific templates.","You set the seed and created bootstrap resamples from `ames_train`, but you did not namespace `bootstraps()` with `rsample::` and you changed the default by specifying `times = 25` instead of using the default parameters as requested.","You built a workflow_set with one recipe and three models and inspected the wflow_id and info columns, which is close to the target. However, the models are named differently than in the rubric (lm/glmnet/ranger vs base/glmnet/forest), and you did not unnest the `info` column as required to show the full workflow structure.","You used workflow_map on a workflow set, then unnested `result` and `.metrics`, filtered for rmse, grouped by wflow_id, arranged by .estimate, and sliced the top row, which matches the intended process. However, you created a new `all_workflows_res` object instead of updating `all_workflows` as specified, and your earlier redefinition of the recipe/models/workflows diverges from the simpler expected pipeline.","You called `rank_results()` with `rank_metric = 'rmse'` and `select_best = TRUE` and compared results, which meets the core requirement. The extra code is more complex than needed but still consistent with the goal of comparing to Exercise 8.","You extracted a ranger workflow, finalized it with chosen parameters, refit the workflows, selected the best by rmse, finalized that workflow, and compared train/test performance with an MSE ratio. However, the rubric expects specifically extracting 'base_forest' from `all_workflows`, using trees = 1 and min_n = 11, and your workflow IDs and parameter choices differ from the provided solution."
34,19,"You completed all exercises with generally correct use of tidymodels, recipes, parsnip, workflowsets, and rsample, and your code shows a solid understanding of the modeling workflow. Most deductions are for not following the exact objects, arguments, or workflow structure required by the rubric (e.g., using `dat`, stratification, specific workflow ids, and unnesting patterns). For future labs, pay close attention to the precise function arguments and object names requested, and keep your solutions as close as possible to the specified workflow to avoid losing points on process fidelity.",1,2,3,2,3,2,2,2,2,2,"You used skimr::skim, but on `ames` instead of the defined `dat` object and without the pipe; also the rubric expects piping `dat |> skimr::skim()` and an explicit conclusion about missingness based on that output.","You correctly set the seed, used initial_split, training, and testing with a 0.75 prop, but you omitted `strata = 'Sale_Price'` in initial_split, which is required by the rubric.","Your recipe uses the correct formula, log-transforms Sale_Price, pools Neighborhood, creates dummies, and then centers/scales predictors, and you prep and tidy it; this matches the required steps and order closely enough for full credit.","You defined all three models and used the correct engines, with tuning for penalty/mixture and min_n/trees, but you did not explicitly set `set_mode('regression')` on the first two models as required by the rubric.","You correctly called parsnip::translate() on each of the three model objects, which matches the expected workflow and output structure.","You set the seed and created bootstrap resamples from ames_train, but you used `bootstraps(ames_train, times = 25)` instead of the default parameters specified in the rubric.","You created a workflow_set with the base recipe and three models correctly, but you only selected the info column instead of unnesting it with tidyr::unnest(info) as required to examine the workflow structure.","You correctly used workflow_map on the workflow set and then unnested result and .metrics, filtered for rmse, grouped, arranged, and sliced; however, you created a new `all_workflows_res` object instead of updating `all_workflows` as specified, and your code diverges from the provided pipeline structure.","You used workflowsets::rank_results with rank_metric = 'rmse' and select_best = TRUE and compared results, but you applied it to `all_workflows_res` and added extra analysis rather than the simple direct call on `all_workflows` requested.","You ultimately extracted a best workflow, finalized it with selected parameters, fit on train and test, and computed an MSE ratio, but you did not use the specified 'base_forest' workflow or the given best parameters (trees = 1, min_n = 11), and your earlier Q10a workflow id is inconsistent with later code."
35,19,"Your lab shows solid understanding of tidymodels workflows, recipes, and model tuning, and most required functions and steps are present. The main issues are small deviations from the specified objects/arguments (e.g., using `ames` vs `dat`, missing strata, using `all_workflows_res` instead of `all_workflows`, and differing best-model choices). Aligning more closely with the exact variable names and parameters in the instructions will help you receive full credit in future labs.",1,2,3,2,3,2,2,2,2,2,"You called skim() but on `ames` instead of the defined `dat` object, and you did not use the pipe operator; process and object name should match the instructions.","You correctly used set.seed(), initial_split(), training(), and testing() with a 0.75 prop, but you omitted the required `strata = 'Sale_Price'` argument.","Recipe uses the correct formula, applies log to Sale_Price, pools Neighborhood, creates dummies, centers and scales predictors, and is prepped and examined with broom::tidy(); this matches the expected process.","You correctly specified three parsnip models and tuned the right parameters, but you did not explicitly set `mode = 'regression'` for the glmnet model as requested.","You applied parsnip::translate() to each of the three model objects, which is exactly what was required.","You set the seed and created a bootstraps object on ames_train, but you did not namespace bootstraps() with rsample:: and you changed the default resample settings (times = 25).","You correctly built a workflow_set with the recipe and three models, but you only selected the info column instead of unnesting it to show the full workflow structure.","Your code correctly unnests result and .metrics, filters for rmse, groups by wflow_id, arranges by .estimate, and slices the top row, but it operates on `all_workflows_res` instead of the updated `all_workflows` object specified in the instructions.","You used workflowsets::rank_results() with rank_metric = 'rmse' and select_best = TRUE, but applied it to `all_workflows_res` rather than `all_workflows` as described in the rubric.","You extracted a ranger workflow, finalized it with selected parameters, fit on train and test data, and computed an MSE ratio, but the workflow id and parameter values differ from the specified base_forest/trees=1,min_n=11 example."
36,19,"You completed all exercises and demonstrated a solid understanding of recipes, parsnip models, workflowsets, and tuning. Most core steps are present, but several details differ from the rubric (e.g., specific objects, arguments like strata, default bootstrap settings, and the exact workflow/parameters used in the final model). For future labs, align more closely with the specified variable names, arguments, and processes to ensure full credit.",1,2,3,2,3,2,2,2,2,2,"You used skimr::skim, but on `ames` instead of the defined `dat` object and without the pipe; also the rubric expects piping `dat |> skimr::skim()` and an explicit conclusion about missingness based on that output.","You correctly set the seed, used initial_split, training, and testing with a 0.75 prop, but you omitted `strata = 'Sale_Price'` in the split, which is required for full credit.","Your recipe uses the correct formula, log-transforms Sale_Price, pools Neighborhood, creates dummies, and then centers/scales predictors; you prep and inspect with broom::tidy, matching the expected process and transformations.","You defined three parsnip models with appropriate engines and tuning parameters, but you did not set `set_mode('regression')` for the lm and glmnet models as required by the rubric.","You correctly called parsnip::translate() on each of the three model objects, which matches the expected workflow and outputs.","You set the seed and created bootstrap resamples from ames_train, but you used `bootstraps(ames_train, times = 25)` instead of the default parameters specified in the rubric.","You created a workflow_set with the base recipe and three models correctly, but you only selected the info column instead of unnesting it with tidyr::unnest(info) as required to examine the structure.","You correctly used workflow_map on a workflow set, then unnested result and .metrics, filtered for rmse, grouped, arranged, and sliced; however, you created a new `all_workflows_res` object instead of updating `all_workflows` as specified, and your code diverges from the provided pipeline structure.","You used workflowsets::rank_results with rank_metric = 'rmse' and select_best = TRUE, but applied it to `all_workflows_res` and wrapped it in additional comparison code rather than the simple direct call on `all_workflows` requested.","You extracted and finalized a best workflow and compared train/test performance, but you did not use the specified 'base_forest' workflow or the given best parameters (trees = 1, min_n = 11), and your reported MSE ratio differs from the expected value."
37,19,"You completed all exercises with generally correct use of tidymodels, recipes, parsnip, rsample, and workflowsets, and your code shows a solid understanding of the modeling workflow. Most deductions are for small deviations from the specified objects (e.g., using `ames` vs `dat`, missing `strata`, not unnested info, or not following the exact workflow/ID and parameter choices requested). For future labs, pay close attention to the exact variable names, arguments, and object updates specified in the instructions and rubric, and keep your solutions as close as possible to the requested workflow structure.",1,2,3,2,3,2,2,2,2,2,"You used skimr::skim, but on `ames` instead of the defined `dat` object and without the pipe; also the rubric expects piping `dat |> skimr::skim()` and an explicit note about no missing data based on that output.","You correctly set the seed, used initial_split, training, and testing with a 0.75 prop, but you omitted `strata = 'Sale_Price'` in the split, so the process is slightly incomplete.","Your recipe uses the correct formula, log-transforms Sale_Price, pools Neighborhood, creates dummies, and then centers/scales predictors, and you prep and tidy it; this matches the required steps and order closely enough.","You defined three parsnip models with appropriate engines and tuning parameters, but you did not set `set_mode('regression')` for the lm and glmnet models, which is expected in the rubric.","You correctly called parsnip::translate() on each of the three model objects, which is exactly what was required.","You set the seed and created bootstrap resamples from ames_train, but you used `bootstraps(ames_train, times = 25)` instead of the default parameters as specified; otherwise the workflow is correct.","You built a workflow_set with the base recipe and three models and inspected wflow_id and info, but you did not unnest the info column as requested, so the examination of the workflow structure is incomplete.","You correctly used workflow_map on the workflow set and then unnested result and .metrics, filtered for rmse, grouped, arranged, and sliced; however, you created a new `all_workflows_res` object instead of updating `all_workflows` as specified, and your code diverges from the provided pipeline structure.","You used rank_results on the workflow set and compared RMSE-based rankings, but the rubric expects a direct call `workflowsets::rank_results(all_workflows, rank_metric = 'rmse', select_best = TRUE)`; your more elaborate approach still achieves the comparison but is more complex than needed.","You extracted a ranger workflow, finalized it with chosen parameters, and then in a later chunk refit and evaluated the best model on train and test data and reported an MSE ratio; however, the workflow ID (`base_ranger` vs your IDs) and parameter values differ from the specified best model, and the reported ratio does not match the expected approximate value."
38,19,"You completed all exercises with generally correct use of tidymodels, recipes, parsnip, rsample, and workflowsets, and your code shows a solid understanding of the workflow. Most deductions are for not following the exact objects, arguments, or IDs specified in the rubric (e.g., using `dat`, adding strata, updating `all_workflows`, and using the prescribed best model configuration). For future labs, pay close attention to matching the requested function calls, arguments, and object names so your work aligns precisely with the grading criteria.",1,2,3,2,3,2,2,2,2,2,"You used skimr::skim, but on `ames` instead of the defined `dat` object and without the pipe; also the rubric expects piping `dat |> skimr::skim()` and an explicit statement about no missing data based on that output.","You correctly set the seed, used initial_split, and created ames_train/ames_test with prop = 0.75, but you omitted `strata = 'Sale_Price'` in the split.","Your recipe uses the correct formula, log-transforms Sale_Price, pools Neighborhood, creates dummies, and then centers/scales predictors, and you prep and tidy it; this matches the required steps and order closely enough.","You correctly specified the three parsnip models and tuned the right parameters, but you did not set `set_mode('regression')` for the lm and glmnet models as required by the rubric.","You applied parsnip::translate() to each of the three model objects, which is exactly what was requested.","You set the seed and created bootstrap resamples from ames_train, but you used `times = 25` and omitted the explicit `rsample::` namespace; the rubric expects the default bootstraps(ames_train) call.","You correctly built a workflow_set with the base recipe and three models, but you only selected the info column instead of unnesting it with tidyr::unnest(info) as specified.","You implemented workflow_map, unnested result and .metrics, filtered for rmse, grouped, arranged, and sliced, but you created a separate `all_workflows_res` object instead of updating `all_workflows` as instructed and deviated from the provided workflow_map parameters.","You used workflowsets::rank_results and compared results, but you applied it to `all_workflows_res` and added extra custom comparison code rather than the simple rank_results(all_workflows, ...) call described in the rubric.","You extracted a ranger workflow, finalized it with tuned parameters, fit on train and test, and computed an MSE ratio, but the workflow ID and parameters differ from the specified 'base_forest' with trees = 1, min_n = 11, so the process and expected configuration are not fully aligned with the rubric."
39,19,"You completed all exercises and generally followed the tidymodels workflow, including recipes, models, workflowsets, tuning, and evaluation. Most deductions are for small but important mismatches with the rubric (e.g., missing strata in the split, not setting modes, not unnested info, and differing best-model choices/parameters). Review the solution template to align object names, arguments (like `strata` and `set_mode`), and the exact workflow mapping steps expected for full credit.",1,2,3,2,3,2,2,2,2,2,"You used skimr::skim, but on `ames` instead of the defined `dat` object and without the pipe; also the rubric expects piping `dat |> skimr::skim()` and an explicit statement about no missing data based on that output.","You correctly set the seed, used initial_split, training, and testing with a 0.75 prop, but you omitted `strata = 'Sale_Price'`, which was required for full credit.","Your recipe uses the correct formula, log-transforms Sale_Price, pools Neighborhood, creates dummies, centers and scales predictors, and you prep and inspect with broom::tidy; this matches the expected process and transformations.","You correctly specified the three parsnip models and tuned parameters, but you did not set `set_mode('regression')` for the lm and glmnet models, which is required by the rubric.","You applied parsnip::translate() to each of the three model objects as required, which is sufficient for full credit here.","You set the seed and created bootstrap resamples on ames_train, but you did not namespace rsample::bootstraps and you changed defaults (times = 25) instead of using the default parameters specified in the rubric.","You correctly built a workflow_set with the base recipe and three models, but you did not unnest the `info` column as required; you only selected it without using tidyr::unnest.","You ultimately unnest `.metrics`, filter for rmse, group by wflow_id, arrange by .estimate, and slice(1), which matches the required workflow, but you redefined workflows and used `all_workflows_res` instead of updating `all_workflows` as specified.","You used workflowsets::rank_results with rank_metric = 'rmse' and select_best = TRUE, but on `all_workflows_res` rather than `all_workflows`, and you did not clearly relate the output back to your Exercise 8 summary.","You extracted and finalized a ranger workflow and compared train/test performance, but the workflow id (`base_ranger` vs `base_forest`), parameter values, and reported MSE ratio do not match the specified best model and target ratio in the rubric."
40,19,"You completed all exercises with generally correct use of tidymodels, recipes, parsnip, rsample, and workflowsets, and your code shows a solid grasp of the modeling workflow. Most deductions are for not following the exact objects, arguments, or workflow structure specified in the rubric (e.g., using `dat`, adding strata, unnested info, and matching the prescribed best model configuration). For future labs, pay close attention to the exact function arguments, object names, and sequencing requested, as these details are what full credit hinges on.",1,2,3,2,3,2,2,2,2,2,"You used skimr::skim, but on `ames` instead of the defined `dat` object and without the pipe; also the rubric expects piping `dat |> skimr::skim()` and an explicit statement about no missing data based on that output.","You correctly set the seed, used initial_split, training, and testing, and assigned to the right objects with a 75% split. However, you omitted `strata = 'Sale_Price'`, which was required for full credit.","Your recipe uses the correct formula, log-transforms Sale_Price, pools Neighborhood, creates dummies, centers and scales predictors, and you prep and inspect with broom::tidy; this matches the expected process and transformations.","You defined three parsnip models with appropriate engines and tuned parameters, but you did not explicitly set `set_mode('regression')` for the glmnet model, which is required by the rubric for full process fidelity.","You correctly called parsnip::translate() on each of the three model objects, which satisfies the required workflow and expected outputs.","You set the seed and created bootstrap resamples from `ames_train`, but you used `times = 25` and omitted the `rsample::` namespace; the rubric expects the default bootstraps call on `ames_train` for full credit.","You created a workflow_set with the base recipe and three models and inspected the wflow_id and info columns, but you did not unnest the `info` column as required to fully examine the workflow structure.","You correctly used workflow_map, then selected wflow_id and result, unnested result and .metrics, filtered for rmse, grouped, arranged, and sliced; however, you did this on `all_workflows_res` instead of updating and using `all_workflows` as specified.","You used workflowsets::rank_results with `rank_metric = 'rmse'` and `select_best = TRUE` and compared results, but you applied it to `all_workflows_res` rather than directly to `all_workflows` as described in the rubric.","You extracted a ranger workflow, finalized it with chosen parameters, fit on train and test data, and computed an MSE ratio; however, the workflow id and parameters do not match the specified 'base_forest' with trees = 1 and min_n = 11, so the process and expected configuration are only partially aligned."
41,16,"You demonstrated a generally solid understanding of tidymodels workflows, recipes, models, and resampling, and most required functions appear in your code. The main deductions are for not strictly following the specified objects and processes (e.g., using `dat` vs `ames`, missing stratification, not unnested info in Q7, and deviating from some parameter and naming conventions). Tightening alignment with the given instructions and rubric (especially object names, arguments like `strata`, and required unnesting steps) will help you earn full credit in future labs.",1,2,2,2,3,2,2,2,,,"You used skimr::skim, but on `ames` instead of the defined `dat` object and without the pipe; process and object naming don’t match the instructions, though you did state there is no missing data.","You correctly used set.seed and initial_split/training/testing with prop = 0.75, but you omitted `strata = 'Sale_Price'`, so the split is not stratified as required.","You created the correct recipe with log(Sale_Price), step_other, dummies, centering, and scaling, and prepped and tidied it. However, you did not specify the log base explicitly (base = exp(1)) and centered/scaled all predictors rather than just numeric predictors as in the rubric.","You defined three parsnip models with appropriate engines and tuned parameters, but you did not explicitly set mode = 'regression' for the lm and glmnet models as expected in the reference solution.","You correctly called parsnip::translate() on each of the three model objects, which matches the required workflow and should yield the appropriate engine-specific templates.","You set the seed and created bootstrap resamples from ames_train, but you did not namespace bootstraps with rsample:: and changed the default parameters (times = 25) instead of using the default settings.","You built a workflow_set with the base recipe and three models and inspected wflow_id and info, but you did not unnest the info column as requested, and model object names differ from those specified in the template (though functionally similar).","You correctly used workflow_map, unnested result and .metrics, filtered for rmse, grouped by wflow_id, arranged by .estimate, and sliced the top row. However, you created a separate `all_workflows_res` instead of updating `all_workflows` as in the instructions, and included extra CV setup not required.",,
42,17,"You completed most of the required tidymodels workflow, including recipes, models, workflow sets, tuning, and metric extraction. The main issues were small deviations from the specified process (e.g., missing stratification, not updating the same workflow object, and not unnested info in Q7) and some naming/namespace inconsistencies. Tightening alignment with the instructions and simplifying to just the requested steps will help you capture full credit in future labs.",1,2,3,2,3,2,2,2,,,"You used skimr::skim, but on `ames` instead of the defined `dat` object and without the pipe operator; process and object naming don’t match the instructions.","You correctly used set.seed, initial_split, training, and testing with a 0.75 prop, but you omitted `strata = 'Sale_Price'`, so the split is not stratified as required.","Recipe uses the correct formula, log-transforms Sale_Price, pools Neighborhood, creates dummies, centers and scales predictors, and is prepped and examined with broom::tidy; this matches the expected process.","You created three parsnip models with appropriate engines and tuning, but you did not explicitly set mode = 'regression' for the glmnet model, and the object names differ from the rubric’s `lm_mod_glmnet`/`lm_mod_rforest`.","You correctly called parsnip::translate() on each of the three model objects, which is exactly what was required.","You set the seed and created bootstrap resamples of ames_train, but you did not namespace rsample::bootstraps and you changed defaults by specifying `times = 25` and extra inspection code.","You built `all_workflows` with workflow_set using the recipe and three models, but you did not unnest the `info` column as requested and your model object names differ from the rubric’s expected ones.","You correctly used workflow_map, then selected wflow_id and result, unnested result and .metrics, filtered for rmse, grouped, arranged, and sliced; however, you used a separate `all_workflows_res` object instead of updating `all_workflows` as specified and added substantial extra, unnecessary code.",,
43,16,"You completed most of the required steps and demonstrated good understanding of tidymodels workflows, recipes, and workflowsets. Most deductions are for not following the exact specified objects, arguments (e.g., strata, base, all_numeric_predictors), or post-processing steps (like unnesting info). For future labs, align more closely with the given variable names, function arguments, and sequence of operations in the rubric to earn full credit.",1,2,2,2,3,2,2,2,,,"You used skimr::skim, but on `ames` instead of the defined `dat` object and without the pipe operator; process and object naming don’t match the instructions.","You correctly used set.seed, initial_split, training, and testing with a 0.75 prop, but you omitted `strata = 'Sale_Price'`, so the split does not fully follow the specified process.","You created and prepped a recipe with log, other, dummy, center, and scale steps and examined it with broom::tidy, but you did not specify the log base explicitly and centered/scaled all predictors (including dummies) rather than just numeric predictors.","You defined three parsnip models and used tune() for penalty/mixture and min_n/trees, but you did not set the mode for the first two models and used bare `tune()` instead of `parsnip::tune()` as in the rubric.","You correctly called parsnip::translate() on each of the three model objects, matching the expected workflow and outputs.","You set the seed and created bootstrap resamples from ames_train, but you did not namespace rsample::bootstraps and changed defaults by specifying `times = 25` and extra inspection code.","You built a workflow_set with the recipe and three models and inspected wflow_id and info, but you did not unnest the info column as requested and your model object names differ from those specified in the rubric.","You used workflow_map, unnested result and .metrics, filtered for rmse, grouped, arranged, and sliced, but you operated on `all_workflows_res` instead of updating `all_workflows` and included substantial extra, non‑requested code.",,
44,18,"You completed all exercises and generally followed the tidymodels workflow, including recipes, models, workflowsets, tuning, and evaluation. Most deductions are for small deviations from the specified process (e.g., missing stratification, not updating the exact object, or differing parameter choices) and a few missing or altered details. Review the rubric’s exact requirements (object names, arguments like `strata`, and expected best-parameter values) to align your code more closely with the intended workflow in future labs.",1,2,2,2,3,2,2,2,2,2,"You used skimr::skim, but on `ames` instead of the defined `dat` object and without the pipe operator; process and object naming don’t match the instructions.","You correctly used set.seed, initial_split, training, and testing with a 0.75 prop, but you omitted `strata = 'Sale_Price'`, so the split is not stratified as required.","You created the correct recipe with log(Sale_Price), step_other, dummies, centering, and scaling, and prepped it; however, you did not specify `base = exp(1)` in step_log and you centered/scaled all predictors (including dummies) rather than just numeric predictors.","All three models are defined with appropriate engines and tuning parameters, but you did not explicitly set `set_mode('regression')` for the lm and glmnet models as in the expected workflow.","You correctly called parsnip::translate() on each of the three model objects, which matches the expected process and output structure.","You set the seed and created bootstrap resamples from ames_train, but you did not namespace rsample::bootstraps and you changed the defaults (times = 25 and extra preview code) instead of using the default parameters.","You correctly built a workflow_set with the base recipe and three models, but you did not unnest the `info` column as requested and only selected it, so the structure is not fully examined.","You used workflow_map, unnested result and .metrics, filtered for rmse, grouped, arranged, and sliced, which matches the intended workflow, but you created a separate `all_workflows_res` object instead of updating `all_workflows` and added substantial extra, unnecessary code.","You used rank_results on the workflow set and compared models, but you applied it to `all_workflows_res` instead of `all_workflows` as specified and added extra analysis beyond the simple comparison requested.","You extracted and finalized a ranger workflow and fit it on train and test data, computing an MSE ratio; however, the workflow id differs from the expected 'base_forest', the best parameters do not match the provided solution, and the reported MSE ratio is far from the target ~0.1146."
45,18,"You completed all exercises and generally followed the tidymodels workflow, including recipes, models, workflowsets, tuning, and evaluation. Most deductions are for small deviations from the specified process (e.g., missing strata, not updating the exact object names, or differing parameter choices) rather than major conceptual errors. For future labs, pay close attention to using the exact objects, arguments, and steps requested in the rubric to secure full credit.",1,2,2,2,3,2,2,2,2,2,"You used skimr::skim, but on `ames` instead of the defined `dat` object and without the pipe; also the rubric expects piping `dat |> skimr::skim()` and an explicit note about no missing data based on that output.","You correctly used set.seed, initial_split, training, and testing with a 0.75 prop, but you omitted `strata = 'Sale_Price'`, which was required for full credit.","You created the correct recipe with log(Sale_Price), step_other, dummies, centering, and scaling, and prepped it then tidied; however, the rubric expects centering/scaling of numeric predictors before dummy creation and an explicit base = exp(1) in step_log.","All three models are specified with the right parsnip functions and engines, and the random forest has tunable parameters; however, you did not set `set_mode('regression')` on the lm and glmnet models and used bare `tune()` instead of `parsnip::tune()` as in the rubric.","You correctly called parsnip::translate() on each of the three model objects, which matches the expected workflow and output structure.","You set the seed and created a bootstrap object from ames_train, but you did not namespace rsample::bootstraps and changed the default parameters (times = 25) instead of using the default settings as specified.","You correctly built a workflow_set with one recipe and three models and inspected wflow_id and info, but you did not unnest the info column as required to fully examine the workflow structure.","Your code shows the correct unnest → filter rmse → group_by → arrange(desc(.estimate)) → slice(1) pipeline on a workflow_set result, but it introduces a separate `all_workflows_res` object instead of updating `all_workflows` as in the instructions.","You used workflowsets::rank_results with rank_metric = 'rmse' and select_best = TRUE and compared results, but you applied it to `all_workflows_res` rather than directly to `all_workflows` as specified in the rubric.","You extracted a ranger workflow, finalized it with chosen parameters, fit on train and test data, and computed a test/train MSE ratio; however, the workflow id and parameters do not match the specified 'base_forest' with trees = 1 and min_n = 11, and your reported ratio differs from the expected value."
46,23,"You completed all exercises and generally followed the tidymodels workflow, including recipes, models, workflowsets, tuning, and evaluation. Most key functions are present and used appropriately, with a few deviations from the specified arguments (e.g., missing stratification, different resample settings, and different best-model choice). To improve, align more closely with the exact objects and parameters requested in the rubric (e.g., using `dat`, adding `strata = 'Sale_Price'`, and matching the specified best random forest configuration).",1,2,3,2,3,2,2,3,3,2,"You used skimr::skim, but on `ames` instead of the defined `dat` object and without the pipe operator; process and object naming don’t match the instructions.","You correctly used set.seed, initial_split, training, and testing with a 0.75 prop, but you omitted `strata = 'Sale_Price'`, so the split does not follow the specified stratification.","Your recipe uses the correct formula, log-transforms Sale_Price, pools Neighborhood, creates dummies, centers and scales predictors, and you prep and tidy it; this matches the required process and transformations.","You correctly specified the three parsnip models and tuned parameters, but did not explicitly set mode for the glmnet model and used bare `tune()` instead of `parsnip::tune()`, which is slightly off the expected pattern.",You applied parsnip::translate() to each of the three model objects as required; this matches the expected workflow and outputs.,"You set the seed and created bootstrap resamples on ames_train, but did not use the `rsample::bootstraps()` namespace and changed defaults by specifying `times = 25` instead of relying on defaults.","You built a workflow_set with the recipe and three models correctly, but did not unnest the `info` column as requested, only selecting it, so the examination of workflow structure is incomplete.","You used workflow_map on the workflow set, then unnested `result` and `.metrics`, filtered for rmse, grouped by wflow_id, arranged by .estimate, and sliced the top row per group, matching the required process.","You called rank_results with the correct arguments and used it to compare and identify the best model, which aligns with the expected use and output comparison to Exercise 8.","You extracted a ranger workflow, finalized it with tuned parameters, and fit/train-test models and computed an MSE ratio, but the workflow id and parameter values differ from the specified best model (base_forest with trees = 1, min_n = 11)."
47,23,"Most exercises are completed with the correct functions and general workflow, and you demonstrate a solid grasp of recipes, parsnip models, workflowsets, and tuning. Points were mainly lost where your code diverged from specific instructions (e.g., object names, stratification, unnesting info, and using the prescribed best model/parameters). Review the rubric details and aim to match the exact processes and arguments requested in future labs.",1,2,3,2,3,2,2,3,3,2,"You used skimr::skim, but on `ames` instead of the defined `dat` object and without the pipe operator; process and object naming don’t match the instructions.","You correctly used set.seed, initial_split, training, and testing with a 0.75 prop, but you omitted `strata = 'Sale_Price'`, so the split does not follow the specified stratified process.","Recipe uses the correct formula, log-transforms Sale_Price, pools Neighborhood, creates dummies, centers and scales predictors, and is prepped then examined with broom::tidy; this matches the required process and transformations.","You created three parsnip models with appropriate engines and tuning parameters, but you did not explicitly set `set_mode('regression')` for the first two models as requested.","You correctly called parsnip::translate() on each of the three model objects, which is exactly what was required.","You set the seed and created bootstrap resamples of ames_train, but you did not namespace rsample::bootstraps and changed defaults (times = 25) instead of using the simple default call.","You built an appropriate workflow_set with the recipe and three models, but you only selected the info column instead of unnesting it to show the full workflow structure as specified.","You used workflow_map on the workflow set, then unnested result and .metrics, filtered for rmse, grouped by wflow_id, arranged by .estimate, and sliced the top row per group, matching the required workflow even though you stored results in a separate object.","You applied workflowsets::rank_results with rank_metric = 'rmse' and select_best = TRUE to the tuned workflow set and used it to compare models, which aligns with the exercise intent.","You extracted a ranger workflow, finalized it with chosen parameters, fit on train and test, and computed an MSE ratio, but you did not use the specified 'base_forest' workflow or the given best parameters (trees = 1, min_n = 11), so the final model and ratio differ from the expected solution."
48,22,"Most of the required tidymodels workflow is present, and you demonstrated good understanding of recipes, models, workflowsets, and tuning. Points were lost mainly for not following some exact specifications (e.g., using `dat`, stratifying splits, specific parameters, and unnesting info) and for deviating from the prescribed best-model configuration. Review the rubric details and align object names, arguments, and steps more closely with the instructions in future labs.",1,2,2,2,3,2,2,3,3,2,"You used skimr::skim, but on `ames` instead of the defined `dat` object and without the pipe operator; process and object naming don’t match the instructions.","You correctly used set.seed, initial_split, training, and testing with a 0.75 prop, but you omitted `strata = 'Sale_Price'`, so the split is not stratified as required.","You created the correct recipe with log(Sale_Price), step_other, dummies, centering, and scaling, and prepped it; however, you didn’t specify `base = exp(1)` in step_log and centered/scaled all predictors (including dummies) rather than just numeric predictors.","All three parsnip models are defined with appropriate engines and tuning parameters, but you did not explicitly set the mode for the glmnet model, and the random forest spec uses `mtry` instead of the requested tunable `trees` parameter.","You correctly called parsnip::translate() on each of the three model objects, matching the expected workflow and outputs.","You set the seed and created bootstrap resamples from ames_train, but you did not namespace rsample::bootstraps and changed defaults by specifying `times = 25` instead of using the default parameters.","You built a workflow_set with the base recipe and three models correctly, but you did not unnest the `info` column as requested; you only selected it without using tidyr::unnest.","You used workflow_map on the workflow set, then unnested `result` and `.metrics`, filtered for rmse, grouped by wflow_id, arranged by .estimate, and sliced the top row, fully matching the required process.","You used workflowsets::rank_results with `rank_metric = 'rmse'` and `select_best = TRUE` and compared results, satisfying the required code and interpretation steps.","You extracted and finalized a best-model workflow and fit it on train and test data, but you did not use the specified 'base_forest' workflow or the given best parameters (trees = 1, min_n = 11), and your reported MSE ratio differs from the expected value."
49,23,"You completed all exercises and generally followed the tidymodels workflow, including recipes, models, workflowsets, tuning, and evaluation. Most code chunks are structurally correct, with a few deviations from the exact specifications (e.g., missing stratification in the split, not unnested info in Q7, and differing best-model choices in Q10). Tightening alignment with the given instructions (object names, arguments like strata, and specified best parameters) will help you fully meet the rubric on future labs.",1,2,3,2,3,2,2,3,3,2,"You used skimr::skim, but on `ames` instead of the defined `dat` object and without the pipe operator; process and object naming don’t match the instructions.","You correctly used set.seed, initial_split, training, and testing with a 0.75 prop, but you omitted `strata = 'Sale_Price'`, so the split is not stratified as required.","Recipe uses the correct formula, logs Sale_Price, pools Neighborhood, creates dummies, and then centers/scales predictors; prep and broom::tidy are used appropriately.","All three parsnip models are defined with correct engines and tunable parameters, but you did not explicitly set mode = 'regression' for the lm and glmnet models as in the expected workflow.",You correctly called parsnip::translate() on each of the three model objects to inspect their engine-specific templates.,"You set the seed and created bootstrap resamples from ames_train, but you did not namespace bootstraps with rsample:: and added extra arguments/printing beyond the minimal expected process.","You correctly built a workflow_set with the recipe and three models, but you did not unnest the `info` column as requested, only selected it, so the structure is not fully examined.","You used workflow_map, then selected wflow_id and result, unnested result and .metrics, filtered for rmse, grouped, arranged, and sliced; this matches the required workflow even though you used a separate object name.","You used workflowsets::rank_results with rank_metric = 'rmse' and select_best = TRUE and compared results, which satisfies the exercise requirements.","You extracted a ranger workflow, finalized it with chosen parameters, and fit/train-test to compute an MSE ratio, but the workflow ID and parameter values do not match the specified best model (base_forest with trees = 1, min_n = 11)."
50,23,"Most of the required tidymodels workflow is present: you defined recipes, models, workflow sets, resampling, tuning, and evaluation. A few details diverge from the rubric, such as missing stratification in the split, not unnested workflow info, and not using the specified best forest configuration. Tightening alignment with the provided specifications (object names, arguments like strata, and exact best-parameter choices) will help fully meet all rubric criteria.",1,2,3,2,3,2,2,3,3,2,"You used skimr::skim, but on `ames` instead of the defined `dat` object and without the pipe operator; process and object naming don’t match the instructions.","You correctly used set.seed, initial_split, training, and testing with a 0.75 prop, but you omitted `strata = 'Sale_Price'`, so the split is not stratified as required.","Your recipe uses the correct formula, log-transforms Sale_Price, pools Neighborhood, creates dummies, and then centers/scales predictors; prep and broom::tidy are used appropriately.","You created the three models with appropriate engines and tuning parameters, but you did not explicitly set `mode = 'regression'` for the glmnet model as requested.",You correctly called parsnip::translate() on each of the three model objects to inspect their engine-specific templates.,"You set the seed and created bootstrap resamples from ames_train, but you did not namespace bootstraps with rsample:: and changed the default parameters (times = 25) instead of using defaults.","You correctly built a workflow_set with the recipe and three models, but you only selected the info column instead of unnesting it to show the workflow structure as required.","You used workflow_map on the workflow set, then unnested result and .metrics, filtered for rmse, grouped by wflow_id, arranged by .estimate, and sliced the top row per group, matching the intended process.","You used workflowsets::rank_results with rank_metric = 'rmse' and select_best = TRUE and compared these rankings to the earlier tuning results, satisfying the exercise requirements.","You extracted a ranger workflow, finalized it with chosen parameters, and fit/train-test models and computed an MSE ratio, but you did not use the specified 'base_forest' workflow or the given best parameters (trees = 1, min_n = 11), so the final model and ratio differ from the expected solution."
