Run,Total,OverallComment,Q1,Q2,Q3,Q4,Q5,Q6,Q7,Q8,Q9,Q10,Q1_feedback,Q2_feedback,Q3_feedback,Q4_feedback,Q5_feedback,Q6_feedback,Q7_feedback,Q8_feedback,Q9_feedback,Q10_feedback
1,25,"Most exercises are completed with the correct functions and workflows, and your code is generally well structured. The main issues are minor deviations from the specified process (e.g., missing stratification in the split, log base and skip in the recipe, and parameter choices in the final model). Review the rubric details for preprocessing and splitting to align more closely with the expected specifications in future labs.",2,2,1,3,3,3,3,3,3,2,"You correctly used skimr::skim() on dat, but did not use the pipe operator as specified. The conclusion about no missing data is present.","You set the seed and used initial_split/training/testing with prop = 0.75, but omitted the required strata = 'Sale_Price' argument. The overall split process is otherwise correct.","You created and prepped a recipe with the right variables and steps, but used base = 10 instead of natural log, skipped the log step, and centered/scaled all predictors (including dummies) rather than just numeric predictors. This deviates from the specified process and transformation details.","All three models are specified with the correct parsnip functions, engines, and tunable parameters; the random forest includes both trees and min_n for tuning. This matches the expected workflow.","You applied parsnip::translate() to each of the three model objects, which is exactly what was required to inspect the engine-specific templates.","You set the seed and created train_resamples with rsample::bootstraps(ames_train), producing the expected bootstrap resampling object.","You built all_workflows with workflow_set using the recipe and three models, and unnested the info column to inspect structure. This matches the required process and structure.","You updated all_workflows with workflow_map and then selected, unnested, filtered for rmse, grouped, arranged in descending order, and sliced the top row per workflow as specified. The dplyr/tidyr chain follows the expected pattern.","You called workflowsets::rank_results(all_workflows, rank_metric = 'rmse', select_best = TRUE) and discussed how its behavior compares to your Exercise 8 results, satisfying the requirement.","You correctly extracted the forest workflow, finalized it with specific trees and min_n values, and fit on both training and test data, then computed a test/train MSE ratio. However, the chosen parameters and resulting ratio differ from the expected best configuration and approximate ratio in the rubric."
2,25.5,"Your lab shows a solid grasp of the tidymodels workflow, including recipes, models, workflowsets, tuning, and evaluation. Most required functions and steps are present and correctly structured. To improve, pay closer attention to specific rubric details such as using strata in splits, natural log for Sale_Price without skipping, and aligning tuning/selection steps so that the final model and performance comparison match the expected best configuration.",2.5,2,1.5,2.5,3,3,3,3,3,2,"You correctly used skimr::skim() on dat, but did not use the pipe operator as specified. The conclusion about no missing data is present.","You set the seed, used rsample::initial_split(), training(), and testing(), and created ames_train/ames_test with a 0.75 split, but omitted the required strata = 'Sale_Price' argument.","You created a recipe with the correct formula and included log, other, dummy, center, and scale steps, then prepped it. However, you used base = 10 instead of natural log, skipped the log step, and centered/scaled all predictors rather than just numeric predictors.","All three models are specified with the correct parsnip functions, engines, and tunable parameters; only the explicit set_mode('regression') is missing for the linear models, which is recommended in the rubric solution.","You correctly applied parsnip::translate() to each of the three model objects, which will display the underlying engine-specific templates.","You set the seed and created train_resamples with rsample::bootstraps(ames_train), matching the expected bootstrap resampling workflow.","You built all_workflows with workflowsets::workflow_set() using the recipe and three models, and unnested the info column to inspect the structure, as required.","Your code updates all_workflows with workflow_map(), then correctly unnests result and .metrics, filters for rmse, groups by wflow_id, orders by .estimate, and slices the first row per group.","You called workflowsets::rank_results() with all_workflows, rank_metric = 'rmse', and select_best = TRUE, and you compared its behavior to your Exercise 8 results in the comments.","You extracted the 'norm_forest' workflow, finalized it with specific trees and min_n values, and fit on both training and test data, computing an MSE ratio. However, the chosen parameters and resulting ratio do not match the expected best configuration and approximate 12% test/train MSE increase."
3,25,"Your lab shows a solid grasp of tidymodels workflows, model specification, resampling, and workflowsets, with all major steps implemented. Most deductions are for smaller details such as missing stratification, the log transformation setup in the recipe, and not matching the rubric’s exact best-parameter configuration. Review the recipe step options (especially log and which predictors to center/scale) and the use of strata in initial_split to fully align with the intended process.",2,2,1,3,3,3,3,3,3,2,"You correctly used skimr::skim() on dat and answered that there is no missing data. However, the rubric expected use of the base pipe (|>) and piping dat directly into skim() in a single step.","You set the seed, used rsample::initial_split(), and created ames_train and ames_test with a 75% split, which matches most of the required process. You omitted the strata = 'Sale_Price' argument, so the split is not stratified as specified.","You created a recipe with the correct formula and included log, other, dummy, center, and scale steps, then prepped it. However, you used base = 10 instead of the natural log, set skip = TRUE on the log step (so the outcome is not transformed in modeling), and centered/scaled all predictors including dummies rather than only numeric predictors, so the preprocessing does not fully match the specification.","All three models are specified correctly: a base linear_reg with lm engine, a glmnet model with penalty and mixture set to tune(), and a random forest with ranger engine and tunable trees and min_n. Mode is set to regression for the forest, which is sufficient for full credit.","You correctly applied parsnip::translate() to each of the three model objects, which will display the underlying engine-specific templates as required.","You set the seed and created train_resamples using rsample::bootstraps(ames_train), matching the expected process and producing the correct bootstrap resampling object.","You created all_workflows with workflowsets::workflow_set() using your recipe and all three models, and then unnested the info column with tidyr::unnest(info), which matches the required workflow structure and examination.","You updated all_workflows with workflow_map() using the specified arguments, then selected wflow_id and result, unnested result and .metrics, filtered for rmse, grouped by wflow_id, arranged by descending .estimate, and sliced the first row. This follows the requested sequence and yields the best (by your ordering) rmse rows per workflow.","You correctly called workflowsets::rank_results(all_workflows, rank_metric = 'rmse', select_best = TRUE) and provided a brief comparison to your Exercise 8 results, demonstrating understanding of the ranking behavior.","You extracted the 'norm_forest' workflow, finalized it with specific trees and min_n values, and fit it on both training and test data, then computed and reported the test/train MSE ratio. The overall workflow is correct, but the chosen tuning parameters and resulting ratio differ from the expected best configuration in the rubric."
4,25,"Your lab shows a solid grasp of tidymodels workflows, model specification, resampling, and workflowsets, with all major steps implemented. Most deductions are for not exactly following specified arguments (e.g., strata in splitting, log base and skip in the recipe) or differing from the expected tuned parameters. Review the rubric details around preprocessing choices and parameter selection to better align your code with the intended process in future labs.",2,2,1,3,3,3,3,3,3,2,"You correctly used skimr::skim() on dat, but did not use the pipe operator as specified. The conclusion about no missing data is present.","You set the seed and used initial_split/training/testing with prop = 0.75, but omitted the required strata = 'Sale_Price' argument. The overall split process is otherwise correct.","You created and prepped a recipe with the right variables and included log, other, dummy, center, and scale steps, but used base = 10 and skip = TRUE on the outcome transform and centered/scaled all predictors (including dummies) rather than just numeric predictors. This only partially matches the specified preprocessing.","All three parsnip models are specified correctly with appropriate engines and tuning parameters; although you did not explicitly set_mode for the linear models, regression is the default, so the workflow matches the rubric intent.","You applied parsnip::translate() to each of the three model objects as required, which would display the underlying engine-specific templates.","You set the seed and created train_resamples with rsample::bootstraps(ames_train), correctly producing a bootstrap resampling object with default settings.","You built all_workflows with workflowsets::workflow_set using the recipe and all three models, and unnested the info column to inspect the structure, matching the expected workflow.","You updated all_workflows with workflow_map and then selected, unnested result and .metrics, filtered for rmse, grouped by wflow_id, arranged by descending .estimate, and sliced the first row, exactly following the requested sequence.","You called workflowsets::rank_results with all_workflows, rank_metric = 'rmse', and select_best = TRUE, and compared its behavior to Exercise 8, correctly noting the ranking direction difference.","You extracted the forest workflow, finalized it with specific trees and min_n values, and fit it on both training and test data, then computed and reported the test/train MSE ratio. However, the chosen parameters and resulting ratio differ from the expected best configuration in the rubric."
5,25,"Your lab shows solid understanding of tidymodels workflows, model specification, resampling, and workflowsets; most exercises follow the intended process and use the correct functions. The main issues are minor deviations from the specified process (e.g., missing stratification, log base and step order in the recipe) and not matching the expected best model configuration in the final exercise. Addressing these details will bring your work fully in line with the rubric expectations.",2,2,1,3,3,3,3,3,3,2,"You correctly used skimr::skim() on dat and answered that there is no missing data. However, the rubric expected use of the base pipe (|>) and piping dat directly into skim() in a single step.","You set the seed, used rsample::initial_split(), and created ames_train and ames_test with a 75% split, which matches most of the required process. You did not include strata = 'Sale_Price', so the split is not stratified as specified.","You created a recipe with the correct formula and included log, other, dummy, center, and scale steps, then prepped it. However, you used base = 10 instead of natural log, skipped the log step, and centered/scaled all predictors (including dummies) rather than just numeric predictors, so the transformations do not fully match the rubric.","All three models are specified correctly with parsnip::linear_reg() and parsnip::rand_forest(), appropriate engines (lm, glmnet, ranger), and tunable parameters (penalty, mixture, trees, min_n). The regression mode is set for the forest model; lm/glmnet default to regression, which is acceptable here.","You applied parsnip::translate() to each of lm_mod_base, lm_mod_glmnet, and lm_mod_rforest, which matches the expected workflow and would display the three engine-specific templates.","You set the seed and created train_resamples with rsample::bootstraps(ames_train), following the expected process and producing the correct bootstrap resampling object.","You created all_workflows with workflowsets::workflow_set() using the recipe and all three models, and then unnested the info column with tidyr::unnest(info), which matches the required structure and examination of the workflow set.","Your code updates all_workflows with workflow_map(), then selects wflow_id and result, unnests result and .metrics, filters for rmse, groups by wflow_id, arranges by descending .estimate, and slices the first row. This matches the specified workflow and output structure.","You correctly called workflowsets::rank_results(all_workflows, rank_metric = 'rmse', select_best = TRUE) and discussed how its results compare conceptually to Exercise 8, satisfying the rubric requirements.","You extracted the 'norm_forest' workflow, finalized it with specific trees and min_n values, fit on both training and test data, and computed a test/train MSE ratio. However, the chosen parameters and resulting ratio differ from the expected best configuration and approximate 12% increase, so the final model performance comparison does not align with the solution."
6,24,"Most exercises are completed with the correct functions and general workflow, and you demonstrate a solid grasp of tidymodels, workflowsets, and tuning. The main issues are small deviations from the specified process (e.g., missing strata in the split, log base and skip in the recipe, and parameter values in the final model) and not fully matching the rubric’s expectations. Review the instructions for exact arguments and step ordering to align your code more closely with the required workflow.",2,2,1,2,3,3,3,3,3,2,"You correctly used skimr::skim() on dat, but did not use the pipe operator as specified. The conclusion about no missing data is present.","You set the seed and used initial_split/training/testing with a 0.75 split, but omitted the strata = 'Sale_Price' argument required by the rubric.","You created a recipe with the correct formula and included log, other, dummy, center, and scale steps, but used base=10, skipped the log step, and centered/scaled all predictors (including dummies) rather than just numeric predictors; prep was called but not assigned or examined with broom::tidy().","All three models were specified with appropriate engines and tunable parameters, but you did not explicitly set mode = 'regression' for the linear models as in the expected workflow.","You correctly applied parsnip::translate() to each of the three model objects, matching the expected process.","You set the seed and created train_resamples with rsample::bootstraps(ames_train), producing the expected bootstrap resampling object.","You built a workflow_set with the recipe and all three models and unnested the info column, correctly showing the workflow structure.","You updated all_workflows with workflow_map and then selected, unnested, filtered for rmse, grouped, arranged by descending .estimate, and sliced the top row per workflow as required.","You called workflowsets::rank_results with the correct arguments and compared its behavior to Exercise 8, correctly noting the difference due to sorting direction.","You extracted the forest workflow, finalized it with specific trees and min_n, and fit on both training and test data, but did not use the specified best parameters (trees = 1, min_n = 11) or report the expected test/train MSE ratio."
7,25.5,"Your lab shows a solid grasp of tidymodels workflows, model specification, and resampling, with all major steps implemented. Most deductions are for smaller details like missing stratification, the log transformation base/skip behavior, and not matching the expected best model configuration. Review the rubric’s specific parameter and transformation requirements to align your future work more closely with the intended process.",2.5,2,1.5,2.5,3,3,3,3,3,2,"You correctly used skimr::skim() on dat, but did not use the pipe operator as specified. The conclusion about no missing data is present.","You set the seed and used initial_split, training, and testing with a 0.75 prop, but omitted the required strata = 'Sale_Price' argument. The overall split process is otherwise correct.","You created a recipe with the correct formula and included log, other, dummy, center, and scale steps, then prepped it. However, you used base = 10 instead of natural log, skipped the log step, and centered/scaled all predictors (including dummies) rather than just numeric predictors.","All three models are specified with the correct parsnip functions, engines, and tunable parameters; the random forest also has mode set to regression. You did not explicitly set mode for the linear models, but they default appropriately, so only a minor deduction.","You correctly called parsnip::translate() on each of the three model objects, which will display the underlying engine-specific templates.","You set the seed and created train_resamples with rsample::bootstraps(ames_train), producing the expected bootstrap resampling object.","You created all_workflows with workflowsets::workflow_set using the recipe and all three models, and unnested the info column to inspect the structure, matching the expected workflow setup.","You updated all_workflows with workflow_map and then correctly selected, unnested result and .metrics, filtered for rmse, grouped by wflow_id, arranged by descending .estimate, and sliced the first row per group as required.","You called workflowsets::rank_results(all_workflows, rank_metric = 'rmse', select_best = TRUE) and provided a clear comparison to your Exercise 8 results, correctly noting the difference in ranking direction.","You extracted the norm_forest workflow, finalized it with specific trees and min_n values, and fit it on both training and test data, then computed and reported the test/train MSE ratio. However, the chosen parameters and resulting ratio differ from the expected best configuration and approximate 12% increase."
8,24,"You completed all exercises and generally followed the intended tidymodels workflow, including recipes, models, workflowsets, tuning, and evaluation. Most code chunks are structurally correct, with minor deviations such as missing stratification in the split and an incorrect/ineffective log transformation in the recipe. Review the details of step_log usage, stratified splitting, and parameter selection from tuning results to better align with the rubric’s expectations.",2,2,1,2,3,3,3,3,3,2,"You correctly used skimr::skim() on dat, but did not use the pipe operator as specified. The conclusion about no missing data is present.","You set the seed and used initial_split/training/testing with prop = 0.75, but omitted the required strata = 'Sale_Price' argument. The overall split process is otherwise correct.","You created a recipe with the correct formula and included log, other, dummy, center, and scale steps, then prepped it. However, you used base = 10 and skip = TRUE on step_log (so Sale_Price is not actually transformed), and you centered/scaled all predictors including dummies rather than just numeric predictors.","You defined three parsnip models with the correct engines and tunable parameters, and set mode = 'regression' for the forest. However, you did not explicitly set mode for the linear models as in the rubric, which slightly departs from the expected workflow.","You correctly called parsnip::translate() on each of the three model objects, which will display the underlying engine-specific templates.","You set the seed and created train_resamples with rsample::bootstraps(ames_train), matching the expected bootstrap resampling process.","You created all_workflows with workflow_set using the recipe and all three models, and unnested the info column to inspect the structure, matching the rubric expectations.","Your code updates all_workflows with workflow_map and then selects, unnests result and .metrics, filters for rmse, groups by wflow_id, arranges by descending .estimate, and slices the first row, exactly following the required workflow.","You correctly called workflowsets::rank_results(all_workflows, rank_metric = 'rmse', select_best = TRUE) and provided a clear comparison explanation relative to Exercise 8.","You extracted the norm_forest workflow, finalized it with specific trees and min_n values, and fit on both training and test data, then computed and reported the test/train MSE ratio. However, the chosen parameters and resulting ratio differ from the expected best configuration in the rubric."
9,25.5,"Your lab shows solid command of tidymodels workflows, models, and resampling, with all major steps implemented and clearly structured. Most exercises follow the intended process closely, with only minor deviations (e.g., missing strata, log base choice, and best-parameter selection). To improve, align more strictly with the specified arguments (like natural log and stratification) and double-check that your tuning choices match the rubric’s described best model configuration.",2.5,2,1.5,2.5,3,3,3,3,3,2,"You correctly used skimr::skim() on dat, but did not use the pipe operator as specified. The written conclusion about no missing data is present.","You set the seed, used rsample::initial_split(), training(), and testing(), and created ames_train/ames_test with a 75% split, but omitted the required strata = 'Sale_Price' argument.","You created a recipe with the correct formula and included log, other, dummy, center, and scale steps, then prepped it. However, you used base = 10 instead of natural log, skipped the log step, and centered/scaled all predictors rather than just numeric predictors, so the process and transformation details are partially incorrect.","All three models are defined with the correct parsnip functions, engines, and tunable parameters; you set mode for the random forest but not explicitly for the linear models. Overall structure matches the expected process.","You correctly applied parsnip::translate() to each of the three model objects, matching the expected workflow and outputs.","You set the seed and created train_resamples with rsample::bootstraps(ames_train), which matches the expected process and output structure.","You built a workflow_set with the recipe and all three models and unnested the info column, correctly showing the workflow structure as required.","You updated all_workflows with workflow_map(), then selected, unnested result and .metrics, filtered for rmse, grouped by wflow_id, arranged by descending .estimate, and sliced the first row, exactly following the requested sequence.","You called workflowsets::rank_results() with the correct arguments and provided a clear comparison to your Exercise 8 results, correctly explaining the difference in ordering.","You extracted the forest workflow, finalized it with specific trees and min_n values, and fit on both training and test data, then computed and reported the test/train MSE ratio. However, the chosen parameters and resulting ratio differ from the expected best configuration and approximate ratio in the rubric."
10,25,"Your lab shows a solid grasp of tidymodels workflows, model specification, resampling, and workflowsets, and most exercises follow the intended process closely. The main issues are minor deviations from the specified arguments (e.g., missing stratification, incorrect log base/skip, and different best parameters in Q10). Tightening alignment with the exact rubric specifications would bring this to full credit.",2,2,1,3,3,3,3,3,3,2,"You correctly used skimr::skim() on dat and answered that there is no missing data. However, the rubric expected use of the base pipe (|>) and piping dat directly into skim() in a single step.","You set the seed, used rsample::initial_split(), and created ames_train and ames_test with a 75% split, which matches most of the required process. You omitted the strata = 'Sale_Price' argument, so the split is not stratified as specified.","You created a recipe with the correct formula and included log, other, dummy, center, and scale steps, then prepped it. However, you used base = 10 instead of natural log, skipped the log step, and centered/scaled all predictors (including dummies) rather than just numeric predictors, so the transformations do not fully match the rubric.","All three models are specified correctly with parsnip::linear_reg() and parsnip::rand_forest(), appropriate engines (lm, glmnet, ranger), and tunable parameters penalty/mixture and trees/min_n. Although set_mode('regression') is omitted for the linear models, the defaults are acceptable here.","You correctly called parsnip::translate() on each of the three model objects, which will display the underlying engine-specific templates as required.","You set the seed and created train_resamples with rsample::bootstraps(ames_train), matching the expected process and producing the correct bootstrap resampling object.","You created all_workflows with workflowsets::workflow_set() using the recipe and all three models, and then unnested the info column with tidyr::unnest(info), which matches the required workflow structure and examination.","Your code updates all_workflows with workflow_map(), then selects wflow_id and result, unnests result and .metrics, filters for rmse, groups by wflow_id, arranges by descending .estimate, and slices the first row. This follows the specified workflow and produces the requested best-rmse rows (albeit ordered worst-to-best, as in the solution).","You correctly called workflowsets::rank_results(all_workflows, rank_metric = 'rmse', select_best = TRUE) and discussed how its output differs from your Exercise 8 results, which aligns with the rubric’s expectations.","You extracted the 'norm_forest' workflow, finalized it with specific trees and min_n values, fit on both training and test data, and computed the test/train MSE ratio. The overall process is correct, but the chosen tuning parameters differ from the provided best (trees = 1, min_n = 11), so the final performance metrics will not match the expected values."
11,25,"Your lab shows a solid grasp of tidymodels workflows, model specification, resampling, and workflowsets, with most steps implemented correctly. The main issues are in the recipe specification (log base and step choices) and not using stratification in the train/test split, plus a different choice of best model parameters in the final step. Review the intended preprocessing details and stratified splitting to align more closely with the rubric in future labs.",2,2,1,3,3,3,3,3,3,2,"You correctly used skimr::skim() on dat, but did not use the pipe operator as specified. The conclusion about no missing data is present.","You set the seed and used initial_split/training/testing with prop = 0.75, but omitted the required strata = 'Sale_Price' argument. The overall split process is otherwise correct.","You created and prepped a recipe with the right variables and steps, but used base = 10 instead of natural log, skipped the log step, and centered/scaled all predictors (including dummies) rather than just numeric predictors. This deviates from the specified process.",All three parsnip models are specified correctly with appropriate engines and tunable parameters for glmnet and ranger. Mode is explicitly set for the random forest and defaults appropriately for the linear models.,"You correctly applied parsnip::translate() to each of the three model objects, which would display the underlying engine-specific templates.","You set the seed and created a bootstrap resampling object with rsample::bootstraps(ames_train), matching the expected process and output structure.","You built a workflow_set with the recipe and all three models and unnested the info column, correctly showing the workflow structure with the expected combinations.","Your code maps workflow_map over all_workflows and then selects, unnests, filters for rmse, groups, arranges in descending order, and slices one row per workflow as required.","You correctly called workflowsets::rank_results with all_workflows, rank_metric = 'rmse', and select_best = TRUE, and provided a brief comparison to Exercise 8.","You extracted the forest workflow, finalized it with specific trees and min_n values, and fit to both train and test sets, computing an MSE ratio. However, the chosen parameters and resulting ratio differ from the expected best configuration and approximate 12% increase."
12,21,"You completed all exercises with generally correct use of tidymodels, workflowsets, and rsample, and your workflow construction and tuning steps are solid. Most deductions are for small but important details: missing stratification in the split, incorrect log base/skip in the recipe, and not aligning the final model parameters and performance with the tuned best settings. Review the recipe step specifications and how to extract and use best tuning parameters to fully match the intended workflow.",2,2,1,2,3,3,3,3,3,2,"You correctly used skimr::skim() on dat, but did not use the pipe operator as specified. The conclusion about no missing data is present.","You set the seed and used rsample::initial_split(), training(), and testing() with a 0.75 prop, but omitted the required strata = 'Sale_Price' argument.","You created and prepped a recipe with the right variables and steps, but used base = 10 instead of natural log, skipped the log step, and centered/scaled all predictors (including dummies) rather than just numeric predictors.","All three parsnip models are defined with correct engines and tunable parameters, but you did not explicitly set mode = 'regression' for the linear models as in the expected workflow.","You correctly applied parsnip::translate() to each of the three model objects, matching the expected process and outputs.","You set the seed and created train_resamples with rsample::bootstraps(ames_train), which matches the expected bootstrap resampling process.","You built all_workflows with workflowsets::workflow_set() using the recipe and three models, and unnested the info column as required.","Your code updates all_workflows with workflow_map(), then correctly unnests result and .metrics, filters for rmse, groups, arranges by descending .estimate, and slices the top row per workflow.","You called workflowsets::rank_results() with the correct arguments and provided a clear comparison to the Exercise 8 results, noting the sorting-direction difference.","You extracted the forest workflow, finalized it with specific trees and min_n values, and fit on train and test data, but the chosen parameters are not tied back to best rmse from tuning and the reported MSE ratio differs from the expected benchmark."
13,25,"Your lab shows a solid grasp of tidymodels workflows, models, resampling, and workflowsets, with all major steps implemented. Most deductions are for small deviations from the specified process (e.g., missing stratification, log base, and exact best-parameter choices) rather than missing work. Review the rubric details around transformation choices and stratified splitting to better match the expected specifications in future labs.",2,2,1,3,3,3,3,3,3,2,"You correctly used skimr::skim() on dat and answered that there is no missing data. However, the rubric expected use of the base pipe (|>) and piping dat directly into skim() in a single step.","You set the seed, used rsample::initial_split(), and created ames_train and ames_test with a 75% split, which matches most of the required process. You omitted the strata = 'Sale_Price' argument, so the split is not stratified as specified.","You created a recipe with the correct formula and included log, other, dummy, center, and scale steps, then prepped it. However, you used base = 10 instead of natural log, skipped the log step, and centered/scaled all predictors (including dummies) rather than just numeric predictors, so the transformations do not fully match the rubric.","All three models are specified correctly with parsnip::linear_reg() and parsnip::rand_forest(), appropriate engines (lm, glmnet, ranger), and penalty/mixture and trees/min_n set to tune(). This matches the required workflow and model definitions.","You applied parsnip::translate() to each of lm_mod_base, lm_mod_glmnet, and lm_mod_rforest, which is exactly what was required to inspect the model templates.","You set the seed and created train_resamples with rsample::bootstraps(ames_train), producing the expected bootstrap resampling object with default parameters.","You created all_workflows with workflowsets::workflow_set() using your recipe and all three models, and then unnested the info column with tidyr::unnest(info), matching the expected structure and process.","Your code updates all_workflows with workflow_map(), then selects wflow_id and result, unnests result and .metrics, filters for rmse, groups by wflow_id, arranges by descending .estimate, and slices the first row. This follows the required workflow and uses the correct functions.","You called workflowsets::rank_results(all_workflows, rank_metric = 'rmse', select_best = TRUE) as required and provided a brief comparison explanation, which satisfies the rubric for this exercise.","You correctly extracted the forest workflow, finalized it with specific trees and min_n values, and fit it on both training and test data, then computed and reported the test/train MSE ratio. However, the chosen hyperparameters and resulting ratio differ from the expected best configuration in the rubric, so the output does not fully align with the reference solution."
14,25,"Your lab shows solid understanding of tidymodels workflows, models, resampling, and workflowsets, with most exercises implemented correctly. The main issues are in the recipe specification (log base and step choices) and not using stratification in the initial split, plus a different choice of best model parameters in Exercise 10. Addressing these details will bring your work fully in line with the rubric’s expectations.",2,2,1,3,3,3,3,3,3,2,"You correctly used skimr::skim() on dat, but did not use the pipe operator as specified. The conclusion about no missing data is present.","You set the seed and used initial_split/training/testing with a 0.75 split, but omitted the required strata = 'Sale_Price' argument. The overall split process is otherwise correct.","You created and prepped a recipe with the right variables and steps, but used base = 10 instead of natural log, skipped the log step, and centered/scaled all predictors (including dummies) rather than just numeric predictors. These deviations reduce process fidelity and output correctness.",All three models are specified correctly with appropriate engines and tunable parameters; the random forest includes trees and min_n for tuning. This matches the expected parsnip setup.,"You applied parsnip::translate() to each of the three model objects, which is exactly the required workflow to inspect the engine-specific templates.","You set the seed and created train_resamples with rsample::bootstraps(ames_train), producing the expected bootstrap resampling object.","You built all_workflows with workflow_set using the recipe and three models, and unnested the info column to inspect structure. This matches the required workflowset construction and examination.","Your code updates all_workflows with workflow_map and then correctly unnests result and .metrics, filters for rmse, groups by wflow_id, arranges by descending .estimate, and slices the first row. The dplyr/tidyr chain matches the rubric.","You called workflowsets::rank_results with all_workflows, rank_metric = 'rmse', and select_best = TRUE, and discussed how its output compares conceptually to Exercise 8. This satisfies the requirements.","You correctly extracted the forest workflow, finalized it with specific trees and min_n, and fit on both train and test data, computing an MSE ratio. However, the chosen parameters and resulting ratio differ from the expected best configuration, so the performance comparison does not align with the reference solution."
15,23,"Most exercises are completed with the correct functions and workflows, and your code generally follows the intended tidymodels process. The main issues are in Exercise 2 (missing stratification) and Exercise 3 (log base, skip argument, and centering/scaling scope), which prevent full credit there. Tightening those preprocessing details and matching the exact specifications in the rubric would bring this very close to a perfect submission.",2,2,1,3,3,3,3,3,3,3,"You correctly used skimr::skim() on dat and answered that there is no missing data. However, the rubric specifically required using the pipe operator (dat |> skimr::skim()) in a single step, which you did not do.","You set the seed, used rsample::initial_split(), and created ames_train and ames_test with a 75% split, which matches most of the required process. You omitted the strata = 'Sale_Price' argument, so the split is not stratified as specified.","You created a recipe with the correct formula and included log, other, dummy, center, and scale steps, then prepped it. However, you used base = 10 instead of the natural log (base = exp(1)), applied step_log with skip = TRUE (so the outcome is not actually transformed), and centered/scaled all predictors including dummies rather than just numeric predictors, so the preprocessing does not fully match the required transformations.","All three models are specified correctly: a basic linear_reg with lm engine, a glmnet model with penalty and mixture set to tune(), and a random forest with ranger engine and tunable trees and min_n. Mode is explicitly set for the forest and defaults appropriately for the linear models, so this meets the rubric.","You correctly called parsnip::translate() on each of the three model objects (lm_mod_base, lm_mod_glmnet, lm_mod_rforest), which is exactly what was required to inspect the model templates.","You set the seed and created train_resamples using rsample::bootstraps(ames_train), matching the expected process and producing the correct bootstrap resampling object.","You created all_workflows with workflowsets::workflow_set() using your norm_recipe and all three models, and then unnested the info column to inspect the structure. This matches the required workflow construction and examination.","You updated all_workflows with workflow_map() (in the provided chunk) and then selected wflow_id and result, unnested result and .metrics, filtered for rmse, grouped by wflow_id, arranged by descending .estimate, and sliced the first row. This follows the specified sequence of dplyr/tidyr operations and yields the best rmse rows per workflow.","You correctly called workflowsets::rank_results(all_workflows, rank_metric = 'rmse', select_best = TRUE) and discussed how its behavior compares to your Exercise 8 code, satisfying the required use and interpretation.","You extracted the 'norm_forest' workflow, finalized it with specific trees and min_n values, then fit it on both training and test data and computed the test/train MSE ratio. Although your numeric ratio differs from the solution, the required functions and workflow are used correctly."
16,23,"Most exercises are completed with the correct functions and workflows, and your code generally follows the intended tidymodels process. The main issues are in Exercise 2 (missing stratification) and Exercise 3 (log base, skip argument, and centering/scaling scope), which reduce alignment with the specified preprocessing. Tightening those details would bring your work fully in line with the rubric expectations.",2,2,1,3,3,3,3,3,3,3,"You correctly used skimr::skim() on dat and answered that there is no missing data. However, the rubric requires using the pipe operator (dat |> skimr::skim()) in a single step, so process fidelity is slightly off.","You set the seed, used rsample::initial_split(), and created ames_train and ames_test with a 75% split, which matches most of the required process. You did not include strata = 'Sale_Price', so the split does not fully match the specified stratified sampling.","You created a recipe with the correct formula and included log, other, dummy, center, and scale steps, then prepped it. However, you used base = 10 instead of natural log, skipped the log step, and centered/scaled all predictors (including dummies) rather than just numeric predictors, so the transformations do not fully match the rubric.","All three models are specified correctly: linear_reg with lm engine, glmnet model with penalty and mixture set to tune(), and rand_forest with trees and min_n set to tune() and ranger engine. Mode is set to regression for the forest model, which is appropriate.","You applied parsnip::translate() to each of the three model objects, which matches the expected workflow and will display the correct underlying templates.","You set the seed and created train_resamples using rsample::bootstraps(ames_train), which matches the required process and produces the correct bootstrap resampling object.","You created all_workflows with workflowsets::workflow_set() using your recipe and three models, and then unnested the info column to inspect the structure. This matches the expected workflow and output structure.","You updated all_workflows with workflow_map() and then selected wflow_id and result, unnested result and .metrics, filtered for rmse, grouped by wflow_id, arranged by descending .estimate, and sliced the first row. This follows the required sequence and yields the best (by your ordering) rmse rows per workflow.","You called workflowsets::rank_results(all_workflows, rank_metric = 'rmse', select_best = TRUE) as required and provided a clear comparison explanation relative to Exercise 8, demonstrating correct interpretation.","You extracted the 'norm_forest' workflow, finalized it with specific trees and min_n values, fit on both training and test data, and computed the test/train MSE ratio. The workflow and functions used match the rubric, even if the numeric ratio differs from the solution."
17,25,"Your lab shows solid command of tidymodels workflows, model specification, and resampling, with most exercises following the intended process closely. The main issues are in the recipe specification (log base and skip argument) and not using stratification in the initial split, plus a different choice of best forest parameters than in the reference solution. Tightening those details will bring your work fully in line with the rubric expectations.",2,2,1,3,3,3,3,3,3,2,"You correctly used skimr::skim() on dat, but did not use the pipe operator as specified. The conclusion about no missing data is present.","You used set.seed() and rsample::initial_split()/training()/testing(), but omitted the required strata = 'Sale_Price' argument. The 75% split is otherwise correct.","You created and prepped a recipe with the right variables and steps, but used base = 10 instead of natural log, skipped the log step, and centered/scaled all predictors (including dummies) rather than just numeric predictors. Adjust the log base and step arguments to match the rubric.","All three parsnip models are specified correctly with appropriate engines and tunable parameters, and the random forest includes both trees and min_n for tuning.","You applied parsnip::translate() to each of the three model objects as required, which will display the underlying engine-specific templates.","You set the seed and created train_resamples with rsample::bootstraps(ames_train), producing the expected bootstrap resampling object.","You correctly built a workflow_set with the recipe and three models and unnested the info column to inspect the workflow structure, matching the expected process.","Your code maps workflow_map over all_workflows, then selects, unnests, filters for rmse, groups, arranges by descending .estimate, and slices one row per workflow as specified.","You called workflowsets::rank_results() with the correct arguments and provided a clear comparison to the Exercise 8 results, correctly noting the difference in sorting direction.","You extracted the forest workflow, finalized it with explicit trees and min_n values, and fit to both train and test sets, computing an MSE ratio. However, the chosen parameters and resulting ratio differ from the expected best configuration in the rubric."
18,25,"Your lab shows solid understanding of tidymodels workflows, recipes, parsnip models, and workflowsets; most required steps and functions are present and correctly used. The main issues are small deviations from the specified process (e.g., missing stratification, log base and skip settings, and some parameter choices) rather than missing work. Tightening alignment with the exact rubric instructions would bring this very close to full credit.",2.5,2,1.5,2.5,3,3,3,3,3,2.5,"You correctly used skimr::skim() on dat and answered that there is no missing data. However, the rubric expected use of the base pipe (|>) rather than calling skim(dat) directly, so a small process-fidelity deduction applies.","You set the seed, used rsample::initial_split(), and created ames_train and ames_test with a 75% split, which matches most of the required process. You omitted the strata = 'Sale_Price' argument, so the split is not stratified as specified in the rubric.","You created a recipe with the correct formula and included log transform, step_other, dummy creation, centering, and scaling, then prepped the recipe. However, you used base = 10 instead of natural log, skipped the log step, and centered/scaled all predictors (including dummies) rather than just numeric predictors, so the transformations do not fully match the specified process.","You defined three parsnip models with the correct engines and tunable parameters and set the mode to regression for the random forest. The only minor omission is that you did not explicitly set_mode('regression') for the linear models, though they default appropriately; overall the required models are present and correctly specified.","You correctly applied parsnip::translate() to each of the three model objects (lm_mod_base, lm_mod_glmnet, lm_mod_rforest) to inspect the engine-specific templates, matching the expected workflow.","You set the seed and created train_resamples with rsample::bootstraps(ames_train), storing the result in the correct variable. This matches the required process and produces the expected bootstrap resampling object.","You built all_workflows with workflowsets::workflow_set() using your norm_recipe and all three models, and then unnested the info column to inspect the structure. This aligns with the rubric’s expectations for both workflow creation and examination.","You updated all_workflows with workflow_map() (in the provided chunk) and then correctly selected wflow_id and result, unnested result and .metrics, filtered for rmse, grouped by wflow_id, arranged by descending .estimate, and sliced the first row. The code follows the specified sequence and extracts the best rmse rows per workflow.","You called workflowsets::rank_results(all_workflows, rank_metric = 'rmse', select_best = TRUE) exactly as required and provided a brief comparison explanation. This matches the rubric’s code and interpretation requirements.","You extracted the forest workflow, finalized it with specific trees and min_n values, fit it on both training and test data, and computed the test/train MSE ratio. The overall workflow matches the required process, but the chosen tuning parameters and resulting ratio differ from the provided solution, so full output-accuracy credit cannot be given."
19,25,"Your lab shows a solid grasp of tidymodels workflows, models, and resampling, and you completed all exercises with mostly correct code and structure. The main issues are small deviations from the specified process (e.g., missing stratification, log base and step order, and final tuning parameters). Tightening alignment with the exact instructions in the rubric will help you earn full credit on future labs.",2,2,1,3,3,3,3,3,3,2,"You correctly used skimr::skim() on dat and answered that there is no missing data. However, the rubric expected use of the base pipe (|>) and piping dat directly into skim() in a single step.","You set the seed, used rsample::initial_split(), and created ames_train and ames_test with a 75% split, which matches most of the required process. You omitted the strata = 'Sale_Price' argument, so the split is not stratified as specified.","You created a recipe with the correct formula and included log, other, dummy, center, and scale steps, then prepped it. However, you used base = 10 instead of natural log, skipped the log step, and centered/scaled all predictors (including dummies) rather than just numeric predictors, so the transformations do not fully match the rubric.","All three models are specified correctly: a basic linear_reg with lm engine, a glmnet model with penalty and mixture set to tune(), and a random forest with ranger engine and tunable trees and min_n. Mode is set to regression for the forest model, which is appropriate.","You applied parsnip::translate() to each of the three model objects, which matches the expected workflow and would display the correct engine-specific templates.","You set the seed and created train_resamples using rsample::bootstraps(ames_train), which follows the required process and produces the expected bootstrap resampling object.","You created all_workflows with workflowsets::workflow_set() using your recipe and three models, and then unnested the info column to inspect the structure. This matches the expected workflow and structure.","Your code updates all_workflows with workflow_map(), then selects wflow_id and result, unnests result and .metrics, filters for rmse, groups by wflow_id, arranges by descending .estimate, and slices the first row. This matches the required sequence, even though it selects the worst rmse rather than best.","You called workflowsets::rank_results(all_workflows, rank_metric = 'rmse', select_best = TRUE) as required and provided a brief comparison explanation, correctly noting the difference in ordering relative to Exercise 8.","You extracted the 'norm_forest' workflow, finalized it with specific trees and min_n values, and fit it on both training and test data, then computed and reported the test/train MSE ratio. However, the chosen parameters and resulting ratio differ from the specified best (trees = 1, min_n = 11 and ~0.115 ratio), so the final model configuration and performance do not fully align with the rubric."
20,25,"Your lab shows a solid grasp of tidymodels workflows, recipes, parsnip models, workflowsets, and tuning. Most exercises follow the intended process and use the correct functions and objects. The main issues are minor deviations from the specified details (e.g., missing stratification, log base and skip in the recipe, and parameter choices in the final model), so tightening alignment with the rubric specifications would bring this to full credit.",2.5,2,1.5,2.5,3,3,3,3,3,2.5,"You correctly used skimr::skim() on dat and answered that there is no missing data. However, the rubric expected use of the base pipe (|>) rather than calling skim(dat) directly, so a small process-fidelity deduction applies.","You set the seed, used rsample::initial_split(), and created ames_train and ames_test with a 75% split, which matches most of the required process. You omitted the strata = 'Sale_Price' argument, so the split is not stratified as specified in the rubric.","You created a recipe with the correct formula and included log transform, step_other, dummy creation, centering, and scaling, and you called prep(). However, you used base = 10 instead of natural log, set skip = TRUE on step_log (so the outcome is not actually transformed), and centered/scaled all predictors rather than just numeric predictors, which deviates from the specified process.","You defined three parsnip models with linear_reg() for lm and glmnet and rand_forest() for ranger, using tune() for penalty, mixture, trees, and min_n, and set the ranger mode to regression. The only minor omission is not explicitly setting mode = 'regression' for the linear models, but defaults are acceptable, so only a small process deduction.","You correctly applied parsnip::translate() to each of the three model objects (lm_mod_base, lm_mod_glmnet, lm_mod_rforest), matching the expected workflow and output structure.","You set the seed and created train_resamples with rsample::bootstraps(ames_train), storing it in the correct variable. This matches the required process and produces the expected bootstrap resampling object.","You built all_workflows with workflowsets::workflow_set() using your recipe and three models, and then unnested the info column with tidyr::unnest(info). This matches the expected structure and examination of the workflow set.","You updated all_workflows with workflow_map() (in earlier code) and then selected wflow_id and result, unnested result and .metrics, filtered for rmse, grouped by wflow_id, arranged by descending .estimate, and sliced the first row. This follows the specified sequence and yields the best rmse rows per workflow.","You called workflowsets::rank_results(all_workflows, rank_metric = 'rmse', select_best = TRUE) as required and provided a brief comparison explanation, correctly noting the difference in ordering relative to Exercise 8.","You extracted the forest workflow (norm_forest), finalized it with specific trees and min_n values, and fit it on both training and test data, then computed train/test MSE and their ratio. The overall workflow matches the rubric, but the chosen tuning parameters and resulting ratio differ from the expected best configuration, so there is a small accuracy deduction."
21,20,"Most core tidymodels workflows, model specifications, resampling, and workflowsets usage are implemented correctly, and your code structure closely follows the intended lab design. The main issues are in Exercise 2 (missing stratification) and especially Exercise 3, where the log transformation and centering/scaling steps do not fully match the required specification. Tightening those preprocessing details and aligning exactly with the rubric arguments would bring this to full credit.",2,2,1,3,3,3,3,3,,,"You correctly used skimr::skim() on dat and answered that there is no missing data. However, the rubric expected use of the base dat object piped directly into skim() (dat |> skimr::skim()) in a single step; you used a direct function call instead of the pipe, so process fidelity is slightly off.","You set the seed, used rsample::initial_split() with prop = 0.75, and created ames_train and ames_test correctly. However, you omitted the strata = 'Sale_Price' argument, so the split does not follow the specified stratified process.","You created a recipe with the correct formula and included step_log, step_other, step_dummy, step_center, and step_scale, and you called prep(). But you used base = 10 instead of natural log, set skip = TRUE on the log step (so Sale_Price is not actually transformed), and centered/scaled all predictors (including dummies) rather than just numeric predictors, so the preprocessing does not match the required specification.","All three models are specified correctly: a basic linear_reg with lm engine, a glmnet linear_reg with penalty and mixture set to tune(), and a rand_forest with trees and min_n set to tune() and ranger engine in regression mode. This matches the required parsnip setup.","You applied parsnip::translate() to each of lm_mod_base, lm_mod_glmnet, and lm_mod_rforest, which is exactly what was required to inspect the engine-specific templates.","You set the seed and created train_resamples <- bootstraps(ames_train), producing the expected bootstrap resampling object with default parameters. This matches the rubric fully.","You created all_workflows with workflowsets::workflow_set() using your recipe and all three models, and then unnested the info column with tidyr::unnest(info). The workflow set structure and examination match the expected process.","You updated all_workflows with workflow_map() (in earlier code) and then selected wflow_id and result, unnested result and .metrics, filtered for rmse, grouped by wflow_id, arranged by descending .estimate, and sliced the first row. This follows the required workflow and produces the requested best-rmse rows (even though sorted in descending order as in the solution).",,
22,21,"Your lab shows a solid grasp of tidymodels workflows, model specification, resampling, and workflowsets, with all major steps present and mostly correct. The main issues are with some details of the recipe (log base and skip, centering/scaling scope) and a few rubric-specific requirements (stratified split, expected parameter values/ratios). Review the recipe step arguments and the interpretation of performance metrics to align more closely with the intended process and outputs.",2,2,1,2,3,3,3,3,3,2,"You correctly used skimr::skim() on dat and answered that there is no missing data. However, the rubric expected use of the base dat object piped directly into skim() (dat |> skimr::skim()) without loading skimr separately or using skim(dat) without a pipe.","You set the seed, used rsample::initial_split() with prop = 0.75, and created ames_train and ames_test correctly. The split did not use strata = 'Sale_Price' as required, so the process is slightly incomplete relative to the rubric.","You created a recipe with the correct formula and included step_log, step_other, step_dummy, step_center, and step_scale, then prepped it. However, you used base = 10 instead of natural log, set skip = TRUE on step_log (so Sale_Price is not actually transformed), and centered/scaled all predictors including dummies rather than only numeric predictors, so the specified transformations are not fully correct.","You defined three parsnip models with linear_reg() and rand_forest(), used tune() for penalty, mixture, trees, and min_n, and set the correct engines. You did not explicitly set mode = 'regression' for the linear models as in the rubric, but parsnip defaults reasonably; overall structure is correct.","You correctly called parsnip::translate() on each of lm_mod_base, lm_mod_glmnet, and lm_mod_rforest. This matches the expected workflow and would show the three engine-specific templates.","You set the seed and created train_resamples <- bootstraps(ames_train), which matches the expected use of rsample::bootstraps() on the training data with default parameters.","You created all_workflows with workflowsets::workflow_set() using your recipe and three models, and then unnested the info column with tidyr::unnest(info). This matches the required structure and examination of the workflow set.","You updated all_workflows with workflow_map() (in earlier code) and then selected wflow_id and result, unnested result and .metrics, filtered for rmse, grouped by wflow_id, arranged by descending .estimate, and sliced the first row. This follows the specified process, even though descending order picks the worst RMSE rather than best.","You called workflowsets::rank_results(all_workflows, rank_metric = 'rmse', select_best = TRUE) as required and provided a clear comparison explanation relative to Exercise 8, correctly noting the ordering difference.","You extracted the forest workflow, finalized it with specific trees and min_n values, fit on train and test data, and computed train/test MSE and their ratio. This matches the required workflow, but the chosen parameters differ from the solution and the reported ratio does not match the expected approximate 0.1146, so output accuracy is off."
23,23,"Your lab shows a solid grasp of the tidymodels workflow, including recipes, model specifications, workflowsets, tuning, and evaluation. Most exercises follow the intended process closely, with only minor deviations (e.g., missing strata in the split, log base choice, and centering/scaling scope). To improve, focus on matching the exact argument specifications in the rubric (e.g., natural log, strata, and explicit modes) and double-check that your transformations align precisely with the instructions.",2.5,2,1.5,2.5,3,3,3,3,3,2.5,"You correctly used skimr::skim() on dat and answered that there is no missing data. To fully match the rubric, use the pipe operator (dat |> skimr::skim()) and avoid loading skimr inside the chunk if not needed.","You set the seed, used rsample::initial_split(), and created ames_train and ames_test with a 75% split, which is good. However, you omitted the required strata = 'Sale_Price' argument, so the split does not fully follow the specified process.","You created a recipe with the correct formula and included log, other, dummy, center, and scale steps, then prepped it. However, you used base = 10 instead of natural log, skipped the log step, and centered/scaled all predictors (including dummies) rather than just numeric predictors, so the transformations do not fully match the expected process.","You correctly specified three parsnip models with linear_reg and rand_forest, set the appropriate engines, and tuned penalty/mixture and trees/min_n. To fully align with the rubric, explicitly set mode = 'regression' for all three models, not just the random forest.","You applied parsnip::translate() to each of the three model objects, which matches the expected workflow and should yield the correct engine-specific templates.","You set the seed and created train_resamples with rsample::bootstraps(ames_train), which follows the expected process and produces the correct bootstrap resampling object.","You created all_workflows with workflowsets::workflow_set() using your recipe and three models, and unnested the info column to inspect the structure. This matches the required workflow and expected output.","You updated all_workflows with workflow_map(), then selected wflow_id and result, unnested result and .metrics, filtered for rmse, grouped by wflow_id, arranged by descending .estimate, and sliced the first row. This matches the specified sequence and output structure.","You correctly called workflowsets::rank_results(all_workflows, rank_metric = 'rmse', select_best = TRUE) and provided a clear comparison to your Exercise 8 results, noting the difference in ranking direction.","You extracted the forest workflow, finalized it with specific trees and min_n values, fit on both training and test data, and computed a test/train MSE ratio. The overall process is correct, but the chosen parameters and resulting ratio differ from the reference solution, so the output does not fully match the expected benchmark."
24,25,"Your lab shows a solid grasp of tidymodels workflows, recipes, model specification, and workflowsets, with all major steps present and mostly correct. The main issues are minor deviations from the specified process (e.g., missing stratification in the split, log base and skip in the recipe, and not setting regression mode for all models). Tightening these details will bring your work fully in line with the rubric and improve reproducibility and comparability with the reference solution.",2.5,2,1.5,2.5,3,3,3,3,3,2.5,"You correctly used skimr::skim() on dat and answered that there is no missing data. To fully match the rubric, use the pipe operator (dat |> skimr::skim()) and avoid loading skimr inside the chunk if not needed.","You set the seed, used rsample::initial_split with prop = 0.75, and created ames_train and ames_test. However, you omitted the strata = 'Sale_Price' argument, so the split does not fully follow the specified process.","You created a recipe with the correct formula and included step_log, step_other, step_dummy, step_center, and step_scale, then prepped it. However, you used base = 10 instead of natural log, skipped the log step, and centered/scaled all predictors (including dummies) rather than just numeric predictors, so the transformations do not fully match the expected specification.","You defined three parsnip models with the correct engines and tunable parameters and set the mode for the random forest. To be fully aligned with the rubric, explicitly set mode = 'regression' for all three models, not just the forest.","You correctly called parsnip::translate() on each of the three model objects, which is exactly what was required for examining the engine-specific templates.","You set the seed and created train_resamples using rsample::bootstraps(ames_train), which matches the expected bootstrap resampling process and output structure.","You created all_workflows with workflowsets::workflow_set using your recipe and three models, and then unnested the info column to inspect the structure, matching the expected workflowset construction and examination.","You updated all_workflows with workflow_map and then selected wflow_id and result, unnested result and .metrics, filtered for rmse, grouped by wflow_id, arranged by descending .estimate, and sliced the first row, exactly following the requested workflow.","You correctly called workflowsets::rank_results(all_workflows, rank_metric = 'rmse', select_best = TRUE) and provided a brief comparison to your Exercise 8 results, satisfying the rubric requirements.","You extracted the forest workflow, finalized it with specific trees and min_n values, fit on both training and test data, and computed a test/train MSE ratio. The overall process is correct, though the chosen parameters and resulting ratio differ from the reference solution."
25,23.5,"Your lab shows a solid grasp of the tidymodels workflow, including recipes, model specification, workflowsets, tuning, and evaluation. Most exercises follow the intended process closely, with only minor deviations in stratification and recipe details. To improve, pay closer attention to the exact transformation specifications (e.g., natural log without skip, correct strata argument) and to aligning your final model choices with the stated best-parameter configuration.",2.5,2,1.5,3,3,3,3,3,3,2.5,"You correctly used skimr::skim() on dat and answered that there is no missing data. However, the rubric expected use of the base dat object piped directly into skim() (dat |> skimr::skim()) without loading skimr separately or using skim(dat) without a pipe, so a small process-fidelity deduction applies.","You set the seed, used rsample::initial_split(), and created ames_train and ames_test with a 75% split, which is good. However, you omitted the strata = 'Sale_Price' argument, so the split does not follow the specified stratified process.","You created a recipe with the correct formula and included step_log, step_other, step_dummy, step_center, and step_scale, and you prepped the recipe. But you used base = 10 instead of the natural log (base = exp(1)), set skip = TRUE on step_log (so the outcome is not actually transformed), and centered/scaled all predictors including dummies rather than only numeric predictors, so the transformations do not fully match the required process.","All three models are specified correctly: a basic linear_reg() with lm engine, a glmnet model with penalty and mixture set to tune(), and a random forest with ranger engine and tunable trees and min_n. Mode is set to regression for the forest model, which satisfies the rubric.","You correctly called parsnip::translate() on each of the three model objects, which will display the underlying engine-specific templates as required.","You set the seed and used rsample::bootstraps(ames_train) to create train_resamples, matching the expected bootstrap resampling workflow and output structure.","You created all_workflows with workflowsets::workflow_set() using your recipe and all three models, and then unnested the info column with tidyr::unnest(info), which matches the required structure and examination of the workflow set.","You updated all_workflows with workflow_map(), then selected wflow_id and result, unnested result and .metrics, filtered for rmse, grouped by wflow_id, arranged by descending .estimate, and sliced the first row. This follows the specified sequence and produces the requested best-rmse rows per workflow.","You correctly called workflowsets::rank_results(all_workflows, rank_metric = 'rmse', select_best = TRUE) and provided a clear comparison to your Exercise 8 results, noting the difference in ordering logic.","You extracted the forest workflow, finalized it with specific trees and min_n values, fit on both training and test data, and computed train/test MSE and their ratio. The overall workflow matches the rubric, but the chosen hyperparameters and resulting ratio differ from the expected reference values, so a small accuracy deduction is applied."
26,25,"Your lab shows a solid grasp of tidymodels workflows, recipes, parsnip models, and workflowsets, with all major steps implemented. Most deductions are for small deviations from the specified process (e.g., missing stratification, log base choice, and minor recipe details) rather than missing work. Review the rubric details around preprocessing choices and stratified splitting to align even more closely with the expected workflow in future labs.",2.5,2,1.5,2.5,3,3,3,3,3,2.5,"You correctly used skimr::skim() on dat and answered that there is no missing data. However, the rubric expected use of the base pipe (|>) and a single piped call (dat |> skimr::skim()), so a small process-fidelity deduction applies.","You set the seed, used rsample::initial_split(), and created ames_train and ames_test with a 75% split, which is good. You omitted the strata = 'Sale_Price' argument, so the split process is not fully as specified in the rubric.","You created a recipe with the correct formula and included step_log, step_other, step_dummy, step_center, and step_scale, then prepped it. However, you used base = 10 instead of natural log, skipped the log step, and centered/scaled all predictors (including dummies) rather than just numeric predictors, so the transformations do not fully match the required process.","All three models are defined with the correct parsnip functions, engines, and tunable parameters, and the random forest has min_n and trees set to tune(). You did not explicitly set mode = 'regression' for the linear models, but parsnip will default appropriately, so only a minor process deduction is warranted.","You correctly called parsnip::translate() on each of the three model objects, which matches the expected workflow and should yield the appropriate engine-specific templates.","You set the seed and used rsample::bootstraps(ames_train) to create train_resamples, matching the expected process and producing the correct type of resampling object.","You created all_workflows with workflowsets::workflow_set() using your recipe and three models, and then unnested the info column with tidyr::unnest(info), which matches the required structure and examination of the workflow set.","Your code updates all_workflows with workflow_map(), then selects wflow_id and result, unnests result and .metrics, filters for rmse, groups by wflow_id, arranges by descending .estimate, and slices the first row. This follows the specified sequence and produces the requested best-rmse rows per workflow.","You correctly called workflowsets::rank_results(all_workflows, rank_metric = 'rmse', select_best = TRUE) and provided a clear comparison to your Exercise 8 results, noting the difference in ordering logic.","You extracted the forest workflow, finalized it with specific trees and min_n values, fit it on both training and test data, and computed the test/train MSE ratio. The overall workflow matches the rubric, but the chosen hyperparameters differ from the provided solution, so the numeric performance comparison will not match the expected reference values."
27,25.5,"Your lab shows a solid grasp of tidymodels workflows, recipes, model specification, and workflowsets, with all major steps implemented. Most exercises follow the intended process closely, with minor deviations in stratification and recipe details, and some differences in the final model tuning and performance. To improve, pay closer attention to the exact arguments and transformations requested in the rubric (e.g., log base, skip behavior, and stratification) so your code fully matches the specified workflow.",2.5,2,1.5,2.5,3,3,3,3,3,2,"You correctly used skimr::skim() on dat and answered that there is no missing data. However, the rubric expected use of the base dat object piped directly into skim() (dat |> skimr::skim()) without loading skimr separately or using skim(dat) without a pipe.","You set the seed, used rsample::initial_split(), and created ames_train and ames_test with a 75% split, which matches most of the required process. You omitted the strata = 'Sale_Price' argument, so the split is not stratified as specified in the rubric.","You created a recipe with the correct formula and included step_log, step_other, step_dummy, step_center, and step_scale, and you prepped the recipe. However, you used base = 10 instead of the natural log (base = exp(1)), set skip = TRUE on step_log (so the outcome is not actually transformed), and centered/scaled all predictors rather than just numeric predictors, which deviates from the specified process.","You correctly specified three parsnip models, used linear_reg() and rand_forest(), set the appropriate engines, and tuned penalty/mixture and trees/min_n where required. You did not explicitly set mode = 'regression' for the linear models, but parsnip will default appropriately; overall the workflow and tunable parameters match the rubric.","You applied parsnip::translate() to each of the three model objects (lm_mod_base, lm_mod_glmnet, lm_mod_rforest) as required, which would display the correct underlying templates for each engine.","You set the seed and used rsample::bootstraps(ames_train) to create train_resamples, matching the expected process and producing the correct bootstrap resampling object.","You created all_workflows with workflowsets::workflow_set() using your recipe and all three models, and then unnested the info column with tidyr::unnest(info), which matches the required structure and examination of the workflow set.","You updated all_workflows with workflow_map(), then selected wflow_id and result, unnested result and .metrics, filtered for rmse, grouped by wflow_id, arranged by descending .estimate, and sliced the first row. This follows the specified sequence and would yield the best (by your chosen ordering) rmse per workflow.","You correctly called workflowsets::rank_results(all_workflows, rank_metric = 'rmse', select_best = TRUE) and discussed how its output compares to your Exercise 8 results, satisfying the rubric’s requirements.","You extracted the forest workflow, finalized it with specific trees and min_n values, and fit it on both training and test data, then computed train/test MSE and their ratio. The overall workflow matches the rubric, but your chosen hyperparameters and resulting error ratio differ from the expected best configuration, so the output accuracy is only partially aligned."
28,25,"Your lab shows a solid grasp of tidymodels workflows, recipes, model specification, and workflowsets, with all exercises attempted and most processes implemented correctly. The main issues are small deviations from the specified process (e.g., missing stratification in the split, incorrect log base and skip in the recipe, and slightly different final model parameters). Tightening alignment with the exact rubric instructions would bring this very close to full credit.",2.5,2,1.5,2.5,3,3,3,3,3,2.5,"You correctly used skimr::skim() on dat and answered that there is no missing data. However, the rubric expected use of the base dat object piped directly into skim() (dat |> skimr::skim()) without loading skimr separately or using skim(dat) without a pipe.","You set the seed, used rsample::initial_split(), and created ames_train and ames_test with a 75% split, which matches most of the required process. You omitted the strata = 'Sale_Price' argument, so the split is not stratified as specified in the rubric.","You created a recipe with the correct formula and included step_log, step_other, step_dummy, step_center, and step_scale, then prepped the recipe. However, you used base = 10 instead of natural log, set skip = TRUE on step_log (so Sale_Price is not actually transformed), and centered/scaled all predictors rather than just numeric predictors, which deviates from the specified process.","You defined three parsnip models with the correct engines and tunable parameters and set mode = 'regression' for the random forest. The only minor omission is that you did not explicitly set mode = 'regression' for the linear models, though they will default correctly; overall structure and tuning setup are correct.","You correctly called parsnip::translate() on each of the three model objects (lm_mod_base, lm_mod_glmnet, lm_mod_rforest), matching the expected workflow and outputs.","You set the seed and created train_resamples using rsample::bootstraps(ames_train), which matches the required process and produces the correct bootstrap resampling object.","You created all_workflows with workflowsets::workflow_set() using your recipe and three models, and then unnested the info column to inspect the structure. This matches the expected process and structure (4 columns with info unnested correctly).","You updated all_workflows with workflow_map(), then selected wflow_id and result, unnested result and .metrics, filtered for rmse, grouped by wflow_id, arranged by descending .estimate, and sliced the first row. This follows the required sequence and produces the requested best-rmse rows per workflow.","You correctly called workflowsets::rank_results(all_workflows, rank_metric = 'rmse', select_best = TRUE) and provided a brief comparison to your Exercise 8 results, demonstrating understanding of the ranking behavior.","You extracted the forest workflow, finalized it with specific trees and min_n values, fit on both training and test data, and computed and reported the test/train MSE ratio. The overall workflow matches the rubric, though the chosen hyperparameters differ from the provided solution and the ratio does not match the reference value."
29,25,"Your lab shows solid command of tidymodels workflows, recipes, parsnip models, and workflowsets, with all exercises attempted and most code structures matching the solution template. The main issues are small deviations from the specified process (e.g., missing stratification in the split, log base and skip in the recipe, and differing best parameters in Q10). For future labs, focus on matching the exact arguments and transformation details requested in the rubric while keeping your otherwise strong workflow organization.",2.5,2,1.5,2.5,3,3,3,3,3,2.5,"You correctly used skimr::skim() on dat and answered that there is no missing data. However, the rubric expected use of the base dat object piped directly into skim() (dat |> skimr::skim()) without loading skimr separately or using skim(dat) without a pipe, so a small process deduction applies.","You set the seed, used rsample::initial_split(), and created ames_train and ames_test with a 75% split, which matches most of the required process. However, you omitted the strata = 'Sale_Price' argument in initial_split, so the split is not stratified as specified in the rubric.","You created a recipe with the correct formula and included step_log, step_other, step_dummy, step_center, and step_scale, and you called prep(). However, you used base = 10 instead of the natural log (base = exp(1)), set skip = TRUE on step_log (so Sale_Price is not actually transformed in modeling), and centered/scaled all predictors including dummies rather than just numeric predictors, so the preprocessing does not fully match the specified process.","You correctly specified linear_reg() and rand_forest() models, set engines to 'lm', 'glmnet', and 'ranger', and used tune() for penalty, mixture, trees, and min_n. You did not explicitly set mode = 'regression' for the linear models, but parsnip defaults to regression for linear_reg(), so only a minor process detail is missing.","You applied parsnip::translate() to each of lm_mod_base, lm_mod_glmnet, and lm_mod_rforest as required, so the workflow and function usage fully match the rubric.","You set the seed to 8740 and created train_resamples <- bootstraps(ames_train), which matches the expected use of rsample::bootstraps() on the training data with default parameters.","You created all_workflows with workflowsets::workflow_set() using your recipe and three models, and then unnested the info column with tidyr::unnest(info), which matches the required structure and examination of the workflow set.","You updated all_workflows with workflow_map() (in earlier code) and then selected wflow_id and result, unnested result and .metrics, filtered for rmse, grouped by wflow_id, arranged by descending .estimate, and sliced the first row. This matches the specified sequence of dplyr/tidyr operations and produces the requested best-rmse rows per workflow.","You correctly called workflowsets::rank_results(all_workflows, rank_metric = 'rmse', select_best = TRUE) and provided a brief comparison to your Exercise 8 results, satisfying the rubric’s requirements.","You extracted the forest workflow, finalized it with specific trees and min_n values, fit it on both training and test data, and computed a test/train MSE ratio. The overall process matches the rubric, but your chosen tuning parameters differ from the provided best (trees = 1, min_n = 11), so the reported performance ratio does not align with the expected reference value."
30,22,"Most of the workflow, modeling, and resampling steps are implemented correctly, and you followed the intended tidymodels workflow well. The main issues are in the recipe (log transform base and skip flag, and centering/scaling scope), omission of stratification in the split, and using different hyperparameters and resulting performance in the final model. Addressing these details will bring your work fully in line with the rubric’s expectations.",2,2,1,3,3,3,3,3,3,2,"You correctly used skimr::skim() on dat and answered that there is no missing data. However, the rubric expected use of the base dat object piped directly into skim() (dat |> skimr::skim()) without loading skimr separately or using skim(dat) without a pipe, so process fidelity is slightly off.","You set the seed, used rsample::initial_split() with prop = 0.75, and created ames_train and ames_test correctly. However, you omitted the strata = 'Sale_Price' argument, so the split does not follow the specified stratified process.","You created a recipe with the correct formula and included step_log, step_other, step_dummy, step_center, and step_scale, and you called prep(). But you used base = 10 instead of natural log, set skip = TRUE on step_log (so Sale_Price is not actually transformed), and centered/scaled all predictors including dummies rather than just numeric predictors, so the specified transformations are not correctly implemented.","All three models are specified correctly: a basic linear_reg with lm engine, a glmnet linear_reg with penalty and mixture set to tune(), and a rand_forest with trees and min_n set to tune() and ranger engine. Mode is set to regression for the forest model, which is acceptable; overall this matches the rubric.","You correctly applied parsnip::translate() to each of the three model objects (lm_mod_base, lm_mod_glmnet, lm_mod_rforest), which will display the underlying engine-specific templates as required.","You set the seed to 8740 and created train_resamples <- bootstraps(ames_train), which matches the expected use of rsample::bootstraps() on the training data with default parameters.","You created all_workflows with workflowsets::workflow_set() using your norm_recipe and all three models, and then unnested the info column with tidyr::unnest(info). This matches the required workflow structure and examination.","Your code updates all_workflows with workflow_map() and then selects wflow_id and result, unnests result and .metrics, filters for rmse, groups by wflow_id, arranges by descending .estimate, and slices the first row. This follows the specified process, even though descending order picks the worst rmse rather than the best.","You called workflowsets::rank_results(all_workflows, rank_metric = 'rmse', select_best = TRUE) as required and provided a clear comparison explanation noting why its results differ from your Exercise 8 output. This satisfies the rubric expectations.","You extracted the forest workflow, finalized it with specific trees and min_n values, and fit it on both training and test data, then computed train/test MSE and their ratio. However, you did not use the specified best parameters (trees = 1, min_n = 11) and your ratio differs substantially from the expected ~0.1146, so the final model configuration and performance comparison do not match the solution."
31,25,"Your lab shows a solid grasp of the tidymodels workflow, including recipes, model specification, workflowsets, tuning, and evaluation. Most exercises follow the expected process closely, with only minor deviations (e.g., missing strata in the split, log base choice, and centering/scaling scope). To improve, pay closer attention to the exact argument specifications in the rubric (such as natural log and stratified splits) and to how preprocessing steps are ordered and applied.",2.5,2,1.5,2.5,3,3,3,3,3,2.5,"You correctly used skimr::skim() on dat, but did not use the pipe operator as specified. The conclusion about no missing data is present.","You set the seed and used initial_split, training, and testing with a 0.75 prop, but omitted the required strata = 'Sale_Price' argument. Otherwise the workflow is correct.","You created a recipe with the right variables and included log, other, dummy, center, and scale steps, then prepped it. However, you used base = 10 instead of natural log, skipped the log step, and centered/scaled all predictors (including dummies) rather than just numeric predictors.","All three models are specified with the correct parsnip functions, engines, and tunable parameters; the random forest has min_n and trees set to tune(). You did not explicitly set mode = 'regression' for the linear models, but regression is the default so this is a minor omission.","You correctly called parsnip::translate() on each of the three model objects, which will display the underlying engine-specific templates.","You set the seed and created train_resamples with rsample::bootstraps(ames_train), producing the expected bootstrap resampling object.","You built all_workflows with workflowsets::workflow_set using your recipe and three models, and unnested the info column to inspect the structure, matching the expected workflow.","You updated all_workflows with workflow_map and then correctly selected, unnested result and .metrics, filtered for rmse, grouped by wflow_id, arranged by .estimate descending, and sliced the top row per group.","You called workflowsets::rank_results with all_workflows, rank_metric = 'rmse', and select_best = TRUE, and provided a clear comparison to the Exercise 8 results.","You extracted the forest workflow, finalized it with specific trees and min_n values, fit on both training and test data, and computed the test/train MSE ratio. The workflow is correct, though your chosen parameters and resulting ratio differ from the provided solution."
32,25.5,"Your lab shows a solid grasp of tidymodels workflows, model specification, resampling, and workflowsets, with all major steps implemented. Most exercises follow the intended process, and your code is generally well structured. To improve, pay closer attention to the exact specifications in the rubric (e.g., stratified splits, natural log transform without skipping, and matching the expected best model configuration) and use the recommended argument values and function chaining patterns.",2.5,2,1,3,3,3,3,3,3,2,"You correctly used skimr::skim() on dat and stated there is no missing data. To fully match the rubric, use the pipe operator (dat |> skimr::skim()) and avoid loading skimr inside the chunk if already handled by librarian.","You set the seed and used rsample::initial_split(), training(), and testing() with prop = 0.75, which is mostly correct. However, you omitted the strata = 'Sale_Price' argument, so the split does not follow the specified stratified process.","You created and prepped a recipe with the right variables and included step_log, step_other, step_dummy, step_center, and step_scale. However, the log transform uses base = 10 instead of natural log, skip = TRUE on step_log means Sale_Price is not actually transformed, and centering/scaling is applied to all predictors (including dummies) rather than just numeric predictors, so the process and transformation details do not fully match the rubric.","All three models are specified correctly with parsnip::linear_reg() and parsnip::rand_forest(), appropriate engines (lm, glmnet, ranger), and tunable parameters (penalty, mixture, trees, min_n). Although set_mode('regression') is omitted for the linear models, regression is the default, so this is acceptable.","You correctly applied parsnip::translate() to each of the three model objects, which will display the underlying engine-specific templates as required.","You set the seed and created train_resamples with rsample::bootstraps(ames_train), producing the expected bootstrap resampling object with default settings.","You built all_workflows with workflowsets::workflow_set() using the recipe and all three models, and then unnested the info column to inspect the structure. This matches the expected workflow and output structure.","You updated all_workflows with workflow_map(), then selected wflow_id and result, unnested result and .metrics, filtered for rmse, grouped by wflow_id, arranged by .estimate, and sliced the first row. The full required dplyr/tidyr chain is present and correct.","You called workflowsets::rank_results(all_workflows, rank_metric = 'rmse', select_best = TRUE) as specified and provided a brief comparison explanation, satisfying the rubric for this exercise.","You extracted the forest workflow, finalized it with specific trees and min_n values, and fit it on both training and test data, then computed and reported the test/train MSE ratio. However, the chosen hyperparameters and resulting ratio differ from the expected best configuration in the rubric, so the output accuracy is only partially aligned."
33,25,"Your lab shows a solid grasp of tidymodels workflows, including recipes, model specifications, workflowsets, tuning, and evaluation. Most exercises follow the intended process closely, with only minor deviations (e.g., missing stratification in the split, log base choice, and some recipe details). To improve, pay closer attention to the exact argument values and metric directions specified in the instructions so your code aligns fully with the rubric expectations.",2.5,2,1.5,2.5,3,3,3,3,3,2.5,"You correctly used skimr on dat and stated there is no missing data. To fully match the rubric, use the pipe operator (dat |> skimr::skim()) and avoid loading skimr inside the chunk if not needed.","You set the seed, used initial_split, and created ames_train and ames_test with a 75% split, which is good. However, you omitted strata = 'Sale_Price', which was required for full credit.","You created a recipe with the correct formula and included log, step_other, dummy, centering, and scaling steps, then prepped it. However, you used base = 10 instead of natural log, skipped the log step, and centered/scaled all predictors (including dummies) rather than just numeric predictors, and did not use broom::tidy() to examine the prepped recipe.","You correctly specified linear_reg and rand_forest models, set engines (lm, glmnet, ranger), tuned penalty/mixture and trees/min_n, and set mode for the forest. For full credit, explicitly setting mode = 'regression' on all three models would better match the reference process.",You applied parsnip::translate() to each of the three model objects as required; this fully meets the expectations for this exercise.,"You set the seed and created train_resamples with rsample::bootstraps(ames_train), which matches the expected workflow and output structure.","You built all_workflows with workflow_set using the recipe and three models, and unnested the info column to inspect the structure. This matches the required process and structure.","You updated all_workflows with workflow_map, then selected wflow_id and result, unnested result and .metrics, filtered for rmse, grouped by wflow_id, arranged by .estimate, and sliced the first row. The workflow and code structure are correct.","You called workflowsets::rank_results(all_workflows, rank_metric = 'rmse', select_best = TRUE) and discussed how its results compare conceptually to Exercise 8, which satisfies the rubric.","You extracted the forest workflow, finalized it with specific trees and min_n values, fit on both training and test data, and computed a test/train MSE ratio. The overall workflow is correct, but the chosen parameters and resulting ratio differ from the reference solution, so full accuracy credit is not awarded."
34,23,"Your lab shows a solid grasp of tidymodels workflows, including recipes, model specification, workflowsets, tuning, and evaluation. Most exercises follow the intended process closely, with only minor deviations (e.g., missing stratification in the split, log base choice, and some parameter details). To improve, pay closer attention to the exact argument specifications in the instructions (e.g., natural log, strata, and matching the reference best model parameters) so your code fully aligns with the rubric requirements.",2.5,2,1.5,2.5,3,3,3,3,3,2.5,"You correctly used skimr on dat and answered that there is no missing data. To fully match the rubric, use the pipe operator (dat |> skimr::skim()) and avoid loading skimr inside the chunk if not needed.","You set the seed, used initial_split, training, and testing with a 0.75 prop, which is good. However, you omitted the strata = 'Sale_Price' argument, so the split does not fully follow the specified process.","You created a recipe with the correct formula and included log, other, dummy, center, and scale steps, then prepped it. However, you used base = 10 instead of natural log, skipped the log step, and centered/scaled all predictors (including dummies) rather than just numeric predictors, so the transformations do not fully match the expected process.","All three models are specified with the correct parsnip functions, engines, and tunable parameters, and the random forest has min_n and trees set to tune. You did not explicitly set mode = 'regression' for the linear models, but parsnip defaults appropriately, so only a small deduction for not fully mirroring the solution structure.","You correctly called parsnip::translate() on each of the three model objects, which matches the required workflow and should yield the appropriate engine-specific templates.","You set the seed and created train_resamples with rsample::bootstraps(ames_train), which matches the expected process and output structure for bootstrap resampling.","You created all_workflows with workflow_set using your recipe and three models, and then unnested the info column to inspect the structure. This aligns well with the rubric expectations.","Your code updates all_workflows with workflow_map and then selects, unnests result and .metrics, filters for rmse, groups by wflow_id, arranges by descending .estimate, and slices the first row. This matches the required sequence and structure, even though it picks the worst (highest) rmse.","You correctly called workflowsets::rank_results with all_workflows, rank_metric = 'rmse', and select_best = TRUE, and you discussed the comparison with Exercise 8, demonstrating understanding of the ranking behavior.","You extracted the forest workflow, finalized it with specific trees and min_n values, fit on both training and test data, and computed the test/train MSE ratio. The overall process is correct, but the chosen parameters and resulting ratio differ from the expected reference, so a small deduction on output accuracy."
35,24,"Your lab shows a solid grasp of tidymodels workflows, model specification, resampling, and workflowsets, with all major steps implemented. Most deductions are for smaller details like missing stratification, log base and skip settings in the recipe, and not matching the specific best-parameter configuration used in the rubric. Review the expected argument details (e.g., strata, natural log, and explicit modes) to align more closely with the prescribed process in future labs.",2,2,1,2,3,3,3,3,3,2,"You correctly used skimr::skim() on dat, but did not use the pipe operator as specified. The written conclusion about no missing data is present.","You set the seed and used rsample::initial_split(), training(), and testing(), but omitted the required strata = 'Sale_Price' argument. The 75%/25% split is otherwise correct.","You created a recipe with the correct formula and included log, other, dummy, center, and scale steps, then prepped it. However, you used base = 10 instead of natural log, skipped the log step, and centered/scaled all predictors (including dummies) rather than just numeric predictors, so the process and transformation details are not fully correct.","All three models are defined with the correct engines and tuning parameters, and the random forest has min_n and trees set to tune(). However, you did not explicitly set mode = 'regression' for the linear models, which is expected in the rubric.","You correctly called parsnip::translate() on each of the three model objects, which matches the expected workflow and output structure.","You set the seed and created train_resamples with rsample::bootstraps(ames_train) as required, producing the appropriate bootstrap resampling object.","You built all_workflows with workflowsets::workflow_set() using your recipe and three models, and unnested the info column to inspect the structure, matching the expected process and output.","You updated all_workflows with workflow_map() and then selected, unnested, filtered for rmse, grouped, arranged in descending order, and sliced the top row per workflow as specified. The dplyr/tidyr workflow matches the rubric.","You correctly called workflowsets::rank_results() with all_workflows, rank_metric = 'rmse', and select_best = TRUE, and you compared its behavior to your Exercise 8 results in the comments.","You extracted the forest workflow, finalized it with specific trees and min_n values, and fit it on both training and test data, then computed and reported the test/train MSE ratio. However, the chosen parameters and resulting ratio differ from the expected best configuration in the rubric."
36,23,"Your lab shows a solid grasp of the tidymodels workflow, with all major steps implemented and most code structures matching the template. The main issues are small deviations from the specified process (e.g., missing strata in the split, log base and skip in the recipe, and differing tuning choices in the final model). Tightening adherence to the exact instructions and parameter settings would bring your work fully in line with the rubric.",2.5,2,1.5,2.5,3,3,3,3,3,2.5,"You correctly used skimr::skim() on dat, but did not use the pipe operator as specified. The conclusion about no missing data is present.","You set the seed and used initial_split, training, and testing with prop = 0.75, but omitted the required strata = 'Sale_Price' argument.","You created a recipe with the right variables and included log, other, dummy, center, and scale steps, but used base = 10 instead of natural log, skipped the log step, and centered/scaled all predictors rather than just numeric predictors; prep() was called but not assigned or examined with broom::tidy().","All three models are specified with correct engines and tunable parameters, and the forest model has mode = 'regression'. However, you did not explicitly set the mode for the linear models as in the reference solution.","You correctly called parsnip::translate() on each of the three model objects, matching the expected workflow.","You set the seed and created train_resamples with rsample::bootstraps(ames_train), producing the expected bootstrap resampling object.","You built all_workflows with workflow_set using your recipe and three models, and unnested the info column to inspect the structure as required.","You updated all_workflows with workflow_map and then correctly selected, unnested result and .metrics, filtered for rmse, grouped by wflow_id, arranged by .estimate descending, and sliced the top row per group.","You called workflowsets::rank_results with the correct arguments and provided a clear comparison to your Exercise 8 results, correctly noting the difference in ordering logic.","You extracted the forest workflow, finalized it with specific trees and min_n values, and fit to both train and test sets, computing and reporting the MSE ratio. However, the chosen hyperparameters and resulting ratio differ from the reference (trees = 1, min_n = 11 and ~0.115), so the output accuracy is only partially aligned."
37,23,"Your lab shows a solid understanding of tidymodels workflows, models, resampling, and workflowsets, with all exercises attempted and most code following the intended structure. The main issues are minor deviations from the specified process (e.g., missing strata in the split, log base and skip in the recipe, and some parameter choices). Addressing these details will help you align more closely with the rubric and expected best practices.",2.5,2,1.5,2.5,3,3,3,3,3,2.5,"You correctly used skimr on dat and stated there is no missing data. To fully match the rubric, use the pipe operator (dat |> skimr::skim()) and avoid loading skimr inside the chunk if not needed.","You set the seed, used initial_split, and created ames_train and ames_test with a 75% split. However, you omitted strata = 'Sale_Price', which is required for full credit.","You created a recipe with the correct formula and included log, step_other, dummy, centering, and scaling, then prepped it. However, you used base = 10 instead of natural log, skipped the log step, and centered/scaled all predictors (including dummies) rather than just numeric predictors, and did not use broom::tidy() to examine steps.","You defined the three models with correct engines and tunable parameters and set mode = 'regression' for the forest. For full credit, also explicitly set mode = 'regression' on the linear models to match the expected workflow.","You correctly called parsnip::translate() on each of the three model objects, which satisfies the required process and output structure.","You set the seed and created train_resamples with rsample::bootstraps(ames_train), matching the expected process and object type.","You created all_workflows with workflow_set using the recipe and all three models, and unnested the info column to inspect structure, which aligns with the rubric.","You updated all_workflows with workflow_map and then selected, unnested result and .metrics, filtered for rmse, grouped by wflow_id, arranged by .estimate, and sliced the first row, matching the required workflow (even though you sorted descending, which you correctly discussed later).","You called workflowsets::rank_results with the correct arguments and provided a clear comparison to your Exercise 8 results, correctly noting the difference due to sorting direction.","You extracted the forest workflow, finalized it with specific trees and min_n values, fit on both train and test sets, and computed a test/train MSE ratio. The process is correct, but the chosen parameters and resulting ratio differ from the expected reference values, so a small deduction is applied."
38,25,"Your lab shows a solid grasp of tidymodels workflows, models, and resampling, with all major steps implemented and clearly structured. Most deductions are for small deviations from the specified process (e.g., missing stratification, log base, and minor recipe details) rather than missing work. Review the rubric details around stratified splits and recipe step specifications to align even more closely with the expected workflow in future labs.",2.5,2,1.5,2.5,3,3,3,3,3,2.5,"You correctly used skimr on dat and stated there is no missing data. To fully match the rubric, use the pipe operator (dat |> skimr::skim()) and avoid loading skimr inside the chunk if already handled in setup.","You set the seed, used initial_split, training, and testing with a 0.75 prop, which is mostly correct. However, you omitted strata = 'Sale_Price', so the split is not stratified as required.","You created a recipe with the correct formula and included log, step_other, dummy, centering, and scaling, then prepped it. Issues: you used base = 10 instead of natural log, skipped the log step, and centered/scaled all predictors (including dummies) rather than just numeric predictors, and did not use broom::tidy() to examine steps.","All three models are specified with the correct parsnip functions, engines, and tunable parameters, and the forest model has mode = 'regression'. To fully align with the rubric, explicitly set mode = 'regression' for the linear and glmnet models as well.","You correctly called parsnip::translate() on each of the three model objects, which matches the expected workflow and output structure.","You set the seed and created train_resamples with rsample::bootstraps(ames_train), which matches the required process and output.","You built all_workflows with workflow_set using the recipe and all three models, and unnested the info column to inspect structure, matching the rubric expectations.","Your code updates all_workflows with workflow_map, then selects wflow_id and result, unnests result and .metrics, filters for rmse, groups, arranges by .estimate, and slices the first row, exactly following the required workflow.","You correctly called workflowsets::rank_results with all_workflows, rank_metric = 'rmse', and select_best = TRUE, and provided a clear comparison explanation relative to Exercise 8.","You extracted the forest workflow, finalized it with specific trees and min_n values, fit on both train and test sets, and computed a test/train MSE ratio. The only minor issue is that the chosen hyperparameters differ from the provided solution, so the ratio will not match the reference value."
39,24,"Most exercises are completed with the correct functions and workflows, and your code is generally well structured. The main issues are small deviations from the specified process (e.g., missing strata in the split, log base and skip in the recipe, and not matching the expected best model parameters/ratio in Q10). Addressing these details will bring your work fully in line with the rubric expectations.",2,2,1,2,3,3,3,3,3,2,"You correctly used skimr::skim() on dat, but did not use the pipe operator as specified. The conclusion about no missing data is present.","You set the seed and used rsample::initial_split(), training(), and testing() with prop = 0.75, but omitted the required strata = 'Sale_Price' argument.","You created a recipe with the correct variables and included log, other, dummy, center, and scale steps, but used base = 10, skipped the log step, and centered/scaled all predictors (including dummies) rather than just numeric predictors; prep() was called but not assigned or examined with broom::tidy().","All three models are defined with correct engines and tunable parameters, but you did not explicitly set mode = 'regression' for the linear models as in the expected workflow.","You correctly called parsnip::translate() on each of the three model objects, matching the expected process.","You set the seed and created train_resamples with rsample::bootstraps(ames_train), which matches the expected bootstrap resampling process.","You created all_workflows with workflowsets::workflow_set() using the recipe and three models, and unnested the info column as required.","You updated all_workflows with workflow_map() and then correctly unnested result and .metrics, filtered for rmse, grouped by wflow_id, arranged by .estimate, and sliced the first row.","You called workflowsets::rank_results() with the correct arguments and provided a clear comparison to the Exercise 8 results, noting the difference in ordering.","You extracted the forest workflow, finalized it with specific trees and min_n, and fit on train and test data, computing an MSE ratio. However, the chosen parameters and resulting ratio differ from the expected best configuration and approximate 12% increase in test error."
40,23,"Your lab shows a solid grasp of tidymodels workflows, including recipes, model specification, workflowsets, tuning, and evaluation. Most required functions and steps are present and correctly structured. To improve, pay closer attention to details in the instructions (e.g., using strata in splits, natural log for Sale_Price, and exact preprocessing specifications) so that your process and outputs align more precisely with the rubric expectations.",2.5,2,1.5,2.5,3,3,3,3,3,2.5,"You correctly used skimr on dat and stated there is no missing data. To fully match the rubric, use the pipe operator (dat |> skimr::skim()) and avoid loading skimr inside the chunk if not needed.","You set the seed, used initial_split, training, and testing, and created ames_train/ames_test with a 75% split. However, you omitted strata = 'Sale_Price', which was required for full credit.","You created a recipe with the correct formula and included log, step_other, dummy, centering, and scaling, and you prepped it. However, you used base = 10 instead of natural log, skipped the log step, and centered/scaled all predictors (including dummies) rather than just numeric predictors, so the process does not fully match the specified transformations.","All three models are specified with the correct parsnip functions, engines, and tunable parameters. For full alignment with the rubric, you should also explicitly set_mode('regression') for the lm and glmnet models, even though regression is the default.","You correctly called parsnip::translate() on each of the three model objects, which satisfies the required workflow and expected output structure.","You set the seed and created train_resamples with rsample::bootstraps(ames_train), matching the expected process and output object.","You built all_workflows with workflow_set using the recipe and all three models, and unnested the info column to inspect the structure, which matches the rubric requirements.","You updated all_workflows with workflow_map and then correctly selected, unnested result and .metrics, filtered for rmse, grouped by wflow_id, arranged by .estimate, and sliced the top row per group as specified.","You called workflowsets::rank_results with all_workflows, rank_metric = 'rmse', and select_best = TRUE, and you compared its behavior to your Exercise 8 results in the comments, which fulfills the exercise.","You extracted the forest workflow, finalized it with specific trees and min_n values, fit on both training and test data, and computed a test/train MSE ratio. The overall workflow is correct, but the chosen tuning parameters and resulting ratio differ from the expected reference values, so full accuracy credit is not awarded."
41,24,"Your lab shows a solid grasp of tidymodels workflows, model specification, resampling, and workflowsets, with most exercises implemented correctly. The main issues are missing stratification in the train/test split, an incorrect/disabled log transformation in the recipe, and a final model configuration and performance that do not align with the expected best model. Addressing these details will bring your work fully in line with the rubric and improve reproducibility and model comparability.",2,2,1,3,3,3,3,3,3,2,"You correctly used skimr::skim() on dat and answered the missing-data question, but the rubric expected use of the base dat object piped directly into skim() (dat |> skimr::skim()) and explicit mention of no missing data in the narrative.","You set the seed, used rsample::initial_split(), and created ames_train/ames_test with a 75% split, but you omitted the strata = 'Sale_Price' argument required by the rubric.","You created a recipe with the correct variables and included log, other, dummy, center, and scale steps, but you used base = 10 instead of natural log, skipped the log step, and did not use broom::tidy() to examine the prepped recipe as specified.","All three models are specified correctly with parsnip::linear_reg() and parsnip::rand_forest(), appropriate engines, and tunable parameters for glmnet and ranger; only the explicit set_mode('regression') is missing for the first two but defaults are acceptable here.","You correctly applied parsnip::translate() to each of the three model objects, which matches the expected workflow and output structure.","You set the seed and created train_resamples with rsample::bootstraps(ames_train), matching the required process and expected bootstrap resampling object.","You built all_workflows with workflowsets::workflow_set() using the recipe and all three models, and unnested the info column with tidyr::unnest(info), which aligns with the rubric.","Your code updates all_workflows with workflow_map(), then selects/unnests result and .metrics, filters for rmse, groups by wflow_id, arranges by descending .estimate, and slices the first row, exactly as required.","You correctly called workflowsets::rank_results(all_workflows, rank_metric = 'rmse', select_best = TRUE) and discussed how it compares conceptually to your Exercise 8 results.","You extracted the forest workflow, finalized it with specific trees and min_n values, and fit to train and test data, computing an MSE ratio; however, the chosen parameters and resulting ratio differ from the expected best configuration and approximate 12% increase, so the final performance comparison does not match the rubric."
42,25,"Your lab shows solid understanding of tidymodels workflows, model specification, resampling, and workflowsets; most exercises follow the intended process and use the correct functions. The main issues are in the recipe (log base and skip behavior, and centering/scaling scope) and in not using stratification in the train/test split or the exact best parameters in the final model. Tightening those details will bring your work fully in line with the rubric expectations.",2,2,1,3,3,3,3,3,3,2,"You correctly used skimr::skim() on dat and answered that there is no missing data. However, the rubric expected use of the base pipe (|>) and piping dat directly into skim() in a single step.","You set the seed, used rsample::initial_split(), and created ames_train and ames_test with a 75% split, which matches most of the required process. You omitted the strata = 'Sale_Price' argument, so the split is not stratified as specified.","You created a recipe with the correct formula and included step_log, step_other, step_dummy, step_center, and step_scale, and you called prep(). However, you used base = 10 instead of the natural log (base = exp(1)), set skip = TRUE on step_log (so the outcome is not actually transformed), and centered/scaled all predictors rather than just numeric predictors, so the preprocessing does not match the required specification.","All three models are correctly specified: a basic linear_reg with lm engine, a glmnet model with penalty and mixture set to tune(), and a random forest with ranger engine and tunable trees and min_n. Mode is explicitly set for the forest and defaults appropriately for the linear models.","You correctly applied parsnip::translate() to each of the three model objects (lm_mod_base, lm_mod_glmnet, lm_mod_rforest), matching the expected workflow for examining model templates.","You set the seed and created train_resamples using rsample::bootstraps(ames_train), which matches the required process and produces the correct bootstrap resampling object.","You created all_workflows with workflowsets::workflow_set() using your recipe and all three models, and then unnested the info column with tidyr::unnest(info), which matches the expected structure and examination of the workflow set.","You updated all_workflows with workflow_map() (in the provided code) and then selected wflow_id and result, unnested result and .metrics, filtered for rmse, grouped by wflow_id, arranged by descending .estimate, and sliced the first row. This matches the required sequence of operations to extract best RMSE per workflow (even though descending order picks the worst RMSE, the code structure is as specified).","You called workflowsets::rank_results(all_workflows, rank_metric = 'rmse', select_best = TRUE) as required and provided a brief comparison to your Exercise 8 results, correctly noting the difference in ordering logic.","You extracted the forest workflow, finalized it with specific trees and min_n values, and fit it on both training and test data, then computed train/test MSE and their ratio. However, the chosen parameters and resulting ratio differ from the expected best configuration (trees = 1, min_n = 11 and ~12% higher test error), so the final model performance does not match the reference solution."
43,21,"Your lab shows a solid grasp of the tidymodels workflow, including recipes, model specifications, workflowsets, resampling, and tuning. Most exercises follow the intended process, with minor deviations in details such as stratified splitting, log base, and some parameter choices. To improve, pay closer attention to the exact argument values and function options specified in the instructions and rubric, especially for preprocessing steps and model finalization.",2,2,1,2,3,3,3,3,3,2,"You correctly used skimr::skim() on dat and answered that there is no missing data. However, the rubric expected use of the base pipe (|>) and piping dat directly into skim() in a single step.","You set the seed, used initial_split(), training(), and testing(), and created ames_train/ames_test with a 75% split. You did not include strata = 'Sale_Price', which was required in the rubric.","You created a recipe with the correct variables and included step_log, step_other, step_dummy, step_center, and step_scale, and called prep(). However, you used base = 10 instead of natural log, set skip = TRUE on the outcome transform, and centered/scaled all predictors (including dummies) rather than just numeric predictors, and did not use broom::tidy() to examine the prepped recipe.","You defined three parsnip models with linear_reg and rand_forest, used tune() for penalty/mixture and trees/min_n, and set the correct engines and regression mode for the forest. You omitted set_mode('regression') for the lm and glmnet models, which is expected in the rubric for full credit.","You correctly called parsnip::translate() on each of the three model objects, which matches the expected workflow and will display the appropriate engine-specific templates.","You set the seed and created train_resamples with rsample::bootstraps(ames_train), matching the expected process and producing a proper bootstrap resampling object.","You created all_workflows with workflowsets::workflow_set() using your recipe and all three models, and then unnested the info column with tidyr::unnest(info), which matches the required structure and examination.","You updated all_workflows with workflow_map() as specified and then selected wflow_id/result, unnested result and .metrics, filtered for rmse, grouped by wflow_id, arranged by descending .estimate, and sliced the first row. This follows the expected workflow, even though descending order picks the worst RMSE.","You correctly called workflowsets::rank_results(all_workflows, rank_metric = 'rmse', select_best = TRUE) and provided a brief comparison to your Exercise 8 results, noting the ordering difference.","You extracted the forest workflow, finalized it with specific trees and min_n values, fit it on train and test data, and computed the test/train MSE ratio. However, the chosen hyperparameters and resulting ratio differ from the expected best configuration (trees = 1, min_n = 11 and ~12% higher test error), so the output accuracy does not fully match the rubric."
44,25,"Your lab shows solid command of tidymodels workflows, models, resampling, and workflowsets; most exercises follow the intended process and use the correct functions. The main issues are minor deviations from the specified process (e.g., missing stratification in the split, log base and skip in the recipe, and not matching the expected best model parameters/ratio in Q10). Review the recipe step specifications and rubric details to align your preprocessing and model finalization more closely with the instructions.",2,2,1,3,3,3,3,3,3,2,"You correctly used skimr::skim() on dat and answered that there is no missing data. However, the rubric expected use of the base pipe (|>) and piping dat directly into skim() in a single step.","You set the seed, used rsample::initial_split(), and created ames_train and ames_test with a 75% split, which matches most of the required process. You omitted the strata = 'Sale_Price' argument, so the split is not stratified as specified.","You created a recipe with the correct formula and included log, other, dummy, center, and scale steps, then prepped it. However, you used base = 10 instead of natural log, set skip = TRUE on step_log (so the outcome is not transformed in modeling), and centered/scaled all predictors (including dummies) rather than just numeric predictors, which deviates from the specified process.","All three models are specified with the correct parsnip functions, engines, and tunable parameters (penalty/mixture for glmnet, trees/min_n for ranger). Although you did not explicitly set_mode('regression') for the first two, regression is the default for linear_reg(), so this is acceptable here.","You correctly called parsnip::translate() on each of the three model objects, which matches the expected workflow and will display the appropriate engine-specific templates.","You set the seed and created train_resamples with rsample::bootstraps(ames_train), which matches the required process and produces the correct bootstrap resampling object.","You built all_workflows with workflowsets::workflow_set() using your recipe and three models, and then unnested the info column to inspect the structure. This matches the expected process and structure (4 columns with info unnested correctly).","You updated all_workflows with workflow_map(), then selected wflow_id and result, unnested result and .metrics, filtered for rmse, grouped by wflow_id, arranged by descending .estimate, and sliced the first row. This follows the required sequence and yields the best (by your ordering) rmse per workflow.","You correctly called workflowsets::rank_results(all_workflows, rank_metric = 'rmse', select_best = TRUE) and provided a brief comparison to your Exercise 8 results, demonstrating understanding of the ranking behavior.","You extracted the norm_forest workflow, finalized it with specific trees and min_n values, and fit it on both training and test data, then computed train/test MSE and their ratio. However, your chosen parameters and resulting ratio differ from the expected best configuration and approximate 12% test/train MSE ratio described in the rubric."
45,24,"Your lab shows a solid grasp of the tidymodels workflow, with correctly specified models, workflow sets, resampling, and tuning steps. Most exercises follow the intended process closely, with only minor deviations (e.g., missing stratification in the split, log base choice, and RMSE ordering). To improve, pay closer attention to the exact argument values and details specified in the instructions (such as log base, strata, and metric direction) so your outputs align more precisely with the rubric expectations.",2,2,1,3,3,3,3,3,3,2,"You correctly used skimr::skim() on dat and answered that there is no missing data. However, the rubric expected use of the base pipe (|>) and piping dat directly into skim() in a single step.","You set the seed, used rsample::initial_split(), and created ames_train and ames_test with a 75% split, which matches most of the required process. You omitted the strata = 'Sale_Price' argument, so the split is not stratified as specified.","You created a recipe with the correct variables and included step_log, step_other, step_dummy, step_center, and step_scale, and called prep(). However, the log transform uses base = 10 instead of natural log, skip = TRUE on the outcome step is incorrect, and you did not use broom::tidy() to examine the prepped recipe as required.","All three parsnip models are specified correctly: a basic linear_reg with lm engine, a glmnet model with penalty and mixture set to tune(), and a rand_forest with trees and min_n set to tune(), and the random forest is set to regression mode. This matches the expected workflow.","You correctly applied parsnip::translate() to each of the three model objects (lm_mod_base, lm_mod_glmnet, lm_mod_rforest), which is exactly what was required.","You set the seed and created train_resamples using rsample::bootstraps(ames_train), producing the expected bootstrap resampling object with default parameters.","You created all_workflows with workflowsets::workflow_set() using your recipe and all three models, and then unnested the info column with tidyr::unnest(info), which matches the required structure and examination.","Your code updates all_workflows with workflow_map(), then selects wflow_id and result, unnests result and .metrics, filters for rmse, groups by wflow_id, arranges by descending .estimate, and slices the first row. This follows the specified process, even though descending order picks the worst RMSE rather than best.","You called workflowsets::rank_results(all_workflows, rank_metric = 'rmse', select_best = TRUE) as required and provided a brief comparison explanation, satisfying the rubric for this exercise.","You correctly extracted the forest workflow, finalized it with specific trees and min_n values, and fit it on both training and test data, then computed train/test MSE and their ratio. However, the chosen parameters and resulting ratio differ from the expected best configuration and approximate 12% test/train MSE relationship described in the rubric."
46,22,"You completed all exercises with generally correct use of tidymodels, workflowsets, and rsample, and your code structure closely follows the intended workflows. Most deductions are for details: missing stratification in the split, an incorrect/ineffective log transformation in the recipe, and final model parameters/ratio that don’t match the reference solution. Tightening alignment with the specified arguments (e.g., natural log, strata, and best-tuned parameters) will bring your work fully in line with the rubric.",2,2,1,3,3,3,3,3,3,2,"You correctly used skimr::skim() on dat and answered that there is no missing data. However, the rubric expected use of the base pipe (|>) and piping dat directly into skim() in a single step.","You set the seed, used rsample::initial_split(), and created ames_train and ames_test with a 75% split, which matches most of the required process. You omitted the strata = 'Sale_Price' argument, so the split is not stratified as specified.","You created and prepped a recipe with the correct variables and included log, other, dummy, center, and scale steps. However, you used base = 10 instead of natural log, set skip = TRUE on step_log (so the outcome is not actually transformed), and centered/scaled all predictors (including dummies) rather than just numeric predictors, so the transformations do not fully match the specification.","All three models are specified correctly: a basic linear_reg with lm engine, a glmnet model with penalty and mixture set to tune(), and a random forest with ranger engine and tunable trees and min_n. Mode is set to regression for the forest model, which is sufficient for full credit.","You correctly called parsnip::translate() on each of the three model objects, which matches the expected workflow and will display the appropriate engine-specific templates.","You set the seed and created train_resamples using rsample::bootstraps(ames_train), which matches the required process and produces the correct bootstrap resampling object.","You built all_workflows with workflowsets::workflow_set() using your recipe and three models, and then unnested the info column to inspect the structure. This matches the expected workflow and output structure.","You updated all_workflows with workflow_map(), then selected wflow_id and result, unnested result and .metrics, filtered for rmse, grouped by wflow_id, arranged by descending .estimate, and sliced the first row. This follows the requested sequence and yields the best (by your ordering) rmse per workflow.","You correctly called workflowsets::rank_results(all_workflows, rank_metric = 'rmse', select_best = TRUE) and provided a comparison explanation relative to Exercise 8, satisfying the rubric requirements.","You extracted the norm_forest workflow, finalized it with specific trees and min_n values, and fit it on both training and test data, then computed and reported the test/train MSE ratio. However, the chosen parameters and resulting ratio differ from the expected best configuration and approximate 12% increase, so the output accuracy does not fully match the reference."
47,24,"Most exercises are completed with the correct functions and general workflow, and your code is well organized. The main issues are small but important deviations from the specified process (e.g., missing strata in the split, incorrect log base and skip in the recipe, and not matching the expected best model parameters/ratio in Q10). Review the solution template and rubric details to align your preprocessing steps and model selection more closely with the intended specifications.",2,2,1,2,3,3,3,3,3,2,"You correctly used skimr::skim() on dat and answered the missing-data question, but the rubric expected use of the base dat object piped directly into skim() (dat |> skimr::skim()) and explicit mention of the comprehensive summary table.","You set the seed, used initial_split(), and created ames_train/ames_test with a 75% split, but you omitted the required strata = 'Sale_Price' argument in initial_split().","You created a recipe with the correct formula and included log, other, dummy, center, and scale steps, but you used base = 10 instead of natural log, set skip = TRUE on the outcome transform, and centered/scaled all predictors (including dummies) rather than just numeric predictors; also you did not use broom::tidy() to examine the prepped recipe as specified.","You defined three parsnip models with appropriate engines and tuning parameters, but you did not explicitly set mode = 'regression' for the lm and glmnet models as in the expected workflow.","You correctly called parsnip::translate() on each of the three model objects, matching the expected process and outputs.","You set the seed and created train_resamples with rsample::bootstraps(ames_train), which matches the expected bootstrap resampling process.","You built all_workflows with workflow_set() using your recipe and three models, and unnested the info column to inspect the structure, which aligns with the rubric expectations.","You updated all_workflows with workflow_map(), then correctly selected wflow_id and result, unnested result and .metrics, filtered for rmse, grouped by wflow_id, arranged by descending .estimate, and sliced the top row per group as required.","You called workflowsets::rank_results() with the correct arguments and provided a clear comparison to your Exercise 8 results, correctly noting the difference in ordering logic.","You extracted the forest workflow, finalized it with specific trees and min_n values, fit on train and test data, and computed the MSE ratio; however, the chosen parameters and resulting ratio differ from the expected best configuration and approximate 12% test/train MSE ratio described in the rubric."
48,25,"Your lab shows a solid grasp of tidymodels workflows, including recipes, model specifications, workflowsets, tuning, and evaluation. Most exercises follow the intended process closely, with only minor deviations (e.g., missing stratification in the split and log base/skip settings in the recipe). Review the details of the preprocessing steps (especially log transformation and which predictors to center/scale) and the use of stratified splits to fully align with the rubric in future labs.",2.5,2,1.5,2.5,3,3,3,3,3,2.5,"You correctly used skimr on dat and answered the missing-data question. To fully match the rubric, use the pipe operator (dat |> skimr::skim()) and note explicitly in text that there is no missing data.","You set the seed, used initial_split, training, and testing, and created ames_train/ames_test with a 75% split. However, you omitted strata = 'Sale_Price', which was required for full credit.","You created a recipe with the correct variables and included log, other, dummy, center, and scale steps, then prepped it. Issues: you used base = 10 instead of natural log, skipped the log step (skip = TRUE), and centered/scaled all predictors rather than just numeric predictors, so the process does not fully match the specification.","All three models are defined with the correct parsnip functions, engines, and tunable parameters. You did not explicitly set mode = 'regression' for the linear models, but parsnip will default appropriately; otherwise the workflow matches expectations.","You correctly called parsnip::translate() on each of the three model objects, which will display the underlying engine-specific templates as required.","You set the seed and created train_resamples with rsample::bootstraps(ames_train), producing the expected bootstrap resampling object with default settings.","You built all_workflows with workflowsets::workflow_set using your recipe and three models, and then unnested the info column to inspect the structure. This matches the required process and structure.","You updated all_workflows with workflow_map and then selected, unnested result and .metrics, filtered for rmse, grouped by wflow_id, arranged by .estimate descending, and sliced the first row. The code follows the requested workflow exactly.","You called workflowsets::rank_results(all_workflows, rank_metric = 'rmse', select_best = TRUE) and discussed how its behavior compares to your Exercise 8 results, satisfying the rubric requirements.","You extracted the forest workflow, finalized it with specific trees and min_n values, fit on both training and test data, and computed the test/train MSE ratio. The overall process is correct, though your chosen hyperparameters and resulting ratio differ from the provided solution values."
49,22.5,"Your lab shows a solid grasp of the tidymodels workflow: you correctly built recipes, models, workflow sets, resamples, and tuning pipelines, and your code structure closely follows the template. Most deductions are for small deviations from the specified process (e.g., missing strata in the split, log base and skip in the recipe, and not using the exact best parameters in Exercise 10). Review the rubric details and the solution file to align your transformations and parameter choices more precisely with the instructions in future labs.",2.5,2,1.5,2.5,3,3,3,3,3,2,"You correctly used skimr on dat and answered the missing-data question. To fully match the rubric, use the pipe operator (dat |> skimr::skim()) and explicitly note in markdown that there is no missing data based on the skim output.","You set the seed, used initial_split with prop = 0.75, and created ames_train and ames_test. However, you omitted the strata = 'Sale_Price' argument, so the split does not follow the specified stratified process.","You created a recipe with the correct variables and included log, other, dummy, center, and scale steps, then prepped it. Issues: you used base = 10 instead of natural log, set skip = TRUE on step_log (so the outcome is not actually transformed in modeling), and centered/scaled all predictors including dummies rather than just numeric predictors.","You defined three parsnip models with the correct engines and tuned parameters, and set mode = 'regression' for the random forest. To be fully aligned with the rubric, also explicitly set mode = 'regression' for the linear_reg models, even though tidymodels can infer it.","You correctly called parsnip::translate() on each of the three model objects, which matches the expected workflow and will display the engine-specific templates.","You set the seed and created train_resamples with rsample::bootstraps(ames_train), which matches the required process and produces the correct bootstrap resampling object.","You created all_workflows with workflowsets::workflow_set using your recipe and all three models, and unnested the info column to inspect the structure. This matches the expected workflow and output structure.","You updated all_workflows with workflow_map and then correctly selected, unnested result and .metrics, filtered for rmse, grouped by wflow_id, arranged by descending .estimate, and sliced the first row. The code follows the specified sequence.","You called workflowsets::rank_results(all_workflows, rank_metric = 'rmse', select_best = TRUE) as required and provided a clear comparison to your Exercise 8 results, correctly noting the difference in ordering logic.","You extracted the forest workflow, finalized it with specific trees and min_n values, and fit it on both training and test data, then computed and interpreted the MSE ratio. However, the chosen parameters do not match the specified best (trees = 1, min_n = 11), and you used a custom prediction/MSE workflow rather than reporting the OOB errors implied in the rubric."
50,24,"Your lab shows a solid grasp of tidymodels workflows, model specification, resampling, and workflowsets, with most exercises implemented correctly. The main issues are small deviations from the specified process (e.g., missing strata in the split, log base and skip in the recipe, and parameter choices in the final model) that affect strict rubric alignment. Focusing on matching the exact argument values and transformation details requested in the instructions will help you capture full credit in future labs.",2,2,1,3,3,3,3,3,3,2,"You correctly used skimr::skim() on dat and answered that there is no missing data. However, the rubric expected use of the base pipe (|>) and piping dat directly into skim() in a single step.","You set the seed, used initial_split(), training(), and testing(), and created ames_train/ames_test with a 75% split. You did not include strata = 'Sale_Price', which was required in the rubric.","You created a recipe with the correct variables and included step_log, step_other, step_dummy, step_center, and step_scale, and called prep(). However, you used base = 10 instead of natural log, set skip = TRUE on the outcome transform, and centered/scaled all predictors (including dummies) rather than just numeric predictors, so the process and transformation details do not fully match the rubric.","All three models are specified correctly with parsnip::linear_reg() and rand_forest(), engines lm/glmnet/ranger, and the appropriate parameters (penalty, mixture, trees, min_n) set to tune(). This matches the expected workflow and model definitions.","You correctly applied parsnip::translate() to each of the three model objects, which is exactly what was required to inspect the engine-specific templates.","You set the seed and created train_resamples with rsample::bootstraps(ames_train), producing the expected bootstrap resampling object with default settings.","You built all_workflows with workflowsets::workflow_set() using your recipe and three models, and then unnested the info column to inspect the structure. This matches the expected process and structure.","Your code updates all_workflows with workflow_map(), then selects wflow_id and result, unnests result and .metrics, filters for rmse, groups by wflow_id, arranges by descending .estimate, and slices the first row. This follows the requested workflow, even though descending order yields the worst RMSE rather than the best.","You correctly called workflowsets::rank_results(all_workflows, rank_metric = 'rmse', select_best = TRUE) and provided a brief comparison to your Exercise 8 results, noting the ordering difference. This aligns with the rubric.","You extracted the forest workflow, finalized it with specific trees and min_n values, and fit it on both training and test data, then computed and reported the test/train MSE ratio. However, the chosen hyperparameters and resulting ratio differ from the expected best configuration and approximate 12% increase, so the output accuracy does not fully match the rubric."
