Run,Total,OverallComment,Q1,Q2,Q3,Q4,Q5,Q6,Q7,Q8,Q9,Q10,Q1_feedback,Q2_feedback,Q3_feedback,Q4_feedback,Q5_feedback,Q6_feedback,Q7_feedback,Q8_feedback,Q9_feedback,Q10_feedback
1,19,"Your lab shows a solid grasp of tidymodels workflows, recipes, models, and workflowsets, and most required steps are present and conceptually correct. Points were mainly lost where your code diverged from the specified arguments (e.g., missing strata, different workflow IDs, altered resampling setup) or where syntax/structure did not match the expected minimal workflow. Review the rubric’s exact function calls and arguments to better align your future submissions with the required process.",2,2,3,2,3,2,2,2,2,1,"You correctly used skimr::skim on dat and stated there is no missing data, but you did not use the pipe operator to pass dat into skim as specified, and you created an extra dat assignment.","You set the seed and used rsample::initial_split, training, and testing with a 0.75 split, but you omitted the required strata = 'Sale_Price' argument.","Your recipe uses the correct formula, applies log to Sale_Price, pools Neighborhood, creates dummies, centers and scales predictors, and you prep and tidy the recipe; the process and transformations match the rubric.","You defined the three models with appropriate engines and tuning parameters, but you did not explicitly set mode = 'regression' for the first two models and did not namespace tune(), which slightly departs from the expected parsnip workflow.","You correctly called parsnip::translate() on each of the three model objects, matching the expected process.","You set the seed and created bootstrap resamples from ames_train, but you did not namespace bootstraps with rsample:: and you changed the default resample settings (times = 25) instead of using defaults.","You created a workflow_set with the base recipe and three models, but your model names differ from the specified (lm/glmnet/ranger vs base/glmnet/forest) and you only selected the info column instead of unnesting it to inspect its contents.","You correctly unnested result and .metrics, filtered for rmse, grouped by wflow_id, arranged by .estimate, and sliced the top row, but you did this on all_workflows_res instead of the updated all_workflows object and used a different resampling setup than specified.","You used workflowsets::rank_results with rank_metric = 'rmse' and select_best = TRUE and compared results conceptually, but you applied it to all_workflows_res and added extra exploratory code beyond the minimal expected process.","You eventually extract a best workflow, finalize it, and fit on training and test data with a reported MSE ratio, but earlier code chunks have syntax errors (finalize_workflow line) and you do not follow the specified base_forest workflow and fixed parameter values from the rubric."
2,21,"Your lab shows solid understanding of tidymodels workflows, recipes, and workflowsets, and most exercises include the correct core functions and reasonable processes. The main issues are small deviations from the specified arguments (e.g., missing strata, not fully unnesting info, and mismatched IDs/parameters in the final model selection). Review the rubric’s exact requirements for arguments and workflow IDs/parameters to align your code more closely with the expected process in future labs.",2,2,3,2,3,3,2,3,2,1,"You correctly used skimr::skim on dat and stated there is no missing data, but you did not use the pipe operator to pass dat into skim as specified, and you created dat inside the chunk instead of using the provided object.","You set the seed and used initial_split, training, and testing with a 0.75 prop, but you omitted the required strata = 'Sale_Price' argument, so the split process is not fully as specified.","Your recipe uses the correct formula, applies step_log to Sale_Price, pools Neighborhood, creates dummies, and then centers/scales predictors, and you prep and examine with broom::tidy; this matches the required transformations and workflow.","You correctly specified linear_reg, rand_forest, set_engine, and used tune() for penalty/mixture and min_n/trees, but you did not explicitly set mode = 'regression' for the first two models and used unqualified tune() instead of parsnip::tune(), which is slightly off the expected pattern.","You applied parsnip::translate() to each of the three model objects, which is exactly what was required to inspect the engine-specific templates.",You set the seed and created train_resamples with bootstraps(ames_train); using a specific times value is acceptable and produces the expected bootstrap resampling object.,"You created all_workflows with workflow_set using the base recipe and three models, but you only selected the info column instead of unnesting it, so the structure of the workflows is not fully examined as requested.","You used workflow_map on the workflow set, then selected wflow_id and result, unnested result and .metrics, filtered for rmse, grouped by wflow_id, arranged by .estimate, and sliced the top row, matching the required workflow even though you stored results in a separate object.","You used workflowsets::rank_results with rank_metric = 'rmse' and select_best = TRUE on all_workflows_res and compared results, but the rubric expected rank_results(all_workflows); still, the core function usage and comparison intent are present.","You attempted to extract a best workflow and finalize it, but the extract_workflow ID ('base_ranger') does not match the expected 'base_forest', the finalize_workflow call is syntactically incorrect in Q10b, and you did not use the specified best parameters (trees = 1, min_n = 11), so the finalization and comparison steps deviate from the rubric."
3,21,"You demonstrated a solid grasp of tidymodels workflows, recipes, models, and workflowsets, and most exercises include the key functions and steps requested. However, several answers diverge from the exact processes in the rubric (e.g., missing stratification, different workflow objects, not unnested info, and inconsistent best-model selection), and there are a few syntax and naming issues. Tightening your adherence to the specified arguments, object names, and exact workflows would bring these solutions fully in line with the grading criteria.",2,2,3,2,3,2,2,2,2,1,"You correctly used skimr::skim on dat and stated there is no missing data, but you did not use the pipe operator (dat |> skimr::skim()) as specified and added extra steps beyond the single-pipe workflow.","You set the seed and used rsample::initial_split, training(), and testing(), but you omitted strata = 'Sale_Price', so the split does not fully match the required process.","Your recipe uses the correct formula, log-transforms Sale_Price, pools Neighborhood, creates dummies, centers and scales predictors, and you prep and examine it with broom::tidy; this matches the required transformations and workflow.","You created three parsnip models with appropriate engines and tuning parameters, but you did not explicitly set mode = 'regression' for the first two models and did not namespace tune(), which slightly diverges from the expected specification.","You correctly called parsnip::translate() on each of the three model objects, which is exactly what was required.","You set the seed and created bootstrap resamples from ames_train, but you did not namespace bootstraps() with rsample:: and changed the default parameters (times = 25) instead of using the default settings.","You built a workflow_set with the base recipe and three models and inspected the info column, but you did not unnest(info) as requested, and your model names differ from the expected base/glmnet/forest labels.","You correctly unnested result and .metrics, filtered for rmse, grouped by wflow_id, arranged by .estimate, and sliced the top row, but you operated on all_workflows_res instead of the updated all_workflows object and added extra, unnecessary redefinitions.","You used workflowsets::rank_results with rank_metric = 'rmse' and select_best = TRUE and compared results, but you applied it to all_workflows_res rather than the rubric’s all_workflows object and added extra, nonessential code.","You eventually extract a best workflow, finalize it with tune::finalize_workflow, and fit on training and test data, but earlier code chunks contain syntax errors (best_params undefined in Q10b) and you do not use the specified base_forest workflow or the given best parameters (trees = 1, min_n = 11), so the process and reported ratio do not match the rubric."
4,19,"You completed all exercises and generally followed the tidymodels workflow, showing good understanding of recipes, models, workflowsets, and tuning. Most deductions are for small but important deviations from the specified process (e.g., missing strata, not unnested info, altered resampling setup, and misaligned final model selection). Review the rubric’s exact arguments and object names, and aim to match the provided workflow more closely in future labs.",2,2,3,2,3,2,2,2,2,1,"You correctly used skimr::skim() on dat and stated there is no missing data. However, the rubric required using the pipe operator (dat |> skimr::skim()) in a single step without extra objects or checks; you created dat separately and added anyNA(), so process fidelity is slightly off.","You set the seed, used rsample::initial_split(), and created ames_train and ames_test with a 75% split, which matches most of the rubric. You omitted the strata = 'Sale_Price' argument, so the split is not stratified as specified.","Your recipe uses the correct formula, log-transforms Sale_Price, pools Neighborhood with step_other(), creates dummies, and then centers/scales predictors. You prep the recipe and examine it with broom::tidy(), satisfying the required steps and order closely enough to the rubric.","You defined three parsnip models and used set_engine() appropriately, and tuned penalty/mixture and min_n/trees. However, you did not explicitly set the mode for the base and glmnet models, and you used tune() without the parsnip:: prefix, which is ambiguous in a non-executed document per the rubric’s emphasis on explicit function usage.","You applied parsnip::translate() to each of the three model objects, which matches the expected workflow and would display the three engine-specific templates as required.","You set the seed and created a bootstrap object from ames_train, which matches the intent. However, you did not namespace bootstraps() with rsample:: and you changed the default parameters (times = 25) instead of using the default settings as specified.","You created a workflow_set with the recipe and three models and then selected the wflow_id and info columns. This satisfies the creation step, but you did not actually unnest(info) as required to examine the workflow structure, so the inspection step is incomplete.","You demonstrated the correct unnest → filter(.metric == 'rmse') → group_by → arrange(desc(.estimate)) → slice(1) pipeline on a workflow_set result, which matches the required process. However, you introduced a separate all_workflows_res object and vfold_cv resampling instead of using the provided all_workflows with bootstraps, so your workflow diverges from the specified setup.","You used workflowsets::rank_results() with rank_metric = 'rmse' and select_best = TRUE on all_workflows_res and compared results, which aligns with the main requirement. The extra, more complex code is fine but not necessary; minor divergence from the simpler expected process keeps this from full marks.","You attempted to extract and finalize a best workflow and compare train/test performance, but there are issues: extract_workflow('base_ranger') does not match the earlier IDs, finalize_workflow is mis-specified in Q10b (best_params and tibble call are inconsistent), and you do not use the specified base_forest workflow or the given best parameters (trees = 1, min_n = 11). The final MSE ratio therefore does not match the expected result."
5,24,"Your lab shows a solid grasp of tidymodels workflows, recipes, models, and workflowsets, and most exercises follow the intended processes closely. A few items diverge from the rubric specifications (e.g., missing strata in the split, not unnested info in Q7, and some syntax/parameter mismatches in Q6 and Q10). Tightening those details and aligning more strictly with the given instructions would bring this to full credit.",2,2,3,2,3,2,2,3,3,2,"You correctly used skimr::skim on dat and stated there is no missing data, but you did not use the pipe operator to pass dat into skim as specified, and you created dat inside the chunk instead of using the provided object.","You set the seed and used initial_split, training, and testing with a 0.75 prop, but you omitted the required strata = 'Sale_Price' argument, so the split process is not fully as specified.","Your recipe uses the correct formula, applies log to Sale_Price, pools Neighborhood, creates dummies, and then centers/scales predictors, and you prep and tidy the recipe; this matches the required transformations and workflow.","You defined the three models with linear_reg and rand_forest and used tune() for the appropriate parameters, but you did not explicitly set mode = 'regression' for the first two models and did not namespace tune(), which slightly departs from the expected parsnip usage.","You correctly called parsnip::translate() on each of the three model objects, which is exactly what was required for examining the model templates.","You set the seed and created a bootstrap object from ames_train, but you did not namespace bootstraps with rsample:: and you overrode the default resample count with times = 25 instead of using the default settings.","You built a workflow_set with the recipe and three models and inspected the wflow_id and info columns, but you did not unnest(info) as requested, and your model names differ from the base/glmnet/forest naming used in the rubric.","You mapped workflow_map over the workflow set (into all_workflows_res) and then correctly unnested result and .metrics, filtered for rmse, grouped by wflow_id, arranged by .estimate, and sliced the top row, matching the required workflow even though you used a separate resampling object.","You used workflowsets::rank_results with all_workflows_res, rank_metric = 'rmse', and select_best = TRUE and compared these to your earlier results, which aligns with the expected process and output comparison.","You ultimately implemented a full workflow to identify the best model, finalize it with select_best parameters, and compare train/test performance, but the earlier Q10b chunk has incorrect finalize_workflow syntax and you did not use the specific base_forest workflow and fixed parameters requested in the rubric."
6,20,"You demonstrated a solid understanding of tidymodels workflows, recipes, models, and workflowsets, and most exercises include the correct core functions and structure. The main deductions are for small deviations from the specified arguments (e.g., missing strata, non-default bootstrap settings), incomplete unnesting in Exercise 7, and not following the exact finalization process and parameters in Exercise 10. Tightening your code to match the rubric’s exact specifications and checking for syntax issues (as in Q10b) will help you capture full credit in future labs.",2,2,3,2,3,2,2,3,2,1,"You correctly used skimr::skim on dat and stated there is no missing data. However, the rubric requires using the pipe operator (dat |> skimr::skim()) in a single step without extra objects or separate calls like anyNA(dat).","You set the seed and used rsample::initial_split, training(), and testing(), and created ames_train and ames_test with a 0.75 split. You omitted the required strata = 'Sale_Price' argument in initial_split, so the process is slightly off the rubric.","You created norm_recipe with the correct formula, log-transformed Sale_Price, pooled Neighborhood, created dummies, centered and scaled predictors, and then prepped and examined it with broom::tidy. The order of steps and transformations matches the expected process.","You defined three parsnip models and used linear_reg, rand_forest, set_engine, and tuning for penalty/mixture and min_n/trees. However, you did not explicitly set the mode for the lm and glmnet models, and you used bare tune() instead of parsnip::tune(), which is slightly off the specified pattern.","You correctly called parsnip::translate() on each of the three model objects, which matches the required workflow and would display the three engine-specific templates.","You set the seed and created a bootstrap object from ames_train, which is correct. You used bootstraps(ames_train, times = 25) instead of the default parameters, so the process is slightly different from the rubric’s expectation.","You built a workflow_set with the base recipe and three models and stored it in all_workflows, which is correct. However, you only selected the info column instead of unnesting it with tidyr::unnest(info), so you did not fully examine the workflow structure as required.","You used workflow_map on the workflow set, then selected wflow_id and result, unnested result and .metrics, filtered for rmse, grouped by wflow_id, arranged by .estimate, and sliced the top row. This matches the required sequence and would yield the best rmse per workflow.","You used workflowsets::rank_results(all_workflows_res, rank_metric = 'rmse', select_best = TRUE) and compared results, which satisfies the main requirement. The extra code around extract_workflow_set_result is not needed but does not harm; still, the rubric specifically referenced all_workflows rather than all_workflows_res.","You attempted to extract a best workflow and finalize it, and in Q10c you showed a full workflow for tuning, selecting best parameters, finalizing, and fitting on train/test and computing an MSE ratio. However, Q10b has a syntax error (finalize_workflow(best_params) then stray tibble line), and you did not follow the specified base_forest workflow and fixed parameters (trees = 1, min_n = 11), so the process and expected output do not align with the rubric."
7,24,"Your lab shows solid understanding of tidymodels workflows, recipes, models, and workflowsets, and you completed all exercises with mostly correct code. Most deductions are for not following the exact specified arguments (e.g., strata in splits, explicit modes, specific workflow IDs/parameters) or minor process deviations (e.g., not unnesting info). For future labs, focus on mirroring the requested functions, arguments, and object names closely, and double-check syntax when finalizing and fitting the best model.",2,2,3,2,3,3,2,3,3,1,"You correctly used skimr::skim on dat and stated there is no missing data. However, the rubric required using the pipe operator (dat |> skimr::skim()) in a single step without extra objects or checks; you created dat separately and added anyNA, so process fidelity is slightly off.","You set the seed, used rsample::initial_split, and created ames_train and ames_test with a 75% split, which matches most of the process. You omitted the strata = 'Sale_Price' argument, so the split does not follow the specified stratified process.","Your recipe uses the correct formula, logs Sale_Price, pools Neighborhood with step_other, creates dummies, and then centers/scales predictors, and you prep and examine it with broom::tidy. This matches the required steps and order closely enough for full credit.","You defined three models with linear_reg and rand_forest and used set_engine correctly, and tuned the right parameters. However, you did not explicitly set mode = 'regression' for the first two models, and you used bare tune() instead of parsnip::tune(), which slightly departs from the expected specification.","You applied parsnip::translate() to each of the three model objects, which is exactly what was required to inspect the engine-specific templates.","You set the seed and created train_resamples using bootstraps(ames_train). Although you specified times = 25 and peeked at the object, this still produces a valid bootstrap resampling object and meets the rubric requirements.","You created a workflow_set with the recipe and three models and stored it in all_workflows, which is correct. However, you did not unnest the info column as requested; you only selected it, so the structure is not fully examined per the rubric.","You used workflow_map on the workflow set, then selected wflow_id and result, unnested result and .metrics, filtered for rmse, grouped by wflow_id, arranged by .estimate, and sliced the top row. This matches the required workflow and output structure, even though you used a separate all_workflows_res object.","You called workflowsets::rank_results with all_workflows_res, rank_metric = 'rmse', and select_best = TRUE, and compared these results to those from Exercise 8. This satisfies the function usage and comparison requirement.","You attempted to extract a ranger workflow and finalize it, and later built a full tuning/finalization pipeline and computed train/test metrics and an MSE ratio. However, the initial finalize_workflow call is syntactically incorrect (best_params and tibble line), and you did not explicitly use the specified base_forest workflow or the given best parameters (trees = 1, min_n = 11), so the process and expected output are only partially met."
8,21,"You completed most of the required steps and demonstrated a solid understanding of recipes, models, workflowsets, and tuning. The main issues are small deviations from the specified arguments (e.g., missing strata, not unnesting info) and some inconsistencies or errors in the final model selection and finalization. Tightening alignment with the exact instructions and cleaning up redundant or conflicting code chunks would bring this to full credit.",2,2,3,2,3,3,2,3,3,1,"You correctly used skimr::skim on dat and stated there is no missing data, but you did not use the pipe operator (|>) as specified and added extra steps beyond the single-pipe workflow requested.","You set the seed and used rsample::initial_split, training(), and testing(), but you omitted the required strata = 'Sale_Price' argument, so the split process is not fully correct per the instructions.","Your recipe uses the correct formula, applies log to Sale_Price, pools Neighborhood, creates dummies, and then centers/scales predictors, and you prep and tidy the recipe; this matches the required transformations and workflow.","You created three parsnip models with the correct engines and tunable parameters, but you did not explicitly set the mode for the lm and glmnet models, which is expected in the rubric’s process description.","You correctly called parsnip::translate() on each of the three model objects, matching the required workflow for examining model templates.",You set the seed and created a bootstrap object from ames_train using bootstraps(); using times = 25 is acceptable and the resulting object matches the expected resampling structure.,"You built a workflow_set with the base recipe and three models correctly, but you only selected the info column instead of unnesting it with tidyr::unnest(), so the examination step is incomplete.","You used workflow_map on the workflow set, then selected wflow_id and result, unnested result and .metrics, filtered for rmse, grouped by wflow_id, arranged by .estimate, and sliced the top row, which matches the required process.","You used workflowsets::rank_results with all_workflows_res, rank_metric = 'rmse', and select_best = TRUE and compared results, which aligns with the rubric’s expectations for this step.","You eventually extract a best workflow, finalize it with select_best parameters, and fit on training and test data, but earlier code chunks have syntax errors (finalize_workflow line) and you do not use the specified base_forest workflow or the given best parameters, so the process and reported ratio do not match the rubric."
9,25,"Your lab shows a solid grasp of tidymodels workflows, recipes, model specification, and workflowsets, and most exercises follow the intended process closely. The main issues are small deviations from the specified arguments (e.g., missing strata in the split, not unnesting info, and some inconsistencies in the finalization step). Tightening those details to match the rubric instructions would bring this to full credit.",2,2,3,2,3,3,2,3,3,2,"You correctly used skimr::skim() on dat and stated there is no missing data, but the rubric expected using the pipe operator (dat |> skimr::skim()) in a single step without extra objects or checks.","You set the seed and used rsample::initial_split(), training(), and testing() with a 0.75 prop, but you omitted the required strata = 'Sale_Price' argument in initial_split.","Your recipe uses the correct formula, log-transforms Sale_Price, pools Neighborhood, creates dummies, and then centers/scales predictors; you prep and examine with broom::tidy(), matching the expected process and transformations.","You created three parsnip models with the right engines and tunable parameters, but you did not explicitly set the mode for the lm and glmnet models as required by the rubric.","You correctly called parsnip::translate() on each of the three model objects, which would display the underlying engine-specific templates as expected.",You set the seed and created a bootstrap resampling object from ames_train using bootstraps(); using times = 25 is acceptable and matches the intended workflow.,"You built all_workflows with workflow_set() using the recipe and three models, but you only selected the info column instead of unnesting it with tidyr::unnest(info) to show the workflow structure as required.","You mapped workflow_map() over the workflow set, then unnested result and .metrics, filtered for rmse, grouped by wflow_id, arranged by .estimate, and sliced the top row per group, matching the specified process.","You used workflowsets::rank_results() with rank_metric = 'rmse' and select_best = TRUE and compared results conceptually, which aligns with the rubric’s expectations.","You ultimately extracted a best workflow, finalized it with selected parameters, fit on training and test data, and computed a test/train MSE ratio, but the earlier Q10b chunk has incorrect finalize_workflow syntax and you did not use the specified base_forest workflow or the given parameter values."
10,24,"Your lab shows solid understanding of tidymodels workflows, recipes, model specification, and workflowsets, and most required functions are used correctly. The main deductions are for missing stratification in the split, not fully unnesting the workflow info, and some inconsistencies and errors in the final model selection/finalization steps. Tightening up adherence to the exact specified arguments and simplifying Q10 to a single, clean workflow would improve your score further.",2,2,3,2,3,3,2,3,3,1,"You correctly used skimr::skim on dat and stated there is no missing data. However, the rubric required using the pipe operator (dat |> skimr::skim()) in a single step without extra objects or checks; you created dat separately and added anyNA, so process fidelity is slightly off.","You set the seed, used rsample::initial_split, and created ames_train and ames_test with a 75% split, which matches most of the process. You omitted the strata = 'Sale_Price' argument, so the split does not follow the specified stratified process.","Your recipe uses the correct formula, logs Sale_Price, pools Neighborhood, creates dummies, and then centers/scales predictors, and you prep and examine it with broom::tidy. This matches the required steps and order closely enough to earn full credit.","You created three parsnip models with the correct engines and tuned parameters, and set_mode('regression') for the random forest. However, you did not set the mode explicitly for the glmnet and base linear models, which is expected in the rubric’s process description.","You correctly called parsnip::translate() on each of the three model objects, which matches the required workflow and would display the three engine-specific templates.","You set.seed(8740) and created train_resamples using bootstraps(ames_train), which matches the expected process; specifying times = 25 is acceptable and still produces a valid bootstrap resampling object.","You built all_workflows with workflow_set using the recipe and three models, which is correct. However, you only selected the info column instead of unnesting it with tidyr::unnest(info), so the examination of the workflow structure is incomplete.","Your code (using all_workflows_res) correctly unnests result and .metrics, filters for rmse, groups by wflow_id, arranges by .estimate, and slices the top row, matching the required workflow even though you used a separate object name and additional CV setup.","You used workflowsets::rank_results(all_workflows_res, rank_metric = 'rmse', select_best = TRUE) and compared it to manual results, which aligns with the rubric’s expectations for function use and process.","You eventually implement a full workflow to identify the best model, finalize it with select_best parameters, and fit on train and test data, reporting an MSE ratio. However, earlier Q10 code has syntax/logic issues (misplaced finalize_workflow call, best_params undefined there, and extracting 'base_ranger' instead of 'base_forest'), so the overall process does not cleanly follow the specified base_forest workflow and fixed parameters."
11,21,"You completed all exercises and generally followed the tidymodels workflow, including recipes, models, workflowsets, tuning, and evaluation. Most key functions are present and used in a reasonable way, but there are several small deviations from the specified processes (e.g., missing strata in the split, not unnesting info, minor namespace and finalize_workflow issues). Review the solution template and rubric to tighten alignment with the expected arguments and workflows in future labs.",2,2,3,2,3,2,2,3,2,2,"You correctly used skimr::skim on dat and concluded no missing data, but the rubric expected using the pipe operator (dat |> skimr::skim()) in a single step without reassigning dat or adding extra checks.","You set the seed and used rsample::initial_split, training(), and testing(), but you omitted strata = 'Sale_Price', which was required for the specified 75% stratified split.","Your recipe uses the correct formula, log-transforms Sale_Price, pools Neighborhood, creates dummies, and then centers/scales predictors; you also prep and inspect with broom::tidy, matching the required process and transformations.","You defined the three models with appropriate engines and tuning parameters, but you did not explicitly set mode = 'regression' for the first two models and used unqualified tune() instead of parsnip::tune(), which slightly departs from the expected parsnip workflow.","You correctly called parsnip::translate() on each of the three model objects, which matches the required process and should yield the appropriate engine-specific templates.","You set the seed and created bootstrap resamples of ames_train, but you did not namespace rsample::bootstraps and added a non-default times argument, which deviates from the rubric’s expectation of using rsample::bootstraps(ames_train) with default settings.","You created a workflow_set with the recipe and three models correctly, but for examining structure you only selected the info column instead of unnesting it with tidyr::unnest(info) as specified in the rubric.","You used workflow_map on the workflow set, then selected wflow_id and result, unnested result and .metrics, filtered for rmse, grouped, arranged by .estimate, and sliced the top row per group, matching the required workflow even though you used a separate all_workflows_res object.","You used workflowsets::rank_results with rank_metric = 'rmse' and select_best = TRUE on all_workflows_res and compared results, but the rubric expected calling rank_results(all_workflows, ...) directly; conceptually the comparison step is present.","You ultimately extract a best workflow, finalize it with best_params, fit on training and test data, and compute an MSE ratio, but earlier code for finalize_workflow is syntactically incorrect and you do not explicitly use the specified base_forest workflow or the given parameter values, so the process only partially matches the rubric."
12,21,"You completed all exercises and generally followed the intended tidymodels workflow, including recipes, model specifications, workflow sets, tuning, and performance comparison. Most deductions are for small deviations from the specified arguments (e.g., missing strata, default parameters) or incomplete inspection steps (e.g., not unnesting info). Tightening adherence to the exact function arguments and sequence described in the rubric will help you reach full credit in future labs.",2,2,3,2,3,2,2,3,3,2,"You correctly used skimr::skim() on dat and concluded no missing data, but you did not use the pipe operator (dat |> skimr::skim()) as specified and created an extra dat assignment and anyNA() check beyond the requested single-step workflow.","You set the seed and used rsample::initial_split(), training(), and testing() with a 0.75 prop, but you omitted the required strata = 'Sale_Price' argument, so the split process is not fully as specified.","Your recipe uses the correct formula, applies step_log to Sale_Price, pools Neighborhood with step_other, creates dummies, and then centers/scales predictors, and you prep and examine with broom::tidy(); this matches the required transformations and order closely enough.","You defined the three models with linear_reg() and rand_forest() and set appropriate engines, and used tune() for penalty/mixture and min_n/trees, but you did not explicitly set mode = 'regression' for the first two models as in the expected workflow.","You correctly called parsnip::translate() on each of the three model objects, which is exactly what was required to inspect the engine-specific templates.","You set the seed and created bootstrap samples from ames_train, but you did not namespace rsample::bootstraps() and you overrode the default resample count by specifying times = 25 instead of using the default parameters.","You built a workflow_set with the base recipe and three models and stored it in all_workflows, but your inspection only selects wflow_id and info without unnesting the info column as requested, so the structure is not fully examined per the rubric.","You used workflow_map() on the workflow set, then selected wflow_id and result, unnested result and .metrics, filtered for rmse, grouped by wflow_id, arranged by .estimate descending, and sliced the top row, matching the required workflow even though you used a separate all_workflows_res object.","You used workflowsets::rank_results(all_workflows_res, rank_metric = 'rmse', select_best = TRUE) and compared these rankings to your earlier tuning results, which aligns with the expected use and comparison process.","You ultimately extracted the best workflow, finalized it with select_best() parameters, fit on training and test data, and computed an MSE ratio, but earlier code chunks contain an incorrect extract_workflow('base_ranger') call and a malformed finalize_workflow() call; also, your chosen best model and parameters differ from the specified base_forest with trees = 1 and min_n = 11."
13,20,"You completed all exercises and generally followed the intended tidymodels workflow, including recipes, models, workflowsets, tuning, and evaluation. Most partial deductions are for small deviations from the specified arguments (e.g., missing strata, base in log, or exact workflow objects) and for not exactly matching the requested process. Tightening adherence to the given specifications and simplifying to the required steps would bring this closer to full credit.",2,2,2,2,3,2,2,2,2,1,"You correctly used skimr::skim on dat and concluded no missing data, but the rubric expected using the pipe operator (dat |> skimr::skim()) in a single step without reassigning dat or extra checks like anyNA().","You set the seed and used initial_split, training, and testing with a 0.75 prop, but you omitted strata = 'Sale_Price', which was required for full credit.","You created a recipe with the correct formula, applied log, other, dummy, center, and scale, and prepped it, but you did not specify base = exp(1) in step_log and centered/scaled all predictors (including dummies) rather than just numeric predictors as in the rubric.","You defined three models and used the correct engines, and set min_n and trees to tune for the forest, but you did not set mode = 'regression' for the lm and glmnet models and used tune() without the parsnip:: prefix, which is less explicit than expected.","You correctly called parsnip::translate() on each of the three model objects, matching the expected workflow and outputs.","You set the seed and created bootstrap resamples from ames_train, but you did not namespace rsample::bootstraps and overrode the default number of resamples by specifying times = 25.","You built a workflow_set with the recipe and three models and inspected wflow_id and info, but you did not unnest(info) as required to fully examine the workflow structure, and model names differ from the specified base/glmnet/forest labels.","You used workflow_map, unnested result and .metrics, filtered for rmse, grouped, arranged, and sliced, but you created a separate all_workflows_res object instead of updating all_workflows as specified and added extra CV setup beyond the requested pipeline.","You used workflowsets::rank_results with rank_metric = 'rmse' and select_best = TRUE on all_workflows_res and compared results, but the rubric expected calling rank_results directly on all_workflows; your process is slightly more elaborate than needed.","You attempted to extract a ranger workflow and finalize it, and later built a full tuning/finalization pipeline, but the first finalize_workflow call is syntactically incorrect, you did not clearly use the specified trees = 1, min_n = 11 parameters, and the final train/test fits are not tied back to the required base_forest workflow or expected MSE ratio."
14,20,"You completed all exercises and generally followed the intended tidymodels workflow, including recipes, models, workflowsets, tuning, and evaluation. Most deductions are for small deviations from the specified process (e.g., missing strata, not unnested info, mode settings, and finalize_workflow syntax). Review the solution file to align more closely with the required function arguments, object names, and workflow IDs, especially in the later tuning and finalization steps.",2,2,2,2,3,2,2,2,2,1,"You correctly used skimr::skim() on dat and concluded no missing data, but you did not use the pipe operator (dat |> skimr::skim()) as specified and created an extra assignment to dat, so the process is slightly off.","You set the seed and used rsample::initial_split(), training(), and testing(), but you omitted strata = 'Sale_Price', so the split process is not fully as required.","You created a recipe with the correct formula, applied log to Sale_Price, pooled Neighborhood, created dummies, and centered/scaled predictors, then prepped and tidied it. However, you did not explicitly set base = exp(1) in step_log and centered/scaled all predictors (including the outcome) rather than only numeric predictors, so the process is slightly incorrect.","You defined three models with appropriate engines and tuning parameters, but you did not set mode = 'regression' for the lm and glmnet models and used tune() without the parsnip:: prefix, which makes the specification incomplete per the rubric.","You correctly called parsnip::translate() on each of the three model objects, matching the expected workflow and outputs.","You set the seed and created bootstrap resamples from ames_train, but you did not namespace rsample::bootstraps() and overrode the default number of resamples (times = 25), so the process does not exactly follow the specified default setup.","You built a workflow_set with the base recipe and three models and inspected the wflow_id and info columns, but you did not unnest(info) as requested, and your model object names differ from those specified in the rubric (lm_mod_glmnet, lm_mod_rforest).","You correctly used workflow_map(), then selected wflow_id and result, unnested result and .metrics, filtered for rmse, grouped, arranged, and sliced, but you operated on all_workflows_res instead of updating all_workflows as in the template; overall logic matches the rubric though.","You used workflowsets::rank_results() with rank_metric = 'rmse' and select_best = TRUE and compared results, but you applied it to all_workflows_res rather than all_workflows as specified, so the process is slightly off the expected pattern.","You attempted to extract the best workflow, finalize it, and compare train/test performance, but extract_workflow('base_ranger') does not match your workflow IDs, the finalize_workflow call is syntactically incorrect in Q10b, and the specified best parameters (trees = 1, min_n = 11) and target MSE ratio are not followed, so the workflow is only partially correct."
15,21,"You completed all exercises and generally followed the tidymodels workflow, showing good understanding of recipes, models, workflowsets, and tuning. Most deductions are for small deviations from the specified process (e.g., missing strata, not unnested info, slightly different recipe steps, or incorrect finalize_workflow syntax). Review the solution template and rubric to align your code more closely with the expected arguments, function chaining, and object names in future labs.",2,2,2,2,3,2,2,3,2,1,"You correctly used skimr::skim() on dat and concluded no missing data, but the rubric expected using the pipe operator (dat |> skimr::skim()) in a single step without reassigning dat or adding extra checks like anyNA().","You set the seed and used rsample::initial_split(), training(), and testing(), but you omitted strata = 'Sale_Price', which is required for the specified process and correct split behavior.","You created a recipe with the correct formula and included log, other, dummy, center, and scale steps, then prepped and tidied it. However, you did not specify base = exp(1) in step_log and centered/scaled all predictors (including dummies) rather than only numeric predictors as in the rubric.","You defined three models with linear_reg and rand_forest and used tune() for the appropriate parameters, and set the ranger model to regression mode. However, you did not set mode = 'regression' for the lm and glmnet models, and you used unqualified tune() instead of parsnip::tune(), which is less explicit than requested.","You correctly called parsnip::translate() on each of the three model objects, which matches the expected workflow and would display the three engine-specific templates.","You set the seed and created bootstrap resamples from ames_train, but you did not namespace bootstraps() with rsample:: and you overrode the default resample count by specifying times = 25, which deviates from the expected default process.","You built a workflow_set with the base recipe and three models and then selected the wflow_id and info columns. However, you did not unnest(info) as required to examine the workflow structure, and your model names differ from the base/glmnet/forest naming in the rubric.","You used workflow_map() on the workflow set, then selected wflow_id and result, unnested result and .metrics, filtered for rmse, grouped by wflow_id, arranged by .estimate, and sliced the top row, which matches the required sequence and output structure even though you stored results in all_workflows_res.","You used workflowsets::rank_results() with rank_metric = 'rmse' and select_best = TRUE on all_workflows_res and compared results, which satisfies the main requirement, but the rubric expected calling rank_results directly on all_workflows and a more direct comparison to the Exercise 8 summary.","You attempted to extract a ranger workflow, finalize it, and then later implemented a more complete best-model selection, finalization, and train/test evaluation. However, the finalize_workflow call in Q10b is syntactically incorrect, and you did not explicitly use the specified base_forest workflow with trees = 1 and min_n = 11, so the process does not fully match the rubric."
16,18,"You completed all exercises and generally followed the tidymodels workflow, showing good understanding of recipes, models, workflowsets, and tuning. Most deductions are for not matching the exact rubric specifications (e.g., missing strata, not unnested info, differing object names, or incorrect finalize_workflow usage) rather than conceptual gaps. For future labs, focus on mirroring the requested function arguments, object names, and step order more precisely, and double-check syntax when finalizing and fitting the best model.",2,2,2,2,3,2,2,2,2,1,"You correctly used skimr::skim() on dat and concluded no missing data, but the rubric expected using the pipe operator (dat |> skimr::skim()) in a single step without reassigning dat or adding extra checks like anyNA().","You set the seed and used rsample::initial_split(), training(), and testing(), but you omitted strata = 'Sale_Price' in initial_split, so the split does not follow the specified stratified process.","You created a recipe with the correct formula, applied step_log, step_other, step_dummy, centering, and scaling, and prepped it, but you did not specify base = exp(1) for the log step and you centered/scaled all predictors (including dummies) rather than only numeric predictors as in the expected process.","You defined three models with the correct engines and tuned parameters, but you did not explicitly set mode = 'regression' for the lm and glmnet models and used tune() without the parsnip:: prefix, which deviates from the expected fully specified parsnip workflow.","You correctly called parsnip::translate() on each of the three model objects, which matches the expected process and would display the appropriate engine-specific templates.","You set the seed and created a bootstrap object from ames_train, but you did not namespace bootstraps() with rsample:: and you overrode the default resample count by specifying times = 25 instead of using the default parameters.","You built a workflow_set with the intended recipe and three models and inspected the wflow_id and info columns, but you did not unnest(info) as required to show the full workflow structure, and your model object names differ from those specified in the rubric (base, glmnet, forest).","You used workflow_map(), unnested result and .metrics, filtered for rmse, grouped by wflow_id, arranged by .estimate, and sliced the top row, but you created a separate all_workflows_res object instead of updating all_workflows as specified and your code diverges from the provided select/unnest pipeline.","You used workflowsets::rank_results() with rank_metric = 'rmse' and select_best = TRUE and compared results, but you applied it to all_workflows_res rather than all_workflows as in the rubric and added extra, unnecessary complexity beyond the expected simple call.","You attempted to extract a best workflow, finalize it, and compare train/test performance, but extract_workflow() uses a non-rubric id ('base_ranger'), the finalize_workflow() call is syntactically incorrect in Q10b, and the chosen parameters and reported MSE ratio do not match the specified best model (base_forest with trees = 1, min_n = 11 and ~12% higher test error)."
17,20,"You completed all exercises and demonstrated a solid grasp of tidymodels workflows, recipes, and workflowsets. Most key functions were used correctly, but several steps diverged from the specified process (e.g., missing strata in splits, naming mismatches, not unnested info, and deviations from the expected best-model workflow). Focus on following the exact function arguments, object names, and pipelines given in the instructions to align more closely with the rubric in future labs.",2,2,2,2,3,2,2,2,2,1,"You correctly used skimr::skim() on dat and concluded no missing data, but you did not use the pipe operator (|>) to pass dat into skim() as specified, and you redefined dat inside the chunk instead of using the existing object.","You set the seed and used rsample::initial_split(), training(), and testing() with prop = 0.75, but you omitted the required strata = 'Sale_Price' argument, so the split process is not fully as specified.","You created a recipe with the correct formula, applied step_log, step_other, step_dummy, centering, scaling, and prepped it, but you did not specify base = exp(1) in step_log and you centered/scaled all predictors (including dummies) rather than just numeric predictors as in the expected process.","You defined three parsnip models and used tune() for glmnet and random forest parameters, but you did not explicitly set mode = 'regression' for the first two models and you used different object names (glmnet_mod, ranger_mod) than requested (lm_mod_glmnet, lm_mod_rforest), which breaks the expected workflow.","You correctly called parsnip::translate() on each of the three model objects, satisfying the required workflow and expected outputs.","You set the seed and created bootstrap resamples from ames_train, but you did not namespace rsample::bootstraps() and you overrode the default by specifying times = 25, so the process does not exactly match the rubric.","You built a workflow_set with the recipe and three models and inspected the wflow_id and info columns, but you did not unnest(info) as required to show the full workflow structure, and your model object names differ from those specified in earlier exercises.","You correctly used workflow_map, unnested result and .metrics, filtered for rmse, grouped by wflow_id, arranged by .estimate, and sliced the top row, but you created a new all_workflows_res object instead of updating all_workflows as specified and deviated from the provided selection pipeline.","You used workflowsets::rank_results() with rank_metric = 'rmse' and select_best = TRUE and compared results, but you applied it to all_workflows_res instead of all_workflows as in the rubric, and added extra, unnecessary complexity.","You eventually extracted a best workflow, finalized it with select_best parameters, and fit on training and test data, but the earlier Q10b chunk has incorrect finalize_workflow syntax, you did not use the specified base_forest workflow or fixed parameters (trees = 1, min_n = 11), and your reported MSE ratio does not match the expected value."
18,19,"You completed all exercises and demonstrated a solid understanding of recipes, models, workflowsets, and tuning, with most required functions present. The main deductions are for not strictly following the specified arguments (e.g., strata in initial_split, base in step_log), incomplete unnesting in Exercise 7, and some divergence from the exact workflows and parameter choices requested in the rubric. Tightening your adherence to the given specifications and cleaning up a few syntax issues (especially in Q10b) would bring this very close to full credit.",2,1,2,2,3,2,2,2,2,1,"You correctly used skimr::skim on dat and concluded no missing data, but the rubric expected using the pipe operator (dat |> skimr::skim()) in a single step without reassigning dat or adding extra checks.","You set the seed and used rsample::initial_split, training(), and testing(), but you omitted strata = 'Sale_Price', which is required, so the process and resulting split do not fully match the rubric.","You created a recipe with the correct formula, applied log to Sale_Price, pooled Neighborhood, created dummies, and centered/scaled predictors, then prepped and tidied it. However, you did not specify base = exp(1) in step_log and centered/scaled all predictors (including outcome) rather than only numeric predictors, which slightly diverges from the expected process.","You defined three models with linear_reg and rand_forest and used tune() for the appropriate parameters, and set the ranger model to regression mode. However, you did not set mode = 'regression' for the lm and glmnet models, and you used unqualified tune() instead of parsnip::tune(), so the model specifications are not fully aligned with the rubric.","You correctly called parsnip::translate() on each of the three model objects, which matches the expected workflow and would display the three engine-specific templates.","You set the seed and created bootstrap resamples from ames_train, but you did not namespace bootstraps() with rsample:: and you overrode the default number of resamples by specifying times = 25, so the process is slightly off the rubric’s expectations.","You built a workflow_set with the base recipe and three models and inspected the wflow_id and info columns, which is mostly correct. However, you did not actually unnest the info column as requested, so the examination of the workflow structure is incomplete.","You used workflow_map on the workflow set, then selected wflow_id and result, unnested result and .metrics, filtered for rmse, grouped, arranged, and sliced, which matches the intended analysis. The main deviation is that you created a separate all_workflows_res object and used vfold_cv and a different grid/metrics setup than specified, so the process is not exactly as in the rubric.","You used workflowsets::rank_results with rank_metric = 'rmse' and select_best = TRUE on all_workflows_res and compared results, which satisfies the core requirement. The only minor issue is that you applied it to a different object name than the rubric’s all_workflows, but the workflow is otherwise correct.","You eventually implemented a full workflow to identify the best model, finalize it with best_params, fit on training and test data, and compute an MSE ratio, which aligns with the intended goal. However, the earlier Q10b chunk has incorrect finalize_workflow syntax, and you did not explicitly extract the 'base_forest' workflow or use the specified trees = 1, min_n = 11 parameters, so the process and expected output do not fully match the rubric."
19,21,"You completed all exercises and generally followed the tidymodels workflow, with correct use of recipes, models, workflowsets, and tuning. Most deductions are for small deviations from the specified process (missing strata, not unnested info, parameter details) and some syntax/ID issues in the final model selection and finalization. Review the solution template to align object names, arguments (e.g., base in step_log, strata in initial_split), and the exact workflow for Exercises 7–10.",2,2,2,2,3,2,2,3,3,1,"You correctly used skimr::skim on dat and concluded no missing data, but the rubric expected using the pipe operator (dat |> skimr::skim()) in a single step without reassigning dat or extra checks like anyNA().","You set the seed and used rsample::initial_split, training(), and testing(), but you omitted strata = 'Sale_Price', so the split is not stratified as required.","You created a recipe with the correct formula, applied log to Sale_Price, pooled Neighborhood, created dummies, and centered/scaled predictors, then prepped and tidied it. However, you did not specify base = exp(1) in step_log and centered/scaled all predictors (including outcome) rather than only numeric predictors, which deviates from the expected process.","You defined three models with appropriate engines and tuned parameters, and set mode for the random forest. However, you did not set mode = 'regression' for the linear and glmnet models, and you used tune() without the parsnip:: prefix, which is less explicit than expected in the rubric.","You correctly called parsnip::translate() on each of the three model objects, which matches the expected workflow and would display the three engine-specific templates.","You set the seed and created a bootstrap object from ames_train, but you did not namespace bootstraps() with rsample:: and you overrode the default number of resamples by specifying times = 25, so the process does not fully match the rubric.","You built a workflow_set with the base recipe and three models and inspected wflow_id and info, but you did not unnest the info column as required, and your model object names differ from those specified in the rubric (lm_mod_glmnet, lm_mod_rforest).","You used workflow_map on the workflow set, then selected wflow_id and result, unnested result and .metrics, filtered for rmse, grouped by wflow_id, arranged by descending .estimate, and sliced the top row, which matches the required process even though you stored results in all_workflows_res instead of overwriting all_workflows.","You used workflowsets::rank_results with rank_metric = 'rmse' and select_best = TRUE on all_workflows_res and compared/identified the best model, which aligns with the rubric’s expectations for both function use and interpretation.","You attempted to extract a ranger workflow and finalize and fit a best model, but the extract_workflow call uses 'base_ranger' instead of the rubric’s 'base_forest', the finalize_workflow code is syntactically incorrect in Q10b, and you do not explicitly use the specified best parameters (trees = 1, min_n = 11) or report the expected test/train MSE ratio."
20,23,"Your lab shows a solid grasp of tidymodels workflows, recipes, models, and workflowsets, and you completed all exercises with mostly correct code and reasoning. Most deductions are for small deviations from the specified arguments (e.g., missing strata, default parameters) or not following the exact object names and steps in the rubric. Tightening alignment with the requested functions, arguments, and object usage would bring this to full credit.",2,2,3,2,3,2,2,3,2,2,"You correctly used skimr::skim() on dat and concluded no missing data, but the rubric expected using the pipe operator (dat |> skimr::skim()) in a single step without reassigning dat or adding extra checks.","You set the seed and used rsample::initial_split(), training(), and testing(), but you omitted strata = 'Sale_Price', which is required for full credit on the process and accuracy criteria.","Your recipe uses the correct formula, applies log to Sale_Price, pools Neighborhood, creates dummies, and then centers/scales predictors, and you prep and examine it with broom::tidy(); this matches the expected workflow and transformations.","You defined the three models with appropriate engines and tuning parameters, but you did not explicitly set mode = 'regression' for the glmnet model, and you used bare tune() instead of parsnip::tune(), which slightly departs from the specified process.","You correctly called parsnip::translate() on each of the three model objects, which satisfies the required workflow and should yield the appropriate engine-specific templates.","You set the seed and created bootstrap samples from ames_train, but you did not namespace rsample::bootstraps() and changed the default parameters (times = 25) instead of using the default settings as specified.","You created a workflow_set with the base recipe and three models correctly, but you only selected the info column instead of unnesting it with tidyr::unnest(), so the structure of the workflows is not fully examined as required.","You updated all_workflows via workflow_map, then unnested result and .metrics, filtered for rmse, grouped by wflow_id, arranged by .estimate, and sliced the top row; this matches the expected sequence and output structure, even though you used a separate all_workflows_res object.","You used workflowsets::rank_results() with rank_metric = 'rmse' and effectively compared results, but you did not explicitly pass all_workflows as the input object (you used all_workflows_res instead), which is a minor deviation from the rubric specification.","You ultimately extracted a workflow, finalized it with best_params, and fit on training and test data with an MSE ratio, but the earlier Q10b chunk has incorrect finalize_workflow syntax and missing best_params definition, and you did not use the specified base_forest workflow or the given parameter values."
21,21,"You demonstrated a solid grasp of tidymodels workflows, recipes, model specification, and workflowsets, and most required functions and steps are present. The main deductions are for small but important deviations from the specified process (e.g., missing strata in the split, not unnested info in Q7, some syntax issues in Q10b). Review the rubric details and aim to follow the exact argument specifications and workflow steps in future labs.",2,2,3,2,3,2,2,3,3,1,"You correctly used skimr::skim() on dat and noted no missing data, but the rubric expected using the pipe operator (dat |> skimr::skim()) in a single step without extra objects or checks.","You set the seed and used rsample::initial_split(), training(), and testing(), but you omitted the required strata = 'Sale_Price' argument, so the split process is not fully as specified.","Your recipe uses the correct formula, applies step_log to Sale_Price, pools Neighborhood, creates dummies, and then centers/scales predictors, and you prep and tidy the recipe; this matches the required transformations and workflow.","You defined the three models with appropriate engines and tuning parameters, but you did not explicitly set mode = 'regression' for the lm and glmnet models as required by the rubric’s process description.","You correctly called parsnip::translate() on each of the three model objects, satisfying the required workflow and expected outputs.","You set the seed and created bootstrap resamples from ames_train, but you did not namespace bootstraps() with rsample:: and you changed the default resample count (times = 25) instead of using the default settings.","You created all_workflows with workflow_set() using the recipe and three models, but you did not unnest the info column as required; you only selected it without using tidyr::unnest(info).","You used workflow_map() on the workflow set, then unnested result and .metrics, filtered for rmse, grouped by wflow_id, arranged by .estimate, and sliced the top row, matching the required sequence and structure.","You used workflowsets::rank_results(all_workflows_res, rank_metric = 'rmse', select_best = TRUE) and compared results to those from Exercise 8, which aligns with the expected function usage and process.","You eventually extract, finalize, and fit a best workflow and compute a test/train MSE ratio, but the earlier Q10b chunk has incorrect finalize_workflow syntax, and your chosen workflow ID and parameters do not match the specified base_forest example or target ratio."
22,24,"You completed all exercises and demonstrated a solid understanding of recipes, parsnip models, workflowsets, and tuning. Most required functions and workflows are present and used appropriately, with only a few deviations from the exact rubric specifications (e.g., missing strata in the split, minor workflow/unnesting and syntax issues). To improve, focus on matching the requested arguments and steps exactly (such as strata usage, unnesting info, and following the specified best-model extraction/finalization pattern) and cleaning up small syntax problems.",1.5,2,3,2,3,2.5,2.5,3,3,1.5,"You correctly used skimr::skim() on dat and answered the missing-data question, but you did not use the pipe operator to pass dat into skim() as specified, and you reloaded dat inside the chunk instead of using the provided object.","You set the seed, used rsample::initial_split(), and created ames_train and ames_test with a 75% split, but you omitted the strata = 'Sale_Price' argument required by the rubric.","Your recipe uses the correct formula, applies step_log to Sale_Price, pools Neighborhood, creates dummies, and then centers/scales predictors, and you prep and tidy the recipe; this matches the required transformations and order closely enough for full credit.","You defined the three models with appropriate engines and tuning parameters, but you did not explicitly set the mode for lm_mod_base and lm_mod_glmnet, and you used un-namespaced tune() instead of parsnip::tune(), which slightly departs from the expected parsnip workflow.","You correctly called parsnip::translate() on each of the three model objects, which is exactly what was required for this exercise.","You set the seed and created a bootstrap object from ames_train, but you used the un-namespaced bootstraps() and specified times = 25 instead of the default; this is a minor deviation from the expected rsample::bootstraps() with defaults.","You built all_workflows with workflow_set() using the recipe and three models correctly, but in the inspection step you only selected the info column without unnesting it, so the structure of the workflows is not fully examined as requested.","You used workflow_map() on the workflow set, then unnested result and .metrics, filtered for rmse, grouped by wflow_id, arranged by .estimate, and sliced the top row per group; this matches the required process even though you stored results in all_workflows_res instead of overwriting all_workflows.","You used workflowsets::rank_results() with rank_metric = 'rmse' and select_best = TRUE on all_workflows_res and compared/identified the best model, which satisfies the rubric’s requirements for this exercise.","You ultimately extracted a best workflow, finalized it with selected parameters, fit on training and test data, and computed a test/train MSE ratio, but the earlier Q10b chunk has a syntax error and does not follow the specified base_forest workflow and fixed parameter values, so the process is more complex and partially inconsistent with the rubric."
23,21,"Your lab shows a solid grasp of tidymodels workflows, recipes, model specification, and workflowsets, and you completed all exercises with mostly correct code. Most deductions are for small deviations from the specified process (e.g., missing strata, not unnesting info, or minor syntax/namespace issues). Review the rubric’s exact expectations and pay attention to argument details and required function chains to align your solutions more tightly with the instructions.",2,2,3,2,3,2,2,3,3,2,"You correctly used skimr::skim() on dat and answered that there is no missing data, but the rubric expected using the pipe operator (dat |> skimr::skim()) in a single step rather than assigning dat and then calling skim separately.","You set the seed, used rsample::initial_split(), and created ames_train and ames_test with prop = 0.75, but you omitted the required strata = 'Sale_Price' argument, so the split process is not fully as specified.","Your recipe uses the correct formula, log-transforms Sale_Price, pools Neighborhood, creates dummies, and then centers and scales predictors; you prep and examine with broom::tidy(), matching the required steps and order closely enough for full credit.","You defined the three models with appropriate engines and tuning parameters, but you did not explicitly set_mode('regression') for the lm and glmnet models, and you used bare tune() instead of parsnip::tune(), which is slightly off the expected specification.","You correctly called parsnip::translate() on each of the three model objects, which matches the required workflow and will display the appropriate templates.","You set the seed and created bootstrap resamples from ames_train, but you did not namespace bootstraps() with rsample:: and you overrode the default resample count with times = 25 instead of using the default parameters.","You created a workflow_set with the base recipe and three models and then selected the wflow_id and info columns; however, you did not unnest(info) as required to inspect the workflow structure in detail.","You mapped tuning over the workflow set (into all_workflows_res) and then selected wflow_id and result, unnested result and .metrics, filtered for rmse, grouped by wflow_id, arranged by descending .estimate, and sliced the first row, which matches the specified process.","You used workflowsets::rank_results(all_workflows_res, rank_metric = 'rmse', select_best = TRUE) and compared these rankings to your earlier tuning results, satisfying the required function use and comparison.","You ultimately implemented a full workflow to identify the best model, finalize it with select_best(), and compare train/test performance including an MSE ratio, but your earlier Q10b chunk has a syntax error and does not correctly call finalize_workflow as written, and you did not match the specific parameter values or ratio noted in the rubric."
24,21,"Your lab shows a solid grasp of tidymodels workflows, recipes, model specification, and resampling, and most exercises follow the intended structure. The main deductions are for small deviations from the specified arguments (e.g., missing strata, non-default bootstrap settings), naming/unnesting details, and a few syntax or consistency issues in the later exercises. Review the templates and rubric closely next time to align function arguments, object names, and required steps more precisely.",2,2,3,2,3,2,2,3,2,2,"You used skimr::skim() on dat, but did not use the pipe operator to pass dat into skim() as required. The conclusion about no missing data is present.","You correctly used set.seed() and rsample::initial_split(), training(), and testing(), but omitted the required strata = 'Sale_Price' argument in initial_split.","Recipe uses the correct formula, applies log to Sale_Price, pools Neighborhood, creates dummies, and then centers/scales predictors, and you prep and tidy the recipe. This matches the expected process and transformations.","You correctly specified linear_reg and rand_forest models with appropriate engines and tunable parameters, but did not explicitly set mode = 'regression' for the glmnet model as required in the rubric.","You applied parsnip::translate() to each of the three model objects, which matches the expected workflow and will show the underlying engine-specific templates.","You set the seed and created bootstrap resamples from ames_train, but did not namespace bootstraps() with rsample:: and changed the default parameters (times = 25) instead of using the default settings.","You created all_workflows with workflow_set using the recipe and three models, but the model object names differ from the template (glmnet_mod/ranger_mod vs lm_mod_glmnet/lm_mod_rforest), and you did not unnest the info column as requested—only selected it.","You correctly updated a workflow set with workflow_map, then unnested result and .metrics, filtered for rmse, grouped by wflow_id, arranged by .estimate, and sliced the top row per group, matching the required process even though you used a separate all_workflows_res object.","You used workflowsets::rank_results() with rank_metric = 'rmse' and select_best = TRUE on all_workflows_res, but the rubric expects this to be called on all_workflows; the comparison to Exercise 8 is conceptually present in your additional code.","You ultimately extract, finalize, and fit the best workflow and compute train/test MSE and their ratio, but earlier code chunks for Q10 have syntax errors (finalize_workflow line) and do not follow the specified base_forest workflow and fixed best parameters from the rubric."
25,21,"You demonstrated a solid grasp of tidymodels workflows, recipes, model specification, and workflowsets, and most exercises follow the intended process closely. The main deductions are for small but important deviations from the rubric (missing strata in the split, not unnested info in Q7, minor mode/namespace issues, and one malformed finalize_workflow chunk). Tightening those details and aligning more strictly with the specified arguments would bring this to full credit.",2,2,3,2,3,2,2,3,3,2,"You correctly used skimr::skim() on dat and answered the missing-data question, but the rubric expected using the pipe operator (dat |> skimr::skim()) in a single step rather than assigning dat and then calling skim separately.","You set the seed, used initial_split(), training(), and testing(), and created ames_train/ames_test with a 75% split, but you omitted the required strata = 'Sale_Price' argument in initial_split().","Your recipe uses the correct formula, log-transforms Sale_Price, pools Neighborhood, creates dummies, centers and scales predictors, and you prep and tidy the recipe; the process and transformations match the rubric expectations.","You defined the three models with the correct parsnip functions and engines and tuned parameters for glmnet and ranger, but you did not explicitly set_mode('regression') for the first two models as required by the rubric.","You correctly called parsnip::translate() on each of the three model objects, which matches the expected workflow and will show the appropriate engine-specific templates.","You set the seed and created a bootstrap object from ames_train, but you did not namespace bootstraps() with rsample:: and you overrode the default resample count by specifying times = 25 instead of using defaults.","You created all_workflows with workflow_set() using the recipe and three models, but you did not unnest the info column as requested; instead you only selected it without using tidyr::unnest(info).","You used workflow_map() on the workflow set, then selected wflow_id and result, unnested result and .metrics, filtered for rmse, grouped by wflow_id, arranged by .estimate, and sliced the top row, which matches the required process even though you used a separate all_workflows_res object.","You used workflowsets::rank_results(all_workflows_res, rank_metric = 'rmse', select_best = TRUE) and compared it to manually derived results, which aligns with the rubric’s expectations for using rank_results to summarize and compare workflows.","You ultimately implemented the full process of identifying the best workflow, finalizing it with best_params, fitting on train and test, and computing an MSE ratio, but the earlier Q10b chunk contains syntactically incorrect finalize_workflow code and does not match the specified fixed parameters (trees = 1, min_n = 11)."
26,22,"You completed all exercises and generally followed the intended tidymodels workflow, including recipes, model specifications, workflow sets, tuning, and performance comparison. Most key functions are present and used in a reasonable way, but there are several small deviations from the rubric (e.g., missing strata in the split, not unnesting info, inconsistent object names, and an incorrect finalize_workflow call). Focus on matching the exact arguments and object names requested in the instructions and simplifying your workflow in later exercises to align more closely with the provided template.",1.5,2,3,2,3,2.5,2,3,2,1,"You correctly used skimr::skim() on dat and answered the missing-data question, but you did not use the pipe operator to pass dat into skim() as specified, and you reloaded dat instead of using the provided object.","You set the seed and used initial_split(), training(), and testing() with a 0.75 split, but you omitted the required strata = 'Sale_Price' argument, so the process is slightly incomplete.","Your recipe uses the correct formula, applies step_log to Sale_Price, pools Neighborhood, creates dummies, and then centers and scales predictors, and you prep and tidy the recipe; this matches the expected transformations and workflow.","You defined the three models with appropriate engines and tuning parameters, but you did not explicitly set mode = 'regression' for the first two models as in the rubric, and you used bare tune() instead of parsnip::tune(), which slightly departs from the expected specification.","You correctly called parsnip::translate() on each of the three model objects, which matches the required workflow and should yield the appropriate engine-specific templates.","You set the seed and created a bootstrap object from ames_train using bootstraps(), which is correct; however, you did not namespace rsample::bootstraps() and changed the default number of resamples, so the process is slightly off the rubric.","You built a workflow_set with the base recipe and three models and inspected the wflow_id and info columns, but you did not unnest(info) as requested, and your model object names differ from those specified in the rubric (lm_mod_glmnet, lm_mod_rforest).","You used workflow_map() on the workflow set, then selected wflow_id and result, unnested result and .metrics, filtered for rmse, grouped by wflow_id, arranged by .estimate, and sliced the top row, which matches the required sequence and intent.","You used workflowsets::rank_results() with rank_metric = 'rmse' and select_best = TRUE and compared results, but you applied it to all_workflows_res instead of all_workflows as in the rubric and added extra, unnecessary complexity.","You attempted to extract and finalize the best workflow and compare train/test performance, but the finalize_workflow call is syntactically incorrect in Q10b, and you did not explicitly use the specified base_forest workflow or the given best parameters; the overall process diverges from the expected simple extraction and fitting workflow."
27,19,"Your lab shows a solid grasp of tidymodels workflows, recipes, and workflowsets, and most core steps are present and correctly structured. Points were mainly lost for small but important deviations from the specified arguments (e.g., missing strata, not using defaults, or not fully unnesting info). Review the rubric details and aim to match the exact function arguments and data flows requested in future labs.",2,2,3,2,3,2,2,3,,,"You correctly used skimr::skim on dat and concluded no missing data, but the rubric expected using the pipe operator (dat |> skimr::skim()) in a single step without extra checks like anyNA().","You used set.seed and rsample::initial_split/training/testing with a 75% split, but you omitted the strata = 'Sale_Price' argument required by the rubric.","Your recipe uses the correct formula, log-transforms Sale_Price, pools Neighborhood, creates dummies, and then centers/scales predictors; you also prep and inspect with broom::tidy, matching the expected process.","You defined the three models with appropriate engines and tuning parameters, but you did not explicitly set mode = 'regression' for the base and glmnet models as required by the rubric.","You correctly called parsnip::translate() on each of the three model objects, which matches the expected workflow and output structure.","You set the seed and created bootstrap resamples, but you did not namespace rsample::bootstraps and you changed the default by specifying times = 25 instead of using the default parameters.","You created all_workflows with workflow_set using the recipe and three models, but you only selected the info column instead of unnesting it with tidyr::unnest(info) as specified in the rubric.","You used workflow_map on the workflow set and then selected, unnested result and .metrics, filtered for rmse, grouped by wflow_id, arranged by .estimate, and sliced the top row, matching the required process.",,
28,19,"Most core tidymodels workflows (recipes, models, workflowsets, tuning, and metric extraction) are implemented correctly and follow the intended structure. The main deductions are for small deviations from the specified arguments (e.g., missing strata, non-default bootstrap settings) and not fully matching the requested display steps (e.g., not unnesting info in Q7). Tightening adherence to the exact function arguments and output steps in the rubric will help you reach full credit on future labs.",2,2,3,2,3,2,2,3,,,"You used skimr::skim() on dat, but did not use the pipe operator to pass dat into skim() as required. The conclusion about no missing data is present.","You correctly used set.seed(8740), initial_split, training, and testing, but omitted the required strata = 'Sale_Price' argument in initial_split.","Recipe uses the correct formula, applies log to Sale_Price, pools Neighborhood, creates dummies, and then centers/scales predictors, and you prep and tidy the recipe. This matches the expected process and transformations.","You correctly specified linear_reg and rand_forest with tuning parameters and engines, but did not explicitly set mode = 'regression' for the glmnet model, and you used tune() without the parsnip:: prefix as in the rubric.","You applied parsnip::translate() to each of the three model objects, which matches the expected workflow and will show the engine-specific templates.","You set the seed and created bootstrap resamples from ames_train, but did not use the rsample:: namespace and changed the default parameters (times = 25) instead of leaving defaults as specified.","You correctly built a workflow_set with the base recipe and three models, but did not unnest the info column as required; you only selected and displayed it without using tidyr::unnest().","You updated all_workflows via workflow_map, then unnested result and .metrics, filtered for rmse, grouped by wflow_id, arranged by .estimate, and sliced the top row per group, matching the required process.",,
29,23,"Most exercises follow the intended tidymodels workflow, with correct use of recipes, models, workflowsets, and tuning. The main issues are small deviations from the specified arguments (e.g., missing strata, altered bootstrap defaults) and some inconsistencies in the final model selection/finalization. Tightening adherence to the exact rubric specifications and cleaning up redundant or incorrect chunks (especially in Q10) would bring this to full credit.",2,2,3,2,3,2,2,3,3,1,"You used skimr::skim() on dat, but did not use the pipe operator to pass dat into skim() as required. The conclusion about no missing data is present.","You correctly used set.seed() and rsample::initial_split(), training(), and testing(), but omitted the required strata = 'Sale_Price' argument in initial_split.","Recipe uses the correct formula, applies log to Sale_Price, pools Neighborhood, creates dummies, and then centers/scales predictors, and you prep and tidy the recipe. This matches the expected process and transformations.","You correctly specified linear_reg and rand_forest models with tuning parameters and engines, but did not explicitly set mode = 'regression' for the glmnet model as required by the rubric.","You applied parsnip::translate() to each of the three model objects, which matches the expected workflow and will show the engine-specific templates.","You set the seed and created bootstrap resamples from ames_train, but did not namespace bootstraps() with rsample:: and changed the default parameters (times = 25) instead of using defaults.","You created all_workflows with workflow_set using the recipe and three models, but did not unnest the info column as required; you only selected it without using tidyr::unnest().","You used workflow_map on the workflow set, then unnested result and .metrics, filtered for rmse, grouped by wflow_id, arranged by .estimate, and sliced the top row, matching the required process.","You used workflowsets::rank_results(all_workflows_res, rank_metric = 'rmse', select_best = TRUE) and compared results, which aligns with the rubric’s expectations.","You eventually extract, finalize, and fit a best workflow and compute a test/train MSE ratio, but the earlier finalize_workflow chunk is syntactically incorrect, and you do not use the specified base_forest workflow or the given best parameters; the reported ratio also differs from the expected value."
30,22,"You completed most exercises with generally correct use of tidymodels, recipes, parsnip, rsample, and workflowsets, and your workflows and tuning logic in later questions are solid. Most deductions are for not following the exact specified arguments (e.g., strata in initial_split, default bootstraps, specific workflow IDs) or minor process mismatches. Review the rubric’s required function signatures and object names more closely, and double-check syntax in your finalization step to avoid errors in Q10.",2,2,3,2,3,2,2,3,3,1,"You correctly used skimr::skim() on dat and concluded no missing data, but the rubric expected using the pipe operator (dat |> skimr::skim()) in a single step without extra objects or checks.","You set the seed and used rsample::initial_split(), training(), and testing(), but you omitted the required strata = 'Sale_Price' argument, so the split process is not fully as specified.","Your recipe uses the correct formula, log-transforms Sale_Price, pools Neighborhood, creates dummies, and then centers/scales predictors, and you prep and tidy it; this matches the required steps and order closely enough.","You defined the three models with correct engines and tunable parameters, but you did not explicitly set mode = 'regression' for the first two models as required by the rubric’s process description.","You applied parsnip::translate() to each of the three model objects, which matches the expected workflow and should yield the correct engine-specific templates.","You set the seed and created bootstrap resamples from ames_train, but you did not namespace rsample::bootstraps() and changed the default parameters (times = 25) instead of using the default settings.","You created a workflow_set with the base recipe and three models and inspected wflow_id and info, but you did not unnest(info) as requested, and your model object names differ from those specified in the rubric.","You used workflow_map(), then selected wflow_id and result, unnested result and .metrics, filtered for rmse, grouped by wflow_id, arranged by descending .estimate, and sliced the top row, which matches the required process.","You called workflowsets::rank_results() with all_workflows_res, rank_metric = 'rmse', and select_best = TRUE and compared results, which aligns with the rubric’s expectations.","You attempted to extract and finalize a best workflow and compare train/test performance, but the Q10b code is syntactically incorrect (finalize_workflow line) and you did not follow the specified base_forest workflow and fixed parameter values from the rubric."
31,21,"You completed most of the required steps and demonstrated a solid grasp of recipes, parsnip models, workflowsets, and tuning. The main deductions are for missing or altered arguments (e.g., strata in initial_split, explicit modes, default bootstrap settings), incomplete inspection of workflow structures, and deviations from the specified best-model workflow in Exercise 10. Review the rubric’s exact function signatures and required parameters to better align your code with the expected workflows in future labs.",2,2,3,2,3,2,2,3,3,1,"You correctly used skimr::skim() on dat and stated there is no missing data, but the rubric expected using the pipe operator (dat |> skimr::skim()) in a single step without reassigning dat or adding extra checks.","You set the seed and used rsample::initial_split(), training(), and testing() with a 0.75 prop, but you omitted the required strata = 'Sale_Price' argument in initial_split.","Your recipe uses the correct formula, log-transforms Sale_Price, pools Neighborhood, creates dummies, and then centers/scales predictors; you also prep and examine with broom::tidy(), matching the expected process and transformations.","You defined the three models with appropriate engines and tunable parameters, but you did not explicitly set_mode('regression') for the lm and glmnet models as required by the rubric’s expected workflow.","You correctly called parsnip::translate() on each of the three model objects, which matches the expected process and would show the appropriate templates.","You set the seed and created bootstrap resamples from ames_train, but you did not namespace bootstraps() with rsample:: and you changed the default resampling parameters (times = 25) instead of using the defaults as specified.","You created a workflow_set with the base recipe and three models and inspected wflow_id and info, but you did not unnest(info) as required to fully examine the workflow structure, and model object names differ from those specified in the rubric.","You used workflow_map() on the workflow set, then unnested result and .metrics, filtered for rmse, grouped by wflow_id, arranged by .estimate, and sliced the top row per group, matching the required workflow even though you stored results in all_workflows_res.","You called workflowsets::rank_results() with all_workflows_res, rank_metric = 'rmse', and select_best = TRUE and compared results, which aligns with the expected usage and output comparison.","You eventually extract, finalize, and fit a best workflow and compute a test/train MSE ratio, but the earlier Q10a/Q10b code is incorrect (bad finalize_workflow call), the selected workflow ID and parameters do not match the specified base_forest with trees = 1 and min_n = 11, and the reported ratio differs from the expected value."
32,19,"You demonstrated a solid grasp of tidymodels workflows, recipes, and workflowsets, and most core steps are present and correctly structured. The main deductions are for small but important deviations from the specified process (e.g., missing strata in the split, not unnested info, and minor mode/parameter details). Review the rubric instructions closely in future labs to align your code more tightly with the expected workflow and arguments.",2,2,3,2,3,2,2,3,,,"You correctly used skimr::skim() on dat and stated there is no missing data, but the rubric expected using the pipe operator (dat |> skimr::skim()) in a single step without extra objects or checks.","You set the seed and used rsample::initial_split(), training(), and testing() with the correct prop, but you omitted the required strata = 'Sale_Price' argument in initial_split.","Your recipe uses the correct formula, log-transforms Sale_Price, pools Neighborhood, creates dummies, and then centers/scales predictors, and you prep and examine it with broom::tidy(); this matches the expected process and transformations.","You defined the three models with the right parsnip functions and engines and tuned parameters, but you did not explicitly set mode = 'regression' for the glmnet model, which is required by the rubric.","You correctly called parsnip::translate() on each of the three model objects, which is exactly what was required for examining the model templates.","You set the seed and created bootstrap resamples from ames_train, but you did not namespace rsample::bootstraps() and you changed the default resampling parameters (times = 25) instead of using the defaults as specified.","You created all_workflows with workflow_set() using the recipe and three models correctly, but you did not unnest the info column as required; you only selected it without using tidyr::unnest().","You used workflow_map() on the workflow set, then unnested result and .metrics, filtered for rmse, grouped by wflow_id, arranged by .estimate, and sliced the top row per group, matching the expected workflow even though you stored results in a separate object.",,
33,21,"You demonstrated a solid grasp of tidymodels workflows, recipes, and workflowsets, and most exercises include the right functions and general structure. The main issues are small deviations from the specified arguments (e.g., missing strata, defaults), incomplete inspection steps (unnesting info), and some inconsistencies and errors in the final model selection and finalization. Tightening alignment with the exact rubric steps and cleaning up syntax in the last exercise will strengthen future submissions.",2,2,3,2,3,2,2,2,3,1,"You correctly used skimr::skim() on dat and concluded no missing data, but the rubric expected using the pipe operator (dat |> skimr::skim()) in a single step without extra objects or checks.","You set the seed and used rsample::initial_split(), training(), and testing(), but you omitted the required strata = 'Sale_Price' argument in initial_split, so the process is slightly off the rubric.","Your recipe uses the correct formula, log-transforms Sale_Price, pools Neighborhood, creates dummies, and then centers/scales predictors, and you prep and examine it with broom::tidy(); this matches the required steps and order closely enough.","You defined the three models with appropriate engines and tuning parameters, but you did not explicitly set_mode('regression') for the first two models, which is part of the expected parsnip workflow.","You correctly called parsnip::translate() on each of the three model objects, which matches the required process and would show the appropriate templates.","You set the seed and created bootstrap resamples of ames_train, but you did not namespace rsample::bootstraps() and changed the default parameters (times = 25) instead of using the default settings as specified.","You built a workflow_set with the base recipe and three models and inspected wflow_id and info, but you did not unnest(info) as required to fully examine the workflow structure.","You correctly updated all_workflows via workflow_map, then unnested result and .metrics, filtered for rmse, grouped by wflow_id, arranged by .estimate, and sliced the top row; however, you created a separate all_workflows_res object instead of updating all_workflows as in the prompt.","You used workflowsets::rank_results(all_workflows_res, rank_metric = 'rmse', select_best = TRUE) and compared results, which aligns with the expected function usage and process.","You attempted to extract and finalize the best workflow and compare train/test performance, but there are syntax errors (finalize_workflow line), inconsistent workflow IDs, and no clear use of the specified best parameters (trees = 1, min_n = 11), so the process is only partially correct."
34,19,"You completed most exercises with generally correct use of tidymodels, recipes, parsnip, rsample, and workflowsets, and your code shows a solid understanding of the modeling workflow. Most deductions are for not following the exact specified arguments (e.g., strata in initial_split), object names, or processes (e.g., using different resampling objects and ids, not fully unnested info, and issues in finalizing the best model). Review the provided templates and rubric more closely next time to align your code and workflow with the expected steps and parameter settings.",2,2,3,2,3,2,2,2,2,1,"You correctly used skimr::skim() on dat and concluded no missing data, but you did not use the pipe operator to pass dat into skim() as specified, and you redefined dat instead of using the provided object.","You set the seed and used rsample::initial_split(), training(), and testing() with prop = 0.75, but you omitted the required strata = 'Sale_Price' argument in initial_split.","Your recipe uses the correct formula, log-transforms Sale_Price, pools Neighborhood, creates dummies, centers and scales predictors, and you prep and examine it with broom::tidy(); the process and transformations match the requirements.","You correctly specified linear_reg and rand_forest models with appropriate engines and tunable parameters, but you did not explicitly set mode = 'regression' for the glmnet model and did not use parsnip::tune() namespace, which slightly diverges from the expected pattern.","You applied parsnip::translate() to each of the three model objects as required, which would display the underlying engine-specific templates.","You set the seed and created bootstrap resamples from ames_train using bootstraps(), but you did not use the rsample:: prefix and changed the default parameters (times = 25) instead of relying on defaults as specified.","You correctly built a workflow_set with the base recipe and three models and inspected the wflow_id and info columns, but you did not unnest the info column as requested, and your model object names differ from those defined earlier in the lab.","You demonstrated the correct unnest → filter rmse → group_by → arrange(desc(.estimate)) → slice(1) workflow on a workflow_set, but you created a new all_workflows_res object and CV folds instead of using the provided all_workflows and train_resamples, and your code diverges from the exact sequence requested in the template.","You used workflowsets::rank_results() with rank_metric = 'rmse' and select_best = TRUE on all_workflows_res and compared results, but the rubric expects this to be run on all_workflows, and your code adds extra complexity beyond the simple comparison requested.","You attempted to extract a best workflow, finalize it, and compare train/test performance, but the extract_workflow() call uses a non-matching id, the finalize_workflow() call is syntactically incorrect in Q10b, and the specified best parameters and expected MSE ratio do not align with the rubric’s target process."
35,20,"You demonstrated a solid grasp of tidymodels workflows, recipes, and workflowsets, and most exercises follow the intended structure. The main issues are small deviations from the specified arguments (e.g., missing strata, default parameters) and some inconsistencies in the final model selection and finalization steps. Tightening adherence to the exact rubric specifications and cleaning up the Q10 workflow/finalization code would bring this to full credit.",2,2,3,2,3,2,2,3,3,1,"You correctly used skimr::skim() on dat and concluded no missing data, but the rubric expected using the pipe operator (dat |> skimr::skim()) in a single step without extra objects or checks.","You set the seed and used rsample::initial_split(), training(), and testing() with the correct prop, but you omitted the required strata = 'Sale_Price' argument in initial_split.","Your recipe uses the correct formula, log-transforms Sale_Price, pools Neighborhood, creates dummies, centers and scales predictors, and you prep and tidy it; the order is acceptable and matches the required transformations.","You defined the three models with appropriate engines and tuning parameters, but you did not explicitly set mode = 'regression' for the first two models as expected by the rubric.","You correctly called parsnip::translate() on each of the three model objects, which matches the required workflow and output structure.","You set the seed and created a bootstrap object from ames_train, but you did not namespace bootstraps() with rsample:: and you changed the default parameters (times = 25) instead of using the defaults as specified.","You built a workflow_set with the base recipe and three models correctly, but you only selected the info column instead of unnesting it with tidyr::unnest(info) as required to examine the workflow structure.","You used workflow_map on the workflow set, then unnested result and .metrics, filtered for rmse, grouped by wflow_id, arranged by .estimate, and sliced the top row per group, matching the expected process and output.","You used workflowsets::rank_results(all_workflows_res, rank_metric = 'rmse', select_best = TRUE) and compared results, which aligns with the required function usage and interpretation.","You attempted to extract, finalize, and fit the best workflow, but extract_workflow() used a non-matching id, finalize_workflow() is syntactically incorrect in Q10b, and you did not report the expected MSE ratio; the long Q10c block shows the right general process but diverges from the specified best parameters and target ratio."
36,19,"You demonstrated a solid grasp of tidymodels workflows, recipes, and workflowsets, and most core steps are present and logically structured. Points were mainly lost for small deviations from the specified process (e.g., missing strata in the split, not unnested info in Q7, and minor namespace/parameter differences). Review the rubric details and align your code more closely with the requested arguments and function usage to capture full credit in future labs.",2,2,3,2,3,2,2,3,,,"You correctly used skimr::skim() on dat and concluded no missing data, but the rubric expected using the pipe operator (dat |> skimr::skim()) in a single step without extra objects or checks.","You set the seed and used rsample::initial_split(), training(), and testing(), but you omitted strata = 'Sale_Price', so the split does not follow the specified stratified process.","Your recipe uses the correct formula, log-transforms Sale_Price, pools Neighborhood, creates dummies, and then centers/scales predictors, and you prep and examine it with broom::tidy(); this matches the required process and transformations.","You defined the three models with appropriate engines and tuning parameters, but you did not explicitly set mode = 'regression' for the glmnet model, which is required by the rubric’s expected process.","You applied parsnip::translate() to each of the three model objects, which is exactly what was required to inspect the engine-specific templates.","You correctly called bootstraps() on ames_train and created a resampling object, but you did not use the rsample:: namespace and changed the default parameters (times = 25) instead of using the default settings as specified.","You created all_workflows with workflow_set() using the recipe and three models, but you only selected the info column instead of unnesting it with tidyr::unnest(info) as required to examine the workflow structure.","You mapped workflow_map() over the workflow set, then unnested result and .metrics, filtered for rmse, grouped by wflow_id, arranged by .estimate, and sliced the top row per group, matching the required workflow and output structure.",,
37,21,"You demonstrated a solid grasp of tidymodels workflows, recipes, and workflowsets, and most exercises follow the intended structure. The main issues are small deviations from the specified arguments (e.g., missing strata, default bootstrap settings) and not strictly following the exact workflow/ids and parameters requested in the rubric for the later model selection steps. Tightening alignment with the provided specifications and simplifying Q10 to match the given best model and parameters would improve your score further.",2,2,3,2,3,2,2,3,3,1,"You correctly used skimr::skim() on dat and concluded no missing data, but the rubric expected using the pipe operator (dat |> skimr::skim()) in a single step without extra objects or checks.","You set the seed and used rsample::initial_split(), training(), and testing() with the correct prop, but you omitted the required strata = 'Sale_Price' argument in initial_split.","Your recipe uses the correct formula, log-transforms Sale_Price, pools Neighborhood, creates dummies, and then centers/scales predictors, and you prep and inspect with broom::tidy(); this matches the expected process and transformations.","You defined the three models with appropriate engines and tuning parameters, but you did not explicitly set mode = 'regression' for the first two models as required by the rubric’s process description.","You correctly called parsnip::translate() on each of the three model objects, which matches the expected workflow and outputs.","You set the seed and created bootstrap resamples from ames_train, but you did not namespace rsample::bootstraps() and changed the default parameters (times = 25) instead of using the default settings as specified.","You built a workflow_set with the base recipe and three models correctly, but you only selected the info column instead of unnesting it with tidyr::unnest(info) as required to examine the workflow structure.","You used workflow_map() on the workflow set and then selected wflow_id and result, unnested result and .metrics, filtered for rmse, grouped by wflow_id, arranged by .estimate, and sliced the top row, which matches the required process even though you stored results in all_workflows_res.","You called workflowsets::rank_results() with all_workflows_res, rank_metric = 'rmse', and select_best = TRUE and compared/used the output, which aligns with the rubric’s expectations.","You attempted to extract, finalize, and fit a best workflow, but the extract_workflow() call uses a nonstandard id, the finalize_workflow() code is syntactically incorrect in Q10b, and you did not use the specified base_forest workflow or the given best parameters; the extended Q10c process is more general than required and does not match the rubric’s specific expectations."
38,19,"You completed most exercises with generally correct use of tidymodels, recipes, parsnip, workflowsets, and rsample, and your preprocessing and model specification are largely on target. The main issues are small but important deviations from the specified processes (e.g., missing strata in the split, not unnested info, using different objects than requested, and a broken finalize_workflow step). Focusing on matching the exact workflow and arguments in the rubric, and cleaning up redundant or conflicting code, will strengthen future submissions.",2,2,3,2,3,2,2,2,2,1,"You correctly used skimr::skim on dat and stated there is no missing data, but you did not use the pipe operator (dat |> skimr::skim()) as specified and created an extra dat assignment, so the process does not fully match the rubric.","You set the seed and used initial_split, training, and testing with a 0.75 prop, but you omitted the required strata = 'Sale_Price' argument, so the split process is not fully correct.","Your recipe uses the correct formula, log-transforms Sale_Price, pools Neighborhood, creates dummies, and then centers/scales predictors, and you prep and examine it with broom::tidy; this matches the expected transformations and workflow.","You defined the three models with appropriate engines and tuning parameters, but you did not explicitly set mode = 'regression' for the first two models and used tune() without the parsnip:: prefix, which slightly departs from the expected parsnip workflow.","You correctly called parsnip::translate() on each of the three model objects, which matches the required process and would show the appropriate templates.","You set the seed and created a bootstrap object from ames_train, but you did not namespace bootstraps with rsample:: and changed the default resample count (times = 25), so the process is slightly off the rubric specification.","You correctly built a workflow_set with the base recipe and three models, but you only selected the info column instead of unnesting it with tidyr::unnest(info), so the examination of the workflow structure is incomplete.","You ultimately created a workflow_set, tuned with workflow_map, and then unnested result and .metrics, filtered for rmse, grouped, arranged, and sliced, but you used a new object all_workflows_res instead of updating all_workflows as specified and added extra, unnecessary setup code.","You used workflowsets::rank_results with rank_metric = 'rmse' and select_best = TRUE and compared results, but you applied it to all_workflows_res rather than all_workflows as in the rubric, and added extra comparison code beyond what was requested.","You attempted to extract and finalize a best workflow and then fit on train and test data, but the extract_workflow call uses a non-matching id ('base_ranger'), the finalize_workflow code is syntactically incorrect in Q10b, and the final workflow in Q10c is rebuilt from scratch rather than using the specified base_forest workflow and given best parameters."
39,19,"You completed all exercises and generally followed the tidymodels workflow, including recipes, models, workflowsets, tuning, and evaluation. Most steps are structurally correct, but there are several deviations from the specified arguments (e.g., strata in splits, default bootstrap settings, workflow IDs) and some incomplete or incorrect pieces in the final model selection and finalization. Review the rubric’s exact function arguments and object names, and pay special attention to correctly extracting and finalizing the best workflow in Exercise 10.",2,2,3,2,3,2,2,2,2,1,"You correctly used skimr::skim() on dat and concluded no missing data, but the rubric expected using the pipe operator (dat |> skimr::skim()) in a single step without extra objects or checks.","You set the seed and used rsample::initial_split(), training(), and testing(), but you omitted the required strata = 'Sale_Price' argument in initial_split, so the split process is not fully as specified.","Your recipe uses the correct formula, log-transforms Sale_Price, pools Neighborhood, creates dummies, and then centers/scales predictors, and you prep and examine it with broom::tidy(); this matches the required process and transformations.","You defined the three models with linear_reg(), rand_forest(), set_engine(), and tuned parameters, but you did not explicitly set mode = 'regression' for the first two models as in the rubric, and you used tune() without the parsnip:: prefix.","You correctly called parsnip::translate() on each of the three model objects, which matches the expected workflow and should yield the appropriate engine-specific templates.","You set the seed and created a bootstrap object from ames_train, but you did not namespace bootstraps() with rsample:: and you changed the default resample count by specifying times = 25 instead of using the default.","You built a workflow_set with the base recipe and three models and inspected wflow_id and info, but you did not unnest the info column as required to show the full workflow structure, and model names differ slightly from the rubric (lm/glmnet/ranger vs base/glmnet/forest).","You used workflow_map(), unnested result and .metrics, filtered for rmse, grouped by wflow_id, arranged by .estimate, and sliced the top row, but you created a new all_workflows_res object instead of updating all_workflows as specified and added extra CV/tuning steps beyond the requested pipeline.","You called rank_results() with rank_metric = 'rmse' and select_best = TRUE and compared results, but you applied it to all_workflows_res rather than all_workflows as in the rubric and added extra comparison code not required.","You attempted to extract a ranger workflow and finalize and fit it, but extract_workflow('base_ranger') does not match your workflow IDs, the finalize_workflow call is syntactically incorrect in Q10b, and the specified best parameters and reported MSE ratio do not follow the rubric’s expected base_forest workflow and parameter values."
40,22,"You completed most of the required steps and demonstrated a solid understanding of recipes, models, workflowsets, and tuning. The main issues are small deviations from the specified arguments (e.g., strata in splits, explicit modes, default bootstrap settings) and some inconsistencies and errors in the final model selection and finalization. Tightening alignment with the provided workflow (especially in Exercises 2, 6, 7, and 10) will help ensure full credit in future labs.",2,2,3,2,3,2,2,3,3,1,"You correctly used skimr::skim() on dat and concluded no missing data, but the rubric expected using the pipe operator (dat |> skimr::skim()) in a single step without extra objects or checks.","You used set.seed() and rsample::initial_split()/training()/testing() with a 0.75 prop, but you omitted the required strata = 'Sale_Price' argument in initial_split.","Your recipe uses the correct formula, log-transforms Sale_Price, pools Neighborhood, creates dummies, centers and scales predictors, and you prep and tidy it; this matches the required steps and order closely enough.","You defined the three models with appropriate engines and tuning parameters, but you did not explicitly set mode = 'regression' for the first two models as required by the rubric.","You correctly called parsnip::translate() on each of the three model objects, which matches the expected workflow and output structure.","You set the seed and created bootstrap resamples from ames_train, but you did not namespace rsample::bootstraps() and you overrode the default resample count by specifying times = 25.","You created a workflow_set with the base recipe and three models, but you did not unnest the info column as requested; you only selected it without using tidyr::unnest().","You updated a workflow set with workflow_map(), then unnested result and .metrics, filtered for rmse, grouped by wflow_id, arranged by .estimate, and sliced the top row per group, matching the required process.","You used workflowsets::rank_results() with all_workflows_res, rank_metric = 'rmse', and select_best = TRUE, and compared these rankings to your Exercise 8 results in code.","You attempted to extract, finalize, and fit the best workflow, but the extract_workflow() call uses a non-matching id, the finalize_workflow() code is syntactically incorrect in Q10b, and the specified best parameters and reported MSE ratio do not align with the expected base_forest example."
41,21,"You completed all exercises and demonstrated a solid grasp of tidymodels workflows, recipes, and workflowsets. Most core steps are present and conceptually correct, but several answers diverge from the exact processes and arguments specified in the rubric (e.g., missing strata, different workflow objects, and some code structure issues in Q7–Q10). Tightening alignment with the provided patterns and cleaning up inconsistent or redundant code would bring this to full credit.",2,2,3,2,3,2,2,2,2,1,"You correctly used skimr::skim() on dat and stated there is no missing data, but the rubric expected using the pipe operator (dat |> skimr::skim()) in a single step without extra objects or checks.","You set the seed, used rsample::initial_split(), and created ames_train and ames_test with a 75% split, but you omitted the required strata = 'Sale_Price' argument.","Your recipe uses the correct formula, log-transforms Sale_Price, pools Neighborhood, creates dummies, centers and scales predictors, and you prep and examine it with broom::tidy(), matching the expected process and transformations.","You defined the three models with appropriate engines and tuning parameters, but you did not explicitly set the mode for the first two models and did not use parsnip::tune() with namespace, which slightly diverges from the specified workflow.","You correctly called parsnip::translate() on each of the three model objects, which matches the required process and would show the appropriate engine-specific templates.","You set the seed and created a bootstrap object from ames_train, but you did not namespace bootstraps() with rsample:: and you overrode the default resample count by specifying times = 25.","You created a workflow_set with the base recipe and three models, but the model object names differ from earlier (glmnet_mod/ranger_mod vs lm_mod_glmnet/lm_mod_rforest), and you only selected the info column instead of unnesting it as required.","You used workflow_map(), unnested result and .metrics, filtered for rmse, grouped by wflow_id, arranged by .estimate, and sliced the top row, but you created a new all_workflows_res object and changed resampling/grid settings instead of updating all_workflows as specified.","You called workflowsets::rank_results() with rank_metric = 'rmse' and select_best = TRUE and compared results, but you applied it to all_workflows_res rather than all_workflows as in the rubric, and added extra, unnecessary complexity.","You eventually extracted a best workflow, finalized it with best_params, and fit on training and test data, but earlier code chunks contain errors (misplaced tibble call, undefined best_params) and you did not use the specified base_forest workflow or the given best parameters (trees = 1, min_n = 11)."
42,19,"You completed all exercises and demonstrated a solid grasp of recipes, parsnip models, workflowsets, and tuning. Most core steps are present and generally correct, but there are several deviations from the specified processes (e.g., missing strata in the split, not unnested info, altered bootstrap defaults, and some messy/incorrect code in Exercise 10). Tightening alignment with the instructions and cleaning up redundant or inconsistent code would improve both clarity and rubric alignment.",2,2,3,2,3,2,2,2,3,1,"You correctly used skimr::skim() on dat and stated there is no missing data, but the rubric expected using the pipe operator (dat |> skimr::skim()) in a single step without extra objects or checks.","You set the seed, used initial_split, and created ames_train and ames_test with a 75% split, but you omitted the required strata = 'Sale_Price' argument in initial_split.","Your recipe uses the correct formula, log-transforms Sale_Price, pools Neighborhood, creates dummies, and then centers/scales predictors; you prep and examine with broom::tidy(norm_recipe), matching the expected process and transformations.","You defined the three models with appropriate engines and tuning parameters, but you did not explicitly set_mode('regression') for the lm and glmnet models as expected in the rubric/solution.","You correctly called parsnip::translate() on each of the three model objects, which matches the required workflow and should yield the appropriate engine-specific templates.","You set the seed and created a bootstrap object from ames_train, but you did not namespace bootstraps with rsample:: and you changed the defaults (times = 25) instead of using the default parameters as specified.","You correctly built a workflow_set with the base recipe and three models and inspected wflow_id and info, but you did not unnest(info) as required to fully examine the workflow structure.","You used workflow_map, unnested result and .metrics, filtered for rmse, grouped by wflow_id, arranged by .estimate, and sliced the top row, but you created a separate all_workflows_res object instead of updating all_workflows as in the prompt.","You used workflowsets::rank_results with all_workflows_res, rank_metric = 'rmse', and select_best = TRUE and compared results, which aligns with the expected function usage and interpretation.","You eventually extract, finalize, and fit a best workflow and report a test/train MSE ratio, but earlier code chunks contain errors (misplaced tibble in finalize_workflow, inconsistent workflow IDs) and do not follow the simpler expected process of extracting 'base_forest' with specified trees and min_n."
43,19,"You implemented most of the required tidymodels workflow correctly, including recipes, model specifications, workflow sets, tuning, and metric extraction. Most deductions are for small deviations from the specified arguments (e.g., missing strata, not using pipes or defaults exactly, or not fully unnested output). Review the rubric details to align your code structure and arguments more closely with the expected workflow in future labs.",2,2,3,2,3,2,2,3,,,"You correctly used skimr::skim() on dat and stated there is no missing data, but the rubric required using the pipe operator (dat |> skimr::skim()) in a single step without extra objects or checks.","You set the seed and used rsample::initial_split(), training(), and testing() with prop = 0.75, but you omitted the required strata = 'Sale_Price' argument in initial_split.","Your recipe uses the correct formula, log-transforms Sale_Price, pools Neighborhood, creates dummies, centers and scales predictors, and you prep and tidy the recipe; this matches the expected process and transformations.","You defined the three models with appropriate engines and tuning parameters, but you did not explicitly set mode = 'regression' for the first two models as required by the rubric’s process description.","You correctly called parsnip::translate() on each of the three model objects, which matches the expected workflow and output structure.","You set the seed and created bootstrap resamples on ames_train, but you did not namespace bootstraps() with rsample:: and you changed the default parameters (times = 25) instead of using the default settings.","You created a workflow_set with the base recipe and three models, but you did not unnest the info column as required; instead you only selected wflow_id and info without using tidyr::unnest().","You used workflow_map(), then selected wflow_id and result, unnested result and .metrics, filtered for rmse, grouped by wflow_id, arranged by .estimate, and sliced the top row, which matches the required process even though you stored results in all_workflows_res.",,
44,21,"You completed all exercises and demonstrated a solid understanding of recipes, parsnip models, workflowsets, and tuning. Most core steps are present and correctly structured, with minor deviations from the exact rubric specifications (e.g., missing strata in the split, not fully unnesting info, and some inconsistencies in best-model extraction/finalization). Tightening up adherence to the specified arguments and simplifying redundant or conflicting code chunks would make your submission fully aligned with the lab instructions.",2,2,3,2,3,2,2,3,3,2,"You correctly used skimr::skim() on dat and stated there is no missing data, but the rubric expected using the pipe operator (dat |> skimr::skim()) in a single step without extra objects or checks.","You set the seed and used rsample::initial_split(), training(), and testing() with prop = 0.75, but you omitted the required strata = 'Sale_Price' argument, so the split process is not fully as specified.","Your recipe uses the correct formula, log-transforms Sale_Price, pools Neighborhood, creates dummies, and then centers/scales predictors; you prep and examine with broom::tidy(), matching the required steps and order closely enough.","You defined the three models with appropriate engines and tuning parameters, but you did not explicitly set mode = 'regression' for the glmnet model and did not use parsnip::tune() with namespace, which slightly departs from the expected parsnip workflow.","You correctly called parsnip::translate() on each of the three model objects, which matches the required process and would show the appropriate engine-specific templates.","You set the seed and created bootstrap resamples from ames_train, but you did not namespace bootstraps() with rsample:: and you changed the defaults (times = 25 and extra printing), so the process is slightly off the rubric specification.","You built a workflow_set with the base recipe and three models and inspected wflow_id and info, but you did not unnest(info) as required to fully examine the workflow structure, and your model object names differ from those specified in the rubric.","You used workflow_map() on the workflow set, then unnested result and .metrics, filtered for rmse, grouped by wflow_id, arranged by .estimate, and sliced the top row per group, which matches the required workflow even though you stored results in all_workflows_res.","You used workflowsets::rank_results(all_workflows_res, rank_metric = 'rmse', select_best = TRUE) and compared these rankings to your earlier tuning results, which aligns with the expected process and output.","You ultimately extracted the best workflow, finalized it with best_params, fit on train and test, and computed an MSE ratio, but earlier code chunks contain an incorrect extract_workflow() call ('base_ranger') and a malformed finalize_workflow() call, and your chosen best parameters differ from the provided solution."
45,19,"You demonstrated a solid grasp of tidymodels workflows, recipes, and workflowsets, and most core steps are present and correctly structured. Points were mainly lost for small but important deviations from the specified process (e.g., missing strata in the split, not unnested info, minor mode/namespace issues). Review the rubric details and align your code more closely with the requested functions and arguments to secure full credit in future labs.",2,2,3,2,3,2,2,3,,,"You correctly used skimr::skim() on dat and stated no missing data, but the rubric expected using the pipe operator (dat |> skimr::skim()) in a single step without extra objects or checks.","You used set.seed() and rsample::initial_split() with training/testing extraction, but you omitted strata = 'Sale_Price', which was required for full credit.","Your recipe uses the correct formula, log-transforms Sale_Price, pools Neighborhood, creates dummies, centers and scales predictors, and you prep and examine it with broom::tidy(); this matches the required process and transformations.","You defined the three models with appropriate engines and tuning parameters, but you did not explicitly set mode = 'regression' for the first two models as required by the rubric.","You correctly called parsnip::translate() on each of the three model objects, which is exactly what was required.","You set the seed and created bootstrap resamples on ames_train, but you did not namespace rsample::bootstraps() and changed defaults (times = 25) instead of using the default parameters specified.","You correctly built a workflow_set with the recipe and three models, but you did not unnest the info column as requested; you only selected it without using tidyr::unnest().","You used workflow_map(), then selected wflow_id and result, unnested result and .metrics, filtered for rmse, grouped, arranged by .estimate, and sliced the top row per workflow, matching the expected workflow and output structure.",,
46,18,"You completed all exercises with generally correct use of tidymodels, recipes, parsnip, rsample, and workflowsets, and your code shows a solid understanding of the modeling workflow. Most deductions are for small deviations from the specified arguments (e.g., missing strata, not updating the same object) or not exactly following the requested process (e.g., not unnesting info in Q7). Tightening alignment with the rubric instructions and simplifying to the minimal required steps would bring this to full credit.",2,2,3,2,3,2,2,2,,,"You correctly used skimr::skim() on dat and stated there is no missing data, but the rubric required using the pipe operator (dat |> skimr::skim()) in a single step without extra objects or checks.","You set the seed, used initial_split, training(), and testing(), and created ames_train/ames_test with a 0.75 prop, but you omitted the required strata = 'Sale_Price' argument in initial_split.","Your recipe uses the correct formula, log-transforms Sale_Price, pools Neighborhood, creates dummies, centers and scales predictors, and you prep and tidy the recipe; this matches the expected steps and order closely enough.","You correctly specified linear_reg and rand_forest models with appropriate tunable parameters and engines, but you did not set mode = 'regression' for the glmnet model, and you used bare tune() instead of parsnip::tune(), which is less explicit than requested.","You applied parsnip::translate() to each of the three model objects, which matches the required workflow and will display the engine-specific templates.","You set the seed and created a bootstrap object from ames_train, but you did not namespace rsample::bootstraps() as specified and added extra arguments and printing beyond the minimal expected process.","You built a workflow_set with one recipe and three models and then selected wflow_id and info, but you did not unnest(info) as required to inspect the workflow structure, and your model object names differ from those specified in the rubric.","You correctly used workflow_map, unnested result and .metrics, filtered for rmse, grouped by wflow_id, arranged by .estimate, and sliced the top row, but you created a separate all_workflows_res object instead of updating all_workflows as instructed and added substantial extra code beyond the requested pipeline.",,
47,20,"You completed most exercises with generally correct use of tidymodels, recipes, parsnip, rsample, and workflowsets, and your code shows a good grasp of the overall workflow. Most deductions are for not following the rubric’s exact arguments (e.g., strata, defaults) or required steps (unnesting info, updating all_workflows, and finalizing the specified best model). Review the solution template and rubric to align your process more closely with the expected functions, arguments, and workflow IDs, especially in the later tuning and finalization steps.",2,2,3,2,3,2,2,2,3,1,"You correctly used skimr::skim() on dat and stated there is no missing data, but the rubric expected using the pipe operator (dat |> skimr::skim()) in a single step without extra objects or checks.","You set the seed, used rsample::initial_split(), and created ames_train and ames_test with a 75% split, but you omitted the required strata = 'Sale_Price' argument.","Your recipe uses the correct formula, log-transforms Sale_Price, pools Neighborhood, creates dummies, centers and scales predictors, and you prep and examine it with broom::tidy(); this matches the expected process and transformations.","You defined the three models with appropriate engines and tuning parameters, but you did not explicitly set mode = 'regression' for the first two models as required by the rubric’s process description.","You correctly called parsnip::translate() on each of the three model objects, which is exactly what was required.","You set the seed and created a bootstrap object from ames_train, but you did not namespace bootstraps() with rsample:: and changed defaults (times = 25) instead of using the default parameters specified in the rubric.","You created a workflow_set with the base recipe and three models, but you did not unnest the info column (you only selected it), so the structure of the workflows is not fully examined as required.","You correctly used workflow_map(), then unnested result and .metrics, filtered for rmse, grouped by wflow_id, arranged by .estimate, and sliced the top row; however, you created a separate all_workflows_res object instead of updating all_workflows as specified.","You used workflowsets::rank_results() with all_workflows_res, rank_metric = 'rmse', and select_best = TRUE and compared results, which aligns with the rubric’s expectations.","You attempted to extract and finalize the best workflow and compare train/test performance, but there are syntax errors (finalize_workflow line), inconsistent workflow IDs, and no explicit use of the specified best parameters (trees = 1, min_n = 11), so the process does not clearly match the required workflow."
48,18,"You demonstrated a solid grasp of tidymodels workflows, recipes, and model tuning, and most required functions and steps are present. The main deductions are for small deviations from the specified process (e.g., missing strata in the split, not updating the same workflow object, and not fully matching the requested unnesting/selection). Tightening alignment with the exact workflows and argument specifications in the rubric will help you reach full credit on future labs.",2,2,3,2,3,2,2,2,,,"You correctly used skimr::skim on dat and stated there is no missing data, but the rubric expected using the pipe operator (dat |> skimr::skim()) in a single step without extra objects or checks.","You used set.seed and rsample::initial_split/training/testing with prop = 0.75, but you omitted the required strata = 'Sale_Price' argument in initial_split.","Your recipe uses the correct formula, applies log to Sale_Price, pools Neighborhood, creates dummies, centers and scales predictors, and you prep and tidy the recipe; this matches the expected process and transformations.","You correctly specified linear_reg and rand_forest models with tuning parameters and engines, but you did not set mode = 'regression' for the glmnet model and used tune() without the parsnip:: prefix, which is less explicit than requested.","You applied parsnip::translate() to each of the three model objects, which is exactly what was required to inspect the underlying templates.","You set the seed and created bootstrap resamples from ames_train, but you did not use the fully qualified rsample::bootstraps() and changed the default parameters (times = 25) instead of leaving defaults as specified.","You created a workflow_set with the base recipe and three models, but the model object names differ from earlier (glmnet_mod/ranger_mod vs lm_mod_glmnet/lm_mod_rforest) and you did not unnest the info column as required, only selected it.","You correctly used workflow_map, then unnested result and .metrics, filtered for rmse, grouped by wflow_id, arranged by .estimate, and sliced the top row; however, you created a new all_workflows_res object instead of updating all_workflows as in the instructions.",,
49,18,"You completed most exercises with generally correct use of tidymodels, recipes, parsnip, rsample, and workflowsets. The main deductions are for small but important deviations from the specified process (missing strata in the split, not unnested info in Q7, not updating all_workflows in Q8, and some namespace/default issues). Review the solution template to align more closely with the expected workflows and argument choices in future labs.",2,2,3,2,3,2,2,2,,,"You correctly used skimr::skim() on dat and stated there is no missing data, but the rubric expected using the pipe operator (dat |> skimr::skim()) in a single step without extra objects or checks.","You set the seed, used initial_split(), training(), and testing(), and created ames_train/ames_test with a 0.75 prop, but you omitted the required strata = 'Sale_Price' argument.","Your recipe uses the correct formula, log-transforms Sale_Price, pools Neighborhood, creates dummies, centers and scales predictors, and you prep and tidy it; this matches the expected process and transformations.","You defined the three models with appropriate engines and tuning parameters, but you did not explicitly set_mode('regression') for the first two models as expected in the rubric/solution.","You correctly called parsnip::translate() on each of the three model objects, which matches the required workflow and outputs.","You set the seed and created a bootstrap object from ames_train, but you did not namespace rsample::bootstraps() and changed defaults (times = 25) instead of using the default parameters as specified.","You built a workflow_set with one recipe and three models and inspected wflow_id/info, but you did not unnest(info) as required to show the full workflow structure, and model object names differ from those specified in the template.","You used workflow_map(), then selected, unnested result and .metrics, filtered for rmse, grouped by wflow_id, arranged by .estimate, and sliced the top row; however, you created a separate all_workflows_res object instead of updating all_workflows as instructed.",,
50,21,"You completed all exercises and demonstrated a solid grasp of tidymodels workflows, recipes, and workflowsets, with especially strong work on the recipe and model tuning/metrics steps. Most deductions were for small deviations from the specified arguments (e.g., missing strata, not unnested info, or incorrect IDs/parameters in the final model). Review the rubric’s exact function signatures and workflow IDs/parameters to tighten alignment with the expected process in future labs.",2,2,3,2,3,2,2,3,3,1,"You correctly used skimr::skim() on dat and stated there is no missing data, but the rubric expected using the pipe operator (dat |> skimr::skim()) in a single step without extra objects or checks.","You set the seed, used rsample::initial_split(), and created ames_train and ames_test with a 75% split, but you omitted the required strata = 'Sale_Price' argument.","Your recipe uses the correct formula, log-transforms Sale_Price, pools Neighborhood, creates dummies, centers and scales predictors, and you prep and tidy it; this matches the expected process and transformations.","You defined the three models with appropriate engines and tuning parameters, but you did not explicitly set the mode for the first two models and did not namespace tune() with parsnip::tune(), which the rubric expects for full credit.","You correctly called parsnip::translate() on each of the three model objects, which matches the required workflow and output structure.","You set the seed and created bootstrap resamples from ames_train, but you did not use the rsample::bootstraps() namespace and changed the default parameters (times = 25) instead of using defaults as specified.","You created a workflow_set with the base recipe and three models, but you did not unnest the info column as required; you only selected it without using tidyr::unnest().","You used workflow_map(), then selected wflow_id and result, unnested result and .metrics, filtered for rmse, grouped, arranged, and sliced, which matches the expected process even though you stored results in all_workflows_res instead of overwriting all_workflows.","You correctly used workflowsets::rank_results() with rank_metric = 'rmse' and select_best = TRUE on all_workflows_res and compared models, which aligns with the rubric’s expectations.","You attempted to extract, finalize, and fit a best model, but the extract_workflow() call uses a non-matching ID, the finalize_workflow() code is syntactically incorrect in Q10b, and the chosen best parameters and reported MSE ratio do not follow the specified example (trees = 1, min_n = 11 and ~12% higher test error)."
