Run,Total,OverallComment,Q1,Q2,Q3,Q4,Q5,Q6,Q7,Q8,Q9,Q10,Q1_feedback,Q2_feedback,Q3_feedback,Q4_feedback,Q5_feedback,Q6_feedback,Q7_feedback,Q8_feedback,Q9_feedback,Q10_feedback
1,29,"Your lab shows a solid grasp of tidymodels workflows, recipes, model specification, and workflowsets, with all major steps implemented correctly. The only notable deviation from the rubric is the missing stratification by Sale_Price in the train/test split. Otherwise, your code follows the expected processes and demonstrates good organization and use of the required functions.",3,2,3,3,3,3,3,3,3,3,Used dat |> skimr::skim() correctly with a single step and stated no missing data; this fully matches the expected EDA workflow.,"Correct use of set.seed(), initial_split(), training(), and testing(), but you omitted strata = 'Sale_Price', so the split does not follow the specified stratified process.","Recipe uses the correct formula, log-transforms Sale_Price, normalizes numeric predictors, pools Neighborhood, and creates dummies; prep() and broom::tidy() are used appropriately, satisfying the required preprocessing steps.","All three parsnip models are specified correctly with appropriate engines, regression mode, and tunable parameters (penalty/mixture for glmnet, trees/min_n for ranger).","parsnip::translate() is applied to each of the three model objects, correctly showing the underlying engine-specific templates.","You set the seed and created train_resamples with rsample::bootstraps(ames_train), matching the expected bootstrap resampling process.","workflow_set() is used with the recipe and all three models, and tidyr::unnest(info) is called to inspect the structure, producing the expected workflow set.","Your code updates all_workflows with workflow_map() and then correctly unnests result and .metrics, filters for rmse, groups by wflow_id, orders by .estimate, and slices the top row per group.","workflowsets::rank_results() is called with all_workflows, rank_metric = 'rmse', and select_best = TRUE, and you provide a brief comparison to Exercise 8 as requested.","You correctly identify the best workflow via rank_results, extract it, finalize with the given trees and min_n, fit on train and test sets, and compute the test/train MSE ratio; the full workflow matches the specified process even if the numeric ratio differs."
2,29,"Your lab shows a solid grasp of tidymodels workflows, recipes, model specification, and workflowsets, with nearly all steps implemented as in the solution. The only notable deviation is the missing stratification by Sale_Price in the train/test split. Otherwise, your code structure and use of functions closely follow the intended process.",3,2,3,3,3,3,3,3,3,3,Used dat |> skimr::skim() correctly with a single step and stated no missing data; this fully matches the expected EDA workflow.,"Correct use of set.seed(), initial_split(), training(), and testing(), but you omitted strata = 'Sale_Price', so the split does not follow the specified stratified process.","Recipe uses the correct formula, log-transforms Sale_Price, normalizes numeric predictors, pools Neighborhood with step_other, and creates dummies; prep() and broom::tidy() are used appropriately, satisfying the required transformations.","All three parsnip models are specified correctly with appropriate engines, regression mode, and tunable parameters (penalty/mixture for glmnet, trees/min_n for ranger).","parsnip::translate() is applied to each of the three model objects, correctly showing the underlying engine-specific templates.",set.seed(8740) is called and rsample::bootstraps() is used on ames_train to create a bootstrap resampling object as required.,"workflowsets::workflow_set() is used with the recipe and all three models, and tidyr::unnest(info) is called to inspect the workflow structure, matching the expected process.","You correctly update all_workflows with workflow_map(), then unnest result and .metrics, filter for rmse, group by wflow_id, arrange by .estimate, and slice the top row per group, following the specified workflow.","workflowsets::rank_results() is called with all_workflows, rank_metric = 'rmse', and select_best = TRUE, and you provide a comparison interpretation consistent with Exercise 8.","You identify the best workflow via rank_results, extract the base_forest workflow, finalize it with trees = 1 and min_n = 11, and fit on both training and test data; although your reported MSE ratio differs from the solution, the required functions and workflow are correctly implemented."
3,29,"Your lab shows a solid grasp of tidymodels workflows, recipes, model specification, and workflowsets, with all exercises completed and code structured clearly. The only minor miss is not using stratified splitting on Sale_Price in Exercise 2; otherwise, your processes closely follow the rubric. Keep paying attention to small details like stratification, but overall this is strong, well-organized work.",3,2,3,3,3,3,3,3,3,3,Used dat |> skimr::skim() correctly with a single step and stated no missing data; this fully matches the expected EDA workflow.,"Correct use of set.seed(), initial_split(), training(), and testing(), but the split omits strata = 'Sale_Price', so the process is slightly incomplete.","Recipe uses the correct formula, log-transforms Sale_Price, normalizes numeric predictors, pools Neighborhood, and creates dummies; prep() and tidy() are called appropriately, satisfying the required transformations.","All three parsnip models are specified with correct engines, regression mode, and tunable parameters (penalty/mixture for glmnet, trees/min_n for ranger), matching the rubric.","parsnip::translate() is applied to each of the three model objects, correctly showing the underlying templates as required.","set.seed(8740) is called and rsample::bootstraps() is used on ames_train to create train_resamples, matching the expected bootstrap workflow.","workflowsets::workflow_set() is created with the recipe and all three models, and tidyr::unnest(info) is used to inspect structure; this aligns with the specified process and output.","Code updates all_workflows with workflow_map() and then correctly unnests result and .metrics, filters for rmse, groups by wflow_id, arranges by .estimate, and slices the top row per group.","workflowsets::rank_results() is called with all_workflows, rank_metric = 'rmse', and select_best = TRUE, and the student provides a comparison narrative, satisfying the exercise requirements.","The best workflow is identified via rank_results, extracted, finalized with trees and min_n, and then fit on both training and test data with an explicit test/train MSE ratio computed and reported."
4,29,"The submission closely follows the intended tidymodels workflow, with correct use of recipes, parsnip models, workflowsets, tuning, and evaluation. The only notable deviation is omitting stratification by Sale_Price in the initial train/test split. Otherwise, the code structure and explanations are clear and aligned with the lab instructions.",3,2,3,3,3,3,3,3,3,3,Used dat |> skimr::skim() correctly with a single step and stated no missing data; this fully matches the expected EDA workflow.,"Correct use of set.seed(), initial_split(), training(), and testing(), but the split omits strata = 'Sale_Price', so the process is slightly incomplete.","Recipe uses the correct formula, log-transforms Sale_Price, normalizes numeric predictors, pools Neighborhood, and creates dummies; prep() and tidy() are called appropriately, satisfying the required preprocessing steps.","All three parsnip models are specified with correct engines, regression mode, and tunable parameters (penalty/mixture for glmnet, trees/min_n for ranger), matching the rubric.","parsnip::translate() is applied to each of the three model objects, correctly showing the underlying engine-specific templates.","set.seed(8740) is called and rsample::bootstraps() is used on ames_train to create train_resamples, matching the expected bootstrap workflow.","workflowsets::workflow_set() is created with the recipe and all three models, and tidyr::unnest(info) is used to inspect structure; this aligns with the required process and output.","After workflow_map (given), the code selects wflow_id and result, unnests result and .metrics, filters for rmse, groups by wflow_id, arranges by descending .estimate, and slices the top row, exactly as specified.","workflowsets::rank_results() is called with all_workflows, rank_metric = 'rmse', and select_best = TRUE, and the student provides a comparison narrative, satisfying the exercise requirements.","Correctly extracts the best workflow (base_forest) via rank_results, finalizes with trees = 1 and min_n = 11, fits on train and test sets, and computes the test/train OOB MSE ratio; the full workflow matches the rubric."
5,29,"Your lab shows a solid grasp of the tidymodels workflow, with all major steps (recipes, models, workflowsets, tuning, and evaluation) implemented correctly. The only notable omission is the lack of stratification by Sale_Price in the initial train/test split. Otherwise, your code and explanations closely follow the intended processes and demonstrate good understanding.",3,2,3,3,3,3,3,3,3,3,Used dat |> skimr::skim() correctly with a single step and stated no missing data; this fully matches the expected EDA workflow.,"Correct use of set.seed(), initial_split(), training(), and testing(), but the split omits strata = 'Sale_Price', so the process is slightly incomplete.","Recipe uses the correct formula, log-transforms Sale_Price, normalizes numeric predictors, pools Neighborhood, and creates dummies; prep() and tidy() are called appropriately, satisfying the required preprocessing steps.","All three parsnip models are specified with correct engines, regression mode, and tunable parameters (penalty/mixture for glmnet, trees/min_n for ranger), matching the rubric.","parsnip::translate() is applied to each of the three model objects, correctly showing the underlying templates as required.","set.seed(8740) is used and rsample::bootstraps() is called on ames_train to create train_resamples, matching the expected bootstrap workflow.","workflowsets::workflow_set() is created with the recipe and all three models, and tidyr::unnest(info) is used to inspect the structure, as specified.","Code updates all_workflows via workflow_map() and then correctly unnests result and .metrics, filters for rmse, groups by wflow_id, arranges by .estimate, and slices the top row per group.","workflowsets::rank_results() is called with all_workflows, rank_metric = 'rmse', and select_best = TRUE, and the student provides a brief comparison to Exercise 8.","The best workflow (base_forest) is identified, extracted, finalized with trees = 1 and min_n = 11, then fit on both training and test data with an explicit test/train MSE ratio reported, matching the required process."
6,29,"Your lab shows a solid grasp of tidymodels workflows, recipes, model specification, and workflowsets. Most exercises follow the expected processes very closely, with only a minor omission of the stratified split in Exercise 2. Overall, this is a strong and nearly complete implementation of the lab requirements.",3,2,3,3,3,3,3,3,3,3,Used dat |> skimr::skim() correctly with a single step and stated no missing data; this fully matches the expected EDA workflow.,"Correct use of set.seed(), initial_split(), training(), and testing(), but the split omits strata = 'Sale_Price', so the process is slightly incomplete.","Recipe uses the correct formula, log-transforms Sale_Price, normalizes numeric predictors, pools Neighborhood, and creates dummies; prep() and tidy() are called appropriately, satisfying the required transformations.","All three parsnip models are specified with correct engines, regression mode, and tunable parameters (penalty/mixture for glmnet, trees/min_n for ranger), matching the rubric.","parsnip::translate() is applied to each of the three model objects, correctly showing the underlying templates.","set.seed(8740) is called and rsample::bootstraps() is applied to ames_train, creating the expected bootstrap resampling object.","workflowsets::workflow_set() is used with the recipe and all three models, and tidyr::unnest(info) is called to inspect the workflow structure as required.","Code updates all_workflows with workflow_map() and then correctly unnests result and .metrics, filters for rmse, groups by wflow_id, orders by .estimate, and slices the top row per group.","workflowsets::rank_results() is called with all_workflows, rank_metric = 'rmse', and select_best = TRUE, and the student provides a brief comparison to Exercise 8.","The best workflow (base_forest) is extracted, finalized with trees = 1 and min_n = 11, then fit on both training and test data with an explicit test/train MSE ratio reported, matching the expected workflow even if the numeric ratio differs."
7,29,"Your lab shows a solid grasp of tidymodels workflows, recipes, model specification, and tuning. Most exercises follow the expected process very closely, with only a minor omission of the stratification argument in the train/test split. Keep paying attention to small details in function arguments, as they can affect model evaluation even when the overall workflow is correct.",3,2,3,3,3,3,3,3,3,3,Correct use of skimr::skim() with a single pipe from dat and a clear statement of no missing data.,"You correctly used set.seed(), initial_split(), training(), and testing(), but you omitted the strata = 'Sale_Price' argument, so the split is not stratified as specified.","Recipe uses the correct formula, log-transforms Sale_Price, normalizes numeric predictors, pools Neighborhood, and creates dummies; prep() and broom::tidy() are used appropriately.","All three parsnip models are specified correctly with appropriate engines, regression mode, and tunable parameters for glmnet and ranger.","parsnip::translate() is applied to each of the three model objects, correctly showing the underlying templates.","You set the seed and created train_resamples with rsample::bootstraps(ames_train), matching the expected bootstrap resampling process.","workflow_set() is created with the recipe and three models, and tidyr::unnest(info) is used to inspect the workflow structure as required.","Your code updates all_workflows with workflow_map() and then correctly unnests result and .metrics, filters for rmse, groups by wflow_id, orders by .estimate, and selects the top row.","workflowsets::rank_results() is called with all_workflows, rank_metric = 'rmse', and select_best = TRUE, and you provide a brief comparison to Exercise 8.","You correctly identify the best workflow via rank_results(), extract it, finalize with the given parameters, fit on train and test data, and compute and report the test/train MSE ratio."
8,29,"The submission closely follows the intended tidymodels workflow, with correct use of recipes, parsnip models, workflowsets, and tuning. The only notable omission is the lack of stratification by Sale_Price in the initial train/test split. Otherwise, the code structure and processes are complete and well-aligned with the rubric.",3,2,3,3,3,3,3,3,3,3,Used dat |> skimr::skim() correctly with a single step and stated no missing data; this fully matches the expected EDA workflow.,"Correct use of set.seed(), initial_split(), training(), and testing(), but the split omits strata = 'Sale_Price', so the process is slightly incomplete.","Recipe uses the correct formula, log-transforms Sale_Price, normalizes numeric predictors, pools Neighborhood, and creates dummies; prep() and tidy() are called appropriately, satisfying the required transformations.","All three parsnip models are specified with correct engines, regression mode, and tunable parameters (penalty/mixture for glmnet, trees/min_n for ranger), matching the rubric.","parsnip::translate() is applied to each of the three model objects, correctly showing the engine-specific templates.","set.seed(8740) is used and rsample::bootstraps() is called on ames_train to create train_resamples, matching the expected bootstrap workflow.","workflowsets::workflow_set() is used with the recipe and all three models, and tidyr::unnest(info) is called to inspect the structure; this aligns with the required process.","After workflow_map(), the code selects wflow_id and result, unnests result and .metrics, filters for rmse, groups by wflow_id, arranges by descending .estimate, and slices the top row, exactly as specified.","workflowsets::rank_results() is called with all_workflows, rank_metric = 'rmse', and select_best = TRUE, and the student provides a comparison narrative, satisfying the exercise requirements.","The student extracts the best workflow (base_forest), finalizes it with trees and min_n, fits on both train and test sets, and computes the test/train MSE ratio; the full expected workflow is present even though the numeric ratio differs from the solution."
9,29,"The submission closely follows the intended tidymodels workflow, with correct use of recipes, parsnip models, workflowsets, and tuning. The only notable omission is the lack of stratification on Sale_Price in the initial train/test split. Otherwise, the code structure and reasoning align well with the rubric and solution template.",3,2,3,3,3,3,3,3,3,3,Used dat |> skimr::skim() correctly with a single step and stated no missing data; this fully matches the expected EDA workflow.,"Used set.seed and initial_split/training/testing with correct prop, but omitted strata = 'Sale_Price', so the split process is slightly incomplete.","Recipe uses the correct formula, log-transforms Sale_Price, normalizes numeric predictors, pools Neighborhood, and creates dummies, then preps and tidies; this satisfies the required preprocessing steps and order.","All three parsnip models are specified with correct engines, regression mode, and tunable parameters (penalty/mixture for glmnet, trees/min_n for ranger).","Applied parsnip::translate() to each of lm_mod_base, lm_mod_glmnet, and lm_mod_rforest as required to inspect engine-specific templates.","Set the seed and created train_resamples with rsample::bootstraps(ames_train), producing the expected bootstrap resampling object.","Constructed all_workflows with workflow_set using the recipe and all three models, then unnested the info column to inspect structure, matching the expected workflowset process.","Used workflow_map as given and then correctly selected, unnested result and .metrics, filtered for rmse, grouped by wflow_id, arranged by .estimate, and sliced the top row per group.","Called workflowsets::rank_results(all_workflows, rank_metric = 'rmse', select_best = TRUE) and provided a brief comparison to Exercise 8 results.","Extracted the best workflow (base_forest), finalized it with trees and min_n, then fit on training and test data and computed the test/train MSE ratio; the full expected workflow is present even if the numeric ratio differs from the template."
10,29,"Your lab shows a solid grasp of tidymodels workflows, recipes, model specification, and workflowsets, with all exercises completed and code structured clearly. The only notable deviation from the rubric is the missing stratification by Sale_Price in the train/test split. Otherwise, your processes and function usage closely follow the expected solutions.",3,2,3,3,3,3,3,3,3,3,Used dat |> skimr::skim() correctly with a single step and stated no missing data; this fully matches the expected EDA workflow.,"Correct use of set.seed(), initial_split(), training(), and testing(), but you omitted strata = 'Sale_Price', so the split does not follow the specified stratified process.","Recipe uses the correct formula, log-transforms Sale_Price, normalizes numeric predictors, pools Neighborhood, and creates dummies; prep() and broom::tidy() are used appropriately and the step order is reasonable.","All three parsnip models are specified correctly with appropriate engines, regression mode, and tunable parameters (penalty/mixture for glmnet, trees/min_n for ranger).","parsnip::translate() is applied to each of the three model objects, correctly showing the underlying engine-specific templates.","You set the seed and created train_resamples with rsample::bootstraps(ames_train), producing the expected bootstrap resampling object.","workflow_set() is used with the recipe and all three models, and tidyr::unnest(info) is called to inspect the workflow structure, matching the expected process.","Your code updates all_workflows with workflow_map() and then correctly unnests result and .metrics, filters for rmse, groups by wflow_id, orders by .estimate, and slices the top row per group.","workflowsets::rank_results() is called with all_workflows, rank_metric = 'rmse', and select_best = TRUE, and you provide a brief comparison to Exercise 8 as requested.","You correctly identify the best workflow via rank_results, extract it, finalize with the given trees and min_n, fit on train and test sets, and compute the test/train OOB MSE ratio; the full workflow matches the rubric."
11,29,"The submission closely follows the intended tidymodels workflow, with correct use of recipes, parsnip models, workflowsets, tuning, and model comparison. The only notable deviation is the missing stratification by Sale_Price in the initial train/test split. Otherwise, the code structure and explanations are complete and aligned with the rubric expectations.",3,2,3,3,3,3,3,3,3,3,Used dat |> skimr::skim() correctly with a single step and noted no missing data; this fully matches the expected EDA workflow.,"Correct use of set.seed, initial_split, training, and testing with 75% split, but the split omits strata = 'Sale_Price', so the process is slightly incomplete.","Recipe uses the correct formula, log-transforms Sale_Price, normalizes numeric predictors, pools Neighborhood with step_other, creates dummies, and preps then tidies the recipe; this matches the required preprocessing.","All three parsnip models are specified with correct engines, regression mode, and tunable parameters (penalty/mixture for glmnet, trees/min_n for ranger), satisfying the modeling requirements.","parsnip::translate() is applied to each of the three model objects, correctly showing the underlying engine-specific templates.","set.seed(8740) is called and rsample::bootstraps() is used on ames_train to create train_resamples, matching the expected bootstrap workflow.","workflow_set is created with the base recipe and all three models, and tidyr::unnest(info) is used to inspect the structure, producing the correct workflow set layout.","After workflow_map (given), the code selects wflow_id and result, unnests result and .metrics, filters for rmse, groups by wflow_id, arranges by descending .estimate, and slices the top row; this matches the required tuning-summary process.","workflowsets::rank_results is called with all_workflows, rank_metric = 'rmse', and select_best = TRUE, and the written comparison discusses consistency with Exercise 8.","The best workflow id is identified via rank_results, base_forest is extracted, finalized with trees = 1 and min_n = 11, then fit on both training and test data with an explicit test/train MSE ratio reported; this follows the specified finalization and comparison workflow even though the numeric ratio differs from the solution."
12,29,"The submission closely follows the intended tidymodels workflow, with correct use of recipes, parsnip models, workflowsets, tuning, and evaluation. The only notable deviation is the missing stratification by Sale_Price in the initial train/test split. Otherwise, the code structure and explanations are clear and aligned with the rubric.",3,2,3,3,3,3,3,3,3,3,Used dat |> skimr::skim() correctly with a single step and correctly noted no missing data.,"Correct use of set.seed(), initial_split(), training(), and testing() with 75% split, but missing the required strata = 'Sale_Price' argument.","Recipe uses the correct formula, log-transforms Sale_Price, normalizes numeric predictors, pools Neighborhood, creates dummies, and is prepped and tidied appropriately.","All three parsnip models are specified correctly with appropriate engines, regression mode, and tunable parameters for glmnet and ranger.","parsnip::translate() is applied to each of the three model objects, correctly exposing the underlying templates.",Random seed is set and rsample::bootstraps() is called on ames_train to create the bootstrap resamples as required.,"workflow_set() is created with the recipe and all three models, and tidyr::unnest(info) is used to inspect the workflow structure.","Correctly chains select, unnest, filter for rmse, group_by, arrange in descending order, and slice(1) to obtain best rmse per workflow.","workflowsets::rank_results() is called with all_workflows, rank_metric = 'rmse', and select_best = TRUE, with a brief comparison to Exercise 8.","Best workflow is identified (base_forest), finalized with trees and min_n, then fit on train and test data; OOB MSEs are extracted and their ratio is computed and reported."
13,26,"The submission closely follows the intended tidymodels workflow, with correct use of recipes, parsnip models, workflowsets, and tuning. Most exercises fully meet the rubric, with only a minor omission of stratification in the train/test split. Overall, this is a strong and mostly complete implementation of the lab tasks.",3,2,3,3,3,3,3,3,3,3,Used dat |> skimr::skim() correctly with a single step and noted no missing data; this fully matches the expected EDA workflow.,"Correct use of set.seed(), initial_split(), training(), and testing() with prop = 0.75, but the split omits strata = 'Sale_Price', so the process is slightly incomplete.","Recipe uses the correct formula, log-transforms Sale_Price, normalizes numeric predictors, pools Neighborhood with step_other, and creates dummies; prep() and broom::tidy() are used appropriately, satisfying the required transformations.","All three models are specified correctly with linear_reg and rand_forest, appropriate engines (lm, glmnet, ranger), regression mode, and tunable parameters penalty/mixture and trees/min_n via tune::tune().","parsnip::translate() is applied to each of lm_mod_base, lm_mod_glmnet, and lm_mod_rforest, correctly showing the underlying model templates.","set.seed(8740) is called and rsample::bootstraps() is applied to ames_train to create train_resamples, matching the expected bootstrap resampling process.","workflowsets::workflow_set() is used to build all_workflows with the base recipe and three models, and tidyr::unnest(info) is used to inspect the structure, as required.","After workflow_map (provided), the code selects wflow_id and result, unnests result and .metrics, filters for rmse, groups by wflow_id, arranges by descending .estimate, and slices the top row, correctly extracting best RMSE per workflow.","workflowsets::rank_results() is called with all_workflows, rank_metric = 'rmse', and select_best = TRUE, and the written comparison appropriately interprets the relationship to Exercise 8.","The best workflow id is identified via rank_results, base_forest is extracted, finalized with trees = 1 and min_n = 11, then fit on both training and test data with an explicit test/train MSE ratio reported, matching the expected workflow even if the numeric ratio differs."
14,29,"The submission closely follows the intended tidymodels workflow, with correct use of recipes, parsnip models, workflowsets, and tuning. Most exercises fully meet the rubric; the only notable omission is the lack of stratification by Sale_Price in the train/test split. Otherwise, the code structure and explanations are clear and aligned with the lab objectives.",3,2,3,3,3,3,3,3,3,3,Used dat |> skimr::skim() correctly with a single step and stated no missing data; this fully matches the expected EDA workflow.,"Correct use of set.seed(), initial_split(), training(), and testing() with prop = 0.75, but the split omits strata = 'Sale_Price', so the process is slightly incomplete.","Recipe uses the correct formula, log-transforms Sale_Price, normalizes numeric predictors, pools Neighborhood with step_other, and creates dummies; prep() and broom::tidy() are used appropriately.","All three models are specified correctly with linear_reg and rand_forest, appropriate engines and modes, and tunable parameters penalty/mixture and trees/min_n via tune().","parsnip::translate() is applied to each of lm_mod_base, lm_mod_glmnet, and lm_mod_rforest as required to reveal engine-specific templates.","set.seed(8740) is called and rsample::bootstraps() is applied to ames_train to create train_resamples, matching the expected bootstrap resampling process.","workflow_set() is used with the base recipe and three models, and tidyr::unnest(info) is called to inspect the structure; this aligns with the workflowset requirements.","After workflow_map (provided), the code selects wflow_id and result, unnests result and .metrics, filters for rmse, groups by wflow_id, arranges by descending .estimate, and slices the top row, exactly as specified.","workflowsets::rank_results() is called with all_workflows, rank_metric = 'rmse', and select_best = TRUE, and the student provides a brief comparison to Exercise 8.","The best workflow id is derived via rank_results, extract_workflow() is used, finalize_workflow() is called with trees and min_n, and fits are obtained on both training and test data; the process matches the expected best-model workflow."
15,28,"Most exercises closely follow the intended tidymodels workflow, with correct use of recipes, parsnip models, workflowsets, and tuning. The only notable deviation is the missing stratification on Sale_Price in the train/test split and a slightly different (but still reasonable) recipe step order. Overall, this is a strong, mostly complete implementation with clear code and explanations.",3,2,2,3,3,3,3,3,3,3,Used dat |> skimr::skim() correctly with a single step and noted no missing data; this fully matches the expected EDA workflow.,"Correct use of set.seed(), initial_split(), training(), and testing() with 75% split, but the split is not stratified on Sale_Price as required (missing strata = 'Sale_Price').","Recipe uses the correct formula, log-transforms Sale_Price, normalizes numeric predictors, pools Neighborhood, and creates dummies, then preps and tidies; however, step_log does not explicitly set base = exp(1) and the order differs from the specified center/scale then log, so process fidelity is slightly off.","All three models are correctly specified with linear_reg (lm), linear_reg with glmnet and tunable penalty/mixture, and rand_forest with ranger and tunable trees/min_n, using set_engine and set_mode appropriately.","parsnip::translate() is applied to each of lm_mod_base, lm_mod_glmnet, and lm_mod_rforest as required, correctly exposing the model templates.","set.seed(8740) is called and rsample::bootstraps() is used on ames_train to create train_resamples, matching the expected bootstrap resampling process.","workflow_set() is used to create all_workflows with the base recipe and three models, and tidyr::unnest(info) is used to inspect the structure, satisfying both creation and examination requirements.","After workflow_map (provided), the code selects wflow_id and result, unnests result and .metrics, filters for rmse, groups by wflow_id, arranges by descending .estimate, and slices the top row, exactly matching the required workflow.","workflowsets::rank_results() is called with all_workflows, rank_metric = 'rmse', and select_best = TRUE, and the written comparison correctly interprets its relationship to Exercise 8.","The best workflow id is programmatically selected, base_forest is extracted, finalized with trees = 1 and min_n = 11, then fit on both training and test data with an explicit test/train MSE ratio reported; this aligns with the expected finalize-and-compare process even though the numeric ratio differs from the solution."
16,29,"Your lab shows a solid grasp of the tidymodels workflow, including recipes, model specification, workflowsets, tuning, and model comparison. Nearly all steps follow the expected process and use the correct functions and arguments. The only notable omission is the lack of stratification by Sale_Price in the initial train/test split; otherwise, your code and explanations align well with the rubric.",3,2,3,3,3,3,3,3,3,3,Used dat |> skimr::skim() correctly with a single step and stated no missing data; this matches the expected EDA workflow.,"Correctly used set.seed(), initial_split(), training(), and testing() with prop = 0.75, but omitted the required strata = 'Sale_Price' argument for a stratified split.","Recipe uses the correct formula, log-transforms Sale_Price, normalizes numeric predictors, pools Neighborhood with step_other, and creates dummies; prep() and broom::tidy() are used appropriately.","All three parsnip models are specified correctly with appropriate engines, regression mode, and tunable parameters (penalty/mixture for glmnet, trees/min_n for ranger).","parsnip::translate() is applied to each of the three model objects, correctly showing the underlying engine-specific templates.",set.seed(8740) is called and rsample::bootstraps() is used on ames_train to create a bootstrap resampling object as required.,"workflowsets::workflow_set() is used with the recipe and all three models, and tidyr::unnest(info) is called to inspect the workflow structure, matching the expected process.","After workflow_map(), the code selects wflow_id and result, unnests result and .metrics, filters for rmse, groups by wflow_id, arranges by descending .estimate, and slices the top row per group as specified.","workflowsets::rank_results() is called with all_workflows, rank_metric = 'rmse', and select_best = TRUE, and the written comparison correctly interprets its relationship to Exercise 8.","The best workflow id is identified via rank_results, extract_workflow() is used, finalize_workflow() is called with trees and min_n, and the finalized model is fit on both training and test data with an explicit test/train MSE ratio reported."
17,29,"The submission closely follows the intended tidymodels workflow, with correct use of recipes, parsnip models, workflowsets, tuning, and evaluation. Most exercises fully meet the rubric; the only notable deviation is the missing stratification by Sale_Price in the train/test split. Overall, this is a strong and nearly complete implementation of the lab requirements.",3,2,3,3,3,3,3,3,3,3,Used dat |> skimr::skim() correctly with a single step and stated no missing data; matches expected EDA workflow.,"Used set.seed and rsample::initial_split/training/testing with 75% split, but omitted strata = 'Sale_Price'; process mostly correct but not fully per spec.","Recipe uses correct formula, log-transforms Sale_Price, normalizes numeric predictors, pools Neighborhood, creates dummies, and is prepped then tidied; transformations and order are acceptable.","All three parsnip models are specified with correct engines, modes, and tunable parameters (penalty/mixture, trees/min_n); workflow matches rubric.",Applied parsnip::translate() to each of the three model objects; process and function usage are correct.,Called set.seed(8740) and created train_resamples <- ames_train %>% rsample::bootstraps(); matches expected bootstrap workflow.,"Created all_workflows with workflow_set using the recipe and three models, then unnested the info column; structure and functions align with rubric.","Used workflow_map as given, then selected/unnested result and .metrics, filtered for rmse, grouped by wflow_id, arranged desc(.estimate), and sliced first row; pipeline matches required process.","Called workflowsets::rank_results(all_workflows, rank_metric = 'rmse', select_best = TRUE) and provided a comparison narrative; satisfies the exercise requirements.","Extracted best workflow (base_forest) via rank_results, finalized with trees=1 and min_n=11, fit on train and test, and computed test/train MSE ratio; process and functions follow the rubric even though the numeric ratio differs."
18,29,"Your lab shows a strong command of the tidymodels workflow, with all major steps (recipes, models, workflowsets, tuning, and evaluation) implemented correctly. The only notable miss is the lack of stratification on Sale_Price in the train/test split. Otherwise, your code structure and explanations align well with the rubric expectations.",3,2,3,3,3,3,3,3,3,3,Used dat |> skimr::skim() correctly with a single step and stated no missing data; this fully matches the expected EDA workflow.,"Correct use of set.seed(), initial_split(), training(), and testing() with 75% split, but you omitted the required strata = 'Sale_Price' argument in initial_split.","Recipe uses the correct formula, log-transforms Sale_Price, normalizes numeric predictors, pools Neighborhood, and creates dummies; prep() and broom::tidy() are used appropriately.","All three parsnip models are specified correctly with appropriate engines, regression mode, and tunable parameters for glmnet and ranger.","parsnip::translate() is applied to each of the three model objects, correctly exposing the underlying engine-specific templates.","You set the seed and created train_resamples with rsample::bootstraps(ames_train), matching the expected bootstrap resampling process.","workflow_set() is used with the recipe and all three models, and tidyr::unnest(info) is called to inspect the workflow structure as required.","workflow_map() is used as specified, and your dplyr/tidyr pipeline correctly unnests result and .metrics, filters for rmse, groups by wflow_id, orders by .estimate, and selects the top row.","workflowsets::rank_results() is called with all_workflows, rank_metric = 'rmse', and select_best = TRUE, and you provide a comparison narrative to Exercise 8.","You correctly identify the best workflow via rank_results, extract it, finalize with trees and min_n, fit on train and test data, and compute and report the test/train MSE ratio, matching the expected workflow even if the numeric ratio differs."
19,29,"The submission closely follows the intended tidymodels workflow, with correct use of recipes, parsnip models, workflowsets, and tuning. The only notable omission is the lack of stratification by Sale_Price in the initial train/test split. Otherwise, the code structure and reasoning align well with the rubric, and all exercises are addressed thoroughly.",3,2,3,3,3,3,3,3,3,3,Used dat |> skimr::skim() correctly with a single step and stated no missing data; this fully matches the expected EDA workflow.,"Correct use of set.seed, initial_split, training, and testing with 75% split, but the split omits strata = 'Sale_Price', so the process is slightly incomplete.","Recipe uses the correct formula, log-transforms Sale_Price, normalizes numeric predictors, pools Neighborhood with step_other, and creates dummies; prep and tidy are called appropriately, satisfying the required transformations.","All three models are specified with linear_reg and rand_forest, correct engines (lm, glmnet, ranger), regression mode, and tunable penalty/mixture and trees/min_n parameters as required.","parsnip::translate() is applied to each of lm_mod_base, lm_mod_glmnet, and lm_mod_rforest, correctly showing the underlying model templates.","set.seed(8740) is called and rsample::bootstraps() is applied to ames_train to create train_resamples, matching the expected bootstrap resampling process.","workflowsets::workflow_set() is used with the recipe and all three models, and tidyr::unnest(info) is called to inspect structure; this matches the required workflowset creation and examination.","After workflow_map (provided), the code selects wflow_id and result, unnests result and .metrics, filters for rmse, groups by wflow_id, arranges by descending .estimate, and slices the top row, exactly as specified.","workflowsets::rank_results() is called with all_workflows, rank_metric = 'rmse', and select_best = TRUE, and the student provides a brief comparison to Exercise 8, satisfying the requirement.","The best workflow id is identified via rank_results, base_forest is extracted, finalized with trees = 1 and min_n = 11, then fit on both training and test data with an explicit test/train MSE ratio reported; this follows the expected finalize-and-compare workflow even though the numeric ratio differs from the solution."
20,29,"The submission closely follows the intended tidymodels workflow, with correct use of recipes, parsnip models, workflowsets, tuning, and model comparison. Most exercises fully meet the rubric; the only notable miss is the lack of stratification on Sale_Price in the train/test split. Otherwise, the code structure and explanations are clear and aligned with the lab objectives.",3,2,3,3,3,3,3,3,3,3,Used dat |> skimr::skim() correctly with a single step and noted no missing data; this fully matches the expected EDA workflow.,"Correct use of set.seed(), initial_split(), training(), and testing() with 75% split, but the split is not stratified on Sale_Price as required (missing strata = 'Sale_Price').","Recipe uses the correct formula, log-transforms Sale_Price, normalizes numeric predictors, pools infrequent Neighborhood levels, and creates dummies; prep() and broom::tidy() are used appropriately, satisfying the required transformations.","All three models are specified with the correct parsnip functions, engines, modes, and tunable parameters (penalty/mixture for glmnet, trees/min_n for ranger), matching the expected modeling setup.","parsnip::translate() is applied to each of the three model objects, correctly showing the underlying engine-specific templates.","set.seed(8740) is called and rsample::bootstraps() is applied to ames_train to create train_resamples, matching the expected bootstrap resampling process.","workflowsets::workflow_set() is used with the recipe and all three models, and tidyr::unnest(info) is called to inspect the structure, producing the expected workflow set.","The code updates all_workflows with workflow_map() (in provided chunk) and then correctly unnests result and .metrics, filters for rmse, groups by wflow_id, arranges by .estimate, and slices the top row per group.","workflowsets::rank_results() is called with all_workflows, rank_metric = 'rmse', and select_best = TRUE, and the written comparison appropriately interprets the relationship to Exercise 8.","The best workflow is identified via rank_results(), extracted with extract_workflow(), finalized with trees = 1 and min_n = 11, then fit on both training and test data with an explicit test/train MSE ratio reported; this matches the required workflow even though the numeric ratio differs from the solution."
21,28.5,"Your lab shows a strong command of the tidymodels workflow, with all major steps (recipes, models, workflowsets, tuning, and evaluation) implemented correctly. The only notable miss is the lack of stratification in the train/test split and a minor pipe-style mismatch in Q1. Otherwise, your code closely follows the intended processes and demonstrates good understanding of the modeling pipeline.",2.5,2,3,3,3,3,3,3,3,3,"You correctly used skimr::skim() on dat, but used %>% instead of the requested |> pipe. The conclusion about no missing data is present and correct.","You set the seed, used initial_split, training(), and testing(), and used prop = 0.75, but omitted the required strata = 'Sale_Price' argument.","Recipe uses the correct formula, log-transforms Sale_Price, normalizes numeric predictors, pools Neighborhood with step_other, and creates dummies; you also prep and tidy the recipe. This matches the expected process and transformations.","All three models are specified correctly with linear_reg, rand_forest, set_engine, set_mode, and tunable parameters for glmnet (penalty, mixture) and ranger (trees, min_n). This fully matches the rubric.","You applied parsnip::translate() to each of lm_mod_base, lm_mod_glmnet, and lm_mod_rforest, which is exactly what was required.","You set the seed and created train_resamples with rsample::bootstraps(ames_train), producing the expected bootstrap resampling object.","You created all_workflows with workflow_set using the recipe and all three models, and unnested the info column with tidyr::unnest(info), matching the expected workflow structure.","Your code updates all_workflows with workflow_map and then correctly selects, unnests result and .metrics, filters for rmse, groups by wflow_id, arranges by descending .estimate, and slices the top row per group.","You called workflowsets::rank_results(all_workflows, rank_metric = 'rmse', select_best = TRUE) and provided a comparison narrative consistent with the Exercise 8 workflow.","You extracted the best workflow (base_forest), finalized it with trees = 1 and min_n = 11, fit on both training and test data, and computed the test/train MSE ratio; the full process matches the rubric even though the numeric ratio differs."
22,28.5,"Your lab shows a strong command of the tidymodels workflow, with all major steps (recipes, models, workflowsets, tuning, and evaluation) implemented correctly. The only notable deviation from the rubric is the missing stratification in the train/test split and a minor pipe-style mismatch in Q1. Otherwise, your code structure and explanations closely follow the intended process.",2.5,2,3,3,3,3,3,3,3,3,"You correctly used skimr::skim() on dat, but used %>% instead of the requested |> pipe. The EDA conclusion about no missing data is present and correct.","You set the seed, used rsample::initial_split(), and created ames_train and ames_test, but you omitted strata = 'Sale_Price', so the split is not stratified as specified.","You created norm_recipe with the correct formula, log-transformed Sale_Price, normalized numeric predictors, pooled Neighborhood with step_other, and created dummies, then prepped and tidied the recipe. This matches the required process and transformations.","All three models are specified correctly with linear_reg and rand_forest, appropriate engines (lm, glmnet, ranger), regression mode, and tunable parameters for glmnet and random forest.","You applied parsnip::translate() to each of the three model objects, which is exactly what was required to inspect the engine-specific templates.","You set the seed and created train_resamples with rsample::bootstraps(ames_train), following the expected workflow and producing the correct resampling object.","You built all_workflows with workflow_set() using the recipe and all three models, and then unnested the info column with tidyr::unnest(info), correctly exposing the workflow structure.","Your code updates all_workflows with workflow_map() and then selects wflow_id and result, unnests result and .metrics, filters for rmse, groups, arranges by descending .estimate, and slices the top row per workflow as required.","You called workflowsets::rank_results(all_workflows, rank_metric = 'rmse', select_best = TRUE) and provided a brief comparison to Exercise 8, matching the expected usage and interpretation.","You extracted the best workflow (base_forest), finalized it with trees = 1 and min_n = 11, fit on both training and test sets, and computed the test/train MSE ratio. Even though the numeric ratio differs from the solution, the workflow and functions used are correct."
23,28,"Your lab shows a strong command of tidymodels workflows, recipes, model specification, and workflowsets, with nearly all steps implemented as in the solution. The only notable shortcoming is the missing strata argument in the train/test split and a minor pipe difference in Q1. Otherwise, your code structure and reasoning closely follow the intended process.",2,2,3,3,3,3,3,3,3,3,"You correctly used skimr::skim() on dat, but used %>% instead of the requested |> pipe. The EDA conclusion about no missing data is present, but the process is not exactly as specified.","You set the seed and used initial_split(), training(), and testing() with prop = 0.75, but did not include strata = 'Sale_Price'. This meets most requirements but misses the stratified split detail.","Your recipe uses the correct formula, log-transforms Sale_Price, normalizes numeric predictors, pools Neighborhood with step_other, and creates dummies, then preps and tidies the recipe. The overall process and transformations match the rubric.","All three models are specified correctly with linear_reg and rand_forest, appropriate engines (lm, glmnet, ranger), regression mode, and tunable parameters (penalty, mixture, trees, min_n) using tune(). This fully matches the modeling requirements.","You applied parsnip::translate() to each of lm_mod_base, lm_mod_glmnet, and lm_mod_rforest, which is exactly what was required to inspect the engine-specific templates.","You set the seed and created train_resamples with rsample::bootstraps(ames_train), matching the expected process and producing the correct bootstrap resampling object.","You created all_workflows with workflow_set() using the recipe and all three models, and then unnested the info column with tidyr::unnest(info), correctly exposing the workflow structure as required.","Your code updates all_workflows with workflow_map() and then selects, unnests result and .metrics, filters for rmse, groups by wflow_id, arranges by descending .estimate, and slices the top row. This matches the specified workflow and output structure.","You correctly called workflowsets::rank_results(all_workflows, rank_metric = 'rmse', select_best = TRUE) and provided a comparison in markdown, aligning with the rubric’s expectations.","You extracted the best workflow (base_forest) via rank_results, finalized it with trees = 1 and min_n = 11, and fit on both training and test data. Although your reported MSE ratio differs from the solution, the required functions and process are correctly implemented."
24,28,"Your lab shows a strong command of the tidymodels workflow, with all major steps (recipes, models, workflowsets, tuning, and evaluation) implemented correctly. Most deductions are for small deviations from the specified process (e.g., missing strata in the split, pipe style in Q1) rather than conceptual errors. Review the rubric details for arguments like strata and exact pipe usage to align even more closely with the expected workflow next time.",2,2,3,3,3,3,3,3,3,3,"You correctly used skimr::skim() on dat, but used %>% instead of the requested |> pipe. The EDA conclusion about no missing data is present, but the process doesn’t exactly match the single-step pipe requirement.","You set the seed, used initial_split, training, and testing with the correct prop, but omitted the strata = 'Sale_Price' argument. This slightly deviates from the specified process and expected split.","You created norm_recipe with the correct formula, log-transformed Sale_Price, normalized numeric predictors, pooled Neighborhood with step_other, and created dummies, then prepped and tidied the recipe. This matches the required transformations and workflow.","All three models are specified correctly: lm with lm engine, glmnet with penalty and mixture set to tune(), and ranger random forest with trees and min_n set to tune(), using set_mode('regression') and set_engine() appropriately.","You applied parsnip::translate() to each of lm_mod_base, lm_mod_glmnet, and lm_mod_rforest, which matches the required process to inspect the engine-specific templates.","You set the seed and created train_resamples with rsample::bootstraps(ames_train), following the expected process and producing the correct bootstrap resampling object.","You built all_workflows with workflow_set using the base recipe and all three models, then unnested the info column with tidyr::unnest(info), correctly revealing the workflow structure.","Your code updates all_workflows with workflow_map and then selects wflow_id and result, unnests result and .metrics, filters for rmse, groups by wflow_id, arranges by descending .estimate, and slices the top row, matching the required workflow and output structure.","You correctly called workflowsets::rank_results(all_workflows, rank_metric = 'rmse', select_best = TRUE) and provided a comparison narrative consistent with the Exercise 8 results.","You extracted the best workflow (base_forest) via rank_results, finalized it with trees = 1 and min_n = 11, fit on both training and test data, and computed the test/train MSE ratio. Even though your numeric ratio differs from the solution, the required functions and process are correctly implemented."
25,25,"Your lab shows a solid grasp of the tidymodels workflow, with recipes, models, workflowsets, tuning, and evaluation all implemented correctly. Most deductions are for small deviations from the specified process (e.g., missing strata in the split, pipe style in Q1) rather than major conceptual errors. Review the rubric details (like stratification and exact function arguments) to align even more closely with the expected workflow in future labs.",2,2,3,3,3,3,3,3,3,3,"You correctly used skimr::skim() on dat, but used %>% instead of the requested |> pipe. The EDA conclusion about no missing data is present, but the process doesn’t exactly match the rubric’s single-step |> requirement.","You set the seed, used rsample::initial_split(), and created ames_train and ames_test with prop = 0.75, but you omitted the strata = 'Sale_Price' argument, so the split is not stratified as specified.","Your recipe uses the correct formula, log-transforms Sale_Price, normalizes numeric predictors, pools infrequent Neighborhood levels, and creates dummies. You then prep and tidy the recipe; this matches the required transformations and workflow.","All three models are specified correctly: lm with lm engine, glmnet with penalty and mixture set to tune(), and ranger random forest with trees and min_n set to tune(), all in regression mode using parsnip functions.","You applied parsnip::translate() to each of lm_mod_base, lm_mod_glmnet, and lm_mod_rforest, which matches the expected workflow and should reveal the three engine-specific templates.","You set the seed and created train_resamples with rsample::bootstraps(ames_train), following the expected process and producing the correct bootstrap resampling object.","You created all_workflows with workflowsets::workflow_set() using the recipe and all three models, then unnested the info column with tidyr::unnest(info), which matches the required structure and examination.","Your code updates all_workflows with workflow_map() and then correctly selects wflow_id and result, unnests result and .metrics, filters for rmse, groups by wflow_id, arranges by descending .estimate, and slices the top row, matching the rubric’s process.","You called workflowsets::rank_results(all_workflows, rank_metric = 'rmse', select_best = TRUE) as required and provided a brief comparison to Exercise 8, satisfying the expected workflow and interpretation.","You extracted the best workflow (base_forest), finalized it with trees = 1 and min_n = 11, and fit on both training and test data. Although your reported MSE ratio differs from the solution’s value, the required functions and process are correctly implemented."
26,25,"Most exercises follow the intended tidymodels workflow closely, with correct use of recipes, parsnip models, workflowsets, and tuning. The main deviation is the lack of stratification on Sale_Price in the train/test split and minor differences in the preprocessing step specification. Overall, this is a strong and nearly complete implementation of the lab requirements.",3,2,2,3,3,3,3,3,3,3,"Used dat |> skimr::skim() correctly via %>%, no extra intermediates, and the markdown correctly notes no missing data.","Correct use of set.seed, initial_split, training, and testing with 75% split, but the split is not stratified on Sale_Price as required (missing strata argument).","Recipe uses correct formula, log-transform, normalization, step_other, and dummies, and is prepped and tidied; however, it does not explicitly set base = exp(1) and uses step_normalize instead of separate step_center and step_scale as specified.","All three parsnip models are specified with correct engines, regression mode, and tunable parameters (penalty/mixture for glmnet, trees/min_n for ranger).","parsnip::translate() is applied to each of the three model objects, which will display the appropriate engine-specific templates.",Random seed is set and rsample::bootstraps() is called on ames_train to create a bootstrap resampling object as required.,"workflow_set is correctly built with the recipe and three models, and tidyr::unnest(info) is used to inspect the workflow structure.","Code updates all_workflows with workflow_map and then correctly selects, unnests result and .metrics, filters for rmse, groups by wflow_id, orders by .estimate, and slices the top row per group.","workflowsets::rank_results is called with all_workflows, rank_metric = 'rmse', and select_best = TRUE, and the student provides a brief comparison to Exercise 8.","Best workflow id is extracted, base_forest workflow is extracted and finalized with trees = 1 and min_n = 11, then fit on both training and test data with an explicit test/train MSE ratio reported."
27,28,"The submission closely follows the intended tidymodels workflow, with correct use of recipes, parsnip models, workflowsets, resampling, and tuning. Most exercises fully meet the rubric; the main shortcoming is the missing strata argument in the train/test split and minor deviations from the specified preprocessing steps. Overall, this is a strong and mostly complete implementation of the lab tasks.",3,2,2,3,3,3,3,3,3,3,Used dat |> skimr::skim() correctly with a single step and noted no missing data; this fully matches the expected EDA workflow.,"Correctly used set.seed(), initial_split(), training(), and testing() with a 0.75 prop, but omitted the required strata = 'Sale_Price' argument in initial_split.","Recipe uses the correct formula, log-transforms Sale_Price, normalizes numeric predictors, pools Neighborhood, and creates dummies, then preps and tidies; however, it uses step_normalize instead of explicit step_center and step_scale and does not specify base = exp(1) for the log step as in the rubric.","All three models are specified correctly with linear_reg for lm and glmnet (with tunable penalty and mixture) and rand_forest for ranger (with tunable trees and min_n), using set_engine and set_mode appropriately.","Applied parsnip::translate() to each of the three model objects, which is exactly the required process to inspect the engine-specific templates.","Set the seed and created train_resamples with rsample::bootstraps(ames_train), producing the expected bootstrap resampling object.","Constructed all_workflows with workflow_set using the recipe and all three models, then unnested the info column with tidyr::unnest(info), correctly exposing the workflow structure.","Updated all_workflows with workflow_map and then selected wflow_id and result, unnested result and .metrics, filtered for rmse, grouped by wflow_id, arranged by descending .estimate, and sliced the top row; this matches the required workflow and output structure.","Called workflowsets::rank_results(all_workflows, rank_metric = 'rmse', select_best = TRUE) and provided a comparison narrative consistent with the Exercise 8 results, satisfying the rubric.","Extracted the best workflow (base_forest) via rank_results, finalized it with trees = 1 and min_n = 11, fit on both training and test sets, and computed the test/train MSE ratio; the full expected workflow is present even though the numeric ratio differs from the solution."
28,28,"Your lab shows a solid grasp of tidymodels workflows, recipes, model specification, and workflowsets, with nearly all required steps implemented correctly. The main minor issues are omission of strata in the data split and not using the |> pipe in Q1 as specified. Otherwise, your code structure and reasoning closely follow the intended process across all exercises.",2,2,3,3,3,3,3,3,3,3,"You correctly used skimr::skim() on dat, but used %>% instead of the requested |> pipe. The EDA conclusion about no missing data is present, but process fidelity is slightly off per the rubric.","You set the seed and used initial_split/training/testing with prop = 0.75, but did not include strata = 'Sale_Price' as required. The overall split workflow is otherwise correct.","Your recipe uses the correct formula, log-transforms Sale_Price, normalizes numeric predictors, pools Neighborhood with step_other, and creates dummies, then preps and tidies the recipe. This matches the expected process and transformations.","All three models are specified correctly with linear_reg and rand_forest, appropriate engines (lm, glmnet, ranger), regression mode, and tunable parameters penalty/mixture and trees/min_n using tune::tune().","You applied parsnip::translate() to each of lm_mod_base, lm_mod_glmnet, and lm_mod_rforest, which matches the required workflow and will show the three engine-specific templates.","You set the seed and created train_resamples with rsample::bootstraps(ames_train), following the expected process and producing the correct bootstrap resampling object.","You built all_workflows with workflow_set using the base recipe and three models, then unnested the info column with tidyr::unnest(info), correctly exposing the workflow structure.","Your code updates all_workflows with workflow_map and then selects/unnests result and .metrics, filters for rmse, groups by wflow_id, arranges by descending .estimate, and slices the top row, matching the required sequence.","You correctly called workflowsets::rank_results(all_workflows, rank_metric = 'rmse', select_best = TRUE) and provided a brief comparison to Exercise 8, aligning with the rubric expectations.","You extracted the best workflow (base_forest) via rank_results, finalized it with trees = 1 and min_n = 11, and fit on both training and test data, then computed the test/train MSE ratio. The full process matches the rubric, even though your numeric ratio differs from the solution."
29,28,"Most exercises closely follow the intended tidymodels workflow, with correct use of recipes, parsnip models, workflowsets, and tuning. The main deviation is the missing stratification in the train/test split and minor differences in the preprocessing step specification. Overall, this is a strong, nearly complete implementation of the lab requirements.",3,2,2,3,3,3,3,3,3,3,"Used dat |> skimr::skim() correctly via %>%, in a single step, and noted no missing data.","Correct use of set.seed, initial_split, training, and testing with 75% split, but missing the required strata = 'Sale_Price' argument.","Recipe uses correct formula, log-transform, normalization, step_other, and dummies, and is prepped and tidied; however, it does not explicitly set base = exp(1) and uses step_normalize instead of separate step_center and step_scale as specified.","All three parsnip models are correctly specified with appropriate engines, regression mode, and tunable parameters penalty/mixture and trees/min_n.",parsnip::translate() is correctly called on each of the three model objects to reveal engine-specific templates.,Seed is set and rsample::bootstraps() is correctly applied to ames_train to create train_resamples.,"workflow_set is correctly built with the recipe and three models, and tidyr::unnest(info) is used to inspect the workflow structure.","workflow_map is used as specified, and the follow-up code correctly unnests result and .metrics, filters for rmse, groups by wflow_id, orders by .estimate, and slices the top row.","workflowsets::rank_results is called with all_workflows, rank_metric = 'rmse', and select_best = TRUE, and the written comparison addresses consistency with Exercise 8.","Best workflow is extracted (base_forest), finalized with trees = 1 and min_n = 11, fit on both train and test sets, and an OOB MSE ratio is computed and reported."
30,25,"Your lab shows a solid grasp of tidymodels workflows, recipes, model specification, and workflowsets. Most exercises follow the expected process closely, with only minor deviations (e.g., missing strata in the split and pipe style in Q1). Keep an eye on matching all specified arguments (like stratification) and verifying numeric results, but overall your code structure and use of the ecosystem are strong.",2,2,3,3,3,3,3,3,3,3,"You correctly used skimr::skim() on dat, but used %>% instead of the requested |> pipe. The EDA conclusion about no missing data is present.","You set the seed and used initial_split, training, and testing correctly with prop = 0.75, but did not include strata = 'Sale_Price' as specified.","Recipe uses the correct formula, log-transforms Sale_Price, normalizes numeric predictors, pools Neighborhood with step_other, and creates dummies; you also prep and tidy the recipe. This matches the required process and transformations.","All three models are specified correctly with linear_reg and rand_forest, appropriate engines and regression mode, and tunable penalty/mixture and trees/min_n parameters using tune::tune().","You applied parsnip::translate() to each of lm_mod_base, lm_mod_glmnet, and lm_mod_rforest, which is exactly what was required.","You set the seed and created train_resamples with rsample::bootstraps(ames_train), producing the expected bootstrap resampling object.","You created all_workflows with workflow_set using the recipe and three models, and unnested the info column with tidyr::unnest(info), matching the expected workflow structure.","Your code updates all_workflows with workflow_map (in provided chunk) and then correctly selects, unnests result and .metrics, filters for rmse, groups by wflow_id, arranges by descending .estimate, and slices the top row.","You called workflowsets::rank_results(all_workflows, rank_metric = 'rmse', select_best = TRUE) as required and provided a brief comparison to Exercise 8.","You extracted the best workflow (base_forest), finalized it with trees = 1 and min_n = 11, fit on both training and test data, and computed the test/train MSE ratio. Even though the numeric ratio differs from the solution, the workflow and functions used are correct."
31,25,"Most exercises are completed with the correct tidymodels workflow, including recipes, models, workflow sets, tuning, and model comparison. The main shortcoming is in Exercise 2, where the split is not stratified on Sale_Price as required, and a minor deviation from the exact centering/scaling steps in Exercise 3. Otherwise, the code structure and use of functions closely follow the rubric and solution template.",3,2,2,3,3,3,3,3,3,3,Used dat |> skimr::skim() correctly in a single step and noted no missing data; this fully matches the expected EDA workflow.,"Correct use of set.seed(), initial_split(), training(), and testing() with 75% split, but the split is not stratified on Sale_Price as required (missing strata = 'Sale_Price').","Recipe uses the correct formula, log-transforms Sale_Price, normalizes numeric predictors, pools Neighborhood, and creates dummies, then preps and tidies; however, base for step_log is not specified (though default is natural log) and step_normalize is used instead of explicit step_center and step_scale as in the rubric.","All three parsnip models are correctly specified with appropriate engines and regression mode, and glmnet and ranger models have the required tunable parameters penalty/mixture and trees/min_n.","parsnip::translate() is correctly called on each of the three model objects, which will display the underlying engine-specific templates.",set.seed(8740) is used and rsample::bootstraps() is correctly applied to ames_train to create the bootstrap resamples object.,"workflowsets::workflow_set() is correctly used with the recipe and three models, and tidyr::unnest(info) is applied to inspect the workflow structure as required.","After workflow_map(), the code selects wflow_id and result, unnests result and .metrics, filters for rmse, groups by wflow_id, arranges by descending .estimate, and slices the top row per group, matching the specified workflow.","workflowsets::rank_results() is correctly called with all_workflows, rank_metric = 'rmse', and select_best = TRUE, and the student provides a brief comparison to Exercise 8.","The best workflow id is derived via rank_results, base_forest is extracted, finalized with trees = 1 and min_n = 11, then fit on both training and test data with OOB errors compared; the full expected workflow is present even though the numeric ratio differs from the solution."
32,29,"The submission is very strong and closely follows the intended tidymodels workflow across recipes, models, workflowsets, tuning, and evaluation. Most exercises fully meet the rubric, with only a minor omission of stratification in the train/test split. Keep an eye on including all recommended arguments (like strata) in resampling functions, but overall your code structure and explanations are clear and correct.",3,2,3,3,3,3,3,3,3,3,Used dat |> skimr::skim() correctly with a single step and stated no missing data; this fully matches the expected EDA workflow.,"Correct use of set.seed(), initial_split(), training(), and testing() with prop = 0.75, but the split is missing strata = 'Sale_Price', so the process is slightly incomplete.","Recipe uses the correct formula, log-transforms Sale_Price, normalizes numeric predictors, pools Neighborhood with step_other, and creates dummies; prep() and broom::tidy() are used appropriately, satisfying the required transformations.",All three parsnip models are specified correctly with appropriate engines and regression mode; glmnet and ranger models correctly set penalty/mixture and trees/min_n to tune().,"parsnip::translate() is applied to each of lm_mod_base, lm_mod_glmnet, and lm_mod_rforest, correctly showing the underlying model templates.","set.seed(8740) is called and rsample::bootstraps() is applied to ames_train to create train_resamples, matching the expected bootstrap resampling process.","workflowsets::workflow_set() is used to create all_workflows with the recipe and three models, and tidyr::unnest(info) is used to inspect the workflow structure as required.","After workflow_map(), the code selects wflow_id and result, unnests result and .metrics, filters for rmse, groups by wflow_id, arranges by descending .estimate, and slices the top row, matching the specified workflow for extracting best RMSE per model.","workflowsets::rank_results() is called with all_workflows, rank_metric = 'rmse', and select_best = TRUE, and the written comparison correctly interprets its relationship to Exercise 8.","The best workflow (base_forest) is identified via rank_results, extracted, finalized with trees = 1 and min_n = 11, and fit on both training and test data; OOB MSEs are compared, satisfying the required workflow even though the numeric ratio differs from the solution."
33,25,"Most exercises are completed correctly with appropriate use of tidymodels, workflowsets, and rsample functions. The main minor issues are the missing stratification in the train/test split and slight deviations from the specified recipe steps, but the overall modeling and tuning workflow is sound. Tightening adherence to the exact arguments (e.g., strata in initial_split, explicit step_center/step_scale) would make the submission fully aligned with the rubric.",3,2,2,3,3,3,3,3,3,3,Used dat |> skimr::skim() correctly in a single step and noted no missing data; this fully matches the expected EDA workflow.,"Correct use of set.seed(), initial_split(), training(), and testing(), but the split omits strata = 'Sale_Price', so the process is slightly incomplete.","Recipe uses the correct formula and includes log transform, normalization, step_other, and dummies, but does not specify base = exp(1) and uses step_normalize instead of explicit step_center/step_scale; overall transformations are reasonable but not exactly as specified.","All three parsnip models are correctly specified with appropriate engines, regression mode, and tunable parameters penalty/mixture and trees/min_n.","parsnip::translate() is applied to each of the three model objects as required, correctly exposing the engine-specific templates.","set.seed(8740) is called and rsample::bootstraps() is used on ames_train to create train_resamples, matching the expected bootstrap workflow.","workflow_set() is correctly built with the recipe and three models, and tidyr::unnest(info) is used to inspect the workflow structure as required.","Code updates all_workflows with workflow_map() and then correctly unnests result and .metrics, filters for rmse, groups by wflow_id, orders by .estimate, and slices the top row per group.","workflowsets::rank_results() is called with all_workflows, rank_metric = 'rmse', and select_best = TRUE, and the written comparison addresses consistency with Exercise 8.","Best workflow is identified (base_forest), finalized with trees = 1 and min_n = 11, and fit() is used on both training and test data; OOB MSEs and their ratio are computed, satisfying the required workflow even though the numeric ratio differs from the solution."
34,29,"The submission is very strong and closely follows the intended tidymodels workflow across all exercises. Most required functions, objects, and processes are present and correctly structured, with only a minor omission of the stratified split in Exercise 2. Keep paying attention to small details like stratification parameters, but overall your code organization and use of the tidymodels ecosystem are excellent.",3,2,3,3,3,3,3,3,3,3,Used dat |> skimr::skim() correctly with a single step and stated no missing data; this fully matches the expected EDA workflow.,"Correct use of set.seed(), initial_split(), training(), and testing() with prop = 0.75, but the split omits strata = 'Sale_Price', so the process is slightly incomplete.","Recipe uses the correct formula, log-transforms Sale_Price, normalizes numeric predictors, pools Neighborhood with step_other, and creates dummies; prep() and broom::tidy() are used appropriately and the step order is reasonable.","All three parsnip models are specified correctly with appropriate engines and regression mode, and glmnet and ranger models have the required tunable parameters penalty/mixture and trees/min_n.","parsnip::translate() is applied to each of the three model objects, correctly showing the underlying templates for lm, glmnet, and ranger.","set.seed(8740) is called and rsample::bootstraps() is used on ames_train to create train_resamples, matching the expected bootstrap resampling process.","workflowsets::workflow_set() is used with the base recipe and all three models, and tidyr::unnest(info) is called to inspect the workflow structure, satisfying the workflow creation and examination requirements.","workflow_map() is used as specified, and the subsequent pipeline correctly selects wflow_id and result, unnests result and .metrics, filters for rmse, groups, arranges by descending .estimate, and slices the top row per workflow.","workflowsets::rank_results() is called with all_workflows, rank_metric = 'rmse', and select_best = TRUE, and the written comparison appropriately interprets the relationship to Exercise 8.","The best workflow (base_forest) is identified and extracted, finalized with trees = 1 and min_n = 11, and then fit() is used on both training and test data; OOB MSEs are extracted and their ratio computed, matching the required workflow even though the numeric ratio differs from the solution."
35,26,"The submission is largely complete and follows the intended tidymodels workflow, including recipes, model specifications, workflow sets, tuning, and model comparison. Minor issues include omitting stratification in the train/test split, but all major steps and required functions are present and used correctly. Overall, this demonstrates a solid understanding of the lab’s modeling pipeline.",3,2,3,3,3,3,3,3,3,3,Used dat |> skimr::skim() correctly with a single step and stated no missing data; this fully matches the expected EDA workflow.,"Correct use of set.seed(), initial_split(), training(), and testing() with prop = 0.75, but the split omits strata = 'Sale_Price', so the process is slightly incomplete.","Recipe uses the correct formula, log-transforms Sale_Price, normalizes numeric predictors, pools Neighborhood with step_other, and creates dummies; prep() and tidy() are used appropriately and the step order is reasonable.","All three parsnip models are specified correctly with appropriate engines and regression mode, and glmnet/random forest have the required tunable parameters.","parsnip::translate() is applied to each of the three model objects, correctly showing the underlying engine-specific templates.",set.seed(8740) is called and rsample::bootstraps() is used on ames_train to create train_resamples as required.,"workflow_set() is used to combine the recipe with all three models into all_workflows, and tidyr::unnest(info) is used to inspect the workflow structure.","workflow_map() is used as specified, and the follow-up pipeline correctly unnests result and .metrics, filters for rmse, groups by wflow_id, orders by .estimate, and selects the top row per group.","workflowsets::rank_results() is called with all_workflows, rank_metric = 'rmse', and select_best = TRUE, and the written comparison addresses consistency with Exercise 8.","The best workflow (base_forest) is identified via rank_results, extracted, finalized with trees = 1 and min_n = 11, and then fit on both training and test data with an explicit test/train MSE ratio reported."
36,29,"The submission closely follows the intended tidymodels workflow, with correct use of recipes, parsnip models, workflowsets, and resampling. The only notable omission is the lack of stratification by Sale_Price in the train/test split. Otherwise, the code structure and reasoning are strong and aligned with the rubric.",3,2,3,3,3,3,3,3,3,3,Used dat |> skimr::skim() correctly with a single step and stated no missing data; this fully matches the expected EDA workflow.,"Correct use of set.seed(), initial_split(), training(), and testing() with prop = 0.75, but the split omits strata = 'Sale_Price', so the process is slightly incomplete.","Recipe uses the correct formula, log-transforms Sale_Price, normalizes numeric predictors, pools Neighborhood with step_other, and creates dummies; prep() and broom::tidy() are used appropriately and the order of steps is reasonable.","All three parsnip models are specified correctly with set_engine() and set_mode(), and glmnet and ranger models have the required tunable parameters penalty/mixture and trees/min_n.","parsnip::translate() is applied to each of lm_mod_base, lm_mod_glmnet, and lm_mod_rforest as required to inspect the engine-specific templates.","set.seed(8740) is called and rsample::bootstraps() is used on ames_train to create train_resamples, matching the expected bootstrap resampling process.","workflowsets::workflow_set() is used to build all_workflows with the recipe and three models, and tidyr::unnest(info) is used to inspect the workflow structure as specified.","After workflow_map(), the code selects wflow_id and result, unnests result and .metrics, filters for rmse, groups by wflow_id, arranges by descending .estimate, and slices the top row per group, matching the required workflow.","workflowsets::rank_results() is called with all_workflows, rank_metric = 'rmse', and select_best = TRUE, and the written comparison correctly interprets its relationship to Exercise 8.","The best workflow (base_forest) is identified, extracted, finalized with trees = 1 and min_n = 11, and then fit on both training and test data; OOB MSEs are compared even though the numeric ratio differs from the solution, which is acceptable since execution is not graded."
37,28,"Most exercises follow the intended tidymodels and workflowsets processes closely, with correct use of recipes, models, resampling, and tuning. The main shortcoming is the missing stratification on Sale_Price in the train/test split and minor deviations in the recipe steps. Overall, this is a strong submission with clear, well-structured code that largely matches the solution workflow.",3,2,2,3,3,3,3,3,3,3,Used dat |> skimr::skim() correctly with a single step and stated no missing data; matches expected EDA workflow.,"Correct use of set.seed, initial_split, training, and testing with 75% split, but missing the required strata = 'Sale_Price' argument.","Recipe uses correct formula, log-transform, normalization, step_other, and dummies, and is prepped and tidied; however, it uses step_normalize instead of explicit step_center and step_scale and omits specifying base = exp(1) for the log step.","All three parsnip models are specified correctly with appropriate engines, regression mode, and tunable parameters penalty/mixture and trees/min_n.",parsnip::translate() is applied to each of the three model objects as required to inspect engine-specific templates.,Seed is set and rsample::bootstraps() is called on ames_train to create a bootstrap resampling object with default settings.,"workflow_set is created with the base recipe and three models, and tidyr::unnest(info) is used to inspect the workflow structure as expected.","Correctly updates all_workflows with workflow_map and then unnests result and .metrics, filters for rmse, groups by wflow_id, orders by .estimate, and slices the top row per group.","workflowsets::rank_results is called with all_workflows, rank_metric = 'rmse', and select_best = TRUE, and the written comparison addresses consistency with Exercise 8.","Best workflow is identified (base_forest), finalized with trees = 1 and min_n = 11, and fit on both training and test data; OOB MSEs are extracted and their ratio computed, matching the required workflow even if the numeric ratio differs."
38,29,"The lab is very well done, with all major tidymodels components (recipes, models, workflowsets, tuning, and evaluation) implemented correctly. The only minor omission is the lack of stratification by Sale_Price in the train/test split. Otherwise, the code follows the expected workflows closely and demonstrates solid understanding of the modeling process.",3,2,3,3,3,3,3,3,3,3,Used dat |> skimr::skim() correctly in a single step and noted no missing data; this fully matches the expected EDA workflow.,"Correct use of set.seed(), initial_split(), training(), and testing(), but the split omits strata = 'Sale_Price', so the process is slightly incomplete.","Recipe uses the correct formula, log-transforms Sale_Price, normalizes numeric predictors, pools Neighborhood with step_other, and creates dummies; prep() and tidy() are used appropriately.","All three parsnip models are specified with correct engines, regression mode, and tunable parameters (penalty/mixture for glmnet, trees/min_n for ranger).","parsnip::translate() is applied to each of the three model objects, correctly showing the underlying engine-specific templates.",set.seed(8740) is called and rsample::bootstraps() is used on ames_train to create a bootstrap resampling object as required.,"workflow_set() is created with the base recipe and three models, and tidyr::unnest(info) is used to inspect the workflow structure, matching the expected process.","workflow_map() is used as specified, and the subsequent dplyr/tidyr pipeline correctly unnests result and .metrics, filters for rmse, groups by wflow_id, orders by .estimate, and selects the top row.","workflowsets::rank_results() is called with all_workflows, rank_metric = 'rmse', and select_best = TRUE, and the written comparison addresses consistency with Exercise 8.","The best workflow (base_forest) is identified, extract_workflow(), finalize_workflow() with trees and min_n, and fit() on both train and test sets are all used correctly; performance comparison is computed via OOB MSE ratio."
39,29,"The submission is very strong and closely follows the intended tidymodels workflow across recipes, models, workflowsets, tuning, and evaluation. Most exercises fully meet the rubric, with only a minor omission of the stratified split in Exercise 2. Overall, the code structure and use of functions are correct and reproducible, demonstrating solid understanding of the lab material.",3,2,3,3,3,3,3,3,3,3,Used dat |> skimr::skim() correctly with a single step and stated no missing data; this fully matches the expected EDA workflow.,"Correct use of set.seed(), initial_split(), training(), and testing() with prop = 0.75, but the split is missing strata = 'Sale_Price', so the process is slightly incomplete.","Recipe uses the correct formula, log-transforms Sale_Price, normalizes numeric predictors, pools Neighborhood with step_other, and creates dummies; prep() and broom::tidy() are used appropriately, satisfying the required transformations.","All three parsnip models are specified correctly with set_engine and set_mode, and glmnet and ranger models have the required tunable parameters penalty/mixture and trees/min_n.","parsnip::translate() is applied to each of the three model objects, correctly showing the underlying templates for lm, glmnet, and ranger.","set.seed(8740) is called and rsample::bootstraps() is used on ames_train to create train_resamples, matching the expected bootstrap resampling process.","workflowsets::workflow_set() is used with the recipe and all three models, and tidyr::unnest(info) is called to inspect the workflow structure, matching the required workflow set creation and examination.","After workflow_map(), the code selects wflow_id and result, unnests result and .metrics, filters for rmse, groups by wflow_id, arranges by descending .estimate, and slices the top row, correctly extracting best RMSE per workflow.","workflowsets::rank_results() is called with all_workflows, rank_metric = 'rmse', and select_best = TRUE, and the student provides a comparison narrative, satisfying the exercise requirements.","The best workflow id is derived via rank_results(), extract_workflow() is used, finalize_workflow() is called with trees and min_n, and the finalized model is fit on both training and test data; although the reported MSE ratio differs from the solution, the required workflow and functions are correctly implemented."
40,28,"Most exercises closely follow the intended tidymodels and workflowsets processes, with correct use of recipes, parsnip models, resampling, and tuning. The main deviation is the lack of stratification on Sale_Price in the train/test split and a slightly different recipe prep pattern, but these are minor. Overall, this is a strong, nearly complete implementation of the lab workflow; to improve, match the exact splitting and recipe-prep patterns specified in the rubric and double-check reported performance metrics.",3,2,2,3,3,3,3,3,3,3,Used dat |> skimr::skim() correctly with a single step and stated no missing data; this fully matches the expected EDA workflow.,"Used set.seed and initial_split with prop=0.75 and training/testing correctly, but omitted strata='Sale_Price', so the split does not fully match the specified process.","Recipe uses the correct formula, log-transforms Sale_Price, normalizes numeric predictors, pools Neighborhood, and creates dummies, and then preps and tidies; however, step_log does not explicitly set base=exp(1) and the tidy is applied to the prepped object rather than via norm_recipe |> prep(...), so the process is slightly off the requested pattern.","All three models are specified with the correct parsnip functions, engines, modes, and tunable parameters (penalty/mixture for glmnet, trees/min_n for ranger), matching the rubric.","parsnip::translate() is correctly called on each of lm_mod_base, lm_mod_glmnet, and lm_mod_rforest, following the expected workflow.","set.seed(8740) is used and rsample::bootstraps() is called on ames_train to create train_resamples, matching the required bootstrap resampling process.","workflowsets::workflow_set() is used to create all_workflows with the recipe and three models, and tidyr::unnest(info) is used to inspect the structure; this aligns with the expected workflow set creation and examination.","After workflow_map, the code selects wflow_id and result, unnests result and .metrics, filters for rmse, groups by wflow_id, arranges by descending .estimate, and slices the top row, exactly matching the required tuning-summary pipeline.","workflowsets::rank_results() is called with all_workflows, rank_metric='rmse', and select_best=TRUE, and the student provides a comparison narrative, satisfying the rubric.","The best workflow (base_forest) is identified, extracted with extract_workflow, finalized with trees=1 and min_n=11, and then fit on both training and test data; although the reported MSE ratio differs from the solution, the required functions and workflow are correctly implemented."
41,25,"Most exercises are fully correct and follow the intended tidymodels workflow, including recipes, models, workflowsets, tuning, and model finalization. The main shortcoming is the lack of stratification on Sale_Price in the train/test split and minor deviations in the recipe steps. Overall, this is a strong submission with clear, well-structured code; focus on matching all specified arguments (like strata) and step functions exactly to the instructions in future labs.",3,2,2,3,3,3,3,3,3,3,Used dat |> skimr::skim() correctly with a single step and stated no missing data; this fully matches the expected EDA workflow.,"Correct use of set.seed, initial_split, training, and testing with 75% split, but the split is not stratified on Sale_Price as required (missing strata = 'Sale_Price').","Recipe uses the correct formula, log-transforms Sale_Price, normalizes numeric predictors, pools Neighborhood, and creates dummies, then preps and tidies; however, it uses step_normalize instead of explicit step_center and step_scale and omits specifying base = exp(1) for the log step.","All three parsnip models are correctly specified with appropriate engines, regression mode, and tunable parameters (penalty/mixture for glmnet, trees/min_n for ranger).","parsnip::translate() is applied to each of the three model objects, correctly showing the underlying engine-specific templates.","Random seed is set and rsample::bootstraps() is called on ames_train to create train_resamples with default parameters, matching the expected bootstrap workflow.","workflow_set is created with the base recipe and all three models, and tidyr::unnest(info) is used to inspect the workflow structure as required.","After workflow_map, the code selects wflow_id and result, unnests result and .metrics, filters for rmse, groups by wflow_id, arranges by descending .estimate, and slices the top row per group, matching the specified process.","workflowsets::rank_results is called with all_workflows, rank_metric = 'rmse', and select_best = TRUE, and the student provides a brief comparison to Exercise 8 results.","The best workflow (base_forest) is identified, extracted, finalized with trees = 1 and min_n = 11, then fit on both training and test data with OOB MSEs compared; the full expected workflow is present even though the numeric ratio differs from the solution."
42,29,"The submission is very strong and closely follows the intended tidymodels workflow across recipes, models, workflowsets, tuning, and evaluation. The only notable deviation is the missing stratification by Sale_Price in the train/test split. Otherwise, the code structure and use of functions align well with the rubric, and explanations are clear and complete.",3,2,3,3,3,3,3,3,3,3,Used dat |> skimr::skim() correctly with a single step and stated no missing data; this fully matches the expected EDA workflow.,"Correct use of set.seed, initial_split, training, and testing with 75% split, but the split is not stratified on Sale_Price as required (missing strata argument).","Recipe uses the correct formula, log-transforms Sale_Price, normalizes numeric predictors, pools Neighborhood with step_other, and creates dummies; prep and tidy are called appropriately.","All three models are specified correctly with appropriate engines, regression mode, and tunable parameters (penalty/mixture for glmnet, trees/min_n for ranger).","parsnip::translate() is applied to each of the three model objects, correctly showing the underlying templates.",Seed is set and rsample::bootstraps() is called on ames_train to create a bootstrap resampling object as required.,"workflow_set is created with the base recipe and all three models, and tidyr::unnest(info) is used to inspect the workflow structure.","workflow_map is used as specified, and the subsequent pipeline correctly unnests result and .metrics, filters for rmse, groups by wflow_id, orders by .estimate, and selects the top row.","workflowsets::rank_results is called with all_workflows, rank_metric = 'rmse', and select_best = TRUE, and the student provides a comparison narrative to Exercise 8.","The best workflow (base_forest) is extracted, finalized with trees = 1 and min_n = 11, then fit on both training and test data; OOB MSEs are extracted and their ratio computed, matching the required workflow even if the numeric ratio differs."
43,25,"Most exercises are completed with correct code and appropriate use of tidymodels, workflowsets, and rsample. The main shortcoming is the lack of stratification on Sale_Price in the train/test split and minor deviations in the recipe specification. Overall, this is a strong submission with clear workflows and good adherence to the lab instructions.",3,2,2,3,3,3,3,3,3,3,Used dat |> skimr::skim() correctly with a single step and stated no missing data; this fully matches the expected EDA workflow.,"Correct use of set.seed, initial_split, training, and testing with 75% split, but the split is not stratified on Sale_Price as required (missing strata = 'Sale_Price').","Recipe uses the correct formula, log-transforms Sale_Price, normalizes numeric predictors, pools Neighborhood, and creates dummies, then preps and tidies; however, the order differs from the specified center/scale then log, and base for log is not explicitly set to exp(1).","All three parsnip models are correctly specified with appropriate engines, regression mode, and tunable parameters (penalty/mixture for glmnet, trees/min_n for ranger).",parsnip::translate() is correctly called on each of the three model objects to reveal engine-specific templates.,Seed is set and rsample::bootstraps() is correctly applied to ames_train to create a bootstrap resampling object.,"workflow_set is correctly built with the recipe and three models, and tidyr::unnest(info) is used to inspect the workflow structure as required.","After workflow_map, the code selects wflow_id and result, unnests result and .metrics, filters for rmse, groups by wflow_id, arranges by descending .estimate, and slices the top row per group, matching the expected tuning-summary workflow.","workflowsets::rank_results is correctly called with all_workflows, rank_metric = 'rmse', and select_best = TRUE, and the student provides a brief comparison to Exercise 8.","The best workflow (base_forest) is extracted, finalized with trees = 1 and min_n = 11, then fit on both training and test data; OOB MSEs are extracted and their ratio computed, following the required process even though the numeric ratio differs from the solution."
44,28,"The submission is largely complete and follows the intended tidymodels workflow, including recipes, model specifications, workflowsets, tuning, and model comparison. Most exercises meet all rubric criteria; the main shortcoming is the missing stratification on Sale_Price in the train/test split and minor deviations in recipe step choices. Overall, this demonstrates solid understanding of the lab’s modeling pipeline with only small process issues to refine.",3,2,2,3,3,3,3,3,3,3,Used dat |> skimr::skim() correctly with a single step and stated no missing data; this fully matches the expected EDA workflow.,"Correct use of set.seed, initial_split, training, and testing with 75% split, but the split is not stratified on Sale_Price as required (missing strata argument).","Recipe uses the correct formula, log-transforms Sale_Price, normalizes numeric predictors, pools Neighborhood, and creates dummies, then preps and tidies; however, it uses step_normalize instead of explicit step_center and step_scale and omits specifying base = exp(1).","All three parsnip models are correctly specified with appropriate engines, regression mode, and tunable parameters (penalty/mixture for glmnet, trees/min_n for ranger).","parsnip::translate() is applied to each of the three model objects, correctly showing the underlying templates.","Seed is set and rsample::bootstraps() is called on ames_train to create train_resamples, matching the expected bootstrap resampling process.","workflow_set is created with the base recipe and three models, and tidyr::unnest(info) is used to inspect the workflow structure as required.","After workflow_map, the code selects wflow_id and result, unnests result and .metrics, filters for rmse, groups by wflow_id, arranges by descending .estimate, and slices the top row per group, matching the specified workflow.","workflowsets::rank_results is called with all_workflows, rank_metric = 'rmse', and select_best = TRUE, and the student provides a brief comparison to Exercise 8.","The best workflow (base_forest) is identified, extracted, finalized with trees = 1 and min_n = 11, then fit on both training and test data with OOB MSEs compared; the full expected workflow is implemented even though the numeric ratio differs from the solution."
45,29,"The submission closely follows the intended tidymodels workflow, with correct use of recipes, parsnip models, workflowsets, and tuning. Most exercises fully meet the rubric, with only a minor omission of stratification in the train/test split. Overall, this is a strong and nearly complete implementation of the lab requirements.",3,2,3,3,3,3,3,3,3,3,Used dat |> skimr::skim() correctly in a single step and stated no missing data; this fully matches the expected EDA workflow.,"Correct use of set.seed(), initial_split(), training(), and testing() with prop = 0.75, but the split omits strata = 'Sale_Price', so the process is slightly incomplete.","Recipe uses the correct formula, log-transforms Sale_Price, normalizes numeric predictors, pools Neighborhood with step_other, and creates dummies; prep() and broom::tidy() are used appropriately.","All three parsnip models are specified correctly with appropriate engines and regression mode, and glmnet and ranger models have the required tunable parameters.","parsnip::translate() is applied to each of the three model objects, correctly showing the underlying templates.",set.seed(8740) is called and rsample::bootstraps() is used on ames_train to create train_resamples as required.,"workflowsets::workflow_set() is used with the recipe and all three models, and tidyr::unnest(info) is called to inspect the workflow structure.","workflow_map() is used as specified, and the subsequent pipeline correctly unnests result and .metrics, filters for rmse, groups by wflow_id, orders by .estimate, and selects the top row.","workflowsets::rank_results() is called with all_workflows, rank_metric = 'rmse', and select_best = TRUE, and the student provides a comparison narrative to Exercise 8.","The best workflow (base_forest) is extracted, finalized with trees = 1 and min_n = 11, then fit on both training and test data; OOB MSEs and their ratio are computed, matching the expected workflow even if the numeric ratio differs."
46,28,"The lab shows a strong command of the tidymodels workflow, with all major steps (recipes, models, workflowsets, tuning, and evaluation) implemented correctly. Minor deviations include omitting stratification in the train/test split and using step_normalize instead of separate centering and scaling, but these do not substantially affect the overall process. Overall, this is a thorough and well-structured submission.",3,2,2,3,3,3,3,3,3,3,Used dat |> skimr::skim() correctly in a single step and noted no missing data; this fully matches the expected EDA workflow.,"Correct use of set.seed(), initial_split(), training(), and testing() with prop = 0.75, but the split omits strata = 'Sale_Price', so the process is slightly incomplete.","Recipe uses the correct formula, log-transforms Sale_Price, normalizes numeric predictors, pools Neighborhood, and creates dummies, but uses step_normalize instead of explicit step_center and step_scale and does not specify base = exp(1); overall preprocessing intent is correct.","All three parsnip models are specified correctly with appropriate engines, regression mode, and tunable parameters (penalty/mixture for glmnet, trees/min_n for ranger).","parsnip::translate() is applied to each of the three model objects as required, correctly exposing the engine-specific templates.","set.seed(8740) is called and rsample::bootstraps() is used on ames_train to create train_resamples, matching the expected bootstrap workflow.","workflowsets::workflow_set() is used with the recipe and all three models, and tidyr::unnest(info) is called to inspect the workflow structure, satisfying all criteria.","Code updates all_workflows with workflow_map() and then correctly unnests result and .metrics, filters for rmse, groups by wflow_id, orders by .estimate, and slices the top row per group.","workflowsets::rank_results() is called with all_workflows, rank_metric = 'rmse', and select_best = TRUE, and the accompanying text compares these results conceptually to Exercise 8.","Best workflow is identified via rank_results, base_forest is extracted, finalized with trees = 1 and min_n = 11, and fit() is run on both ames_train and ames_test with an explicit test/train MSE ratio computed and reported."
47,28,"Most exercises are fully correct and follow the intended tidymodels workflow, including recipes, model specifications, workflowsets, tuning, and model comparison. Minor deviations include omitting stratification in the train/test split and using step_normalize instead of explicit centering and scaling, but these do not substantially affect the overall process. Overall, this is a strong and nearly complete implementation of the lab requirements.",3,2,2,3,3,3,3,3,3,3,Used dat |> skimr::skim() correctly with a single step and stated no missing data; this fully matches the expected EDA workflow.,"Used set.seed and initial_split/training/testing with 75% split, but omitted the required strata = 'Sale_Price' argument, so the process is slightly incomplete.","Recipe uses the correct formula, log-transforms Sale_Price, normalizes numeric predictors, pools Neighborhood, and creates dummies, then preps and tidies; however, it uses step_normalize instead of explicit step_center and step_scale as specified, so it does not fully match the requested step sequence.","All three models are correctly specified with linear_reg/lm, glmnet with tunable penalty and mixture, and rand_forest/ranger with tunable trees and min_n, using set_engine and set_mode appropriately.","parsnip::translate() is applied to each of the three model objects, correctly following the expected workflow to inspect engine-specific templates.","set.seed(8740) is called and rsample::bootstraps() is applied to ames_train to create train_resamples, matching the expected bootstrap resampling process.","workflowsets::workflow_set() is used with the recipe and all three models to create all_workflows, and tidyr::unnest(info) is used to inspect the workflow structure, as required.","After workflow_map, the code selects wflow_id and result, unnests result and .metrics, filters for rmse, groups by wflow_id, arranges by descending .estimate, and slices the top row, fully matching the specified tuning-summary workflow.","workflowsets::rank_results() is called with all_workflows, rank_metric = 'rmse', and select_best = TRUE, and the student provides a brief comparison to Exercise 8, satisfying the requirements.","The student extracts the best workflow (base_forest), finalizes it with trees = 1 and min_n = 11, fits on both training and test sets, and computes the test/train OOB MSE ratio; the full expected workflow is present even though the numeric ratio differs from the solution."
48,25,"Most exercises are fully correct and follow the intended tidymodels workflow, including recipes, model specifications, workflowsets, tuning, and model comparison. Minor issues include omitting stratification in the train/test split and small deviations in the recipe step order and log base specification. Overall, the lab demonstrates solid understanding and implementation of the required processes.",3,2,2,3,3,3,3,3,3,3,Used dat |> skimr::skim() correctly with a single step and stated no missing data; this fully matches the expected EDA workflow.,"Correct use of set.seed(), initial_split(), training(), and testing(), but the split omits strata = 'Sale_Price', so the process is slightly incomplete.","Recipe uses the correct formula, log-transforms Sale_Price, normalizes numeric predictors, pools Neighborhood, and creates dummies, then preps and tidies; however, the order differs from the specified center/scale-then-log sequence and base for log is not explicitly set to exp(1).","All three parsnip models are correctly specified with appropriate engines, regression mode, and tunable parameters (penalty/mixture for glmnet, trees/min_n for ranger).","parsnip::translate() is applied to each of the three model objects, correctly showing the engine-specific templates.","set.seed(8740) is called and rsample::bootstraps() is used on ames_train to create train_resamples, matching the expected bootstrap workflow.","workflow_set() is used with the recipe and all three models to create all_workflows, and tidyr::unnest(info) is used to inspect the workflow structure as required.","After workflow_map(), the code selects wflow_id and result, unnests result and .metrics, filters for rmse, groups by wflow_id, arranges by descending .estimate, and slices the top row per group, matching the specified process.","workflowsets::rank_results() is called with all_workflows, rank_metric = 'rmse', and select_best = TRUE, and the student provides a brief comparison to Exercise 8.","The best workflow is identified (base_forest), extracted, finalized with trees = 1 and min_n = 11, then fit on both training and test data with OOB MSEs compared; the full expected workflow is present even though the numeric ratio differs from the solution."
49,25,"Most exercises are completed correctly with appropriate use of tidymodels, workflowsets, and rsample, and the code structure closely follows the intended workflows. The main shortcoming is the missing stratification on Sale_Price in the train/test split and minor deviations in the recipe specification. Otherwise, the lab demonstrates solid understanding of model specification, tuning, and comparison.",3,2,2,3,3,3,3,3,3,3,Used dat |> skimr::skim() correctly with a single step and stated no missing data; this fully matches the expected EDA workflow.,"Correct use of set.seed, initial_split, training, and testing with 75% split, but the split is not stratified on Sale_Price as required (missing strata argument).","Recipe uses the correct formula, log-transforms Sale_Price, normalizes numeric predictors, pools Neighborhood, and creates dummies, then preps and tidies; however, it uses step_normalize instead of separate step_center and step_scale and omits specifying base = exp(1).","All three models are correctly specified with appropriate engines, regression mode, and tunable parameters (penalty/mixture for glmnet and trees/min_n for ranger).","parsnip::translate() is applied to each of the three model objects, correctly showing the underlying templates.",set.seed(8740) is called and rsample::bootstraps() is used on ames_train to create train_resamples as required.,"workflow_set is correctly built with the recipe and three models, and tidyr::unnest(info) is used to inspect the workflow structure.","workflow_map is used as specified, and the follow-up code correctly selects, unnests result and .metrics, filters for rmse, groups by wflow_id, orders by .estimate, and slices the top row per group.","workflowsets::rank_results is called with all_workflows, rank_metric = 'rmse', and select_best = TRUE, and the student provides a comparison narrative to Exercise 8.","The best workflow (base_forest) is extracted, finalized with trees = 1 and min_n = 11, then fit on both training and test data; OOB MSEs and their ratio are computed, matching the expected workflow even though the numeric ratio differs."
50,29,"The submission closely follows the intended tidymodels workflow, with correct use of recipes, parsnip models, workflowsets, tuning, and evaluation. Nearly all rubric criteria are fully met, with only a minor omission of stratification in the train/test split. Overall, this is a strong and well-structured lab solution; in future work, ensure you include stratified splits when requested.",3,2,3,3,3,3,3,3,3,3,Used dat |> skimr::skim() correctly in a single step and stated no missing data; this fully matches the expected EDA workflow.,"Correct use of set.seed, initial_split, training, and testing with 75% split, but the split omits strata = 'Sale_Price', so the process is slightly incomplete.","Recipe uses the correct formula, log-transforms Sale_Price, normalizes numeric predictors, pools Neighborhood with step_other, creates dummies, and then preps and tidies; this matches the required preprocessing steps.","All three models are specified with the correct parsnip functions, engines, modes, and tunable parameters (penalty/mixture for glmnet, trees/min_n for ranger).","parsnip::translate() is applied to each of lm_mod_base, lm_mod_glmnet, and lm_mod_rforest as required to inspect engine-specific templates.","set.seed(8740) is called and rsample::bootstraps() is used on ames_train to create train_resamples, matching the expected bootstrap workflow.","workflowsets::workflow_set() correctly combines the base recipe with the three models into all_workflows, and tidyr::unnest(info) is used to inspect the workflow structure.","After workflow_map, the code selects wflow_id and result, unnests result and .metrics, filters for rmse, groups by wflow_id, arranges by descending .estimate, and slices the top row per group as specified.","workflowsets::rank_results() is called with all_workflows, rank_metric = 'rmse', and select_best = TRUE, and the narrative compares these results to Exercise 8 as requested.","The best workflow id is derived via rank_results, base_forest is extracted, finalized with trees = 1 and min_n = 11, then fit on both training and test data with an explicit test/train MSE ratio reported; this aligns with the expected finalization and comparison process."
