Run,Total,OverallComment,Q1,Q2,Q3,Q4,Q5,Q6,Q7,Q8,Q9,Q10,Q1_feedback,Q2_feedback,Q3_feedback,Q4_feedback,Q5_feedback,Q6_feedback,Q7_feedback,Q8_feedback,Q9_feedback,Q10_feedback
1,26,"Your lab shows a solid grasp of the tidymodels workflow, including recipes, model specifications, workflowsets, tuning, and evaluation. Most exercises follow the expected structure closely. To improve, pay attention to details like stratified splits, correct namespacing and selectors in recipes, and explicitly setting model modes where required.",3,2,1,2,3,3,3,3,3,3,Used skimr::skim(dat) directly on dat and answered that there is no missing data; this matches the expected EDA workflow.,"Correct use of set.seed, initial_split, training, and testing with 75% split, but you omitted strata = 'Sale_Price', so the split is not stratified as required.","You created a recipe with the right formula and included log, other, dummy, centering, and scaling steps, but you did not namespace the step_* functions, used all_predictors() instead of all_numeric_predictors(), and the prep call is outside the pipeline and incorrectly written; the recipe is not properly prepped and examined.","All three models are specified with correct engines and tunable parameters, but you did not set mode = 'regression' on the glmnet model, which is required for full credit.","You correctly called parsnip::translate() on each of the three model objects, matching the expected process.",You set the seed and created train_resamples with rsample::bootstraps(ames_train) as required; this matches the expected bootstrap workflow.,"You built all_workflows with workflow_set using the recipe and all three models, and unnested the info column with tidyr::unnest(info), which matches the rubric.","Your code updates all_workflows with workflow_map and then correctly unnests result and .metrics, filters for rmse, groups by wflow_id, arranges by .estimate, and slices the top row per group.","You called workflowsets::rank_results(all_workflows, rank_metric = 'rmse', select_best = TRUE) exactly as specified; comparison to Q8 is implied in the comment.","You extracted the 'base_forest' workflow, finalized it with specific trees and min_n values, fit on both training and test data, and computed train/test MSE and their ratio; this follows the required workflow even though you did not report the numeric ratio in text."
2,26,"Your lab shows a solid grasp of the tidymodels workflow, including recipes, models, workflowsets, tuning, and evaluation. Most exercises follow the expected structure closely. To improve, pay attention to details like stratified splits, correct namespacing and selectors in recipes, and explicitly setting model modes so your code is more robust and reproducible.",3,2,1,2,3,3,3,3,3,3,Used skimr::skim(dat) directly on dat and answered that there is no missing data; this matches the expected EDA workflow.,"Correct use of set.seed, initial_split, training, and testing with 75% split, but you omitted strata = 'Sale_Price', so the split is not stratified as required.","You created a recipe with the correct formula and included log, step_other, dummy, centering, and scaling, but you did not namespace the recipes steps, used all_predictors() instead of all_numeric_predictors(), and the prep/tidy call is syntactically incorrect and not chained to norm_recipe.","All three models are defined with appropriate engines and tuning parameters, but you did not set mode = 'regression' for the first two models and did not namespace tune(), which may cause execution issues.","You correctly applied parsnip::translate() to each of the three model objects, matching the expected process.","You set the seed and created train_resamples using rsample::bootstraps(ames_train), which matches the required bootstrap workflow.","You built all_workflows with workflow_set using the recipe and three models, and unnested the info column with tidyr::unnest(info) as expected.","Your code updates all_workflows with workflow_map and then correctly unnests result and .metrics, filters for rmse, groups, arranges by .estimate, and slices the top row per workflow.","You called workflowsets::rank_results(all_workflows, rank_metric = 'rmse', select_best = TRUE) exactly as specified.","You extracted the 'base_forest' workflow, finalized it with specific trees and min_n values, fit on both train and test sets, and computed train/test MSE and their ratio; this matches the required workflow even though you did not report the final numeric ratio in text."
3,27,"Your lab shows a solid grasp of tidymodels workflows, recipes, models, and workflowsets, with nearly all required steps present and correctly structured. The main issues are minor: missing stratification in the train/test split, a slightly off prep/tidy call in the recipe, and not explicitly setting the glmnet model mode. Addressing these details will make your analyses more robust and reproducible.",3,2,2,2,3,3,3,3,3,3,Used skimr::skim(dat) correctly with no extra steps and answered that there is no missing data; this fully matches the expected EDA workflow.,"Correct use of set.seed, initial_split, training, and testing with 75% split, but you omitted strata = 'Sale_Price', so the split does not follow the specified stratified process.","You created a recipe with the right formula and included log, step_other, dummy, centering, and scaling, but you did not specify base = exp(1) for step_log and the prep/tidy call is written outside the pipe (it would not run as intended).","All three models are defined with correct engines and tunable parameters, but you did not call parsnip::set_mode('regression') on the glmnet model, so its mode is not explicitly set as required.","You correctly applied parsnip::translate() to each of the three model objects, which matches the expected workflow and outputs.","You set the seed and created train_resamples with rsample::bootstraps(ames_train), which is exactly the required bootstrap resampling process.","You built all_workflows with the base recipe and three models, then unnested the info column; this matches the expected workflow_set structure and examination.","Your code updates all_workflows with workflow_map and then correctly unnests result and .metrics, filters for rmse, groups, arranges by .estimate, and slices the top row per workflow.","You called workflowsets::rank_results(all_workflows, rank_metric = 'rmse', select_best = TRUE) as specified; comparison to Q8 is implied by the comment.","You extracted the 'base_forest' workflow, finalized it with specific trees and min_n values, fit on train and test sets, and computed train/test MSE and their ratio; this follows the required process even if the exact numeric ratio is not reported in text."
4,26,"Your lab shows a solid grasp of the tidymodels workflow, including recipes, model specifications, workflowsets, tuning, and evaluation. Most exercises follow the intended process closely, with only minor deviations (e.g., missing stratification in the split and some recipe/prep syntax issues). To improve, pay closer attention to argument details (like strata and all_numeric_predictors) and ensure your recipe code is syntactically correct and fully namespaced so it would run cleanly end-to-end.",3,2,1,2,3,3,3,3,3,3,Used skimr::skim(dat) correctly with no extra steps and stated no missing data; this fully matches the expected EDA workflow.,"Correct use of set.seed, initial_split, training, and testing with 75% split, but you omitted strata = 'Sale_Price', so the split does not follow the specified stratified process.","You created a recipe with the right formula and included log, step_other, dummy, centering, and scaling, but did not namespace recipes::step_* calls, used all_predictors() instead of all_numeric_predictors(), and the prep/tidy call is syntactically incorrect and not clearly used to examine steps.","All three models are defined with appropriate engines and tunable parameters, but you did not call parsnip::set_mode('regression') on the glmnet model, so its specification is incomplete per the rubric.","You correctly applied parsnip::translate() to each of the three model objects, which matches the required workflow and expected outputs.",You set the seed and created train_resamples with rsample::bootstraps(ames_train) as required; this matches the expected process and object type.,"You built all_workflows with workflow_set using the recipe and three models, and unnested the info column with tidyr::unnest(info), correctly reflecting the expected structure.","Your code updates all_workflows with workflow_map and then selects, unnests result and .metrics, filters for rmse, groups, arranges by .estimate, and slices the top row per workflow, matching the required tuning-summary workflow.","You called workflowsets::rank_results(all_workflows, rank_metric = 'rmse', select_best = TRUE) as specified; this is the correct comparison step to Exercise 8.","You extracted the 'base_forest' workflow, finalized it with specific trees and min_n values, and fit on both training and test data while computing MSE and their ratio; this follows the required process even though you did not report the final numeric ratio in text."
5,26,"Most exercises are completed with the correct functions and workflows, and you follow the tidymodels/rsample/workflowsets patterns well. The main issues are missing stratification in the data split and some recipe syntax/selector details and namespacing in model specs. Tightening up those points would bring this very close to a perfect submission.",3,2,1,2,3,3,3,3,3,3,Used skimr::skim(dat) directly on dat and answered that there is no missing data; this matches the expected EDA workflow.,"Correct use of set.seed, initial_split, training, and testing with 75% split, but you omitted the required strata = 'Sale_Price' argument.","You created a recipe with the correct formula and included log, other, dummy, center, and scale steps, but did not namespace the recipes steps, used all_predictors() instead of all_numeric_predictors(), and the prep/tidy call is syntactically incorrect and not chained to norm_recipe.","You correctly specified lm, glmnet, and ranger models with appropriate tunable parameters, but did not set mode = 'regression' for the first two models and did not namespace tune() as parsnip::tune(), which may cause execution issues.","You applied parsnip::translate() to each of the three model objects as required, which would display the underlying engine-specific templates.","You set the seed and created train_resamples using rsample::bootstraps(ames_train), matching the expected bootstrap resampling process.","You built all_workflows with workflowsets::workflow_set using the recipe and three models, and unnested the info column with tidyr::unnest(info) to inspect the structure as required.","Your code updates all_workflows with workflow_map, then correctly unnests result and .metrics, filters for rmse, groups by wflow_id, orders by .estimate, and slices the top row per group.","You called workflowsets::rank_results(all_workflows, rank_metric = 'rmse', select_best = TRUE) as specified; comparison to Q8 is implied in the comments.","You extracted the 'base_forest' workflow, finalized it with specific trees and min_n values, fit on both training and test data, and computed train/test MSE and their ratio, following the expected workflow even though you did not report the final numeric ratio in text."
6,26,"Most exercises are completed with the correct functions and workflows, and the modeling, workflowsets, and tuning steps are well structured. The main issues are missing stratification in the train/test split and some inaccuracies in the recipe (log base and centering/scaling scope). Addressing these details would bring the work fully in line with the rubric expectations.",3,2,1,2,3,3,3,3,3,3,Used skimr::skim(dat) directly on dat and correctly noted no missing data; matches required workflow.,"Correct use of set.seed and initial_split/training/testing with 75% split, but missing strata = 'Sale_Price' argument required by the rubric.","Recipe uses the correct formula and includes log, step_other, dummy, centering, and scaling, but uses base-10 log by default, centers/scales outcome as well as predictors, and prep is called incorrectly outside the pipeline; process and details need correction.","All three models are specified with correct engines and tunable parameters, but set_mode('regression') is missing for the first two models as required by the rubric.","parsnip::translate is correctly applied to each of the three model objects, matching the expected process.",Seed is set and rsample::bootstraps is correctly called on ames_train to create train_resamples as required.,"workflow_set is correctly built with the recipe and three models, and tidyr::unnest(info) is used to inspect the workflow structure.","Correctly selects wflow_id and result, unnests result and .metrics, filters for rmse, groups, arranges by .estimate, and slices the top row per workflow as specified.","Correctly calls workflowsets::rank_results with all_workflows, rank_metric = 'rmse', and select_best = TRUE as required.","Extracts the base_forest workflow, finalizes with specific trees and min_n values, fits on train and test data, and computes train/test MSE and their ratio; workflow matches the rubric even though the exact numeric ratio is not reported."
7,26,"Most exercises are completed with the correct functions and workflows, and your code closely follows the intended tidymodels process. The main issues are minor omissions (e.g., missing strata in the split, missing set_mode in some models) and a slightly incorrect prep/tidy chaining in the recipe. Tightening up those details will make your analyses more robust and reproducible.",3,2,1,2,3,3,3,3,3,3,Used skimr::skim(dat) correctly with no extra steps and stated no missing data; this matches the expected EDA workflow.,"Used set.seed and rsample::initial_split/training/testing with 75% split, but omitted strata = 'Sale_Price', so the process is slightly incomplete.","Recipe uses the correct formula and includes log, step_other, dummy, centering, and scaling, but uses default log base, centers/scales outcome as well as predictors, and the prep/tidy call is syntactically incorrect and not chained to norm_recipe.","All three models are specified with correct engines and tunable parameters, but set_mode('regression') is missing for the first two models, so the parsnip workflow is not fully specified.","Correctly applies parsnip::translate() to each of the three model objects, matching the expected process.",Sets the seed and creates train_resamples with rsample::bootstraps(ames_train) as required; the resampling object is correctly defined.,"Builds all_workflows with the base recipe and three models, then unnests the info column to inspect structure; this matches the expected workflow_set usage.","Correctly selects and unnests result and .metrics, filters for rmse, groups by wflow_id, arranges by .estimate descending, and slices the top row per group as specified.","Calls workflowsets::rank_results(all_workflows, rank_metric = 'rmse', select_best = TRUE) exactly as required; comparison to Q8 is implied in comments.","Extracts the 'base_forest' workflow, finalizes with specific trees/min_n values, fits on train and test data, and computes train/test MSE and their ratio; the full selection and comparison process is present even if numeric ratio is not written in markdown."
8,26,"Most exercises are completed with the correct functions and workflows, and the modeling, workflowsets, and tuning steps closely follow the template. The main issues are missing stratification in the train/test split and some inaccuracies in the recipe definition and prep chaining. Tighten up recipe syntax and parameter details (e.g., log base, set_mode, strata) to fully align with the rubric in future labs.",3,2,1,2,3,3,3,3,3,3,Used skimr::skim(dat) directly on dat and answered that there is no missing data; this matches the expected EDA workflow.,"Correct use of set.seed, initial_split, training, and testing with 75% split, but missing the required strata = 'Sale_Price' argument.","Recipe uses the correct formula and includes log, step_other, dummy, centering, and scaling, but uses base-10 log by default, applies centering/scaling to all predictors (including dummies), and the prep/tidy call is syntactically incorrect and not chained to norm_recipe.","All three models are specified with correct engines and tunable parameters, but set_mode('regression') is missing for the lm and glmnet models, which is required by the rubric.","parsnip::translate() is correctly called on each of the three model objects, matching the expected process.",set.seed(8740) is used and rsample::bootstraps() is correctly applied to ames_train to create train_resamples as required.,"workflowsets::workflow_set() is used with the recipe and all three models, and tidyr::unnest(info) is used to inspect the workflow structure as specified.","Code correctly updates all_workflows with workflow_map and then unnests result and .metrics, filters for rmse, groups by wflow_id, orders by .estimate, and slices the top row per group.","workflowsets::rank_results() is called with all_workflows, rank_metric = 'rmse', and select_best = TRUE as required; comparison to Q8 is implied.","Correctly extracts the 'base_forest' workflow, finalizes with specific trees and min_n values, fits on train and test data, and computes train/test MSE and their ratio; process matches rubric expectations even if numeric ratio is not reported in text."
9,25,"Most exercises are completed with the correct functions and workflows, and the overall tidymodels process is well represented. The main issues are missing stratification in the data split, some recipe details (log base and centering/scaling scope), and not matching the specified best-parameter values in the final model. Tightening these details would bring the work fully in line with the rubric.",3,2,1,2,3,3,3,3,3,2,Used skimr::skim(dat) directly with no extra intermediates and correctly noted no missing data.,"Correct use of set.seed, initial_split, training, and testing, but missing the required strata = 'Sale_Price' argument for the split.","Recipe uses the correct formula and includes log, other, dummy, center, and scale steps, but uses base-10 log by default, centers/scales outcome as well as predictors, and the prep/tidy call is syntactically incorrect and not chained to norm_recipe.","All three models are specified with correct engines and tunable parameters, but set_mode('regression') is missing for the linear models, and tune() is not namespaced with parsnip::tune.",parsnip::translate is correctly applied to each of the three model objects to inspect their engine-specific templates.,"Correctly sets the seed and creates train_resamples with rsample::bootstraps(ames_train), matching the expected bootstrap resampling workflow.","workflow_set is built with the recipe and all three models, and tidyr::unnest(info) is used to inspect the workflow structure as required.","After workflow_map, the code properly selects and unnests result and .metrics, filters for rmse, groups by wflow_id, orders by .estimate, and slices the top row per group.","Correctly calls workflowsets::rank_results with all_workflows, rank_metric = 'rmse', and select_best = TRUE as specified.","Correctly extracts the 'base_forest' workflow, finalizes with specific trees and min_n, and fits on train and test data with MSE comparison, but the chosen parameters and resulting ratio are not those specified in the rubric."
10,26,"Your lab shows a solid grasp of the tidymodels workflow, with all major steps present from EDA through model tuning and evaluation. Most deductions are for smaller process details, such as missing stratification in the split and minor recipe/model specification issues. Review the use of strata in initial_split and the precise recipe step arguments and chaining to fully align with the rubric next time.",3,2,1,2,3,3,3,3,3,3,Used skimr::skim(dat) correctly with no extra steps and stated no missing data; this fully matches the expected EDA workflow.,"Correct use of set.seed, initial_split, training, and testing with 75% split, but you omitted strata = 'Sale_Price', so the split is not stratified as required.","You created a recipe with the right formula and included log, step_other, dummy, centering, and scaling, but did not specify base = exp(1), used all_predictors() instead of all_numeric_predictors(), and the prep/broom::tidy() call is not properly chained to norm_recipe.","All three models are defined with correct engines and tunable parameters, but you did not set mode = 'regression' on the glmnet model as required by the rubric.","parsnip::translate() is applied to each of the three model objects, correctly following the expected process.","You set the seed and created train_resamples with rsample::bootstraps(ames_train), matching the expected bootstrap workflow.","workflow_set is created with the recipe and all three models, and you unnest the info column to inspect structure; this aligns with the rubric.","You correctly select and unnest result and .metrics, filter for rmse, group by wflow_id, arrange by .estimate descending, and slice the top row per group.","You call workflowsets::rank_results(all_workflows, rank_metric = 'rmse', select_best = TRUE) as specified; comparison to Q8 is implied by the comment.","You extract the 'base_forest' workflow, finalize it with specific trees and min_n values, fit on train and test sets, and compute train/test MSE and their ratio; this satisfies the required workflow even if numeric values are not shown."
11,25,"Most of the required tidymodels workflow is present and correctly structured, including model specifications, workflow sets, tuning, and ranking. The main issues are missing stratification in the data split, some recipe implementation details (namespacing and selectors), and not explicitly reporting the requested MSE ratio with the specified best parameters. Tightening up those details would bring this very close to a perfect submission.",3,2,1,2,3,3,3,3,3,2,Used skimr::skim(dat) correctly with no extra intermediates and stated no missing data; this fully matches the expected EDA workflow.,"Correct use of set.seed, initial_split, training, and testing with 75% split, but you omitted strata = 'Sale_Price', so the split is not stratified as required.","You created a recipe with the right formula and included log, other, dummy, center, and scale steps, but you did not namespace the recipes steps, used all_predictors() instead of all_numeric_predictors(), and prep() is called on norm_recipe outside the pipeline, so the code as written would not run as intended.","All three models are specified with correct engines and tunable parameters, and the random forest has mode='regression', but you did not set mode='regression' for the lm and glmnet models as expected.","parsnip::translate() is correctly applied to each of the three model objects, matching the required process.","You set the seed and created train_resamples with rsample::bootstraps(ames_train), which matches the expected bootstrap resampling workflow.","workflowsets::workflow_set() is used with the recipe and all three models, and you unnest the info column to inspect structure; this aligns with the rubric.","Your code updates all_workflows with workflow_map and then correctly unnests result and .metrics, filters for rmse, groups, arranges by .estimate, and slices the top row per workflow.","You call workflowsets::rank_results(all_workflows, rank_metric='rmse', select_best=TRUE) as required; comparison to Q8 is implied by the comment.","You correctly extract the 'base_forest' workflow, finalize it with chosen parameters, and fit on both train and test sets, but you do not report the final MSE ratio value and your chosen tuning parameters differ from the specified best (trees=1, min_n=11)."
12,25,"Your lab shows a solid grasp of the tidymodels workflow, including recipes, model specifications, workflowsets, tuning, and evaluation. Most exercises follow the intended process, with only minor deviations such as missing stratification in the split, incomplete recipe namespacing, and not explicitly reporting the final MSE ratio. Tightening up those details and matching the specified parameters would bring this to full credit.",3,2,1,2,3,3,3,3,3,2,Used skimr::skim(dat) correctly with no extra intermediates and stated no missing data; this fully matches the expected EDA workflow.,"Correct use of set.seed, initial_split, training, and testing with 75% split, but you omitted strata = 'Sale_Price', so the split is not stratified as required.","You created a recipe with the right formula and included log, other, dummy, center, and scale steps, but did not namespace the recipes steps, used all_predictors() instead of all_numeric_predictors(), and the prep/tidy call is not properly chained to norm_recipe; the process and implementation are only partially correct.","All three models are defined with appropriate engines and tunable parameters, but you did not set mode = 'regression' for the first two models, which is expected for full credit.","parsnip::translate() is correctly applied to each of the three model objects, matching the required process.",You set the seed and created train_resamples with rsample::bootstraps(ames_train) as specified; this matches the expected bootstrap workflow.,"workflow_set is correctly built with the recipe and three models, and you unnest the info column to inspect structure; this aligns with the rubric.","Your code updates all_workflows with workflow_map and then correctly unnests result and .metrics, filters for rmse, groups, arranges, and slices; the workflow and functions match the expectations.","You call workflowsets::rank_results(all_workflows, rank_metric = 'rmse', select_best = TRUE) exactly as required; comparison to Q8 is implied by the comment.","You correctly extract the 'base_forest' workflow, finalize it with chosen parameters, and fit on both training and test data while computing MSE and their ratio, but you did not report the numeric ratio and your chosen parameters differ from the specified best (trees = 1, min_n = 11)."
13,25,"Most exercises are completed with the correct functions and workflows, and the modeling, workflowsets, and tuning steps closely follow the template. The main issues are missing stratification in the data split, some inaccuracies in the recipe (centering/scaling all predictors including the outcome and not fully following the specified prep pattern), and not using the expected best parameters or reporting the final MSE ratio in Exercise 10. Tightening up these details would bring the work fully in line with the rubric.",3,2,1,2,3,3,3,3,3,2,Used skimr::skim(dat) correctly with no extra intermediates and correctly noted no missing data.,"Correct use of set.seed, initial_split, training, and testing with 75% split, but missing the required strata = 'Sale_Price' argument.","Recipe uses the correct formula and includes log, other, dummy, center, and scale steps, but uses unqualified step_* calls, centers/scales outcome as well as predictors, omits base = exp(1), and prep is called outside the pipeline, so the workflow is not correctly implemented.","All three models are specified with correct engines and tunable parameters, but set_mode('regression') is missing for the lm and glmnet models, which is required by the rubric.","parsnip::translate() is correctly applied to each of the three model objects, matching the expected workflow.",set.seed(8740) is used and rsample::bootstraps() is correctly called on ames_train to create train_resamples.,"workflowsets::workflow_set() is correctly created with the recipe and three models, and tidyr::unnest(info) is used to inspect the workflow structure.","Code correctly selects wflow_id and result, unnests result and .metrics, filters for rmse, groups, arranges by .estimate, and slices the top row per workflow as required.","workflowsets::rank_results() is correctly called with all_workflows, rank_metric = 'rmse', and select_best = TRUE as specified.","Correctly extracts the 'base_forest' workflow, finalizes it with chosen parameters, and fits to train and test data while computing MSE and their ratio, but the chosen parameters differ from the expected best (trees = 1, min_n = 11) and the final numeric ratio is not reported in the markdown."
14,25,"Your lab shows a solid grasp of the tidymodels workflow, with all major components present and mostly correct. The main issues are missing stratification in the data split, some recipe/prep syntax and selector choices, and not explicitly reporting the final MSE ratio with the specified best parameters. Tightening up those details will make your analyses fully reproducible and aligned with the rubric.",3,2,1,2,3,3,3,3,3,2,Used skimr::skim(dat) correctly with no extra intermediates and stated no missing data; this fully matches the expected EDA workflow.,"Correct use of set.seed, initial_split, training, and testing with 75% split, but you omitted strata = 'Sale_Price', so the split does not follow the specified stratified process.","You created a recipe with the right formula and included log, other, dummy, center, and scale steps, but you did not namespace the recipes steps, used all_predictors() instead of all_numeric_predictors(), and the prep is called on norm_recipe outside the pipeline, so the code as written would not run as intended.","All three models are specified with correct engines and tunable parameters, and the random forest has mode='regression', but you did not set mode='regression' for the lm and glmnet models as required by the rubric.","parsnip::translate() is correctly called on each of the three model objects, matching the expected workflow and outputs.","You set the seed and created train_resamples with rsample::bootstraps(ames_train), which matches the required process and output structure.","You built all_workflows with the base recipe and three models, and unnested the info column to inspect structure; this aligns with the workflow_set requirements.","Your code updates all_workflows with workflow_map and then correctly selects, unnests result and .metrics, filters for rmse, groups, arranges, and slices to get the best metric per workflow.","You correctly call workflowsets::rank_results(all_workflows, rank_metric='rmse', select_best=TRUE), which is exactly what the rubric specifies.","You correctly extract the 'base_forest' workflow, finalize it with chosen parameters, and fit on train and test data while computing MSE and their ratio, but you did not report the final numeric ratio and your chosen parameters differ from the specified best (trees=1, min_n=11)."
15,25,"Your lab shows a solid grasp of the tidymodels workflow, with all major components present and mostly correct. The main issues are missing stratification in the data split, some recipe/prep details, and not using the specified best parameters or reporting the final MSE ratio explicitly. Tightening up those details will bring your work fully in line with the rubric requirements.",3,2,1,2,3,3,3,3,3,2,Used skimr::skim(dat) correctly with no extra intermediates and stated no missing data; this fully matches the expected EDA workflow.,"Correct use of set.seed, initial_split, training, and testing with 75% split, but you omitted strata = 'Sale_Price', so the split does not follow the specified stratified process.","You created a recipe with the right formula and included log, other, dummy, center, and scale steps, but you did not namespace the recipes::step_* functions, used all_predictors() instead of all_numeric_predictors(), and the prep call is outside the pipeline and misused; this only partially matches the required process.","All three models are specified with correct engines and tunable parameters, but you did not set mode = 'regression' for the first two models, which is required by the rubric.","parsnip::translate() is correctly applied to each of the three model objects, matching the expected workflow and outputs.","You set the seed and created train_resamples with rsample::bootstraps(ames_train), which aligns with the required process and expected bootstrap object.","workflowsets::workflow_set() is used with the recipe and all three models, and tidyr::unnest(info) is called to inspect structure; this matches the rubric expectations.","Your code updates all_workflows with workflow_map and then correctly unnests result and .metrics, filters for rmse, groups, arranges, and slices; the workflow fully matches the specified steps.","You correctly call workflowsets::rank_results(all_workflows, rank_metric = 'rmse', select_best = TRUE) as required; comparison to Q8 is implied in the comment.","You extract the 'base_forest' workflow, finalize it with chosen parameters, and fit on both training and test data, computing MSEs and their ratio; however, you do not report the numeric ratio in the markdown and your chosen parameters differ from the specified best (trees = 1, min_n = 11), so the final performance comparison will not match the expected result."
16,25,"Most exercises are completed with the correct functions and workflows, and your code structure closely follows the template. The main issues are missing stratification in the data split, some recipe/prep details, and not using the specified best parameters in the final model. Tightening up those details will bring your work fully in line with the rubric expectations.",3,2,1,2,3,3,3,3,3,2,"Used skimr::skim(dat) correctly (pipe not required by rubric), no extra objects, and correctly noted no missing data.","Correct use of set.seed, initial_split, training, and testing with 75% split, but missing strata = 'Sale_Price', so the process is not fully as specified.","Recipe uses correct formula and includes log, other, dummy, center, and scale steps, but uses unqualified step_* functions, centers/scales outcome as well as predictors, and prep is called incorrectly outside the pipeline; this does not fully match the expected process.","All three models are defined with correct engines and tunable parameters, but set_mode('regression') is missing for the first two models, so the model specifications are incomplete.","parsnip::translate() is correctly applied to each of the three model objects, matching the expected workflow.",set.seed(8740) is used and rsample::bootstraps() is correctly called on ames_train to create train_resamples as required.,"workflowsets::workflow_set() is correctly created with the recipe and three models, and tidyr::unnest(info) is used to inspect the workflow structure.","Code updates all_workflows with workflow_map and then correctly selects, unnests result and .metrics, filters for rmse, groups, arranges by .estimate, and slices the top row per workflow.","workflowsets::rank_results() is called with all_workflows, rank_metric = 'rmse', and select_best = TRUE as specified.","Correctly extracts 'base_forest', finalizes the workflow with chosen parameters, fits on train and test, and computes MSE ratio, but the parameter values differ from the specified best (trees = 1, min_n = 11), so the final model does not match the reference solution."
17,25,"Most exercises are completed with the correct functions and workflow, and the modeling, workflowsets, and tuning steps are well structured. Main issues are missing stratification in the train/test split, some recipe details (scaling all predictors and unqualified step_* calls), and not using the specified best hyperparameters or reporting the final MSE ratio explicitly. Addressing these details would bring the work fully in line with the rubric.",3,2,1,2,3,3,3,3,3,2,Used skimr::skim(dat) correctly with no extra intermediates and correctly noted no missing data.,"Correct use of set.seed, initial_split, training, and testing, but missing the required strata = 'Sale_Price' argument for the split.","Recipe uses the right formula and includes log, other, dummy, center, and scale steps, but uses unqualified step_* calls, centers/scales all predictors (including dummies) instead of numeric predictors, omits explicit base = exp(1), and the prep/tidy call is syntactically separated from the pipeline.","All three models are specified with correct engines and tuning parameters, but set_mode('regression') is missing for the lm and glmnet models, and tune() is not namespaced with parsnip::tune().","parsnip::translate() is correctly applied to each of the three model objects, which would display the appropriate engine-specific templates.","Correctly sets the seed and creates train_resamples with rsample::bootstraps(ames_train), matching the expected bootstrap resampling process.","workflowsets::workflow_set is correctly built with the recipe and three models, and tidyr::unnest(info) is used to inspect the workflow structure as required.","Code follows the specified workflow: workflow_map is used, then result and .metrics are unnested, filtered for rmse, grouped, arranged by .estimate, and sliced to get the best row per workflow.","workflowsets::rank_results is called with all_workflows, rank_metric = 'rmse', and select_best = TRUE as required; comparison to Q8 is implied.","Correctly extracts the 'base_forest' workflow, finalizes with chosen parameters, fits on train and test, and computes MSE ratio, but the tuned parameters differ from the expected best (trees = 1, min_n = 11) and the final numeric ratio is not reported in the markdown."
18,25,"Your lab shows solid understanding of the tidymodels workflow: you correctly used skimr, rsample, recipes, parsnip, workflowsets, and tuning functions in most exercises. The main issues are missing stratification in the data split, some recipe syntax/selector problems, and not matching or clearly reporting the final best-model parameters and MSE ratio. Tightening up those details and ensuring code chunks are syntactically correct and fully aligned with the rubric will bring this to full credit.",3,2,1,2,3,3,3,3,3,2,Used skimr::skim(dat) correctly with no extra intermediates and stated no missing data; this fully matches the expected EDA workflow.,"Correct use of set.seed, initial_split, training, and testing with 75% split, but you omitted strata = 'Sale_Price', so the split does not follow the specified stratified process.","You created a recipe with the right formula and included log, other, dummy, center, and scale steps, but you did not namespace the recipes steps, used all_predictors() instead of all_numeric_predictors(), and prep() is called outside the pipeline in a way that would not work as written; the intended prep + broom::tidy() workflow is not correctly implemented.","All three models are defined with the correct parsnip functions and engines, and the random forest has tunable min_n and trees, but the glmnet model is missing set_mode('regression'), so its specification is incomplete per the rubric.","parsnip::translate() is applied to each of the three model objects as required, which will display the underlying engine-specific templates.","You set the seed and created train_resamples with rsample::bootstraps(ames_train), matching the expected bootstrap resampling process.","You correctly built all_workflows with workflow_set using the recipe and three models, and unnested the info column to inspect the workflow structure as specified.","Your code updates all_workflows with workflow_map and then selects, unnests result and .metrics, filters for rmse, groups by wflow_id, arranges by .estimate, and slices the top row, matching the required tuning-summary workflow.","You called workflowsets::rank_results(all_workflows, rank_metric = 'rmse', select_best = TRUE) exactly as required; comparison to Q8 is implied in the comment.","You correctly extracted the 'base_forest' workflow, finalized it with chosen parameters, and fit on both training and test data while computing MSE and their ratio, but you did not report the numeric ratio in the markdown and your chosen parameters differ from the specified best (trees = 1, min_n = 11), so the expected performance comparison is not reproduced."
19,26,"Your lab shows a solid grasp of the tidymodels workflow, including recipes, model specifications, workflowsets, tuning, and performance comparison. Most exercises follow the expected structure closely, with only minor issues such as missing stratification in the split and some recipe/prep details. To improve, be careful with namespaces and argument details (e.g., strata in initial_split, all_numeric_predictors, and consistent use of set_mode) and ensure your recipe object and prep/tidy calls are chained correctly.",3,2,1,2,3,3,3,3,3,3,Used skimr::skim(dat) correctly with no extra intermediates and stated no missing data; this fully matches the expected EDA workflow.,"Correct use of set.seed, initial_split, training, and testing with 75% split, but you omitted the required strata = 'Sale_Price' argument, so the process is slightly incomplete.","You specified the correct formula and included log, other, dummy, center, and scale steps, but did not namespace the recipes steps, used all_predictors() instead of all_numeric_predictors(), and the prep/broom::tidy call is not properly chained to norm_recipe; this only partially matches the required recipe process.","All three models are defined with the correct engines and tunable parameters, but you did not call parsnip::set_mode('regression') on the glmnet model, so the model specification is slightly incomplete.","You correctly applied parsnip::translate() to each of the three model objects, which is exactly the required workflow.","You set the seed and created train_resamples with rsample::bootstraps(ames_train), matching the expected bootstrap resampling process.","You built all_workflows with the base recipe and three models, then unnested the info column; this matches the required workflow_set construction and inspection.","Your code updates all_workflows with workflow_map and then correctly unnests result and .metrics, filters for rmse, groups, arranges, and slices; the process and structure are as specified.","You called workflowsets::rank_results(all_workflows, rank_metric = 'rmse', select_best = TRUE) as required; comparison to Q8 is implied by the comment.","You extracted the 'base_forest' workflow, finalized it with specific trees and min_n values, fit on both training and test data, and computed train/test MSE and their ratio; this matches the expected finalize-and-compare workflow even though you did not report the numeric ratio in text."
20,25,"Most of the required tidymodels workflow is present and generally follows the intended structure, including recipes, models, workflowsets, tuning, and evaluation. The main issues are missing stratification in the data split, some recipe implementation details (namespacing and selectors), and not explicitly reporting the final MSE ratio with the specified best parameters. Tightening up those details will make your code more robust and fully aligned with the rubric.",3,2,1,2,3,3,3,3,3,2,Used skimr::skim(dat) correctly with no extra intermediates and stated no missing data; this fully matches the expected EDA workflow.,"Correct use of set.seed, initial_split, training, and testing with 75% split, but you omitted strata = 'Sale_Price', so the split does not follow the specified stratified process.","You created a recipe with the right formula and included log, other, dummy, center, and scale steps, but you did not namespace the recipes steps, used all_predictors() instead of all_numeric_predictors(), and prep() is called on norm_recipe outside the pipeline, so the code as written would not run as intended.","All three models are defined with correct engines and tunable parameters, and the random forest has mode set to regression; however, you did not call parsnip::set_mode('regression') for the lm and glmnet models, which is part of the expected process.","parsnip::translate() is applied to each of the three model objects, matching the required workflow and showing the underlying templates.","You set the seed and created train_resamples with rsample::bootstraps(ames_train), correctly producing a bootstrap resampling object with default settings.","You built all_workflows with workflow_set using the recipe and all three models, and unnested the info column to inspect structure; this matches the expected workflow and structure.","Your code updates all_workflows with workflow_map and then correctly selects, unnests result and .metrics, filters for rmse, groups by wflow_id, arranges by .estimate, and slices the top row per group.","You called workflowsets::rank_results(all_workflows, rank_metric = 'rmse', select_best = TRUE) as required; this matches the expected comparison step with Exercise 8.","You correctly extracted the 'base_forest' workflow, finalized it with chosen parameters, and wrote code to fit on train and test data and compute MSE and their ratio, but you did not report the final numeric ratio and your chosen parameters differ from the specified best (trees = 1, min_n = 11)."
21,25,"You completed all exercises and generally followed the intended tidymodels workflow, including recipes, models, workflowsets, tuning, and evaluation. Most issues are minor, such as missing strata in the split, incomplete namespacing, and small deviations from the expected preprocessing and tuning choices. Tightening up the recipe syntax and ensuring all arguments match the rubric (e.g., strata and best hyperparameters) will make your code fully aligned with the reference solution.",3,2,1,2,3,3,3,3,3,2,Used skimr::skim(dat) correctly with no extra intermediates and answered the missing-data question; this matches the expected EDA workflow.,"Correct use of set.seed, initial_split, training, and testing with 75% split, but you omitted the required strata = 'Sale_Price' argument for the split.","You specified the right variables and included log, other, dummy, center, and scale steps, but you did not namespace the recipe steps, used all_predictors() instead of all_numeric_predictors(), and prep() is called on norm_recipe outside the pipe, so the code as written would not run as intended.","All three models are defined with appropriate engines and tunable parameters, and the random forest has mode set to regression, but you did not call parsnip::set_mode('regression') for the lm and glmnet models and used tune() without the parsnip:: namespace.","You correctly applied parsnip::translate() to each of the three model objects, which matches the expected process and output structure.","You set the seed and created train_resamples with rsample::bootstraps(ames_train), which is exactly the expected bootstrap resampling workflow.","You built all_workflows with workflow_set using the recipe and three models, then unnested the info column; this matches the required structure and examination step.","Your code correctly selects and unnests result and .metrics, filters for rmse, groups by wflow_id, orders by .estimate, and slices the top row, matching the expected tuning-summary workflow.","You called workflowsets::rank_results(all_workflows, rank_metric = 'rmse', select_best = TRUE) as required; this aligns with the rubric for comparing ranked results.","You extracted the base_forest workflow, finalized it with specific trees and min_n values, and fit on both train and test sets while computing MSE and their ratio, but you did not report the final numeric ratio and your chosen tuning parameters differ from the expected best (trees = 1, min_n = 11)."
22,25,"Most core tidymodels workflows, models, and workflowsets steps are implemented correctly, and the code structure closely follows the solution. Main issues are missing strata in the split, incomplete recipe prep/step qualification, and not explicitly reporting or matching the expected best model parameters and MSE ratio. Tightening syntax (especially in the recipe) and aligning with the specified tuning choices would bring this to full credit.",3,2,1,2,3,3,3,3,3,2,"Used skimr::skim(dat) correctly (pipe not required by rubric), no extra objects, and correctly noted no missing data.","Correct use of set.seed, initial_split, training, and testing with 75% split, but missing the required strata = 'Sale_Price' argument.","Recipe uses the right formula and includes log, other, dummy, center, and scale steps, but uses unqualified step_* functions, centers/scales all predictors (including dummies), and the prep/tidy call is syntactically incorrect and not chained to norm_recipe.","All three models are specified with correct engines and tunable parameters, but set_mode('regression') is missing for the lm and glmnet models as required by the rubric.","parsnip::translate() is correctly called on each of the three model objects, following the expected workflow.",Seed is set and rsample::bootstraps() is correctly applied to ames_train to create train_resamples with default settings.,"workflow_set is correctly built with the recipe and three models, and tidyr::unnest(info) is used to inspect the workflow structure as required.","Correctly updates all_workflows with workflow_map and then selects, unnests result and .metrics, filters for rmse, groups, arranges by .estimate, and slices the top row per workflow.","Calls workflowsets::rank_results with all_workflows, rank_metric = 'rmse', and select_best = TRUE as specified.","Correctly extracts the 'base_forest' workflow, finalizes with chosen parameters, fits on train and test, and computes MSE ratio, but does not report the numeric ratio and uses parameter values that do not match the expected best (trees = 1, min_n = 11)."
23,25,"Most core tidymodels workflows are implemented correctly, including EDA, resampling, model specification, workflow sets, tuning, and ranking. The main issues are missing stratification in the split, some recipe and model-spec details (namespacing, selectors, modes), and not explicitly reporting the final MSE ratio in Exercise 10. Tightening up those details and ensuring all steps follow the rubric exactly would bring this to full credit.",3,2,1,2,3,3,3,3,3,2,Correct use of skimr::skim(dat) with no unnecessary intermediates and a clear statement of no missing data.,"Correct use of set.seed, initial_split, training, and testing, but the split omits strata = 'Sale_Price', so the process is slightly incomplete.","You specify the right formula and include log, other, dummy, center, and scale steps, but you don’t namespace the recipe steps, use all_predictors() instead of all_numeric_predictors(), and prep() is called incorrectly outside the pipeline; this makes the workflow and intended transformations only partially correct.","All three models are defined with appropriate engines and tuning parameters, but you omit set_mode('regression') for the first two models and use un-namespaced tune(), which makes the specifications incomplete per the rubric.","parsnip::translate() is correctly applied to each of the three model objects, matching the expected workflow.","You correctly set the seed and create train_resamples with rsample::bootstraps(ames_train), following the expected process.","workflow_set is correctly built with the recipe and three models, and you unnest the info column as required to inspect the workflow structure.","Your code correctly selects and unnests result and .metrics, filters for rmse, groups by wflow_id, orders by .estimate, and slices the top row, matching the required workflow.","You correctly call workflowsets::rank_results with all_workflows, rank_metric = 'rmse', and select_best = TRUE as specified.","You extract the base_forest workflow, finalize it with chosen parameters, and fit on both train and test sets and compute MSEs, but you do not report the final test/train MSE ratio and your chosen parameters differ from the expected best configuration."
24,25,"Most exercises are completed with the correct functions and workflows, and your use of workflowsets, tuning, and resampling is solid. The main issues are small omissions (e.g., strata in the split, set_mode for some models, and not explicitly reporting the final MSE ratio) and a slightly messy recipe/prep chain. Tightening syntax and explicitly stating requested numeric results would bring this to full credit.",3,2,1,2,3,3,3,3,3,2,Correct use of skimr::skim(dat) with no unnecessary intermediates and a clear statement of no missing data.,"Correct use of set.seed, initial_split, training, and testing, but the split omits strata = 'Sale_Price', so the process is slightly incomplete.","You specify the right variables and include log, other, dummy, center, and scale steps, but you don’t namespace the recipe steps, use all_predictors() instead of all_numeric_predictors(), and the prep/tidy call is not correctly chained to norm_recipe; tighten up the syntax and step selection.","All three models are defined with appropriate engines and tunable parameters, but you omit set_mode('regression') for the first two models and use un-namespaced tune(), which may cause issues.","You correctly call parsnip::translate() on each of the three model objects, matching the expected workflow.",You set the seed and create train_resamples with rsample::bootstraps(ames_train) as required; the process and object are correct.,"You build all_workflows with the recipe and three models, and unnest the info column using tidyr::unnest(info), matching the expected structure.","Your dplyr/tidyr pipeline correctly selects, unnests result and .metrics, filters for rmse, groups, arranges by .estimate, and slices the top row per workflow.","You correctly call workflowsets::rank_results(all_workflows, rank_metric = 'rmse', select_best = TRUE) as specified.","You extract the base_forest workflow, finalize it with chosen parameters, fit on train and test, and compute MSE and their ratio, but you do not report the final numeric ratio in the markdown answer."
25,25,"Most of the required tidymodels workflow is present and generally follows the intended structure, including recipes, models, workflowsets, tuning, and evaluation. The main issues are missing stratification in the split, some recipe/prep inaccuracies, and not explicitly reporting the final MSE ratio or using the specified best parameters. Tightening up namespacing and matching the exact process described in the rubric would bring this to full credit.",3,2,1,2,3,3,3,3,3,2,"Correct use of skimr::skim(dat) with no unnecessary intermediates, and the markdown conclusion about no missing data is present.","You correctly used set.seed(), initial_split(), training(), and testing(), but you omitted the strata = 'Sale_Price' argument, so the split does not fully match the specified process.","You created a recipe with the right variables and included log, other, dummy, center, and scale steps, but you did not namespace the recipes steps, used all_predictors() instead of all_numeric_predictors(), and the prep call is outside the pipeline and incorrectly specified; this does not clearly yield the intended centered/scaled numeric predictors and examined recipe.","All three models are defined with appropriate engines and tuning parameters, but you did not call parsnip::set_mode('regression') on the glmnet model, which is required by the rubric’s expected process.","You correctly applied parsnip::translate() to each of the three model objects, which will display the underlying engine-specific templates.","You set the seed and created train_resamples using rsample::bootstraps(ames_train), matching the expected bootstrap resampling workflow.","You built all_workflows with workflow_set() using the recipe and all three models, and unnested the info column with tidyr::unnest(info), which matches the required structure and examination.","Your code updates all_workflows with workflow_map() and then correctly unnests result and .metrics, filters for rmse, groups by wflow_id, orders by .estimate, and slices the top row per group.","You called workflowsets::rank_results(all_workflows, rank_metric = 'rmse', select_best = TRUE) as required; comparison to Q8 is implied even though not discussed in text.","You extracted the 'base_forest' workflow, finalized it with chosen parameters, and fit on both training and test data while computing MSE and their ratio, but you did not report the numeric ratio in the markdown and the chosen parameters differ from the specified best (trees = 1, min_n = 11)."
26,26,"Your lab shows a solid grasp of the tidymodels workflow, with all major steps present and mostly correct. The main issues are minor deviations from the specified arguments (e.g., missing strata in the split, not restricting centering/scaling to numeric predictors, and not explicitly setting regression mode for some models). Tightening these details will make your code more robust and fully aligned with the rubric expectations.",3,2,1,2,3,3,3,3,3,3,Correct use of skimr::skim(dat) with no extra intermediates and a clear statement of no missing data.,"You correctly used set.seed(), initial_split(), training(), and testing(), but omitted the required strata = 'Sale_Price' argument for the split.","You specified the right variables and included log, other, dummy, center, and scale steps, but used unqualified step_* calls, centered/scaled all predictors instead of numeric predictors, and the prep/tidy call is not properly chained to norm_recipe.","All three models are defined with appropriate engines and tunable parameters, but you did not set the mode to 'regression' for the lm and glmnet models as required.",parsnip::translate() is correctly applied to each of the three model objects to inspect their engine-specific templates.,"You set the seed and created train_resamples with rsample::bootstraps(ames_train), matching the expected bootstrap resampling workflow.",You correctly built all_workflows with the recipe and three models and unnested the info column to inspect the workflow structure.,"Your code updates all_workflows with workflow_map(), then unnests result and .metrics, filters for rmse, and selects the top estimate per workflow as specified.","You correctly call workflowsets::rank_results(all_workflows, rank_metric = 'rmse', select_best = TRUE) as required.","You extract the 'base_forest' workflow, finalize it with chosen parameters, fit on train and test sets, and compute the test/train MSE ratio, matching the expected process."
27,26,"Most exercises follow the intended tidymodels and workflowsets processes, with correct use of recipes, models, resampling, and tuning. The main issues are a missing strata argument in the data split and some recipe syntax/selector choices in Exercise 3. Tightening up namespacing and step usage in recipes and ensuring all required arguments (like strata) are included will make your workflow fully aligned with the rubric.",3,2,1,2,3,3,3,3,3,3,Correct use of skimr::skim(dat) with no unnecessary intermediates and a clear statement of no missing data.,"Correct use of set.seed, initial_split, training, and testing, but you omitted the required strata = 'Sale_Price' argument for the split.","You specified the right variables and included log, other, dummy, center, and scale steps, but you did not namespace the recipe steps, used all_predictors() instead of all_numeric_predictors(), and prep() is called on norm_recipe outside the pipe, so the workflow is not correctly constructed.","You correctly defined the three model specs and used tune() for the appropriate parameters, but you did not call parsnip::set_mode('regression') on the glmnet model as required.",You correctly applied parsnip::translate() to each of the three model objects in sequence to inspect their engine-specific templates.,"You set the seed and created train_resamples with rsample::bootstraps(ames_train) as expected, producing a proper bootstrap resampling object.","You built all_workflows with workflow_set using the recipe and all three models, and unnested the info column to inspect the workflow structure as required.","Your code correctly selects and unnests result and .metrics, filters for rmse, groups by wflow_id, orders by .estimate, and slices the top row per workflow.","You correctly called workflowsets::rank_results(all_workflows, rank_metric = 'rmse', select_best = TRUE) as specified.","You extracted the 'base_forest' workflow, finalized it with chosen parameters, fit on both training and test sets, and computed and compared train/test MSE via their ratio; the full workflow is present even though you did not report the numeric ratio in text."
28,25,"Most of the required tidymodels workflow is present and correctly structured, including model specifications, workflow sets, tuning, and resampling. The main issues are missing strata in the data split, incomplete recipe chaining and log base specification, omission of set_mode for some models, and not explicitly reporting the final MSE ratio or using the expected best parameters. Tightening up those details would bring this very close to full credit.",3,2,1,2,3,3,3,3,3,2,Correct use of skimr::skim(dat) with no unnecessary intermediates and a clear statement of no missing data.,"Correct use of set.seed, initial_split, training, and testing with 75% split, but you omitted the required strata = 'Sale_Price' argument.","You specified the right variables and included log, other, dummy, centering, and scaling steps, but the code mixes magrittr pipes with un-namespaced step_* calls and then calls recipes::prep() on norm_recipe outside the pipeline, which is not the expected single chained workflow; also base for log is not specified as exp(1).","All three models are defined with correct engines and tunable parameters, but you did not set mode = 'regression' for the lm and glmnet models as required by the rubric.",You correctly applied parsnip::translate() to each of the three model objects to inspect their engine-specific templates.,"You correctly set the seed and created train_resamples with rsample::bootstraps(ames_train), matching the expected process.","You created all_workflows with workflow_set using the recipe and all three models, and unnested the info column as required.","Your dplyr/tidyr pipeline correctly selects and unnests result and .metrics, filters for rmse, groups by wflow_id, orders by .estimate, and slices the top row per group.","You correctly called workflowsets::rank_results(all_workflows, rank_metric = 'rmse', select_best = TRUE) as specified.","You extracted the base_forest workflow, finalized it with chosen parameters, and fit on train and test data while computing MSE and their ratio, but you did not report the numeric ratio in the markdown and your chosen parameters differ from the expected best (trees = 1, min_n = 11)."
29,25,"Most of the required tidymodels workflow is present and correctly structured, including model definitions, workflow sets, tuning, and ranking. The main issues are missing stratification in the train/test split, some recipe syntax and selector choices, and not explicitly reporting the final MSE ratio or using the specified best parameters. Tightening up the recipe code and aligning parameters and outputs with the instructions would bring this to full credit.",3,2,1,2,3,3,3,3,3,2,Correct use of skimr::skim(dat) with no extra intermediates and a clear statement of no missing data.,"You correctly used set.seed(), initial_split(), training(), and testing(), but you omitted the strata = 'Sale_Price' argument, so the split is not stratified as specified.","You specified the correct variables and included log, other, dummy, center, and scale steps, but you did not namespace the recipe steps, used all_predictors() instead of all_numeric_predictors(), and the prep/tidy call is syntactically incorrect and not chained to norm_recipe.","All three models are defined with appropriate engines and tuning parameters, but you did not call parsnip::set_mode('regression') on the glmnet model and used un-namespaced tune(), which may cause issues.",You correctly applied parsnip::translate() to each of the three model objects to inspect their engine-specific templates.,"You set the seed and created train_resamples with rsample::bootstraps(ames_train) as expected, producing a proper bootstrap resampling object.","You built all_workflows with workflow_set() using the recipe and three models, and unnested the info column to inspect the workflow structure as required.","Your code updates all_workflows with workflow_map(), then correctly unnests result and .metrics, filters for rmse, groups by wflow_id, orders by .estimate, and slices the top row per group.","You correctly called workflowsets::rank_results(all_workflows, rank_metric = 'rmse', select_best = TRUE) to obtain ranked best configurations.","You extracted the 'base_forest' workflow, finalized it with chosen parameters, and fit on both train and test sets, computing MSEs and their ratio; however, you did not report the numeric ratio in the markdown answer and your chosen parameters differ from the specified best (trees = 1, min_n = 11)."
30,22.5,"Your lab shows a solid grasp of the tidymodels workflow, including recipes, model specifications, workflowsets, tuning, and evaluation. Most exercises follow the intended process closely, with only minor deviations (e.g., missing strata in the split, recipe step details, and some namespacing/mode settings). To improve, focus on matching the exact arguments and function usage specified in the rubric and ensuring recipe prep/tidy is chained correctly.",2.5,2,1.5,2,3,3,3,3,3,2.5,"You correctly used skimr::skim(dat) and answered that there is no missing data. To fully match the rubric, use the pipe operator (dat |> skimr::skim()) and avoid loading skimr inside the chunk if not needed.","You set the seed and used initial_split, training, and testing with a 0.75 prop, but you omitted strata = 'Sale_Price'. Add the strata argument to ensure stratified splitting as specified.","You created a recipe with the correct formula and included step_log, step_other, step_dummy, centering, and scaling, but you did not namespace the recipes steps, used all_predictors() instead of all_numeric_predictors(), and the prep/tidy call is not properly chained to norm_recipe. Adjust the step order and selection and ensure recipes::prep(norm_recipe) |> broom::tidy() is run on the recipe.","You defined the three models with appropriate engines and tunable parameters, and set mode for the random forest. However, you did not call parsnip::set_mode('regression') for the lm and glmnet models, and you used tune() without the parsnip:: namespace. Add set_mode for all models and fully qualify tune() to align with the rubric.","You correctly applied parsnip::translate() to each of the three model objects, which matches the expected workflow and output structure.","You set the seed and created train_resamples using rsample::bootstraps(ames_train), which matches the expected process and output.","You built all_workflows with workflowsets::workflow_set using the recipe and all three models, and unnested the info column with tidyr::unnest(info), correctly showing the workflow structure.","You updated all_workflows with workflow_map and then correctly selected, unnested result and .metrics, filtered for rmse, grouped by wflow_id, arranged by descending .estimate, and sliced the top row per group, matching the required workflow.","You called workflowsets::rank_results(all_workflows, rank_metric = 'rmse', select_best = TRUE) as required; this matches the rubric’s expectations for code and process.","You extracted the 'base_forest' workflow, finalized it with specific trees and min_n values, fit on both training and test data, and computed train/test MSE and their ratio. The workflow is correct, but the chosen parameters differ from the solution’s best values, so the resulting performance metrics will not match the expected reference."
31,26,"Most exercises are completed with the correct functions and workflows, and the code is generally well structured. The main issues are missing stratification in the train/test split and some minor recipe/model specification details (unqualified step_* and tune(), centering/scaling all predictors, and missing mode for some models). Tightening those pieces would bring the work fully in line with the rubric expectations.",3,2,1,2,3,3,3,3,3,3,Used skimr::skim(dat) correctly with no extra steps and stated no missing data; this fully matches the expected EDA workflow.,"Used set.seed, initial_split, training, and testing with 75% split, but omitted the required strata = 'Sale_Price' argument, so the process is slightly incomplete.","Recipe uses the correct formula and includes log, step_other, dummy, centering, and scaling, but uses unqualified step_* calls, centers/scales all predictors (including dummies), and prep is called incorrectly outside the pipeline; this only partially matches the specified process.","Defined three parsnip models with correct engines and tuning parameters, but did not set mode = 'regression' for the lm and glmnet models and used unqualified tune(), so the model specifications are slightly incomplete.","Called parsnip::translate() on each of the three model objects as required, which correctly exposes the engine-specific templates.","Set the seed and created train_resamples with rsample::bootstraps(ames_train), correctly producing a bootstrap resampling object.","Created all_workflows with workflow_set using the recipe and three models, then unnested the info column with tidyr::unnest(info), matching the expected workflow structure.","Updated all_workflows with workflow_map and then correctly unnested result and .metrics, filtered for rmse, grouped, arranged by .estimate, and sliced the top row per workflow.","Called workflowsets::rank_results(all_workflows, rank_metric = 'rmse', select_best = TRUE) as specified; comparison to Q8 is implied by the comment.","Extracted the 'base_forest' workflow, finalized it with explicit trees and min_n values, and fit on both training and test data while computing train/test MSE and their ratio; this matches the required workflow even though the exact numeric ratio is not reported in text."
32,25,"Most exercises are completed with the correct functions and workflows, and your code generally follows the tidymodels process well. The main issues are missing stratification in the data split, some recipe/prep syntax and scoping problems, and not fully aligning the final model parameters and reported MSE ratio with the expected best model. Tightening up namespacing, argument details (e.g., strata, set_mode), and ensuring prep/tidy are correctly piped from the recipe would bring this to full credit.",3,2,1,2,3,3,3,3,3,2,Used skimr::skim(dat) correctly with no extra steps and stated no missing data; this fully matches the expected EDA workflow.,"Used set.seed and rsample::initial_split/training/testing with correct prop, but omitted strata = 'Sale_Price', so the split process is incomplete per the rubric.","Recipe uses the correct formula and includes log, step_other, dummy, centering, and scaling, but uses un-namespaced step_* calls, centers/scales all predictors (including dummies), and the prep/tidy call is syntactically incorrect and not piped from norm_recipe.","All three models are defined with appropriate engines and tuning parameters, but parsnip::set_mode('regression') is missing for the first two models and tune() is not namespaced, so the model specifications are not fully correct.","Correctly calls parsnip::translate() on each of the three model objects, satisfying the required workflow and expected outputs.","Correctly sets the seed and creates train_resamples with rsample::bootstraps(ames_train), matching the expected bootstrap resampling process.","Creates all_workflows with workflowsets::workflow_set using the recipe and three models, and unnests the info column as required; structure matches the rubric expectations.","Uses workflow_map as specified and then correctly unnests result and .metrics, filters for rmse, groups by wflow_id, orders by .estimate, and slices the top row per group.","Calls workflowsets::rank_results(all_workflows, rank_metric = 'rmse', select_best = TRUE) exactly as required; comparison step is noted in comments.","Correctly extracts the 'base_forest' workflow, finalizes with chosen parameters, and fits on both training and test data while computing MSEs, but does not report the final MSE ratio value and the chosen parameters differ from the expected best (trees = 1, min_n = 11)."
33,25,"Most exercises are completed with the correct functions and workflows, and your code generally follows the intended tidymodels process. The main issues are minor omissions (e.g., missing strata in the split, missing set_mode for some models) and a syntactic problem in the recipe prep/tidy step. Tightening up those details and explicitly reporting final numeric answers (like the MSE ratio) would bring this to full credit.",3,2,1,2,3,3,3,3,3,2,Used skimr::skim(dat) correctly with no extra steps and stated no missing data; this fully matches the expected EDA workflow.,"Used set.seed and rsample::initial_split/training/testing with correct prop, but omitted strata = 'Sale_Price', so the split process is slightly incomplete.","Recipe uses the correct formula and includes log, step_other, dummy, centering, and scaling, but uses un-namespaced step_* functions, centers/scales all predictors (including dummies), and the prep/tidy call is syntactically incorrect and not chained to norm_recipe.","All three models are defined with appropriate engines and tuned parameters, but set_mode('regression') is missing for the lm and glmnet models, and tune() is not namespaced with parsnip::tune().","Correctly calls parsnip::translate() on each of the three model objects, matching the required process.","Sets the seed and creates train_resamples with rsample::bootstraps(ames_train) as expected, producing the correct resampling object.","Builds all_workflows with the base recipe and three models, then unnests the info column using tidyr::unnest(info), correctly exposing the workflow structure.","Uses workflow_map as specified and then correctly unnests result and .metrics, filters for rmse, groups by wflow_id, arranges by descending .estimate, and slices the top row per group.","Calls workflowsets::rank_results(all_workflows, rank_metric = 'rmse', select_best = TRUE) exactly as required; comparison to Q8 is implied though not discussed in text.","Correctly extracts the 'base_forest' workflow, finalizes it with chosen parameters, and fits on train and test data while computing MSEs and their ratio, but the best parameters are not those from the provided solution and the final MSE ratio is left blank in the narrative."
34,26,"Most exercises are completed with the correct functions and workflows, and you follow the tidymodels workflowset pattern well. The main issues are missing strata in the data split and some recipe details (namespacing and use of all_numeric_predictors plus a cleaner prep/tidy pipeline). Tightening up those details will make your code more robust and fully aligned with the rubric expectations.",3,2,1,2,3,3,3,3,3,3,Used skimr::skim(dat) correctly with no extra intermediates and stated no missing data; this fully matches the expected EDA workflow.,"Correct use of set.seed, initial_split, training, and testing with 75% split, but you omitted the required strata = 'Sale_Price' argument for the split.","You created a recipe with the correct formula and included log, step_other, dummy, centering, and scaling, but you did not namespace the recipes steps, used all_predictors() instead of all_numeric_predictors(), and the prep/tidy call is written outside the pipeline and likely incorrect; the required prep + broom::tidy workflow is not clearly implemented.","All three models are defined with correct engines and tunable parameters, but you did not call parsnip::set_mode('regression') on the first two models and did not namespace tune(), which may cause issues; otherwise the structure matches the rubric.","You correctly applied parsnip::translate() to each of the three model objects, which is exactly the required process.","You set the seed and created train_resamples with rsample::bootstraps(ames_train) as expected, producing the correct bootstrap resampling object.","You built all_workflows with workflow_set using the recipe and three models, and unnested the info column with tidyr::unnest(info), matching the required workflow structure.","Your code updates all_workflows with workflow_map and then correctly unnests result and .metrics, filters for rmse, groups by wflow_id, arranges by descending .estimate, and slices the top row per group as specified.","You called workflowsets::rank_results(all_workflows, rank_metric = 'rmse', select_best = TRUE) exactly as required; comparison to Q8 is implied in your comment.","You extracted the 'base_forest' workflow, finalized it with specific trees and min_n values, and fit it on both training and test data while computing MSE and their ratio; this satisfies the required workflow even though you did not report the numeric ratio in text."
35,25,"Most exercises are completed with the correct functions and workflows, especially for model specification, workflowsets, tuning, and ranking. The main issues are missing stratification in the data split, some recipe/prep syntax and scoping problems, and not explicitly reporting the final MSE ratio in Exercise 10. Tightening up namespacing, recipe chaining, and ensuring all requested arguments (like strata and set_mode) are included would make this fully aligned with the rubric.",3,2,1,2,3,3,3,3,3,2,Used skimr::skim(dat) correctly with no extra intermediates and stated no missing data; this fully matches the expected EDA workflow.,"Correct use of set.seed, initial_split, training, and testing with 75% split, but the split omits strata = 'Sale_Price', so the process is slightly incomplete.","Recipe uses the correct formula and includes log transform, step_other, dummies, centering, and scaling, but uses un-namespaced step_* functions, centers/scales all predictors (including dummies), and the prep/tidy call is syntactically incorrect and not chained to norm_recipe.","All three models are specified with appropriate engines and tuning parameters, but set_mode('regression') is missing for the lm and glmnet models, and tune() is not namespaced with parsnip::tune().","parsnip::translate() is correctly applied to each of the three model objects, matching the required workflow.",set.seed(8740) is used and rsample::bootstraps() is correctly called on ames_train to create train_resamples with default settings.,"workflowsets::workflow_set() is correctly created with the recipe and three models, and tidyr::unnest(info) is used to inspect the workflow structure as required.","Code updates all_workflows with workflow_map and then correctly unnests result and .metrics, filters for rmse, groups by wflow_id, orders by .estimate, and slices the top row per group.","workflowsets::rank_results() is called with all_workflows, rank_metric = 'rmse', and select_best = TRUE as specified.","Correctly extracts the 'base_forest' workflow, finalizes it with chosen parameters, and fits on both training and test data while computing MSEs, but the best parameters differ from the solution and the final MSE ratio is not reported in the markdown."
36,26,"Most exercises are completed with the correct functions and workflows, and the modeling, workflowsets, tuning, and evaluation steps are well structured. The main issues are a missing stratification in the train/test split and some recipe/prep details (namespacing and centering/scaling scope). Tightening up those preprocessing steps and explicitly reporting final metrics (like the MSE ratio) would make the submission fully aligned with the rubric.",3,2,1,2,3,3,3,3,3,3,Used skimr::skim(dat) correctly with no extra intermediates and stated no missing data; this fully matches the expected EDA workflow.,"Correct use of set.seed, initial_split, training, and testing with 75% split, but the split omits strata = 'Sale_Price', so the process is slightly incomplete.","Recipe uses the correct formula and includes log transform, step_other, dummies, centering, and scaling, but uses un-namespaced step_* functions, centers/scales all predictors (including dummies) instead of numeric predictors only, and the prep/tidy call is syntactically incorrect and not chained to norm_recipe.","All three models are specified with appropriate engines and tunable parameters, but set_mode('regression') is missing for the lm and glmnet models, and tune() is not namespaced with parsnip::tune().","parsnip::translate() is correctly applied to each of the three model objects, matching the expected process and outputs.","set.seed(8740) is called and rsample::bootstraps() is used on ames_train to create train_resamples, which aligns with the required bootstrap workflow.","workflowsets::workflow_set() is correctly built with the recipe and three models, and tidyr::unnest(info) is used to inspect the workflow structure as required.","Code updates all_workflows with workflow_map and then correctly unnests result and .metrics, filters for rmse, groups by wflow_id, orders by .estimate, and slices the top row per group.","workflowsets::rank_results() is called with all_workflows, rank_metric = 'rmse', and select_best = TRUE, matching the expected usage; comparison to Q8 is implied but not elaborated in text.","Correctly extracts the 'base_forest' workflow, finalizes it with specified parameters, fits on both training and test sets, and computes train/test MSE and their ratio, satisfying the required workflow even though the numeric ratio is not explicitly reported in text."
37,25,"Most of the required tidymodels workflow is present and generally follows the intended structure, including recipes, models, workflow sets, tuning, and evaluation. The main issues are missing stratification in the data split, some recipe syntax/namespace problems, and not explicitly reporting the final MSE ratio or using the specified best parameters. Tightening up namespaces, argument choices (e.g., strata, all_numeric_predictors), and clearly documenting final numeric results would make the submission fully aligned with the rubric.",3,2,1,2,3,3,3,3,3,2,Used skimr::skim(dat) correctly with no extra intermediates and stated no missing data; this fully matches the expected EDA workflow.,"Correct use of set.seed, initial_split, training, and testing with 75% split, but you omitted strata = 'Sale_Price', so the split does not follow the specified stratified process.","You created a recipe with the right formula and included log, step_other, dummy, centering, and scaling, but you did not namespace the recipes steps, used all_predictors() instead of all_numeric_predictors(), and the prep/tidy call is syntactically incorrect and not assigned back to a prepped object.","All three models are defined with appropriate engines and tunable parameters, but you did not call parsnip::set_mode('regression') on the first two models and did not namespace tune(), which may cause execution issues.","You correctly applied parsnip::translate() to each of the three model objects, matching the required process.","You set the seed and created train_resamples with rsample::bootstraps(ames_train) as expected, producing the correct bootstrap resampling object.","You built all_workflows with workflow_set using the recipe and three models, and unnested the info column with tidyr::unnest(info), which matches the required workflow structure inspection.","Your code updates all_workflows with workflow_map and then correctly unnests result and .metrics, filters for rmse, groups by wflow_id, arranges by .estimate descending, and slices the top row per group.","You called workflowsets::rank_results(all_workflows, rank_metric = 'rmse', select_best = TRUE) as required; comparison to Q8 is implied by the comment.","You correctly extracted the 'base_forest' workflow, finalized it with chosen parameters, and fit on both training and test data while computing MSE and their ratio, but you did not report the numeric ratio in the markdown and your chosen parameters differ from the specified best (trees = 1, min_n = 11)."
38,26,"Most exercises are completed with the correct functions and workflows, and your code generally follows the tidymodels patterns expected in the lab. The main issues are missing stratification in the train/test split and a somewhat off-spec recipe in Exercise 3 (namespacing and centering/scaling choices). Tightening up those details and explicitly setting model modes where appropriate would bring this to a near-perfect submission.",3,2,1,2,3,3,3,3,3,3,Used skimr::skim(dat) correctly with no extra intermediates and stated no missing data; this fully matches the expected EDA workflow.,"Correct use of set.seed, initial_split, training, and testing with 75% split, but the split is missing strata = 'Sale_Price', so the process is slightly incomplete.","Recipe uses the correct formula and includes log, step_other, dummy, centering, and scaling, but uses un-namespaced step_* calls, centers/scales all predictors (including dummies) instead of numeric predictors, and prep/tidy are not chained as specified; overall process is only partially aligned with the rubric.","All three models are defined with appropriate engines and tunable parameters, but parsnip::set_mode('regression') is missing for the first two models, so the model specifications are not fully complete.","parsnip::translate() is correctly applied to each of the three model objects, matching the expected workflow for examining model templates.","set.seed(8740) is called and rsample::bootstraps() is used on ames_train to create train_resamples, which matches the required bootstrap resampling process.","workflowsets::workflow_set() is correctly constructed with the recipe and three models, and tidyr::unnest(info) is used to inspect the workflow structure as required.","Code updates all_workflows with workflow_map and then correctly unnests result and .metrics, filters for rmse, groups by wflow_id, orders by .estimate, and slices the top row per group, matching the specified process.","workflowsets::rank_results() is called with all_workflows, rank_metric = 'rmse', and select_best = TRUE, satisfying the rubric requirements for this exercise.","Correctly extracts the 'base_forest' workflow, finalizes it with chosen parameters, fits on both training and test sets, and computes train/test MSE and their ratio; the full workflow is present even though the final numeric ratio is left blank in text."
39,26,"Most exercises are completed with the correct functions and workflows, and the modeling, workflowsets, and tuning steps are well structured. The main issues are minor omissions in stratified splitting, recipe syntax/qualification, and setting modes for some parsnip models. Tightening up those details and ensuring all steps are fully qualified and syntactically correct would bring this to full credit.",3,2,1,2,3,3,3,3,3,3,Used skimr::skim(dat) correctly with no extra intermediates and stated no missing data; this fully matches the expected EDA workflow.,"Correct use of set.seed, initial_split, training, and testing with 75% split, but the split omits strata = 'Sale_Price', so the process is slightly incomplete.","Recipe uses the right formula and includes log, step_other, dummy, centering, and scaling, but uses unqualified step_* calls, centers/scales all predictors (including dummies), and the prep/tidy call is syntactically incorrect and not chained to norm_recipe.","All three models are specified with correct engines and tunable parameters, but parsnip::set_mode('regression') is missing for the lm and glmnet models, and tune() is not namespace-qualified.","parsnip::translate() is correctly applied to each of the three model objects, matching the required workflow.","set.seed(8740) is called and rsample::bootstraps() is applied to ames_train with default parameters, producing the expected bootstrap resampling object.","workflowsets::workflow_set() is used with the recipe and all three models, and tidyr::unnest(info) is used to inspect the workflow structure as required.","workflow_map() is used as specified, and the subsequent dplyr/tidyr pipeline correctly unnests result and .metrics, filters for rmse, groups, arranges by .estimate, and slices the top row per workflow.","workflowsets::rank_results() is called with all_workflows, rank_metric = 'rmse', and select_best = TRUE, matching the expected usage.","Correctly extracts the 'base_forest' workflow, finalizes it with specific trees and min_n values, and fits on both training and test data; although the exact ratio is not reported, the required functions and workflow are present."
40,26,"Most exercises are completed with the correct functions and workflows, and your code closely follows the intended tidymodels process. The main issues are missing stratification in the train/test split and some recipe/model specification details (namespacing and set_mode). Tightening those pieces would bring this to a fully correct, reproducible analysis.",3,2,1,2,3,3,3,3,3,3,Used skimr::skim(dat) correctly with no extra steps and stated no missing data; this fully matches the expected EDA workflow.,"Used set.seed and rsample::initial_split/training/testing with correct prop, but omitted the required strata = 'Sale_Price' argument, so the split process is slightly incomplete.","Recipe uses the correct formula and includes log, step_other, dummy, center, and scale steps, but does not namespace recipes::step_* functions and misuses prep (called on norm_recipe without piping and then piped to broom::tidy), so the prep/examination workflow is incorrect.","Defined three parsnip models with appropriate engines and tunable parameters, but did not call parsnip::set_mode('regression') on the lm and glmnet models and did not namespace tune(), so the model specifications are slightly incomplete.","Called parsnip::translate() on each of the three model objects as required, correctly following the expected process.",Set the seed and created train_resamples with rsample::bootstraps(ames_train) using the pipe; this matches the expected bootstrap resampling workflow.,"Created all_workflows with workflowsets::workflow_set using the recipe and three models, then unnested the info column with tidyr::unnest(info), correctly showing the workflow structure.","Updated all_workflows with workflow_map and then correctly selected, unnested result and .metrics, filtered for rmse, grouped, arranged by .estimate, and sliced the top row per workflow as specified.","Called workflowsets::rank_results(all_workflows, rank_metric = 'rmse', select_best = TRUE) exactly as required; comparison to Q8 is implied by the comment.","Extracted the 'base_forest' workflow, finalized it with specific trees and min_n values, and fit on both training and test data while computing train/test MSE and their ratio; the full finalize-and-fit workflow is present even if the numeric ratio is not reported in text."
41,25,"Most of the workflow, modeling, and resampling steps are implemented correctly, and you follow the intended tidymodels process through workflowsets and tuning. The main issues are a missing stratification in the train/test split, some inaccuracies in the recipe definition and prep call, and not using the specified best parameters or reporting the final MSE ratio explicitly. Tightening up those details would bring this very close to full credit across all exercises.",3,2,1,2,3,3,3,3,3,2,"Used skimr::skim(dat) correctly (pipe not required by rubric), no extra objects, and the markdown correctly states no missing data.","Correct use of set.seed, initial_split, training, and testing, but the split omits strata = 'Sale_Price', so the process is slightly incomplete.","Recipe uses the right formula and includes log, other, dummy, center, and scale steps, but uses unqualified step_* calls, wrong log base (not specified as base = exp(1)), and prep is called incorrectly on norm_recipe with the pipe broken; this does not match the expected prep + tidy workflow.","All three models are defined with appropriate engines and tunable parameters, but set_mode('regression') is missing for the lm and glmnet models, which is part of the expected process.","parsnip::translate() is correctly applied to each of the three model objects, matching the expected workflow.","set.seed(8740) is used and rsample::bootstraps() is called on ames_train to create train_resamples, consistent with the rubric.","workflowsets::workflow_set() is used with the recipe and all three models, and tidyr::unnest(info) is used to inspect the workflow structure as required.","Code correctly selects wflow_id and result, unnests result and .metrics, filters for rmse, groups by wflow_id, arranges by descending .estimate, and slices the top row per group.","workflowsets::rank_results() is called with all_workflows, rank_metric = 'rmse', and select_best = TRUE as specified.","Correctly extracts the 'base_forest' workflow, finalizes it with specific trees and min_n values, and fits on both training and test data while computing MSE and their ratio; however, the chosen parameters do not match the specified best (trees = 1, min_n = 11), and the final ratio is left blank in the markdown."
42,25,"Most of the workflow, modeling, and resampling steps are implemented correctly, and you followed the structure of the lab well. The main issues are in the recipe construction (prep placement and missing explicit base for log) and some minor omissions in model specifications and parameter choices. Tightening up those details and clearly reporting final performance metrics in text will make your analysis more robust and reproducible.",3,2,1,2,3,3,3,3,3,2,"Used skimr::skim(dat) correctly (pipe not required by rubric), no extra objects, and the markdown correctly states no missing data.","Correct use of set.seed, initial_split, training, and testing, but the split omits strata = 'Sale_Price', so the process is slightly incomplete.","Recipe uses the correct formula and includes log, other, dummy, center, and scale steps, but uses unqualified step_* calls, incorrect prep syntax (prep(norm_recipe) after the pipeline), and does not specify base = exp(1); overall process and code structure are flawed.","All three models are defined with appropriate engines and tunable parameters, but set_mode('regression') is missing for the lm and glmnet models, and tune() is not namespaced with parsnip::tune().","parsnip::translate() is correctly applied to each of the three model objects, matching the expected workflow.",set.seed(8740) is called and rsample::bootstraps() is used on ames_train to create train_resamples as required.,"workflowsets::workflow_set() is used with the recipe and three models to create all_workflows, and tidyr::unnest(info) is used to inspect the workflow structure as expected.","Code updates all_workflows with workflow_map and then correctly unnests result and .metrics, filters for rmse, groups by wflow_id, orders by .estimate, and slices the top row per group.","workflowsets::rank_results() is called with all_workflows, rank_metric = 'rmse', and select_best = TRUE, matching the required usage.","Correctly extracts the 'base_forest' workflow, finalizes it with specific trees and min_n values, and fits on both training and test data while computing MSE and their ratio; however, the chosen parameters do not match the specified best (trees = 1, min_n = 11) and the final MSE ratio is not reported in markdown."
43,25,"Most of the required tidymodels workflow is present and correctly structured, including model definitions, workflow sets, tuning, and ranking. Main issues are missing stratification in the split, incomplete recipe/prep syntax and parameter details, and not using the specified best random forest parameters or explicitly reporting the final MSE ratio. Tightening up those details and ensuring all steps follow the given specifications would bring this to full credit.",3,2,1,2,3,3,3,3,3,2,"Used skimr::skim(dat) correctly (pipe not required by rubric), no extra objects, and the markdown correctly states no missing data.","Correct use of set.seed, initial_split, training, and testing with 75% split, but missing the required strata = 'Sale_Price' argument.","Recipe uses the right variables and includes log, other, dummy, center, and scale steps, but uses unqualified step_* calls, omits base = exp(1), and the prep/tidy call is syntactically incorrect and not assigned as specified.","All three models are defined with correct engines and tunable parameters, but set_mode('regression') is missing for the lm and glmnet models, which is required by the rubric.","parsnip::translate() is correctly called on each of the three model objects, matching the expected workflow and outputs.","Seed is set and rsample::bootstraps() is correctly applied to ames_train with default parameters, producing the expected resampling object.","workflowsets::workflow_set() is used with the recipe and all three models, and tidyr::unnest(info) is correctly used to inspect the workflow structure.","Code updates all_workflows with workflow_map and then correctly unnests result and .metrics, filters for rmse, groups, arranges by .estimate, and slices the top row per workflow.","workflowsets::rank_results() is called with all_workflows, rank_metric = 'rmse', and select_best = TRUE as required.","Correctly extracts the 'base_forest' workflow, finalizes with explicit trees and min_n, and fits on train and test data with MSE comparison, but the chosen parameters differ from the specified best (trees = 1, min_n = 11) and the final ratio is not reported in markdown."
44,25,"Most exercises are completed with appropriate use of tidymodels, workflowsets, and rsample, and the overall workflow from EDA through tuning is present. The main issues are missing stratification in the data split, some recipe/prep syntax and parameter details, and not using the specified best parameters or reporting the final MSE ratio explicitly. Tightening up these details would bring the work fully in line with the rubric.",3,2,1,2,3,3,3,3,3,2,"Used skimr::skim(dat) correctly (pipe not required by rubric), no extra objects, and the markdown correctly states no missing data.","Correct use of set.seed, initial_split, training, and testing, but the split omits strata = 'Sale_Price', so the process is slightly incomplete.","Recipe uses the right formula and includes log, other, dummy, center, and scale steps, but uses unqualified step_* calls, incorrect prep syntax (prep on norm_recipe then piping), and does not specify base = exp(1); overall process and code structure are flawed.","All three models are defined with correct engines and tunable parameters, but set_mode('regression') is missing for the lm and glmnet models, which makes the specifications incomplete.","parsnip::translate() is correctly called on each of the three model objects, matching the expected workflow and outputs.","Seed is set and rsample::bootstraps() is applied to ames_train with default parameters, producing the expected bootstrap resamples object.","workflowsets::workflow_set() is used with the recipe and all three models, and tidyr::unnest(info) is used to inspect the workflow structure as required.","Code correctly selects wflow_id and result, unnests result and .metrics, filters for rmse, groups, arranges by .estimate, and slices the top row per workflow, matching the expected process.","workflowsets::rank_results() is called with all_workflows, rank_metric = 'rmse', and select_best = TRUE as specified; comparison is implied by the comment.","Correctly extracts 'base_forest', finalizes the workflow with chosen parameters, fits on train and test, and computes MSE ratio, but the parameters do not match the specified best (trees = 1, min_n = 11) and the final markdown does not report the numeric ratio."
45,25,"Most of the required tidymodels workflow is present and correctly structured, including model specifications, workflow sets, tuning, and ranking. Main issues are missing stratification in the data split, some recipe/prep syntax and parameter details, and not explicitly reporting the final MSE ratio. Tightening up those details and ensuring all answers are clearly stated in markdown would bring this to full credit.",3,2,1,2,3,3,3,3,3,2,"Used skimr::skim(dat) correctly (pipe not required by rubric), no extra objects, and the markdown correctly states no missing data.","Correct use of set.seed, initial_split, training, and testing with 75% split, but missing the required strata = 'Sale_Price' argument.","Recipe uses the right variables and includes log, other, dummy, center, and scale steps, but uses unqualified step_* functions, omits base = exp(1), and the prep/tidy call is syntactically incorrect and not chained to norm_recipe.","All three models are specified with correct engines and tunable parameters, but set_mode('regression') is missing for the lm and glmnet models, and tune() is not namespaced with parsnip::tune().","parsnip::translate() is correctly called on each of the three model objects, matching the expected workflow and outputs.",Seed is set and rsample::bootstraps() is correctly applied to ames_train to create train_resamples with default settings.,"workflowsets::workflow_set() is correctly built with the recipe and three models, and tidyr::unnest(info) is used to inspect the workflow structure as required.","Code updates all_workflows with workflow_map and then correctly unnests result and .metrics, filters for rmse, groups, arranges by .estimate, and slices the top row per workflow.","workflowsets::rank_results() is called with all_workflows, rank_metric = 'rmse', and select_best = TRUE as specified.","Correctly extracts the 'base_forest' workflow, finalizes with chosen parameters, and fits on both training and test data, but does not report the requested numeric MSE ratio in the markdown answer."
46,25,"Most of the required tidymodels workflow is present and correctly structured, including model specifications, workflow sets, tuning, and ranking. The main issues are a missing stratification in the data split, incomplete parsnip mode settings, and a slightly incorrect/awkward recipe prep step and final model parameter choice. Tightening up those details and explicitly reporting final metrics would make the submission fully aligned with the rubric.",3,2,1,2,3,3,3,3,3,2,"Used skimr::skim(dat) correctly (pipe not required by rubric), no extra objects, and the markdown correctly notes no missing data.","Correct use of set.seed, initial_split, training, and testing, but the split omits strata = 'Sale_Price', so the process is slightly incomplete.","Recipe uses the right variables and steps, but step_log lacks base = exp(1), and prep is called incorrectly (recipes::prep(norm_recipe) is not piped from the recipe and broom::tidy() is chained to the result of prep(), not the recipe object). Center/scale are applied to all predictors (including dummies), which is acceptable, but the code as written would not execute as intended.","All three models are specified with correct engines and tunable parameters, but set_mode('regression') is missing for the lm and glmnet models, which makes the parsnip specifications incomplete.","parsnip::translate() is correctly called on each of the three model objects, following the expected workflow.","Seed is set and rsample::bootstraps() is applied to ames_train with default parameters, creating the expected bootstrap resamples object.","workflowsets::workflow_set() is used with the recipe and all three models, and tidyr::unnest(info) is used to inspect the workflow structure as required.","Code correctly updates all_workflows with workflow_map(), then selects and unnests result and .metrics, filters for rmse, groups by wflow_id, arranges by .estimate, and slices the top row per group.","workflowsets::rank_results() is called with all_workflows, rank_metric = 'rmse', and select_best = TRUE, matching the expected usage.","Correctly extracts the 'base_forest' workflow, finalizes it with specific trees and min_n values, and fits on both training and test data while computing MSE and their ratio. However, the chosen parameters differ from the solution’s best (trees = 1, min_n = 11) and the final MSE ratio is not reported in the markdown."
47,25,"Most of the workflow—splitting, model specification, workflowsets, tuning, and ranking—is implemented correctly and follows the intended tidymodels process. The main issues are a missing stratification in the split, some problems in the recipe definition and prep call, and using different hyperparameters than the reference best model in the finalization step. Tightening up the recipe syntax (qualified step_* calls, correct prep usage, and explicit log base) and ensuring modes/parameters match the rubric would bring this to full credit.",3,2,1,2,3,3,3,3,3,2,"Used skimr::skim(dat) correctly (pipe not required by rubric), no extra objects, and the markdown correctly states no missing data.","Correct use of set.seed, initial_split, training, and testing, but the split omits strata = 'Sale_Price', so the process is slightly incomplete.","Recipe uses the right variables and includes log, other, dummy, center, and scale steps, but uses unqualified step_* calls, wrong log base (default), and prep is called incorrectly outside the pipeline; overall process and syntax are not fully correct.","All three models are specified with correct engines and tuned parameters, but set_mode('regression') is missing for the lm and glmnet models, so the model specifications are not fully complete.","parsnip::translate() is correctly applied to each of the three model objects, matching the expected workflow.",Seed is set and rsample::bootstraps() is correctly called on ames_train to create train_resamples with default parameters.,"workflow_set is correctly built with the recipe and three models, and tidyr::unnest(info) is used to inspect the workflow structure as required.","Code updates all_workflows with workflow_map and then correctly unnests result and .metrics, filters for rmse, groups, arranges by .estimate, and slices the top row per workflow.","workflowsets::rank_results is called with all_workflows, rank_metric = 'rmse', and select_best = TRUE as specified.","Correctly extracts the 'base_forest' workflow, finalizes with chosen parameters, and fits to train and test data while computing MSE and their ratio, but the chosen parameters differ from the expected best (trees = 1, min_n = 11), so the final model does not match the reference solution."
48,25,"Most exercises are completed with the correct functions and workflow, and the modeling/tuning pipeline is largely in place. The main issues are missing stratification in the data split, a slightly incorrect/untidy recipe prep call, missing set_mode() on two models, and not explicitly reporting the final MSE ratio. Tightening up those details would bring this very close to full credit.",3,2,1,2,3,3,3,3,3,2,"Used skimr::skim(dat) correctly (pipe not required by rubric), no extra objects, and correctly noted no missing data.","Used set.seed and rsample::initial_split/training/testing with prop=0.75, but omitted strata='Sale_Price', so the split does not fully match the specified process.","Recipe uses the correct formula and includes log, other, dummy, center, and scale steps, but uses unqualified step_* calls, omits base=exp(1), and the prep/broom::tidy() call is syntactically incorrect and not chained to norm_recipe.","All three models are defined with appropriate engines and tunable parameters, but parsnip::set_mode('regression') is missing for the lm and glmnet models, which is part of the expected workflow.",Correctly calls parsnip::translate() on each of the three model objects to inspect their engine-specific templates.,Sets the seed and creates train_resamples with rsample::bootstraps(ames_train) as required; process and object name match expectations.,"Creates all_workflows with the base recipe and three models, then unnests the info column using tidyr::unnest(info), matching the required workflow structure.","Correctly selects wflow_id and result, unnests result and .metrics, filters for rmse, groups, arranges by descending .estimate, and slices the top row per workflow.","Uses workflowsets::rank_results(all_workflows, rank_metric='rmse', select_best=TRUE) exactly as specified to compare with Exercise 8.","Correctly extracts the 'base_forest' workflow, finalizes with chosen parameters, and fits on train and test data while computing MSE and their ratio, but does not report the numeric ratio in the markdown and uses parameter values that differ from the provided best (trees=1, min_n=11)."
49,25,"Most core tidymodels workflows—splitting, modeling, workflowsets, tuning, and ranking—are implemented correctly, and the code structure largely follows the template. The main issues are missing stratification in the split, an incorrectly prepped recipe with some unqualified/incorrect steps, and not using the specified best parameters or reporting the final MSE ratio in Exercise 10. Tightening up recipe syntax and explicitly documenting final performance metrics would make the submission fully aligned with the rubric.",3,2,1,2,3,3,3,3,3,2,"Used skimr::skim(dat) correctly (pipe not required by rubric), no extra objects, and the markdown correctly states no missing data.","Correct use of set.seed, initial_split, training, and testing, but the split omits strata = 'Sale_Price', so the process is slightly incomplete.","Recipe uses the right formula and includes log, other, dummy, center, and scale steps, but uses unqualified step_* functions, wrong log base (default), and prep is called incorrectly outside the pipeline; overall process and syntax are not fully correct.","Three models are defined with appropriate engines and tunable parameters, but parsnip::set_mode('regression') is missing for the first two models, so the model specifications are not fully complete.","parsnip::translate() is correctly called on each of the three model objects, matching the expected workflow.",set.seed(8740) is used and rsample::bootstraps() is correctly applied to ames_train to create train_resamples with default settings.,"workflow_set is correctly constructed with the recipe and three models, and tidyr::unnest(info) is used to inspect the workflow structure as required.","Code correctly selects wflow_id and result, unnests result and .metrics, filters for rmse, groups, arranges by descending .estimate, and slices the top row per workflow.","workflowsets::rank_results is called with all_workflows, rank_metric = 'rmse', and select_best = TRUE as specified.","Correctly extracts 'base_forest', finalizes the workflow with chosen parameters, fits on train and test data, and computes MSE ratio; however, the chosen parameters differ from the specified best (trees = 1, min_n = 11) and the final ratio is not reported in markdown."
50,22,"Most of the required tidymodels workflow is present and correctly structured, including model specifications, workflow sets, tuning, and ranking. The main issues are missing stratification in the data split, an incorrectly chained recipe prep, and not setting modes for two models or using the specified best parameters in the final model. Addressing these details will make your analysis more robust and fully aligned with the lab instructions.",3,2,1,2,3,3,3,3,3,2,"Used skimr::skim(dat) correctly (pipe not required by rubric), no extra objects, and the markdown correctly states no missing data.","Correct use of set.seed, initial_split, training, and testing, but the split omits strata = 'Sale_Price', so the process is slightly incomplete.","Recipe uses the right variables and steps, but step_log does not specify base = exp(1), and prep/tidy are called incorrectly (prep should be chained to the recipe, not called on norm_recipe as written).","All three models are specified with correct engines and tunable parameters, but set_mode('regression') is missing for the lm and glmnet models, so the parsnip workflow is not fully specified.","parsnip::translate() is correctly called on each of the three model objects, which would display the appropriate engine-specific templates.","set.seed(8740) is used and rsample::bootstraps() is correctly applied to ames_train, creating a proper bootstrap resampling object.","workflow_set is correctly constructed with the recipe and three models, and tidyr::unnest(info) is used to inspect the workflow structure as required.","Code updates all_workflows with workflow_map and then correctly unnests result and .metrics, filters for rmse, groups, arranges by .estimate, and slices the top row per workflow.","workflowsets::rank_results is called with all_workflows, rank_metric = 'rmse', and select_best = TRUE, matching the expected usage.","Correctly extracts the 'base_forest' workflow, finalizes with chosen parameters, and fits on train and test data while computing MSE and their ratio; however, the parameter values differ from the specified best (trees = 1, min_n = 11), so the final model does not match the reference configuration."
