Run,Total,OverallComment,Q1,Q2,Q3,Q4,Q5,Q6,Q7,Q8,Q9,Q10,Q1_feedback,Q2_feedback,Q3_feedback,Q4_feedback,Q5_feedback,Q6_feedback,Q7_feedback,Q8_feedback,Q9_feedback,Q10_feedback
1,25,"Your lab shows solid understanding of tidymodels workflows, recipes, model specification, and workflowsets; most required steps and functions are present and used appropriately. A few rubric-specific details are off (e.g., missing strata in the split, not explicitly setting regression mode for all models, and minor recipe/pipe issues). Tightening those details and aligning exactly with the specified processes would bring this to full credit.",2,2,2,2,3,3,3,3,3,2,"You correctly used skimr::skim(dat) and stated there is no missing data, but the rubric expected use of the pipe operator (dat |> skimr::skim()) in a single step from dat; minor process deviation.","You set the seed and used rsample::initial_split, training(), and testing(), but you omitted strata = 'Sale_Price', which was required for the specified 75% stratified split.","Your recipe uses the correct formula, log-transforms the outcome, normalizes numeric predictors, pools Neighborhood, and creates dummies, but you used step_normalize instead of separate step_center and step_scale and the prep/tidy call is not correctly chained (broom::tidy(norm_recipe) is outside the pipeline).","You defined all three models with appropriate engines and tunable parameters, but you did not explicitly set mode = 'regression' for the lm and glmnet models as in the rubric’s expected workflow.","You correctly called parsnip::translate() on each of the three model objects, matching the expected process and outputs.",You set the seed and created train_resamples with rsample::bootstraps(ames_train) as required; the process and object are correct.,"You built all_workflows with workflowsets::workflow_set using the recipe and three models, and unnested the info column with tidyr::unnest(info), matching the expected structure and process.","Your code updates all_workflows with workflow_map and then selects wflow_id and result, unnests result and .metrics, filters for rmse, groups, arranges by descending .estimate, and slices the top row per group, exactly as specified.","You correctly called workflowsets::rank_results(all_workflows, rank_metric = 'rmse', select_best = TRUE) and compared its output conceptually to your Exercise 8 results.","You extracted a best workflow, finalized it with trees and min_n, and fit on train and test data to compute an MSE ratio, but extract_workflow is misused (extra all_workflows argument), and the rubric expected specifically extracting 'base_forest' and the given ratio value; process is mostly right but not fully aligned."
2,20,"Your lab shows solid understanding of tidymodels workflows, recipes, and workflowsets, and most required steps are present and correctly structured. The main deductions are for not using the exact expected syntax (pipes in Q1, stratification in Q2, separate center/scale and tidy on prepped recipe in Q3, and explicit mode settings in Q4). Addressing these details will bring your work fully in line with the rubric and improve reproducibility and clarity.",2,2,2,2,3,3,3,3,,,"You correctly used skimr::skim(dat) and stated there is no missing data, but the rubric required using the pipe operator (dat |> skimr::skim()) in a single step from dat; adjust syntax to match the expected workflow.","You set the seed and used initial_split/training/testing with a 0.75 split, but you omitted strata = 'Sale_Price'; include stratification on Sale_Price to fully meet the rubric.","You created a recipe with the correct formula and appropriate steps (log outcome, normalize numeric predictors, step_other, step_dummy), but you did not separate prep and broom::tidy() as specified and used step_normalize instead of explicit step_center and step_scale; follow the exact step sequence and show tidy() on the prepped recipe.","All three models are defined with correct engines and tunable parameters, but you did not explicitly set mode = 'regression' for the lm and glmnet models as in the rubric; add set_mode('regression') to each model specification.","You correctly called parsnip::translate() on each of the three model objects, matching the expected process and outputs.",You set the seed and created train_resamples with rsample::bootstraps(ames_train) as required; this fully matches the expected workflow.,"You built all_workflows with the base recipe and three models, then unnested the info column to inspect structure; this aligns well with the rubric expectations.","Your code updates all_workflows with workflow_map and then correctly unnests result and .metrics, filters for rmse, groups by wflow_id, arranges by .estimate, and slices the top row; this matches the required process.",,
3,25,"Your lab shows solid understanding of tidymodels workflows, recipes, model specification, and workflowsets, with most required steps present and logically structured. A few details diverged from the rubric (e.g., missing stratification in the split, not explicitly setting modes, and minor recipe/selection issues). Tightening those details and aligning exactly with the specified arguments and chaining would bring this to full credit.",2,2,2,2,3,3,3,3,3,2,"You correctly used skimr::skim(dat) and stated there is no missing data, but the rubric required using the pipe operator (dat |> skimr::skim()) in a single step from dat; minor process deviation.","You set the seed and used rsample::initial_split, training(), and testing(), but omitted strata = 'Sale_Price', so the split does not fully match the specified process.","Your recipe uses the correct formula, log-transforms the outcome, normalizes numeric predictors, pools Neighborhood, and creates dummies, but you used step_normalize instead of separate step_center/step_scale and the prep/tidy call is not correctly chained to norm_recipe.","You defined the three models with appropriate engines and tunable parameters, but did not explicitly set mode = 'regression' for the first two models as in the expected workflow.","You correctly applied parsnip::translate() to each of the three model objects, matching the expected process and outputs.",You set the seed and created train_resamples with rsample::bootstraps(ames_train) as required; the process and resulting object are correct.,"You built all_workflows with workflowsets::workflow_set using the recipe and three models, and unnested the info column to inspect structure, matching the expected workflow.","Your code updates all_workflows with workflow_map, then selects wflow_id and result, unnests result and .metrics, filters for rmse, groups, arranges by descending .estimate, and slices the top row per group as specified.","You correctly called workflowsets::rank_results(all_workflows, rank_metric = 'rmse', select_best = TRUE) and compared its output conceptually to your Exercise 8 results.","You extracted a best workflow, finalized it with trees and min_n, and fit on train and test data and computed a test/train MSE ratio, but the extract_workflow call has an extra argument and the chosen best workflow/parameters are not clearly tied back to the specified base_forest with trees = 1, min_n = 11."
4,25,"Your lab shows solid understanding of tidymodels workflows, recipes, models, and workflowsets, and most required steps are present and structured correctly. The main issues are small deviations from the specified process (missing strata in the split, not using the pipe in Q1, minor recipe and model-spec differences, and a slightly incorrect extract_workflow call). Tightening these details to match the rubric instructions would bring this to full credit.",2,2,2,2,3,3,3,3,3,2,"You correctly used skimr::skim(dat) and stated there is no missing data, but the rubric expected use of the pipe operator (dat |> skimr::skim()) in a single step.","You set the seed and used rsample::initial_split, training(), and testing(), but you omitted strata = 'Sale_Price', so the split is not stratified as required.","You created an appropriate recipe with log transform, normalization, step_other, and dummies, but you used step_normalize instead of separate step_center/step_scale and the broom::tidy() call is outside the recipe pipeline, so the examination step is not correctly implemented.","You specified the three models with correct engines and tunable parameters, but you did not explicitly set mode = 'regression' for the lm and glmnet models as in the rubric, and you used unqualified tune() instead of parsnip::tune().","You correctly called parsnip::translate() on each of the three model objects, which matches the expected workflow and output structure.",You set the seed and created train_resamples with rsample::bootstraps(ames_train) as required; this matches the expected process and output.,"You built all_workflows with workflowsets::workflow_set using the recipe and all three models, and unnested the info column with tidyr::unnest(info), matching the expected structure.","You updated all_workflows with workflow_map and then correctly unnested result and .metrics, filtered for rmse, grouped by wflow_id, arranged by descending .estimate, and sliced the top row per group.","You used workflowsets::rank_results(all_workflows, rank_metric = 'rmse', select_best = TRUE) and compared it to your Exercise 8 summary, as required by the rubric.","You extracted a best workflow, finalized it with trees and min_n, and fit on train and test data to compute an MSE ratio, but extract_workflow is misused (extra all_workflows argument) and the rubric expected specifically extracting 'base_forest' with the given parameters and ratio."
5,25,"Your lab shows solid understanding of tidymodels workflows, recipes, model specification, and workflowsets, and most required steps are present and reasonable. A few rubric-specific details are missing or slightly off (e.g., use of strata in the split, separate centering/scaling, explicit regression modes, and exact extract_workflow usage). Tightening those details and ensuring pipelines are syntactically correct would bring this to full credit.",2,2,2,2,3,3,3,3,3,2,"You correctly used skimr::skim(dat) and stated there is no missing data, but the rubric expected use of the pipe operator (dat |> skimr::skim()) in a single step.","You set the seed and used rsample::initial_split, training(), and testing(), but you omitted strata = 'Sale_Price', which was required for the specified split process.","Your recipe uses the correct formula, log-transform of the outcome, normalization, step_other, and step_dummy, but you used step_normalize instead of separate step_center and step_scale and the prep/tidy call is not correctly chained (broom::tidy(norm_recipe) is outside the pipeline).","You defined the three models with appropriate engines and tunable parameters, but you did not explicitly set mode = 'regression' for the lm and glmnet models as in the rubric’s expected workflow.","You correctly called parsnip::translate() on each of the three model objects, matching the expected process and outputs.",You set the seed and created train_resamples with rsample::bootstraps(ames_train) as required; this matches the expected process and output structure.,"You created a workflow_set with the base recipe and all three models and then unnested the info column, correctly showing the workflow structure as specified.","You mapped workflow_map with appropriate arguments and then unnested result and .metrics, filtered for rmse, grouped by wflow_id, arranged by descending .estimate, and sliced the top row per group as required.","You used workflowsets::rank_results(all_workflows, rank_metric = 'rmse', select_best = TRUE) and compared it to your Exercise 8 summary, which satisfies the rubric.","You extracted a best workflow, finalized it with trees and min_n, and fit on train and test data and computed the MSE ratio, but extract_workflow is misused (extra all_workflows argument) and the rubric expected specifically extracting 'base_forest' with the given best parameters and ratio value."
6,22,"Your lab shows solid understanding of tidymodels workflows, recipes, model specification, and workflowsets, and most exercises follow the intended structure. The main deductions are for small deviations from the specified process (e.g., missing strata in the split, not using the pipe in Q1, using step_normalize instead of separate centering/scaling, and a slightly incorrect extract_workflow call). Tightening these details to match the rubric’s exact expectations will help you earn full credit in future labs.",2,2,2,2,3,3,3,3,3,2,"You correctly used skimr::skim(dat) and stated there is no missing data, but the rubric expected use of the pipe operator (dat |> skimr::skim()) in a single step.","You set the seed and used rsample::initial_split, training(), and testing(), but you omitted strata = 'Sale_Price', which was required for the specified 75% stratified split.","You created a recipe with the correct formula and appropriate steps (log outcome, normalize predictors, step_other, step_dummy), but you used step_normalize instead of separate step_center/step_scale and the broom::tidy() call is outside the recipe pipeline, so the examination step is not correctly implemented.","You defined all three models with correct engines and tunable parameters, but you did not explicitly set mode = 'regression' for the linear models as in the rubric’s expected workflow.","You correctly called parsnip::translate() on each of the three model objects, matching the expected process and outputs.",You set the seed and created train_resamples with rsample::bootstraps(ames_train) as required; the process and resulting object are correct.,"You built all_workflows with workflowsets::workflow_set using the recipe and three models, and unnested the info column with tidyr::unnest(info), matching the expected structure and process.","You updated all_workflows with workflow_map and then correctly selected, unnested, filtered for rmse, grouped, arranged by descending .estimate, and sliced the top row per workflow; this matches the rubric’s workflow.","You used workflowsets::rank_results(all_workflows, rank_metric = 'rmse', select_best = TRUE) and compared it conceptually to your Exercise 8 results, satisfying the required process.","You extracted a best workflow, finalized it with trees and min_n, and fit on train/test data and computed an MSE ratio, but extract_workflow is misused (extra argument), and the rubric expected specifically extracting 'base_forest' and reporting the given approximate ratio."
7,24,"Your lab shows solid understanding of tidymodels workflows, recipes, model specification, and workflowsets, and you completed all exercises with mostly correct code and reasoning. Most deductions are for small process mismatches with the rubric (missing stratification, not explicitly setting modes, and minor recipe/translate details). Review the expected argument patterns (e.g., strata in initial_split, step_center/step_scale, and exact workflow extraction syntax) to fully align with the specified workflows in future labs.",2,2,2,2,3,3,3,3,3,2,"You correctly used skimr::skim(dat) and stated there is no missing data, but the rubric expected using the pipe operator (dat |> skimr::skim()) in a single step from dat; minor process deviation.","You set the seed and used rsample::initial_split, training(), and testing() with a 0.75 prop, but you omitted strata = 'Sale_Price', so the split is not stratified as required.","You created a recipe with the correct formula, log-transformed the outcome, normalized numeric predictors, pooled Neighborhood, and created dummies, but you used step_normalize instead of separate step_center/step_scale and did not clearly show broom::tidy() on the prepped recipe (the tidy call is commented out by the pipe placement).","You defined three parsnip models with appropriate engines and tunable parameters, but you did not explicitly set mode = 'regression' for the lm and glmnet models as in the rubric’s expected workflow.","You correctly applied parsnip::translate() to each of the three model objects, matching the expected process and outputs.",You set the seed and created train_resamples with rsample::bootstraps(ames_train) as required; this matches the expected process and output structure.,"You built all_workflows with workflowsets::workflow_set using the recipe and all three models, and unnested the info column with tidyr::unnest(info), correctly showing the workflow structure.","You updated all_workflows with workflow_map and then selected wflow_id and result, unnested result and .metrics, filtered for rmse, grouped, arranged by descending .estimate, and sliced the top row per workflow, matching the required workflow.","You called workflowsets::rank_results(all_workflows, rank_metric = 'rmse', select_best = TRUE) and compared its output conceptually to your Exercise 8 results, satisfying the rubric.","You extracted a best workflow (though the extract_workflow call has an extra argument), finalized it with trees and min_n, fit on train and test data, and computed a test/train MSE ratio close to the expected value; minor issues in the extraction syntax and extra recipe redefinition prevent full credit."
8,25,"Your lab shows solid understanding of tidymodels workflows, recipes, model specification, and workflowsets, and most required steps are present and reasonably structured. The main deductions are for small deviations from the specified process (e.g., missing strata in the split, not using the pipe in Q1, minor recipe and extract_workflow issues). Tightening adherence to the exact function arguments and chaining expected in the rubric will help you reach full credit in future labs.",2,2,2,2,3,3,3,3,3,2,"You correctly used skimr::skim(dat) and stated there is no missing data, but the rubric expected use of the pipe operator (dat |> skimr::skim()) in a single step.","You set the seed and used rsample::initial_split, training(), and testing(), but you omitted strata = 'Sale_Price', which was required for the specified split process.","Your recipe uses the correct formula, log-transforms the outcome, normalizes numeric predictors, pools Neighborhood, and creates dummies, but you used step_normalize instead of separate step_center and step_scale and the prep/tidy call is not correctly chained (broom::tidy is applied to norm_recipe, not the prepped object).","You defined the three models with appropriate engines and tunable parameters, but you did not explicitly set mode = 'regression' for the lm and glmnet models as in the rubric’s expected workflow.","You correctly applied parsnip::translate() to each of the three model objects, which matches the expected process and output structure.",You set the seed and created train_resamples with rsample::bootstraps(ames_train) as required; this matches the expected bootstrap resampling workflow.,"You built all_workflows with workflowsets::workflow_set using the recipe and three models, and unnested the info column with tidyr::unnest(info), which aligns with the rubric.","Your code updates all_workflows with workflow_map and then correctly unnests result and .metrics, filters for rmse, groups by wflow_id, arranges by descending .estimate, and slices the top row per group.","You called workflowsets::rank_results(all_workflows, rank_metric = 'rmse', select_best = TRUE) and compared it to your Exercise 8 summary, satisfying the required process.","You extracted a best workflow, finalized it with trees and min_n, and fit on train and test data and computed a test/train MSE ratio, but extract_workflow is misused (extra all_workflows argument) and the rubric expected specifically extracting 'base_forest' and reporting the given approximate ratio."
9,25,"Your lab shows solid understanding of tidymodels workflows, recipes, model specification, and workflowsets, and most exercises follow the intended structure. The main deductions are for small deviations from the specified process (e.g., missing strata in the split, not using the pipe in Q1, using step_normalize instead of separate centering/scaling, and a slightly off extract_workflow call). Tightening these details to match the rubric will bring your work to full credit level.",2,2,2,2,3,3,3,3,3,2,"You correctly used skimr::skim(dat) and stated there is no missing data, but the rubric required using the pipe operator (dat |> skimr::skim()) in a single step from dat; adjust syntax to match the expected workflow.","You set the seed and used rsample::initial_split, training(), and testing(), but you omitted strata = 'Sale_Price'; include the strata argument to ensure a stratified 75/25 split as specified.","You created a recipe with the correct formula and applied log, normalization, step_other, and step_dummy, but you used step_normalize instead of separate step_center and step_scale and did not clearly show broom::tidy() on the prepped recipe; align more closely with the specified steps and show the tidy output explicitly.","All three models were defined with appropriate engines and tunable parameters, but you did not explicitly set mode = 'regression' for the linear models and used unqualified tune() instead of parsnip::tune(); add set_mode('regression') and namespace tune() for full fidelity to the rubric.","You correctly called parsnip::translate() on each of the three model objects, matching the expected process and outputs.",You set the seed and created train_resamples with rsample::bootstraps(ames_train) as required; this matches the expected workflow and output structure.,"You built all_workflows with workflowsets::workflow_set using the recipe and three models, and unnested the info column with tidyr::unnest(info), correctly showing the workflow structure.","Your code updates all_workflows with workflow_map and then unnests result and .metrics, filters for rmse, groups by wflow_id, arranges by descending .estimate, and slices the top row, fully matching the required process.","You used workflowsets::rank_results(all_workflows, rank_metric = 'rmse', select_best = TRUE) and compared its output conceptually to your Exercise 8 results, satisfying the rubric.","You extracted a best workflow, finalized it with trees and min_n, and fit on train and test data to compute an MSE ratio, but extract_workflow was called with incorrect arguments and the best-id selection is more complex than needed; simplify to extracting 'base_forest' directly and ensure extract_workflow usage matches the example."
10,25,"Your lab shows solid understanding of tidymodels workflows, recipes, model specification, and workflowsets, and most exercises follow the intended process closely. The main deductions are for small deviations from the specified arguments (e.g., missing strata in the split, not explicitly centering/scaling, and a minor misuse of extract_workflow). Tightening those details and ensuring pipelines are syntactically correct (e.g., where broom::tidy() is applied) would bring this to full credit.",2,2,2,2,3,3,3,3,3,2,"You correctly used skimr::skim(dat) and stated there is no missing data, but the rubric expected use of the pipe operator (dat |> skimr::skim()) in a single step.","You set the seed and used rsample::initial_split, training(), and testing(), but you omitted strata = 'Sale_Price', so the split does not fully match the specified process.","You created an appropriate recipe with log transform, normalization, step_other, and dummies, but you did not use step_center and step_scale explicitly and the broom::tidy() call is outside the pipeline and will not work as written.","You defined the three models with correct engines and tunable parameters, but you did not explicitly set the mode for the lm and glmnet models, which the rubric expects for full credit.","You correctly applied parsnip::translate() to each of the three model objects, matching the expected workflow and outputs.",You set the seed and created train_resamples with rsample::bootstraps(ames_train) exactly as required.,"You built a workflow_set with the recipe and all three models and unnested the info column, correctly showing the workflow structure.","You updated all_workflows with workflow_map and then unnested result and .metrics, filtered for rmse, grouped, arranged, and sliced correctly to obtain the best RMSE per workflow.","You called workflowsets::rank_results with the correct arguments and compared its output conceptually to your Exercise 8 results, satisfying the rubric.","You extracted a best workflow, finalized it with trees and min_n, and fit on train/test data and computed the MSE ratio, but extract_workflow is misused (extra all_workflows argument) and the rubric expected specifically extracting 'base_forest' with the given parameters."
11,25,"Your lab shows a solid grasp of tidymodels workflows, recipes, model specification, and workflowsets, with all exercises attempted and most processes correctly implemented. The main issues are small deviations from the specified arguments (e.g., missing strata in the split, using step_normalize instead of separate centering and scaling, and a slightly incorrect extract_workflow call). Tightening these details to match the rubric instructions would bring this very close to full credit.",2.5,2,2,2.5,3,3,3,3,3,2,"You correctly used skimr::skim(dat) and stated there is no missing data. To fully match the rubric, pipe dat into skim (dat |> skimr::skim()) rather than calling skim() directly.","You set the seed and used rsample::initial_split, training(), and testing(), but you omitted strata = 'Sale_Price', which was required, and only partially matched the specified split process.","Your recipe uses the correct formula, log-transforms the outcome, normalizes numeric predictors, pools Neighborhood, and creates dummies, and you call prep(). However, you use step_normalize instead of separate step_center and step_scale, and broom::tidy() is not actually applied to the prepped recipe object (it appears after the pipeline).","You defined all three models with the correct parsnip functions, engines, and tunable parameters. To fully align with the rubric, explicitly set mode = 'regression' for all three models, not just the random forest.","You correctly called parsnip::translate() on each of lm_mod_base, lm_mod_glmnet, and lm_mod_rforest, which matches the expected workflow and output structure.",You set the seed and created train_resamples with rsample::bootstraps(ames_train) as required; this matches the expected process and output object.,"You created all_workflows with workflowsets::workflow_set using the recipe and all three models, and then unnested the info column with tidyr::unnest(info), which matches the rubric expectations.","You updated all_workflows with workflow_map and then correctly selected wflow_id and result, unnested result and .metrics, filtered for rmse, grouped, arranged by descending .estimate, and sliced the top row per workflow.","You used workflowsets::rank_results(all_workflows, rank_metric = 'rmse', select_best = TRUE) and compared its output conceptually to your Exercise 8 results, which satisfies the rubric.","You extracted a best workflow, finalized it with trees and min_n, updated the recipe, and fit on train and test data, computing a test/train MSE ratio close to the expected value. However, extract_workflow is called with an incorrect signature (passing all_workflows as first argument), and the rubric expected directly extracting 'base_forest' rather than computing best_id this way."
12,23,"Your lab shows a solid grasp of tidymodels workflows, recipes, model specification, and workflowsets, and most required steps are present and correctly structured. The main issues are minor deviations from the specified arguments (e.g., missing strata in the split, using step_normalize instead of separate centering/scaling) and a slightly awkward extract_workflow call. Tightening these details will bring your work fully in line with the rubric expectations.",2.5,2,2,2.5,3,3,3,3,3,2,"You correctly used skimr::skim(dat) and stated there is no missing data. To fully match the expected workflow, pipe dat into skim() (dat |> skimr::skim()) in a single step, but this is a minor issue.","You set the seed and used rsample::initial_split(), training(), and testing(), and created ames_train/ames_test. However, you omitted strata = 'Sale_Price', so the split does not follow the specified stratified process.","You created a recipe with the correct formula, log-transformed the outcome, normalized numeric predictors, pooled Neighborhood, and created dummies, then prepped the recipe. However, you used step_normalize instead of separate step_center and step_scale, and broom::tidy() is not actually applied to the prepped object (it appears after the pipeline).","You correctly specified linear_reg() with lm, a glmnet model with penalty and mixture tuned, and a ranger random forest with trees and min_n tuned, and set mode = 'regression' for the forest. To be fully consistent with the rubric, explicitly set mode = 'regression' for all three models.","You correctly called parsnip::translate() on each of lm_mod_base, lm_mod_glmnet, and lm_mod_rforest, which will display the three engine-specific templates as required.","You set the seed and created train_resamples <- rsample::bootstraps(ames_train), which matches the expected bootstrap resampling process and output structure.","You built a workflow_set with the base recipe and all three models and then unnested the info column, showing the workflow structure. This matches the required workflow_set construction and examination.","You updated all_workflows with workflow_map(), then selected wflow_id and result, unnested result and .metrics, filtered for rmse, grouped by wflow_id, arranged by descending .estimate, and sliced the top row. This follows the specified process and yields the best rmse per workflow.","You correctly called workflowsets::rank_results(all_workflows, rank_metric = 'rmse', select_best = TRUE) and compared it conceptually to your Exercise 8 results, satisfying the ranking and comparison requirement.","You extracted a best workflow (though the extract_workflow call has an extra argument), finalized it with trees and min_n, updated the recipe, fit on train and test, and computed a test/train MSE ratio close to the expected value. Clean up the extract_workflow syntax (use the workflow id only) and avoid redefining the recipe inconsistently to fully align with the provided solution."
13,25,"Your lab shows a solid grasp of tidymodels workflows, recipes, model specification, and workflowsets, with all exercises attempted and most processes correctly implemented. The main issues are small deviations from the specified arguments (e.g., missing strata in the split, minor differences in recipe steps, and a slightly incorrect extract_workflow call). Addressing these details will bring your work fully in line with the rubric and make your code more reproducible and consistent with the course examples.",2.5,2,2,2.5,3,3,3,3,3,2,"You correctly used skimr::skim(dat) and stated there is no missing data. To fully match the rubric, pipe dat into skim() (dat |> skimr::skim()) and avoid extra intermediate steps.","You used set.seed() and rsample::initial_split/training/testing with a 0.75 split, but did not include strata = 'Sale_Price'. Add the strata argument to match the specified process and ensure stratified sampling.","Your recipe uses the correct formula, log-transforms the outcome, normalizes numeric predictors, pools Neighborhood, and creates dummies. However, you used step_normalize instead of separate step_center/step_scale and did not clearly show broom::tidy() on the prepped recipe; align more closely with the requested steps and examination workflow.","You defined the three models with linear_reg, rand_forest, set_engine, and tuned penalty/mixture and trees/min_n. To fully match the rubric, explicitly set_mode('regression') for all three models, not just the random forest.","You correctly called parsnip::translate() on each of lm_mod_base, lm_mod_glmnet, and lm_mod_rforest, which satisfies the required workflow and output inspection.","You set the seed and created train_resamples <- rsample::bootstraps(ames_train) as required, producing the correct bootstrap resampling object.","You built all_workflows with workflowsets::workflow_set using the recipe and three models, and unnested the info column with tidyr::unnest(info), matching the expected structure and process.","You updated all_workflows with workflow_map and then selected wflow_id/result, unnested result and .metrics, filtered for rmse, grouped, arranged by descending .estimate, and sliced the top row per group, exactly as specified.","You used workflowsets::rank_results(all_workflows, rank_metric = 'rmse', select_best = TRUE) and compared it conceptually to your Exercise 8 results, which matches the rubric’s expectations.","You extracted a best workflow, finalized it with trees and min_n, and fit on train and test data, computing a test/train MSE ratio close to the expected value. However, extract_workflow is misused (extra all_workflows argument), and the rubric expects specifically extracting 'base_forest' and directly fitting, so tighten the extract_workflow call and follow the simpler expected workflow."
14,22,"Most exercises are completed with appropriate use of tidymodels, workflowsets, and rsample, and your code generally follows the intended workflows. The main deductions are for small deviations from the specified arguments (e.g., missing strata in the split, not using step_center/step_scale, and minor inconsistencies in model/workflow extraction). Tightening alignment with the exact rubric steps and function signatures would bring this to full credit.",2,2,2,2,3,3,3,3,3,2,"You correctly used skimr::skim(dat) and stated there is no missing data, but the rubric expected use of the pipe operator (dat |> skimr::skim()) in a single step.","You set the seed and used rsample::initial_split, training(), and testing(), but you omitted strata = 'Sale_Price', so the split does not fully match the specified process.","Your recipe uses the correct formula, log-transforms the outcome, normalizes numeric predictors, pools Neighborhood, and creates dummies, but you used step_normalize instead of separate step_center/step_scale and the prep/tidy step is not correctly chained (broom::tidy(norm_recipe) is never executed on the prepped object).","You defined the three models with appropriate engines and tunable parameters, but you did not explicitly set_mode('regression') for the lm and glmnet models as in the expected workflow.","You correctly called parsnip::translate() on each of the three model objects, matching the expected process and outputs.",You set the seed and created train_resamples with rsample::bootstraps(ames_train) as required; the process and resulting object are correct.,"You built all_workflows with workflowsets::workflow_set using the recipe and three models, and unnested the info column with tidyr::unnest(info), matching the expected structure.","You updated all_workflows with workflow_map and then correctly selected, unnested result and .metrics, filtered for rmse, grouped by wflow_id, arranged by descending .estimate, and sliced the top row per group.","You used workflowsets::rank_results(all_workflows, rank_metric = 'rmse', select_best = TRUE) and compared it conceptually to your Exercise 8 results, satisfying the rubric requirements.","You extracted a best workflow, finalized it with trees and min_n, and fit on train/test data and computed an MSE ratio, but extract_workflow was not used exactly as specified and the chosen best workflow/parameters are not clearly aligned with the rubric’s fixed base_forest example."
15,23,"Your lab shows solid understanding of tidymodels workflows, recipes, model specification, and workflowsets, with all exercises attempted and most key functions used correctly. The main deductions are for missing stratification in the data split, not exactly matching the specified recipe steps, and a slightly incorrect extract_workflow call. Tightening those details and aligning more closely with the prescribed arguments and function chains would bring this to full credit.",2.5,2,2,2.5,3,3,3,3,3,2,"You correctly used skimr::skim(dat) and stated there is no missing data. To fully match the expected workflow, pipe dat into skim() (dat |> skimr::skim()) in a single step, but this is a minor issue.","You set the seed and used rsample::initial_split(), training(), and testing() with a 0.75 prop. However, you omitted strata = 'Sale_Price', which was required for the split, so full process/output fidelity is not met.","You created a recipe with the correct formula, log-transformed the outcome, normalized numeric predictors, pooled Neighborhood, and created dummies, then prepped the recipe. However, you used step_normalize instead of separate step_center and step_scale, and the broom::tidy(norm_recipe) call is outside the recipe pipeline, so the process does not exactly follow the specified steps.","You defined three models with linear_reg and rand_forest, used tune() for penalty/mixture and trees/min_n, and set the correct engines. You set mode('regression') only for the random forest; adding set_mode('regression') for all three would fully align with the rubric, but the core model specifications are correct.","You correctly called parsnip::translate() on each of lm_mod_base, lm_mod_glmnet, and lm_mod_rforest, which matches the required workflow and should yield the three engine-specific templates.","You set the seed and created train_resamples <- rsample::bootstraps(ames_train) as required, producing the expected bootstrap resampling object with default settings.","You built norm_recipe_spec with the appropriate steps, created all three models, then constructed all_workflows with workflowsets::workflow_set and unnested the info column using tidyr::unnest(info). This matches the expected structure and process.","You used workflow_map() with resamples and grid, then selected wflow_id and result, unnested result and .metrics, filtered for rmse, grouped by wflow_id, arranged by descending .estimate, and sliced the top row. This follows the required workflow and should yield the best rmse per workflow.","You called workflowsets::rank_results(all_workflows, rank_metric = 'rmse', select_best = TRUE) and compared its output conceptually to your Exercise 8 results. This satisfies the required code and comparison step.","You extracted a best workflow (though extract_workflow is miscalled with all_workflows as first argument), finalized it with trees and min_n, updated the recipe, fit on train and test, and computed a test/train MSE ratio close to the expected ~12%. The overall process is mostly correct, but the extract_workflow call is syntactically off and you did not explicitly use the fixed id 'base_forest' as specified."
16,25,"Your lab shows a solid grasp of tidymodels workflows, recipes, model specification, and workflowsets, with all major steps present and generally correct. Most deductions are for small deviations from the specified arguments (e.g., missing strata, using step_normalize instead of separate centering/scaling) or minor syntax issues. Tightening those details and aligning exactly with the requested functions and parameters would earn full credit.",2.5,2,2,2.5,3,3,3,3,3,2,"You correctly used skimr::skim(dat) and stated there is no missing data. To fully match the expected workflow, pipe dat into skim() (dat |> skimr::skim()) in a single step, but this is a minor issue.","You set the seed and used rsample::initial_split(), training(), and testing(), with a 75% split. However, you omitted strata = 'Sale_Price', which was required for full credit.","You created a recipe with the correct formula, log-transformed the outcome, normalized numeric predictors, pooled Neighborhood, and created dummies, then prepped the recipe. However, you used step_normalize instead of separate step_center and step_scale, and the broom::tidy() call is outside the pipeline, so the examination step is not correctly coded.","You defined all three models with the correct parsnip functions, engines, and tunable parameters, and set mode = 'regression' for the random forest. For full alignment with the rubric, explicitly set mode = 'regression' for all three models, but the core modeling setup is essentially correct.","You correctly called parsnip::translate() on each of lm_mod_base, lm_mod_glmnet, and lm_mod_rforest, which matches the expected workflow and outputs.","You set the seed and created train_resamples with rsample::bootstraps(ames_train), matching the required process and resulting in a proper bootstrap resampling object.","You built all_workflows with workflowsets::workflow_set() using the recipe and all three models, and then unnested the info column with tidyr::unnest(info), correctly showing the workflow structure with the expected combinations.","You updated all_workflows with workflow_map() and then selected wflow_id and result, unnested result and .metrics, filtered for rmse, grouped by wflow_id, arranged by descending .estimate, and sliced the top row. This matches the required tuning and best-metric extraction workflow.","You used workflowsets::rank_results(all_workflows, rank_metric = 'rmse', select_best = TRUE) and compared its output conceptually to your Exercise 8 results, satisfying the ranking and comparison requirement.","You extracted a best workflow (though the extract_workflow call has an extra argument), finalized it with trees and min_n, updated the recipe, fit on train and test data, and computed a test/train MSE ratio close to the expected value. Clean up the extract_workflow syntax and avoid redefining the recipe inconsistently to fully match the specified process."
17,21,"Your lab shows a solid understanding of tidymodels workflows, recipes, models, and workflowsets. Most exercises follow the intended process closely, with only minor deviations (e.g., missing stratification in the split and using step_normalize instead of separate centering and scaling). Addressing these small issues would bring your work fully in line with the rubric’s expectations.",2.5,2,2,2.5,3,3,3,3,,,"You correctly used skimr::skim(dat) and stated there is no missing data. To fully match the expected workflow, pipe dat into skim() (dat |> skimr::skim()) in a single step, but this is a minor issue.","You set the seed and used rsample::initial_split, training(), and testing() with a 75% split, which is good. However, you omitted strata = 'Sale_Price', so the split does not follow the specified stratified process.","You created a recipe with the correct formula, log-transformed the outcome, normalized numeric predictors, pooled Neighborhood, and created dummies, then prepped the recipe. However, you used step_normalize instead of separate step_center and step_scale, and broom::tidy() is not actually applied to the prepped object (it appears after the pipeline).","You correctly specified linear_reg and rand_forest models with appropriate engines and tunable parameters, and set mode = 'regression' for the forest. To be fully consistent, also set mode = 'regression' explicitly for the glmnet and base linear models, and use parsnip::tune() with namespace for clarity.","You applied parsnip::translate() to each of lm_mod_base, lm_mod_glmnet, and lm_mod_rforest as required. This fully meets the expectations for this exercise.","You set the seed and created train_resamples <- rsample::bootstraps(ames_train), which matches the required process and output structure.","You built all_workflows with workflowsets::workflow_set using the recipe and all three models, and then unnested the info column to inspect the structure. This matches the expected workflow and output.","You updated all_workflows with workflow_map using tune_grid and then selected/unnested result and .metrics, filtered for rmse, grouped by wflow_id, arranged by descending .estimate, and sliced the top row. This follows the specified process correctly.",,
18,25,"Your lab shows solid understanding of tidymodels workflows, recipes, model specification, and workflowsets, with all major steps present and mostly correct. The main issues are small deviations from the specified arguments (e.g., missing strata in the split, using step_normalize instead of separate centering and scaling, and a slightly off extract_workflow() call). Tightening adherence to the exact function signatures and step ordering in the rubric will help you earn full credit in future labs.",2.5,2,2,2.5,3,3,3,3,3,2,"You correctly used skimr::skim(dat) and stated there is no missing data. However, the rubric expected use of the pipe operator (dat |> skimr::skim()), so a small process-fidelity deduction applies.","You set the seed and used rsample::initial_split(), training(), and testing() with a 0.75 prop, which is good. You omitted the required strata = 'Sale_Price' argument, so the split process is not fully as specified.","You created a recipe with the correct formula, log-transformed the outcome, normalized numeric predictors, pooled Neighborhood, and created dummies, then prepped the recipe. However, you used step_normalize instead of separate step_center and step_scale, and the broom::tidy() call is outside the pipeline, so the implementation does not fully match the required steps.","All three models are defined with the correct parsnip functions, engines, and tunable parameters. You did not explicitly set mode = 'regression' for the first two models, but parsnip will infer this, so only a minor process deduction.","You correctly called parsnip::translate() on each of lm_mod_base, lm_mod_glmnet, and lm_mod_rforest, which matches the expected workflow and output structure.","You set the seed and created train_resamples <- rsample::bootstraps(ames_train) as required, producing the correct bootstrap resampling object.","You built all_workflows with workflowsets::workflow_set() using the recipe and all three models, and then unnested the info column with tidyr::unnest(info), matching the expected structure and process.","You updated all_workflows with workflow_map() using appropriate arguments and then selected wflow_id and result, unnested result and .metrics, filtered for rmse, grouped, arranged by descending .estimate, and sliced the top row per group, exactly as specified.","You used workflowsets::rank_results(all_workflows, rank_metric = 'rmse', select_best = TRUE) and compared its output conceptually to your Exercise 8 results, satisfying the required code and interpretation.","You extracted a best workflow, finalized it with trees and min_n, and fit it on training and test data, computing a test/train MSE ratio close to the expected value. However, extract_workflow() is called with an incorrect signature, and the rubric expected directly extracting 'base_forest' rather than computing best_id, so process fidelity is only partial."
19,25,"Your lab shows a solid grasp of tidymodels workflows, recipes, model specification, and workflowsets, with all major steps present and mostly correct. The main issues are small deviations from the specified arguments (e.g., missing strata in the split, using step_normalize instead of separate centering/scaling) and a minor misuse of extract_workflow. Tightening these details will bring your work fully in line with the rubric’s expected processes.",2.5,2,2,2.5,3,3,3,3,3,2,"You correctly used skimr::skim(dat) and stated there is no missing data. To fully match the expected workflow, pipe dat into skim() (dat |> skimr::skim()) in a single step without intermediate objects.","You set the seed and used rsample::initial_split, training(), and testing() with a 0.75 prop, which is mostly correct. However, you omitted strata = 'Sale_Price', so the split does not follow the specified stratified process.","You created a recipe with the correct formula, log-transformed the outcome, normalized numeric predictors, pooled Neighborhood, and created dummies, then prepped the recipe. However, you used step_normalize instead of separate step_center and step_scale, and broom::tidy() is not actually applied to the prepped object (it’s after the pipeline terminates), so the examination step is incomplete.","You defined three parsnip models with the correct engines and tunable parameters and set mode = 'regression' for the random forest. To fully align with the rubric, also explicitly set_mode('regression') for the linear models.","You correctly called parsnip::translate() on each of the three model objects, which matches the required workflow and would display the appropriate templates.","You set the seed and created train_resamples with rsample::bootstraps(ames_train), which matches the expected process and output structure.","You built a workflow_set with the base recipe and all three models and then unnested the info column, correctly showing the workflow structure with the expected combinations.","You updated all_workflows with workflow_map using appropriate arguments and then selected, unnested, filtered for rmse, grouped, arranged by descending .estimate, and sliced the top row per workflow, matching the required tuning-summary workflow.","You called workflowsets::rank_results(all_workflows, rank_metric = 'rmse', select_best = TRUE) and compared it conceptually to your Exercise 8 results, satisfying the required process and interpretation.","You extracted a best workflow (though extract_workflow is miscalled with all_workflows as first argument), finalized it with trees and min_n, updated the recipe, fit on train and test, and computed the MSE ratio close to the expected ~12%. Fix the extract_workflow call to workflowsets::extract_workflow(all_workflows, id = best_id) to fully match the specified process."
20,23,"Your lab shows a solid grasp of tidymodels workflows, recipes, model specification, and workflowsets, and you completed all exercises with mostly correct code and reasoning. The main issues are small deviations from the specified arguments (e.g., missing strata in the split, using step_normalize instead of separate centering/scaling) and a minor syntax error in extract_workflow. Tightening those details will bring your work fully in line with the rubric expectations.",2.5,2,2,2.5,3,3,3,3,3,2,"You correctly used skimr::skim(dat) and stated there is no missing data. To fully match the expected workflow, pipe dat into skim() (dat |> skimr::skim()) in a single step, but this is a minor issue.","You set the seed and used rsample::initial_split, training(), and testing() with a 0.75 split, which is good. However, you omitted strata = 'Sale_Price', so the split does not fully follow the specified process.","You created a recipe with the correct formula, log-transformed the outcome, normalized numeric predictors, pooled Neighborhood, and created dummies, then prepped the recipe. However, you used step_normalize instead of separate step_center and step_scale, and the broom::tidy(norm_recipe) call is outside the pipeline and will not work as written.","You defined all three models with the correct engines and tunable parameters, and set mode = 'regression' for the random forest. To be fully consistent with the rubric, also set_mode('regression') explicitly for the linear_reg models, but the core setup is correct.","You correctly called parsnip::translate() on each of the three model objects, which will display the underlying engine-specific templates as required.","You set the seed and created train_resamples with rsample::bootstraps(ames_train), matching the expected process and output structure.","You built a workflow_set with the base recipe and all three models, and then unnested the info column to inspect the structure. This matches the required workflow and should yield the correct 4-column workflow set with detailed info.","You used workflow_map with appropriate arguments, then selected wflow_id and result, unnested result and .metrics, filtered for rmse, grouped, arranged by descending .estimate, and sliced the top row per workflow. This follows the specified sequence and will surface the best rmse and tuning parameters.","You correctly called workflowsets::rank_results(all_workflows, rank_metric = 'rmse', select_best = TRUE) and compared it to your Exercise 8 summary, with a brief interpretation of differences.","You extracted a best workflow (though the extract_workflow call has an extra all_workflows argument), finalized it with trees and min_n, updated the recipe, fit on train and test, and computed the test/train MSE ratio close to the expected value. Fix the extract_workflow syntax to workflowsets::extract_workflow('base_forest') to fully align with the rubric."
21,23,"Most exercises are completed with the correct functions and workflows, and your code generally follows the intended tidymodels process. The main issues are missing stratification in the data split, minor deviations from the specified recipe and model definitions, and a small misuse of extract_workflow in Exercise 10. Tightening those details and ensuring all arguments match the rubric (e.g., strata, explicit modes, and correct extraction syntax) would bring this to full credit.",3,2,2,2,3,3,3,3,3,2,Used skimr::skim(dat) directly (pipe not required by rubric wording) and correctly noted no missing data; EDA requirement is fully met.,"Correct use of set.seed, initial_split, training, and testing with 75% split, but you omitted strata = 'Sale_Price', so the split is not stratified as specified.","Recipe uses the correct formula, log-transforms the outcome, normalizes numeric predictors, pools Neighborhood, and creates dummies, but you used step_normalize instead of separate step_center/step_scale and the broom::tidy() call is outside the recipe pipeline, so the examination step is not correctly implemented.","You correctly specified linear_reg, rand_forest, engines, and tuned penalty/mixture and trees/min_n, but you did not explicitly set mode = 'regression' for the linear models as in the expected workflow.","parsnip::translate() is correctly applied to each of the three model objects, satisfying the workflow inspection requirement.",You set the seed and created train_resamples with rsample::bootstraps(ames_train) as required; the bootstrap resampling object is correctly defined.,You built all_workflows with the specified recipe and three models and unnested the info column to inspect structure; this matches the expected workflow_set process.,"workflow_map is used with appropriate arguments, and your dplyr/tidyr chain correctly unnests result and .metrics, filters rmse, groups, arranges by .estimate, and slices the top row per workflow.","workflowsets::rank_results is called with all_workflows, rank_metric = 'rmse', and select_best = TRUE, and you compare its output conceptually to Exercise 8 as requested.","You extract a best workflow, finalize it with trees and min_n, and fit on train/test and compute the MSE ratio, but extract_workflow is misused (extra argument) and the specified best parameters (trees = 1, min_n = 11) are hard-coded rather than clearly derived from earlier tuning."
22,26,"Most exercises are completed with the correct functions and workflows, and your code closely follows the intended tidymodels process. The main issues are minor deviations from the specified process (e.g., missing strata in the split, not tidying the prepped recipe, and a slightly incorrect extract_workflow call). Tightening those details would bring this to full credit across all questions.",3,2,2,2,3,3,3,3,3,2,Used skimr::skim(dat) directly (pipe not required by rubric) and correctly noted no missing data; EDA requirement is fully met.,"Correct use of set.seed, initial_split, training, and testing with 75% split, but you omitted strata = 'Sale_Price', so the split does not follow the specified stratified process.","Recipe uses the correct formula, log-transform of outcome, normalization of numeric predictors, step_other on Neighborhood, and dummy creation, but you never actually call broom::tidy() on the prepped recipe (the tidy() call is outside the pipeline and refers to norm_recipe), so the examination step is incomplete.","You correctly specified the three models with appropriate engines and tunable parameters, but you did not explicitly set mode = 'regression' for the lm and glmnet models as in the expected workflow.","parsnip::translate() is correctly applied to each of the three model objects, satisfying the required workflow and output inspection.","You set the seed and created train_resamples with rsample::bootstraps(ames_train), matching the expected bootstrap resampling process.","You built all_workflows with the base recipe and three models and then unnested the info column, correctly showing the workflow structure as required.","Your code updates all_workflows with workflow_map, then selects wflow_id and result, unnests result and .metrics, filters for rmse, groups, arranges by descending .estimate, and slices the top row per workflow, matching the specified process.","You correctly called workflowsets::rank_results(all_workflows, rank_metric = 'rmse', select_best = TRUE) and compared its output conceptually to your Exercise 8 summary.","You extracted a best workflow, finalized it with trees and min_n, and fit on train and test data, computing a test/train MSE ratio close to the expected magnitude; however, extract_workflow is misused (extra argument), and the rubric expects specifically extracting 'base_forest' and using the given best parameters, so the process is slightly off."
23,26,"Most exercises are completed with the correct functions and workflows, and your code generally follows the intended tidymodels process. The main issues are minor deviations from the specified process (e.g., missing strata in the split, not explicitly setting regression mode, and a slightly incorrect extract_workflow call). Tightening those details and ensuring helper calls like broom::tidy() are placed inside code chunks would make the submission fully aligned with the rubric.",3,2,2,2,3,3,3,3,3,2,Used skimr::skim(dat) directly (pipe not required by rubric) and correctly noted no missing data; EDA requirement is fully met.,"Correct use of set.seed, initial_split, training, and testing with 75% split, but you omitted strata = 'Sale_Price', so the split does not follow the specified stratified process.","Recipe uses the correct formula, log-transform of outcome, normalization of numeric predictors, step_other on Neighborhood, and dummy creation, but you use step_normalize instead of explicit step_center/step_scale and the broom::tidy() call is placed after the chunk (won’t run as written).","All three models are specified with correct engines and tunable parameters, but you did not explicitly set mode = 'regression' for the linear models as in the expected workflow.","parsnip::translate() is correctly applied to each of the three model objects, matching the required process.",You set the seed and created train_resamples with rsample::bootstraps(ames_train) as required; the bootstrap resampling object is correctly defined.,"You created all_workflows with workflow_set using the recipe and all three models, and unnested the info column to inspect structure; this matches the expected workflowset process.","workflow_map is used with appropriate arguments, and your dplyr/tidyr pipeline correctly unnests result and .metrics, filters rmse, groups, arranges by descending .estimate, and slices the top row per workflow.","workflowsets::rank_results is called with all_workflows, rank_metric = 'rmse', and select_best = TRUE, and you compare its output conceptually to Exercise 8 as requested.","You extract a best workflow, finalize it with trees and min_n, update the recipe, fit on train/test, and compute the test/train MSE ratio; however, extract_workflow is misused (extra argument), and the best-id selection logic is more complex than needed and may not match the specified 'base_forest' workflow."
24,26,"Your lab shows a solid grasp of tidymodels workflows, recipes, model specification, and workflowsets, with all major steps present and mostly correct. The main issues are small deviations from the specified processes (e.g., missing strata in the split, not explicitly setting regression mode for all models, and a slightly incorrect extract_workflow call). Tightening these details to match the rubric instructions would bring this to full credit.",3,2,2,2,3,3,3,3,3,2,Used skimr::skim(dat) directly (pipe not required by rubric) and correctly noted no missing data; EDA requirement is fully met.,"Correct use of set.seed, initial_split, training, and testing with 75% split, but you omitted strata = 'Sale_Price', so the split does not follow the specified stratified process.","Recipe uses the correct formula, log-transform of outcome, normalization of numeric predictors, step_other on Neighborhood, and dummy creation, but you use step_normalize instead of explicit step_center/step_scale and the broom::tidy call is outside the recipe pipeline, so the process and examination are not exactly as specified.","You correctly define three parsnip models with appropriate engines and tunable parameters, but you do not explicitly set mode = 'regression' for the lm and glmnet models as requested in the rubric.","parsnip::translate() is correctly applied to each of the three model objects, satisfying the workflow and inspection requirements.",You set the seed and create train_resamples with rsample::bootstraps(ames_train) as required; the bootstrap resampling object is correctly constructed.,"You build all_workflows with workflow_set using the recipe and three models, then unnest the info column to inspect structure; this matches the expected workflow and output.","workflow_map is used with appropriate arguments, and you correctly unnest result and .metrics, filter for rmse, group by wflow_id, arrange by .estimate, and slice the top row; the tuning-summary process is implemented as specified.","workflowsets::rank_results is called with all_workflows, rank_metric = 'rmse', and select_best = TRUE, and you compare its output conceptually to Exercise 8; this meets the rubric requirements.","You extract a best workflow, finalize it with trees and min_n, and fit on train/test data and compute the MSE ratio, but extract_workflow is misused (extra argument) and the rubric expected specifically the 'base_forest' workflow and the given parameter values; process fidelity is slightly off."
25,26,"Most exercises are completed with the correct functions and workflows, and your code generally follows the intended tidymodels process. The main issues are small deviations from the specified arguments (e.g., missing strata in the split, not explicitly setting regression mode, and a slightly off recipe/inspection pattern in Q3 and workflow extraction in Q10). Tightening those details would bring the work fully in line with the rubric’s expectations.",3,2,2,2,3,3,3,3,3,2,Used skimr::skim(dat) directly (pipe not required by rubric) and correctly noted no missing data; EDA requirement is fully met.,"Correct use of set.seed and initial_split/training/testing with 75% split, but you omitted strata = 'Sale_Price', so the specified stratified split process is not fully followed.","Recipe uses the correct formula, log-transform of outcome, normalization, step_other, and dummies, but you use step_normalize instead of separate step_center/step_scale and the broom::tidy() call is outside the recipe pipeline, so the examination step is not correctly implemented.","All three models are defined with appropriate engines and tunable parameters, but you did not explicitly set mode = 'regression' for the lm and glmnet models as expected in the rubric.","parsnip::translate() is correctly applied to each of the three model objects, matching the required workflow.",You set the seed and created train_resamples with rsample::bootstraps(ames_train) as specified; the bootstrap resampling object is correctly constructed.,"You build all_workflows with the base recipe and three models, then unnest the info column to inspect structure; this matches the expected workflow and output structure.","workflow_map is used with appropriate arguments, and your subsequent pipeline correctly selects wflow_id and result, unnests result and .metrics, filters for rmse, groups, arranges by descending .estimate, and slices the top row per workflow.","workflowsets::rank_results is called with all_workflows, rank_metric = 'rmse', and select_best = TRUE, and you compare its output conceptually to Exercise 8 as requested.","You extract a best workflow, finalize it with trees and min_n, fit on train and test, and compute a test/train MSE ratio; however, extract_workflow is misused (extra argument), and the best-id selection logic is more complex than needed and not clearly tied to the specified 'base_forest' workflow and given parameter values."
26,23,"Your lab shows solid understanding of tidymodels workflows, recipes, model specification, and workflowsets; most required steps are present and logically structured. The main issues are small deviations from the specified process (missing strata in the split, not explicitly setting regression mode for some models, and a slightly incorrect extract_workflow call). Addressing these details will make your code more robust and fully aligned with the rubric expectations.",3,2,2,2,3,3,3,3,3,2,Used skimr::skim(dat) directly (pipe not required by rubric) and correctly noted no missing data; EDA requirement is fully met.,"Correct use of set.seed, initial_split, training, and testing with 75% split, but you omitted strata = 'Sale_Price', so the split does not follow the specified stratified process.","Recipe uses the correct formula, log-transform of outcome, normalization, step_other, and dummy creation, but you used step_normalize instead of separate step_center/step_scale and then incorrectly called broom::tidy(norm_recipe) after assigning the prepped recipe, so the examination step is not implemented as specified.","All three models are defined with correct engines and tunable parameters, but you did not explicitly set mode = 'regression' for the lm and glmnet models as required by the rubric.","parsnip::translate() is correctly applied to each of the three model objects, satisfying the workflow and inspection requirements.","You set the seed and created train_resamples with rsample::bootstraps(ames_train), matching the expected bootstrap resampling process.","You built all_workflows with the specified recipe and three models and unnested the info column, correctly showing the workflow structure.","Your code updates all_workflows with workflow_map and then correctly unnests result and .metrics, filters for rmse, groups by wflow_id, arranges by descending .estimate, and slices the top row per group.","You correctly call workflowsets::rank_results with all_workflows, rank_metric = 'rmse', and select_best = TRUE, and you compare it conceptually to your Exercise 8 results.","You extract a best workflow, finalize it with trees and min_n, and fit on train/test and compute the MSE ratio, but extract_workflow is misused (extra argument), and the rubric expected specifically extracting 'base_forest' with given parameters; tighten the extract_workflow call to match the documented interface."
27,26,"Most exercises are completed with the correct functions and workflows, and your code closely follows the intended tidymodels process. The main issues are minor deviations from the specified arguments (e.g., missing strata in the split, using step_normalize instead of separate centering/scaling, and a slightly incorrect extract_workflow call). Tightening these details to match the rubric exactly will bring your work to full credit on all items.",3,2,2,2,3,3,3,3,3,2,Used skimr::skim(dat) directly (pipe not required by rubric) and correctly noted no missing data; EDA requirement is fully met.,"Correct use of set.seed, initial_split, training, and testing with 75% split, but you omitted strata = 'Sale_Price', so the split does not follow the specified stratified process.","Recipe uses the correct formula, log-transform of outcome, normalization, step_other, and step_dummy, and is prepped; however, you used step_normalize instead of separate step_center/step_scale and the broom::tidy() call is outside the recipe pipeline, so the process does not exactly match the expected workflow.","All three models are defined with appropriate engines and tunable parameters, but you did not explicitly set mode = 'regression' for the linear models and used unqualified tune() instead of parsnip::tune(), which slightly departs from the specified process.","parsnip::translate() is correctly applied to each of the three model objects, satisfying the workflow and output expectations.",You set the seed and created train_resamples with rsample::bootstraps(ames_train) as required; the bootstrap resampling object is correctly constructed.,"You built all_workflows with the base recipe and three models and then unnested the info column, correctly showing the workflow structure with the expected combinations.","workflow_map is used to tune across workflows, and your dplyr/tidyr chain correctly unnests result and .metrics, filters for rmse, groups by wflow_id, orders by .estimate, and slices the top row per group.","workflowsets::rank_results is called with all_workflows, rank_metric = 'rmse', and select_best = TRUE, and you compare its output conceptually to Exercise 8, matching the intended process.","You extract a best workflow, finalize it with trees and min_n, and fit on train and test data and compute a test/train MSE ratio; however, extract_workflow is misused (extra argument), and the rubric expected specifically extracting 'base_forest' with given parameters, so the process is slightly off."
28,25,"Your lab shows a solid grasp of tidymodels workflows, recipes, model specification, and workflowsets, and most required steps are present and structured correctly. Points were mainly lost for small deviations from the specified arguments (e.g., missing strata in the split, not explicitly setting modes, and minor function/argument mismatches). Review the solution template and rubric to align your code more closely with the expected functions and parameters in future labs.",2,2,2,2,3,3,3,3,3,2,"You correctly used skimr::skim(dat) and stated there is no missing data, but the rubric expected using the pipe operator (dat |> skimr::skim()) in a single step.","You set the seed and used initial_split/training/testing with 75% training, but you omitted strata = 'Sale_Price', which was required for full credit.","You created an appropriate recipe with log transform, normalization, step_other, and dummies, and prepped it, but you used step_normalize instead of separate step_center and step_scale and did not use broom::tidy() on the prepped object as specified.","You defined all three models with correct engines and tunable parameters, but you did not explicitly set mode = 'regression' for the lm and glmnet models as required by the rubric.","You correctly called parsnip::translate() on each of the three model objects, matching the expected workflow.",You set the seed and created train_resamples with rsample::bootstraps(ames_train) as required; the process and object are correct.,"You built all_workflows with the base recipe and three models and unnested the info column, correctly showing the workflow structure.","You updated all_workflows with workflow_map and then correctly unnested result and .metrics, filtered for rmse, grouped, arranged by .estimate, and sliced the top row per workflow.","You called workflowsets::rank_results(all_workflows, rank_metric = 'rmse', select_best = TRUE) and compared it to your Exercise 8 results as requested.","You extracted a best workflow, finalized it with trees and min_n, and fit on train/test and computed the MSE ratio, but extract_workflow was misused (extra all_workflows argument) and the rubric expected specifically extracting 'base_forest' with given parameters."
29,23,"Your lab shows a solid grasp of tidymodels workflows, recipes, model specification, and workflowsets, and most required steps are present and correctly structured. The main issues are small deviations from the specified arguments (e.g., missing strata in the split, using step_normalize instead of separate centering/scaling, and a slightly incorrect extract_workflow call). Tightening these details to match the rubric and ensuring each pipe chain ends with a valid object will make your work fully aligned with expectations.",2.5,2,2,2.5,3,3,3,3,3,2,"You correctly used skimr::skim(dat) and stated there is no missing data. To fully match the rubric, pipe dat into skim() (dat |> skimr::skim()) and avoid extra intermediate steps.","You used set.seed() and rsample::initial_split/training/testing with prop = 0.75, but you omitted strata = 'Sale_Price'. Add the strata argument to ensure stratified splitting as required.","Your recipe uses the correct formula, log-transforms the outcome, normalizes numeric predictors, pools Neighborhood, and creates dummies, and you call prep(). However, you used step_normalize instead of separate step_center/step_scale and then attempted broom::tidy(norm_recipe) after the pipe (which won’t work as written). Use step_center and step_scale explicitly and apply broom::tidy() to the prepped recipe object.","You correctly specified linear_reg and rand_forest models with tune() for penalty/mixture and trees/min_n, and set_engine() appropriately; the forest model has set_mode('regression'). To fully align with the rubric, also set_mode('regression') explicitly for the lm and glmnet models.","You correctly called parsnip::translate() on each of the three model objects, which matches the expected workflow and output structure.",You set the seed and created train_resamples with rsample::bootstraps(ames_train) as required; this matches the expected process and output.,"You built all_workflows with workflowsets::workflow_set using the recipe and three models, and unnested the info column with tidyr::unnest(info), matching the expected structure and process.","You used workflow_map with appropriate arguments and then selected/unnested result and .metrics, filtered for rmse, grouped by wflow_id, arranged by descending .estimate, and sliced the top row, which matches the rubric’s required workflow and output.","You correctly called workflowsets::rank_results(all_workflows, rank_metric = 'rmse', select_best = TRUE) and compared its output conceptually to your Exercise 8 results, satisfying the criteria.","You extracted a best workflow, finalized it with trees and min_n, updated the recipe, fit on train/test, and computed a test/train MSE ratio close to the expected value. However, extract_workflow() is misused (extra all_workflows argument) and the rubric expects specifically extracting 'base_forest' and directly using finalize_workflow with those parameters; clean up the extract_workflow call to match the documented usage."
30,25,"Your lab shows solid understanding of tidymodels workflows, recipes, model specification, and workflowsets, and most required functions and steps are present. A few details diverge from the rubric (e.g., missing stratification in the split, using step_normalize instead of separate centering/scaling, and a slightly off extract_workflow call). Tightening those aspects and matching the specified function signatures and arguments more closely will bring your work fully in line with the expected process.",2,2,2,2,3,3,3,3,3,2,"You correctly used skimr::skim(dat) and stated there is no missing data. However, the rubric expected using the pipe operator (dat |> skimr::skim()) in a single step, so process fidelity is slightly off.","You set the seed and used rsample::initial_split, training(), and testing() with a 0.75 split, which is good. You did not include strata = 'Sale_Price', so the split does not fully match the specified process.","You created a recipe with the correct formula, log-transformed the outcome, normalized numeric predictors, pooled Neighborhood, and created dummies, then prepped the recipe. However, you used step_normalize instead of separate step_center and step_scale, and broom::tidy() is not applied to the prepped object as written, so the workflow does not fully match the expected steps.","You defined three parsnip models with appropriate engines and tunable parameters for glmnet and ranger. You did not explicitly set mode = 'regression' for the linear models, and you used bare tune() instead of parsnip::tune(), which slightly departs from the specified process.","You correctly called parsnip::translate() on each of the three model objects, which matches the expected workflow and should yield the appropriate engine-specific templates.","You set the seed and created train_resamples <- rsample::bootstraps(ames_train) as required, producing the correct bootstrap resampling object with default settings.","You built all_workflows with workflowsets::workflow_set using the base recipe and all three models, and then unnested the info column with tidyr::unnest(info), which matches the expected structure and process.","You used workflow_map with appropriate arguments and then correctly selected wflow_id and result, unnested result and .metrics, filtered for rmse, grouped, arranged by descending .estimate, and sliced the top row per workflow, matching the rubric’s process.","You called workflowsets::rank_results(all_workflows, rank_metric = 'rmse', select_best = TRUE) and compared its output conceptually to your Exercise 8 results, satisfying the required code and interpretation.","You extracted a best workflow, finalized it with trees and min_n, updated the recipe, fit on train and test data, and computed a test/train MSE ratio close to the expected value. However, extract_workflow is called with an incorrect signature, and the rubric expected specifically extracting 'base_forest' and directly using finalize_workflow with those parameters, so the process is not fully aligned."
31,26,"Your lab shows a solid grasp of tidymodels workflows, recipes, model specification, and workflowsets, with all exercises attempted and most processes implemented correctly. The main issues are minor deviations from the specified process (e.g., missing strata in the split, not explicitly setting regression mode, and a slightly incorrect extract_workflow call). Tightening those details and aligning more closely with the exact function signatures in the rubric would bring this to full credit.",3,2,2,2,3,3,3,3,3,2,Used skimr::skim(dat) directly (pipe not required by rubric) and correctly noted no missing data; EDA requirement is fully met.,"Correct use of set.seed, initial_split, training, and testing with 75% split, but you omitted strata = 'Sale_Price', so the specified stratified split process is not fully followed.","Recipe uses the correct formula, log-transform of outcome, normalization, step_other, and step_dummy, and is prepped; however, you did not specify base = exp(1) in step_log and the broom::tidy(norm_recipe) call is outside the recipe pipeline, so the examination step is not clearly implemented as intended.","All three models are defined with correct engines and tuning parameters, but you did not explicitly set mode = 'regression' for the linear models, which is expected in the rubric’s process description.","parsnip::translate() is correctly applied to each of the three model objects, satisfying the workflow and output expectations.",You set the seed and created train_resamples with rsample::bootstraps(ames_train) as required; the bootstrap resampling object is correctly constructed.,"You built all_workflows with the base recipe and three models and unnested the info column, correctly showing the workflow structure with the expected components.","workflow_map is used with appropriate arguments, and you correctly unnest result and .metrics, filter for rmse, group by wflow_id, arrange by .estimate, and slice the top row per group.","workflowsets::rank_results is called with all_workflows, rank_metric = 'rmse', and select_best = TRUE, and you compare its output conceptually to Exercise 8 as requested.","You extract a best workflow, finalize it with trees and min_n, and fit on train/test while computing an MSE ratio; however, extract_workflow is misused (extra all_workflows argument), and the specified best workflow id ('base_forest') and exact parameter values from the solution are not clearly aligned with the rubric’s expected configuration."
32,26,"Your lab shows a solid grasp of tidymodels workflows, recipes, model specification, and workflowsets, with most required steps present and logically structured. The main issues are small deviations from the specified process (e.g., missing strata in the split, mode settings, and minor function usage details) and a slightly off best-model finalization. Tightening those details will bring your work fully in line with the rubric expectations.",3,2,2,2,3,3,3,3,3,2,Used skimr::skim(dat) directly (pipe not required by rubric) and clearly stated no missing data; EDA requirement is fully met.,"Correct use of set.seed, initial_split, training, and testing with 75% split, but you omitted strata = 'Sale_Price', so the split does not follow the specified stratified process.","Recipe uses the correct formula, log-transform of outcome, normalization, step_other, and step_dummy, and is prepped; however, you used step_normalize instead of separate step_center/step_scale and the broom::tidy() call is outside the pipeline, so the examination step is not correctly coded.","All three models are specified with correct engines and tunable parameters, but you did not explicitly set mode = 'regression' for the linear models, which is expected for full credit.","parsnip::translate() is correctly applied to each of the three model objects, satisfying the workflow inspection requirement.",You set the seed and created train_resamples with rsample::bootstraps(ames_train) as required; the bootstrap resampling process is correctly implemented.,"You built all_workflows with the base recipe and three models and unnested the info column with tidyr::unnest(info), matching the expected workflow_set structure and examination.","workflow_map is used on all_workflows, and your subsequent code correctly unnests result and .metrics, filters for rmse, groups by wflow_id, orders by .estimate, and slices the top row per group.","workflowsets::rank_results is called with all_workflows, rank_metric = 'rmse', and select_best = TRUE, and you compare its output conceptually to Exercise 8, fulfilling the requirement.","You extract a best workflow, finalize it with trees and min_n, and fit to train and test data to compute an MSE ratio; however, extract_workflow is misused (extra argument), and the specified best parameters differ from the rubric’s expected values, so the process and output are only partially aligned."
33,26,"Most exercises are completed with appropriate tidymodels workflows and correct function usage, and the overall structure closely follows the solution template. Minor deviations include missing stratification in the data split, not explicitly setting mode for all models, and a slightly off-spec workflow extraction in Exercise 10. Tightening these details would bring the work fully in line with the rubric.",3,2,2,2,3,3,3,3,3,2,Used skimr::skim(dat) directly and correctly noted no missing data; matches required workflow and interpretation.,"Correct use of set.seed and initial_split/training/testing with 75% split, but missing strata = 'Sale_Price' argument, so process/output are slightly off rubric.","Recipe uses correct formula, log-transform of outcome, normalization, step_other, and dummies, but uses step_normalize instead of separate center/scale and the broom::tidy call is outside the pipeline; overall process is close but not exactly as specified.","All three models are defined with correct engines and tunable parameters, but set_mode('regression') is only applied to the random forest model; per rubric, all should explicitly set mode.","parsnip::translate is correctly applied to each of the three model objects, following the expected workflow.",set.seed(8740) is called and rsample::bootstraps(ames_train) is used to create train_resamples as required.,"workflow_set is built with the base recipe and all three models, and tidyr::unnest(info) is used to inspect structure; matches rubric expectations.","Correctly updates all_workflows with workflow_map and then selects, unnests result and .metrics, filters for rmse, groups, arranges by .estimate, and slices top row per workflow.","workflowsets::rank_results is called with all_workflows, rank_metric='rmse', and select_best=TRUE, and results are compared to Exercise 8 output in code comments.","Best workflow is extracted, finalized with trees and min_n, and fitted on train/test with an MSE ratio computed; however, extract_workflow is miscalled with all_workflows as first argument and the chosen id is derived via extra ranking logic rather than directly using 'base_forest', so process deviates slightly from rubric."
34,23,"Most exercises follow the intended tidymodels workflow, with correct use of recipes, models, workflowsets, and tuning. The main issues are missing stratification in the data split, minor recipe and model specification details, and a small error in the extract_workflow call in Exercise 10. Tightening these points would bring the work fully in line with the rubric expectations.",3,2,2,2,3,3,3,3,3,2,Used skimr::skim(dat) directly with no extra objects and correctly noted no missing data.,"Correct use of set.seed, initial_split, training, and testing with 75% split, but missing the required strata = 'Sale_Price' argument.","Recipe uses the correct formula, log-transform of outcome, normalization, step_other, and step_dummy, but uses step_normalize instead of separate center/scale and the broom::tidy() call is placed after prep in a way that would not run as written.","All three models are specified with correct engines and tunable parameters, but set_mode('regression') is only applied to the random forest and not to the linear models as expected.",parsnip::translate() is correctly applied to each of the three model objects to inspect engine-specific templates.,set.seed(8740) is called and rsample::bootstraps(ames_train) is used to create the bootstrap resamples as required.,Constructs a workflow_set with the base recipe and three models and correctly unnests the info column to inspect the workflow structure.,"Uses workflow_map with appropriate arguments, then selects wflow_id and result, unnests result and .metrics, filters for rmse, groups, arranges by descending .estimate, and slices the top row per workflow.","Correctly calls workflowsets::rank_results(all_workflows, rank_metric = 'rmse', select_best = TRUE) and compares its output conceptually to the manual results from Exercise 8.","Attempts to extract the best workflow, finalize with trees and min_n, and fit on train/test data, but extract_workflow is misused (extra all_workflows argument) and the specified best parameters are hard-coded rather than clearly derived from prior tuning."
35,23,"Most exercises are completed with appropriate use of tidymodels, workflowsets, and rsample, and the overall workflow from EDA through tuning and evaluation is clear. The main issues are minor deviations from the specified arguments (e.g., missing strata in the split, not setting mode on all models) and a small mistake in how extract_workflow is called in Exercise 10. Tightening those details and ensuring each step exactly matches the expected function signatures would bring this to full credit.",3,2,2,2,3,3,3,3,3,2,Used skimr::skim(dat) directly and correctly noted no missing data; matches required workflow and interpretation.,"Correct use of set.seed, initial_split, training, and testing with 75% split, but missing strata = 'Sale_Price' argument in initial_split.","Recipe uses correct formula, log-transform of outcome, normalization, step_other, and step_dummy, but uses step_normalize instead of separate center/scale and the broom::tidy() call is outside the pipeline, so the prepped object is not actually tidied.","All three models are specified with correct engines and tunable parameters, but set_mode('regression') is only applied to the random forest and not to the linear models as expected.","parsnip::translate() is correctly applied to each of the three model objects, satisfying the required process.",set.seed(8740) is called and rsample::bootstraps(ames_train) is used to create the bootstrap resamples as specified.,Constructs workflow_set with the base recipe and three models and correctly unnests the info column to inspect structure; matches the expected workflow.,"Uses workflow_map with appropriate arguments and then correctly unnests result and .metrics, filters for rmse, groups by wflow_id, arranges by .estimate, and slices the top row per group.","Calls workflowsets::rank_results with all_workflows, rank_metric = 'rmse', and select_best = TRUE, and compares to Exercise 8 results in comments.","Attempts to extract the best workflow, finalize with trees and min_n, and fit on train/test and compute MSE ratio, but extract_workflow is miscalled with all_workflows as first argument and the specified best parameters do not clearly come from prior tuning."
36,26,"Most exercises are completed with appropriate use of tidymodels, workflowsets, and rsample, and the overall workflow from EDA through tuning and evaluation is clear. The main issues are minor deviations from the specified arguments (e.g., missing strata in the split, not separating centering and scaling, and some small inconsistencies in model extraction/finalization). Tightening adherence to the exact function signatures and argument values in the rubric would bring this to full credit.",3,2,2,2,3,3,3,3,3,2,Used skimr::skim(dat) directly (pipe not required by rubric) and clearly stated no missing data; EDA requirement is fully met.,"Correct use of set.seed and initial_split with 75% prop and training/testing extraction, but missing strata = 'Sale_Price' so the split does not follow the specified process.","Recipe uses the correct formula, log-transform of outcome, normalization, step_other, and dummies, but uses step_normalize instead of separate step_center/step_scale and the broom::tidy call is placed after the chunk (won’t run as written).","All three models are specified with correct engines and tunable parameters, but set_mode('regression') is only applied to the random forest; glmnet and base lm models are missing explicit mode setting as requested.","parsnip::translate is correctly applied to each of the three model objects, satisfying the workflow and function-use requirements.","Seed is set and rsample::bootstraps(ames_train) is used to create train_resamples, matching the expected bootstrap process.","workflowsets::workflow_set is correctly built with the recipe and three models, and tidyr::unnest(info) is used to inspect the workflow structure as required.","workflow_map is used with appropriate arguments, and the subsequent dplyr/tidyr pipeline correctly unnests result and .metrics, filters for rmse, groups, arranges, and slices to get best configurations.","workflowsets::rank_results is called with all_workflows, rank_metric = 'rmse', and select_best = TRUE, and the student compares its output conceptually to Exercise 8.","Best workflow is identified and extracted, finalized with trees and min_n, and then fit on train/test with an MSE ratio reported; however, extract_workflow is called with incorrect arguments and the specified best parameters differ from the provided solution values."
37,23,"Most exercises are completed with appropriate use of tidymodels, workflowsets, and rsample, and the overall workflow from EDA through tuning and evaluation is clear. The main issues are minor deviations from the specified arguments (e.g., missing strata in the split, not explicitly setting mode on all models) and a small mistake in the extract_workflow call in Exercise 10. Tightening those details would bring the work fully in line with the rubric expectations.",3,2,2,2,3,3,3,3,3,2,Used skimr::skim(dat) directly and correctly noted no missing data; matches required workflow and interpretation.,"Correct use of set.seed, initial_split, training, and testing with 75% split, but missing strata = 'Sale_Price' argument in initial_split.","Recipe uses correct formula, log-transform of outcome, normalization, step_other, and step_dummy, and is prepped; however, it uses step_normalize instead of separate step_center/step_scale and the broom::tidy call is placed after the chunk (would not run as written).","All three models are specified with correct engines and tunable parameters, but set_mode('regression') is only applied to the random forest and not to the linear models as expected in the rubric.","parsnip::translate() is correctly applied to each of the three model objects, satisfying the required process.",Seed is set and rsample::bootstraps(ames_train) is used to create train_resamples as required.,"Workflow_set is built with the base recipe and all three models, and tidyr::unnest(info) is used to inspect the workflow structure as specified.","Correctly updates all_workflows with workflow_map and then selects, unnests result and .metrics, filters for rmse, groups by wflow_id, arranges by descending .estimate, and slices the top row per group.","Calls workflowsets::rank_results with all_workflows, rank_metric = 'rmse', and select_best = TRUE, and compares to Exercise 8 results in comments.","Attempts to extract the best workflow, finalize with trees and min_n, and fit on train/test and compute MSE ratio; however, extract_workflow is misused (extra all_workflows argument) and the rubric expects specifically extracting 'base_forest' with given parameters, so the workflow selection step is not fully correct."
38,26,"Your lab shows a solid grasp of tidymodels workflows, recipes, model specification, and workflowsets, with most required steps present and structured correctly. The main issues are missing stratification in the data split, minor deviations from the specified preprocessing and model modes, and a small misuse of extract_workflow plus differing best parameters in the final model. Tightening these details to match the rubric’s exact process would bring this to full credit.",3,2,2,2,3,3,3,3,3,2,Used skimr::skim(dat) directly with no extra objects and correctly noted no missing data.,"Correct use of set.seed and initial_split/training/testing, but you omitted strata = 'Sale_Price', so the split is not stratified as required.","Recipe uses the correct formula, log-transform of outcome, normalization, step_other, and dummies, but you used step_normalize instead of separate step_center/step_scale and the broom::tidy() call is outside the pipeline, so the examination step is not implemented as written.","All three models are specified with correct engines and tunable parameters, but you did not explicitly set mode = 'regression' for the linear models as in the expected workflow.","parsnip::translate() is correctly applied to each of the three model objects, matching the expected process.",You set the seed and created train_resamples with rsample::bootstraps(ames_train) as required.,"You built all_workflows with the base recipe and three models and unnested the info column to inspect the structure, matching the expected workflow.","workflow_map is used with appropriate arguments, and you correctly unnest result and .metrics, filter for rmse, group, arrange by .estimate, and slice the top row per workflow.",You called workflowsets::rank_results with the specified arguments and compared its output conceptually to your Exercise 8 summary.,"You extracted a best workflow, finalized it with trees and min_n, and fit on train/test and computed an MSE ratio, but extract_workflow is misused (extra argument), and the specified best parameters differ from the rubric’s expected values."
39,23,"Most exercises are completed with the correct functions and workflows, and the overall tidymodels process is well represented. The main issues are small deviations from the specified arguments (e.g., missing strata in the split, missing set_mode on some models) and a couple of minor implementation details (recipe tidying and extract_workflow usage). Addressing these details would bring the work fully in line with the rubric’s expectations.",3,2,2,2,3,3,3,3,3,2,Used skimr::skim(dat) directly and correctly noted no missing data; matches required workflow and interpretation.,"Correct use of set.seed and initial_split/training/testing with 75% split, but missing strata = 'Sale_Price' argument required by the rubric.","Recipe uses correct formula, log-transform of outcome, normalization, step_other, and dummies, but uses step_normalize instead of separate center/scale and the broom::tidy() call is outside the pipeline, so the examination step is not implemented as intended.","All three models are specified with correct engines and tunable parameters, but set_mode('regression') is missing for the lm and glmnet models as required by the rubric.","parsnip::translate() is correctly applied to each of the three model objects, following the expected process.",set.seed(8740) is called and rsample::bootstraps(ames_train) is used to create the bootstrap resamples as specified.,"Workflow set is correctly built with the base recipe and three models, and tidyr::unnest(info) is used to inspect the workflow structure as required.","workflow_map is used appropriately, and the subsequent pipeline correctly unnests result and .metrics, filters for rmse, groups, arranges by .estimate, and slices the top row per workflow.","workflowsets::rank_results is called with all_workflows, rank_metric = 'rmse', and select_best = TRUE, and the student compares these results to those from Exercise 8.","Best workflow is extracted, finalized with trees and min_n, and fitted on train/test with an MSE ratio reported, but extract_workflow is misused (extra argument) and the specified best parameters are hard-coded rather than clearly derived from prior tuning."
40,26,"Most exercises are completed with appropriate use of tidymodels, workflowsets, and rsample, and the tuning/unnesting workflows are especially solid. The main issues are minor deviations from the specified arguments (e.g., missing strata in the split, not setting mode on all models) and a small mistake in the extract_workflow call in Exercise 10. Tightening those details would bring this to full credit.",3,2,2,2,3,3,3,3,3,2,Used skimr::skim(dat) directly and correctly noted no missing data; matches required workflow and interpretation.,"Correct use of set.seed and initial_split/training/testing with 75% split, but missing strata = 'Sale_Price' argument, so process/output are slightly off rubric.","Recipe uses correct formula, log-transform of outcome, normalization, step_other, and dummies, but uses step_normalize instead of separate center/scale and the broom::tidy call is outside the pipeline; overall process is close but not exactly as specified.","All three models are defined with correct engines and tunable parameters, but set_mode('regression') is only applied to the random forest; per rubric, all should explicitly set mode.","parsnip::translate is correctly applied to each of the three model objects, matching the expected workflow.",set.seed(8740) followed by rsample::bootstraps(ames_train) stored in train_resamples matches the required process and output structure.,Constructs workflow_set with the base recipe and three models and unnests the info column; structure matches rubric expectations.,"Uses workflow_map with appropriate arguments, then selects wflow_id and result, unnests result and .metrics, filters for rmse, groups, arranges by descending .estimate, and slices first row; fully aligned with rubric.","Calls workflowsets::rank_results with all_workflows, rank_metric = 'rmse', select_best = TRUE and compares to Exercise 8 results in comments; meets all criteria.","Attempts to extract best workflow, finalize with trees and min_n, and fit on train/test, but extract_workflow is misused (extra all_workflows argument) and best parameters are hard-coded rather than clearly derived; overall process is close but not fully correct."
41,23,"Most exercises are completed with the correct functions and workflows, and the overall tidymodels pipeline is well represented. The main issues are small deviations from the specified arguments (e.g., missing strata in the split, not setting mode on all models) and a couple of minor code-structure problems (recipe prep/tidy placement, extract_workflow arguments). Addressing these details would bring the work fully in line with the rubric requirements.",3,2,2,2,3,3,3,3,3,2,Used skimr::skim(dat) directly and correctly noted no missing data; matches required workflow and interpretation.,"Correct use of set.seed, initial_split, training, and testing with 75% split, but missing the required strata = 'Sale_Price' argument.","Recipe uses correct formula, log-transform of outcome, normalization, step_other, and dummies, but does not use step_center and step_scale explicitly and the prep/tidy call is incorrectly placed after the pipe (broom::tidy(norm_recipe) will not run as written).","All three models are specified with correct engines and tunable parameters, but set_mode('regression') is only applied to the random forest and not to the linear models as expected in the rubric.","parsnip::translate() is correctly applied to each of the three model objects, satisfying the required workflow.",set.seed(8740) is called and rsample::bootstraps(ames_train) is used to create the bootstrap resamples as required.,"workflow_set is correctly built with the base recipe and three models, and tidyr::unnest(info) is used to inspect the workflow structure; matches the expected process.","workflow_map is used appropriately, and the subsequent code correctly unnests result and .metrics, filters for rmse, groups, arranges by .estimate, and slices the top row per workflow.","workflowsets::rank_results is called with all_workflows, rank_metric = 'rmse', and select_best = TRUE, and the student compares these results to those from Exercise 8.","extract_workflow, finalize_workflow, and fit are all used, and train/test MSE ratio is computed, but extract_workflow is called with incorrect arguments and the specified best parameters (trees = 1, min_n = 11) are hard-coded rather than clearly derived from prior tuning."
42,23,"Most exercises are completed with appropriate use of tidymodels, workflowsets, and rsample, and the overall workflow from EDA through model comparison is clear. The main issues are minor deviations from the specified arguments (e.g., missing strata in the split, inconsistent use of set_mode, and a slightly incorrect extract_workflow call) and a somewhat awkward prep/tidy step in the recipe. Tightening these details to match the rubric’s exact process would bring this to full credit.",3,2,2,2,3,3,3,3,3,2,Used skimr::skim(dat) directly with no extra objects and correctly noted no missing data.,"Correct use of set.seed, initial_split, training, and testing with 75% split, but missing the required strata = 'Sale_Price' argument.","Recipe uses the correct formula, log-transforms the outcome, normalizes numeric predictors, pools Neighborhood, and creates dummies, but the prep/inspect step is incorrectly chained (broom::tidy(norm_recipe) will not run as written) and the rubric expected separate prep + tidy calls.","All three models are specified with correct engines and tunable parameters, but set_mode('regression') is only applied to the random forest; glmnet and base lm should also explicitly set mode per the rubric.",parsnip::translate() is correctly called on each of the three model objects to reveal engine-specific templates.,set.seed(8740) is used and rsample::bootstraps(ames_train) creates the expected bootstrap resampling object.,"workflow_set is correctly built with the base recipe and three models, and tidyr::unnest(info) is used to inspect the workflow structure.","workflow_map is applied with appropriate arguments, and the subsequent pipeline correctly selects wflow_id and result, unnests result and .metrics, filters for rmse, groups, arranges by .estimate, and slices the top row.","workflowsets::rank_results is called with all_workflows, rank_metric = 'rmse', and select_best = TRUE, and the student compares these results to those from Exercise 8 in code and comments.","Correctly extracts a best workflow, finalizes with trees and min_n, updates the recipe, fits on train/test, and computes a test/train MSE ratio close to the expected value, but extract_workflow is misused (extra all_workflows argument) and the rubric specified directly extracting 'base_forest' rather than dynamically selecting by rank."
43,26,"Most exercises are completed with the correct functions and workflows, and the overall tidymodels process is well followed. The main issues are minor deviations from the specified arguments (e.g., missing strata in the split, missing set_mode on some models, and a slightly incorrect extract_workflow call). Tightening these details to match the rubric exactly would bring this to full credit.",3,2,2,2,3,3,3,3,3,2,Used skimr::skim(dat) directly with no extra objects and correctly noted no missing data.,"Correct use of set.seed, initial_split, training, and testing, but the split omits strata = 'Sale_Price', so the process is not fully as specified.","Recipe uses the correct formula, log-transform of outcome, normalization, step_other, and dummies, but the pipe into broom::tidy(norm_recipe) is broken by a line break and the log step omits explicit base = exp(1); also, the rubric expected separate prep and tidy calls.","All three models are defined with appropriate engines and tunable parameters, but set_mode('regression') is missing for the two linear_reg models, which is part of the expected parsnip workflow.","parsnip::translate() is correctly applied to each of the three model objects, matching the required process.",set.seed(8740) is called and rsample::bootstraps(ames_train) is used to create the bootstrap resamples as required.,"workflow_set is correctly built with the recipe and three models, and tidyr::unnest(info) is used to inspect the workflow structure as specified.","workflow_map is used on all_workflows, and the subsequent code correctly unnests result and .metrics, filters for rmse, groups, arranges by .estimate, and slices the top row per workflow.","workflowsets::rank_results is called with all_workflows, rank_metric = 'rmse', and select_best = TRUE, and the student compares these results to those from Exercise 8 in code and comments.","The student extracts a best workflow, finalizes it with trees and min_n, updates the recipe, fits on train and test, and computes a test/train MSE ratio close to the expected value; however, extract_workflow is misused (extra all_workflows argument) and the specified id 'base_forest' is not explicitly used, so the extraction step is not fully correct."
44,26,"Most exercises are completed with appropriate use of tidymodels, workflowsets, and rsample, and the tuning and evaluation workflow is largely correct. The main issues are missing stratification in the train/test split, minor recipe and model-spec deviations from the requested process, and a slightly incorrect extract_workflow call. Tightening adherence to the specified arguments and function usage would bring this to full credit.",3,2,2,2,3,3,3,3,3,2,Used skimr::skim(dat) directly with no extra objects and correctly noted no missing data.,"Correct use of set.seed, initial_split, training, and testing, but the split omits strata = 'Sale_Price', so the process is incomplete per instructions.","Recipe uses the correct formula, log-transform of outcome, normalization, step_other, and step_dummy, but it uses step_normalize instead of separate step_center/step_scale and the prep/tidy call is not correctly chained to norm_recipe.","All three models are specified with appropriate engines and tunable parameters, but set_mode('regression') is only applied to the random forest and not to the linear models as expected.","parsnip::translate() is correctly applied to each of the three model objects, showing the underlying templates.",Seed is set and rsample::bootstraps(ames_train) is used to create train_resamples as required.,"workflow_set is correctly built with the base recipe and three models, and tidyr::unnest(info) is used to inspect the workflow structure.","workflow_map is used to tune over resamples, and the subsequent code correctly unnests result and .metrics, filters for rmse, groups, arranges by .estimate, and slices the top row per workflow.","workflowsets::rank_results is called with all_workflows, rank_metric = 'rmse', and select_best = TRUE, and the student compares these results to those from Exercise 8.","They extract a best workflow, finalize it with trees and min_n, update the recipe, fit on train and test, and compute a test/train MSE ratio close to the expected value, but extract_workflow is misused (extra all_workflows argument) and the specified best parameters are hard-coded rather than clearly derived from prior tuning."
45,26,"Most exercises are completed with the correct functions and workflows, and your code generally follows the intended tidymodels process. The main issues are small but important details: missing stratification in the split, incomplete recipe prep/inspection, missing set_mode on linear models, and a slightly incorrect extract_workflow call. Tightening up these details will make your modeling pipelines more robust and reproducible.",3,2,2,2,3,3,3,3,3,2,Used skimr::skim(dat) directly with no extra objects and correctly noted no missing data.,"Correct use of set.seed, initial_split, training, and testing with 75% split, but missing the required strata = 'Sale_Price' argument.","Recipe uses the correct formula, log-transforms the outcome, normalizes numeric predictors, pools Neighborhood, and creates dummies, but the prep/inspect step is incorrectly written (broom::tidy(norm_recipe) is never actually applied to the prepped object).","All three models are specified with correct engines and tunable parameters, but set_mode('regression') is only applied to the random forest and not to the linear models as expected.",parsnip::translate() is correctly called on each of the three model objects to reveal engine-specific templates.,set.seed(8740) is used and rsample::bootstraps(ames_train) correctly creates the bootstrap resamples object.,"workflow_set is correctly built with the base recipe and three models, and tidyr::unnest(info) is used to inspect the workflow structure.","workflow_map is used with appropriate arguments, and the subsequent pipeline correctly unnests result and .metrics, filters for rmse, groups, arranges by .estimate, and slices the top row per workflow.","workflowsets::rank_results is called with all_workflows, rank_metric = 'rmse', and select_best = TRUE, and the student compares these results to those from Exercise 8 in code and comments.","Best workflow is identified and extract_workflow, finalize_workflow, and fit are used on train and test data, but extract_workflow is miscalled with all_workflows as first argument and the specified best parameters (trees = 1, min_n = 11) are hard-coded rather than clearly derived from prior tuning."
46,26,"Most exercises are completed with appropriate use of tidymodels, workflowsets, and rsample, and the overall workflow from EDA through model comparison is present. The main issues are minor omissions or small mistakes in stratified splitting, recipe prep/tidy chaining, explicit mode setting for all models, and the slightly incorrect use of extract_workflow. Tightening these areas would bring the work fully in line with the rubric expectations.",3,2,2,2,3,3,3,3,3,2,Used skimr::skim(dat) directly with no extra objects and correctly noted no missing data.,"Correct use of set.seed, initial_split, training, and testing, but the split omitted strata = 'Sale_Price', so the process is slightly incomplete.","Recipe uses the correct formula, log-transform of outcome, normalization, step_other, and dummy creation, but the pipe into broom::tidy(norm_recipe) is broken (prep result is not assigned and tidy is called on the old object), so the prep/examination step is not correctly implemented.","All three models are specified with correct engines and tunable parameters, but set_mode('regression') is only applied to the random forest; glmnet and base lm models are missing explicit mode setting as expected in the rubric.",parsnip::translate() is correctly called on each of the three model objects to inspect the engine-specific templates.,set.seed(8740) is used and rsample::bootstraps(ames_train) is correctly called to create the bootstrap resamples object.,"workflowsets::workflow_set() is correctly used with the recipe and three models, and tidyr::unnest(info) is applied to inspect the workflow structure as required.","workflow_map is used with appropriate arguments, and the subsequent pipeline correctly selects wflow_id and result, unnests result and .metrics, filters for rmse, groups, arranges by descending .estimate, and slices the top row per workflow.","workflowsets::rank_results() is correctly called with all_workflows, rank_metric = 'rmse', and select_best = TRUE, and the student compares these results to those from Exercise 8 in the comments.","They extract a best workflow, finalize it with trees and min_n, update the recipe, fit on train and test, and compute the test/train MSE ratio (~1.12), but extract_workflow is called with incorrect arguments and the specified best parameters (trees = 1, min_n = 11) are hard-coded rather than clearly derived from prior tuning."
47,23,"Most exercises follow the intended tidymodels workflow, with correct use of recipes, models, workflowsets, and tuning. Main issues are minor deviations from the specified arguments (e.g., missing strata in the split, not explicitly extracting base_forest, and some recipe/prep details). Tightening those details would bring the work fully in line with the rubric.",3,2,2,2,3,3,3,3,3,2,Used skimr::skim(dat) directly with no extra objects and correctly noted no missing data.,"Correct use of set.seed, initial_split, training, and testing with 75% split, but missing the required strata = 'Sale_Price' argument.","Recipe uses the correct formula, log-transforms the outcome, normalizes numeric predictors, pools Neighborhood, and creates dummies, but you prep into norm_recipe and then call broom::tidy(norm_recipe) on the un-prepped object; also you used step_normalize instead of explicit step_center and step_scale as specified.","All three models are defined with correct engines and tunable parameters, but you did not explicitly set mode = 'regression' for the linear models and used bare tune() instead of parsnip::tune(), which may cause ambiguity.",Correctly applied parsnip::translate() to each of the three model objects to inspect their engine-specific templates.,Set the seed and created train_resamples with rsample::bootstraps(ames_train) as required.,"Built a workflow_set with the base recipe and three models, then unnested the info column to inspect structure; this matches the expected workflow.","Used workflow_map with appropriate arguments, then selected wflow_id and result, unnested result and .metrics, filtered for rmse, grouped, arranged by descending .estimate, and sliced the top row per workflow.","Called workflowsets::rank_results with all_workflows, rank_metric = 'rmse', and select_best = TRUE, and compared its output conceptually to Exercise 8.","Extracted a best workflow, finalized it with trees and min_n, updated the recipe, fit on train and test, and computed the test/train MSE ratio; however, extract_workflow is called with incorrect arguments and you did not explicitly extract the 'base_forest' workflow as specified."
48,26,"Most exercises are completed with appropriate use of tidymodels, workflowsets, and rsample, and the overall workflow from EDA through tuning and evaluation is present. The main issues are minor deviations from the specified arguments (e.g., missing strata in the split, missing set_mode on some models) and a couple of small code-structure problems (recipe prep/inspect chaining and extract_workflow usage). Addressing these would bring the submission fully in line with the rubric.",3,2,2,2,3,3,3,3,3,2,Used skimr::skim(dat) directly with no extra objects and correctly noted no missing data.,"Correct use of set.seed, initial_split, training, and testing with 75% split, but missing the required strata = 'Sale_Price' argument.","Recipe uses the correct formula, log-transforms the outcome, normalizes numeric predictors, pools Neighborhood, and creates dummies, but the prep/inspect step is incorrectly chained (broom::tidy(norm_recipe) will not run as written).","All three models are specified with correct engines and tunable parameters, but set_mode('regression') is only applied to the random forest and not to the linear models as expected.",parsnip::translate() is correctly applied to each of the three model objects to inspect engine-specific templates.,set.seed(8740) is called and rsample::bootstraps(ames_train) is used to create the bootstrap resamples as required.,"workflow_set is correctly built with the base recipe and three models, and tidyr::unnest(info) is used to inspect the workflow structure.","workflow_map is used with tune_grid, and the subsequent code correctly unnests result and .metrics, filters for rmse, groups, arranges by .estimate, and slices the top row per workflow.","workflowsets::rank_results is called with all_workflows, rank_metric = 'rmse', and select_best = TRUE, and the student compares these results to those from Exercise 8.","The base_forest workflow is finalized with trees and min_n and then fit on train and test data with an MSE ratio reported, but extract_workflow is misused (extra argument) and the specified best parameters are hard-coded rather than clearly derived from prior tuning."
49,26,"Most exercises are completed with the correct functions and workflows, and your code generally follows the intended tidymodels process. The main issues are minor deviations from the specified arguments (e.g., missing strata in the split, not explicitly setting mode on all models) and a slightly incorrect use of extract_workflow. Tightening these details will make your work fully aligned with the rubric and more robust.",3,2,2,2,3,3,3,3,3,2,Used skimr::skim(dat) directly with no extra objects and correctly noted no missing data.,"Correct use of set.seed, initial_split, training, and testing with 75% split, but missing the required strata = 'Sale_Price' argument.","Recipe uses the correct formula, log-transforms the outcome, normalizes numeric predictors, pools Neighborhood, and creates dummies, but does not use step_center and step_scale explicitly and the prep/tidy call is incorrectly structured.","All three models are specified with appropriate engines and tunable parameters, but set_mode('regression') is only applied to the random forest and not to the linear models as expected.",parsnip::translate() is correctly applied to each of the three model objects to inspect engine-specific templates.,set.seed(8740) is called and rsample::bootstraps(ames_train) is used to create the bootstrap resamples as required.,"workflow_set is correctly built with the base recipe and three models, and tidyr::unnest(info) is used to inspect the workflow structure.","workflow_map is used with tune_grid and the subsequent pipeline correctly unnests result and .metrics, filters for rmse, groups by wflow_id, orders by .estimate, and selects the top row.","workflowsets::rank_results is called with all_workflows, rank_metric = 'rmse', and select_best = TRUE, and the student compares these results to those from Exercise 8.","The base_forest workflow is finalized with trees and min_n and then fit on train and test data with an appropriate MSE ratio, but extract_workflow is called with incorrect arguments and the best-id selection logic is more complex than needed."
50,23,"Most exercises follow the intended tidymodels workflow, with correct use of recipes, models, workflowsets, and tuning. The main issues are a missing stratification in the train/test split and some minor deviations in how objects are prepped or extracted. Tightening up those details and aligning more closely with the expected function arguments would bring this to full credit.",3,2,2,2,3,3,3,3,3,2,Used skimr::skim(dat) directly with no extra objects and correctly noted no missing data.,"Correct use of set.seed, initial_split, training, and testing with 75% split, but missing the required strata = 'Sale_Price' argument.","Recipe uses the correct formula, log-transforms the outcome, normalizes numeric predictors, pools Neighborhood, and creates dummies, but you prep inside the pipeline and then call broom::tidy(norm_recipe) on the un-prepped object; better to assign the prepped recipe to norm_recipe and then tidy that.","All three models are specified with correct engines and tunable parameters, but you did not explicitly set mode = 'regression' for the linear models as in the expected workflow.",Correctly applied parsnip::translate() to each of the three model objects.,Set the seed and created train_resamples with rsample::bootstraps(ames_train) as required.,"Built all_workflows with the base recipe and three models, then unnested the info column to inspect structure; this matches the expected workflow.","Used workflow_map with appropriate arguments and then correctly unnested result and .metrics, filtered for rmse, grouped by wflow_id, arranged by descending .estimate, and sliced the top row.","Called workflowsets::rank_results with all_workflows, rank_metric = 'rmse', and select_best = TRUE, and compared to Exercise 8 results in markdown.","You extracted a best workflow, finalized it with trees and min_n, updated the recipe, fit on train and test, and computed the MSE ratio; however, extract_workflow is called with an incorrect signature and the specified best parameters (trees = 1, min_n = 11) are hard-coded rather than clearly derived from your tuning results."
