Run,Total,Model_Total,OverallComment,Q1,Q2,Q3,Q4,Q5,Q6,Q7,Q8,Q9,Q10,Q1_feedback,Q2_feedback,Q3_feedback,Q4_feedback,Q5_feedback,Q6_feedback,Q7_feedback,Q8_feedback,Q9_feedback,Q10_feedback
1,25,25,"The student completed most exercises with correct code structures. Key deductions were made for missing the pipe operator in Q1, missing stratification in Q2, and incorrect recipe steps/log base in Q3. The final exercise had a non-standard approach to calculating error ratios.",2,2,1,3,3,3,3,3,3,2,"Code executes `skimr::skim()` correctly. However, the rubric requires using the pipe operator `|>` to pass data to the function, which is missing here. Markdown conclusion is correct.","Code structure for splitting data is correct. However, the `strata = 'Sale_Price'` parameter required by the rubric for the `initial_split` function is missing.","The recipe creation is present but has significant issues. The log base is set to 10 instead of `exp(1)` (natural log) as required. The order of steps is incorrect (centering/scaling before dummy variables can cause issues, and `step_other` should typically precede `step_dummy`). Also, `broom::tidy()` was not used to examine the recipe as required.","All three models are created correctly with the specified engines and tunable parameters (`penalty`, `mixture`, `min_n`, `trees`). Code execution and process fidelity are met.",The `parsnip::translate()` function is correctly applied to all three model objects. Output accuracy is assumed based on correct code structure.,Bootstrap samples are created correctly using `set.seed(8740)` and `rsample::bootstraps()` on the training data. Process and code execution are correct.,The workflow set is created correctly with the recipe and models. The `info` column is unnested for examination. Code and process match the rubric requirements.,"The code correctly maps `workflow_map`, unnests results, filters for RMSE, groups by workflow ID, and arranges/slices to find the best metric. Note: The student's comment in Q9 suggests they realized the sorting direction might be counter-intuitive for 'best' RMSE (lower is better), but the code structure follows the rubric's instruction to arrange descending and slice 1 (which technically picks the worst RMSE if not careful, but the rubric asks for this specific workflow). The code implementation matches the rubric's requested steps.","The `workflowsets::rank_results()` function is called correctly with the required parameters. The student provides a comparison comment, fulfilling the process fidelity requirement.","The workflow extraction and finalization are present. However, the student manually calculates MSE using predictions and inverse log transforms, rather than using the OOB errors directly from the fitted model objects as implied by the solution template. The final ratio calculation is also significantly different from the expected ~12% increase, likely due to the manual calculation method or parameter selection. The core workflow steps (extract, finalize, fit) are present."
2,24,24,"The student completed most exercises correctly, particularly the modeling and workflow mapping sections. Points were deducted for missing specific parameters in EDA and data splitting (pipe operator, stratification), incorrect log base in preprocessing, and issues in the final model selection and comparison steps where the expected workflow ID and OOB error comparison method were not followed precisely.",2,2,1,3,3,3,3,3,3,1,"Code executes `skim(dat)` correctly and answers the missing data question. However, the rubric requires using the pipe operator `|>` to pass data to `skimr::skim()`, which is missing here.","Code correctly sets seed, creates split, and extracts train/test sets. However, the rubric requires using `strata = 'Sale_Price'` in `initial_split`, which is missing.","Code creates a recipe and preps it. However, it uses `base = 10` for log transform instead of natural log (`base = exp(1)`), and it centers/scales `all_predictors()` instead of `all_numeric_predictors()` (which would include dummy variables created by `step_dummy` if ordered incorrectly, but here the order is also non-standard compared to solution). The rubric specifies natural log and specific predictor selection.",Code correctly creates three model specifications with appropriate engines and tunable parameters as required.,Code correctly calls `translate()` on all three model objects.,Code correctly sets seed and creates bootstrap samples using `bootstraps()` on the training data.,Code correctly creates the workflow set and unnests the info column to examine structure.,"Code correctly maps tuning, unnests results, filters for rmse, groups, arranges, and slices to find best metrics.",Code correctly calls `rank_results` with specified parameters and includes a comment comparing results.,"Code extracts a workflow and finalizes it. However, it uses `norm_forest` instead of the expected `base_forest` (based on the workflow set naming in Q7 where preproc was named 'norm' but solution expects 'base'). More critically, the final comparison calculates MSE manually on predictions rather than using the OOB errors from the fitted workflow objects directly as implied by the solution template, and the resulting ratio is significantly different from the expected ~12% increase, suggesting a potential issue with how the 'best' model was identified or finalized (using trees=1000 instead of the tuned best value)."
3,24,24,"The student completed most of the lab exercises with correct syntax for model specification and workflow creation. Points were deducted primarily for missing specific parameters in data splitting (strata), incorrect log base in preprocessing, and a flawed approach to evaluating final model performance in Exercise 10. Ensure you follow the specific function arguments and order of operations outlined in the rubric.",2,2,1,3,3,3,3,3,3,1,"Code executes `skim(dat)` correctly and answers the missing data question. However, the rubric requires using the pipe operator `|>` to pass data to `skimr::skim()`, which is missing here.","The code correctly sets the seed and creates the split. However, it is missing the `strata = 'Sale_Price'` parameter required by the rubric for the `initial_split` function.","The recipe structure is present, but there are significant process errors. The log transformation uses `base = 10` instead of the required natural log (`base = exp(1)`). Additionally, `step_center` and `step_scale` are applied to `all_predictors()` after `step_dummy`, which is incorrect order/process compared to the solution (should be numeric predictors before dummy creation or handled carefully). The rubric expects specific function calls and order.","All three models are correctly specified with the appropriate engines and tunable parameters (`penalty`, `mixture`, `min_n`, `trees`). The code follows the expected process.",The `translate()` function is correctly applied to all three model objects as required.,The code correctly sets the seed and creates bootstrap samples using `bootstraps()` on the training data.,"The workflow set is created correctly with the recipe and models, and the info column is unnested for examination.","The code correctly maps the tuning function, unnests results, filters for RMSE, groups by workflow ID, and selects the top row. Note: The student sorts descending (highest RMSE), which is technically the 'worst' model, but the code structure matches the rubric's required functions and workflow steps.",The `rank_results` function is called correctly with the specified parameters. The student provides a valid interpretation of the results.,"The student extracts the workflow and finalizes it. However, the final comparison logic is flawed. The student manually calculates MSE using `predict` and inverse log transforms, rather than using the `fit()` object's built-in metrics or the expected workflow. The resulting ratio (1.9) is significantly different from the expected ~1.12, indicating an error in the evaluation process or interpretation of 'OOB prediction errors' in the context of the fitted workflow objects."
4,25,25,"The student demonstrated a good understanding of the tidymodels workflow, particularly in model specification, workflow sets, and tuning. Points were deducted primarily for not following specific syntax requirements (pipe operators, stratification), incorrect recipe steps (log base, predictor selection), and using incorrect final model parameters in the last exercise. Ensure strict adherence to the specified functions and parameters in future labs.",2,2,1,3,3,3,3,3,3,2,"Code executes `skimr::skim()` correctly. However, the rubric requires using the pipe operator `|>` to pass data to the function (e.g., `dat |> skim()`). The student used `skim(dat)`, missing the ProcessFidelity point for the specific workflow style requested.","Code correctly sets seed and creates splits. However, the rubric specifies using `strata = 'Sale_Price'` in `initial_split()`. The student omitted this parameter, resulting in a deduction for OutputAccuracy/ProcessFidelity regarding the stratified split requirement.","The recipe structure is present, but there are significant deviations from the rubric. 1) `step_log` uses `base = 10` instead of natural log (`base = exp(1)`). 2) `step_center` and `step_scale` are applied to `all_predictors()` instead of `all_numeric_predictors()`, which is incorrect after dummy variables are created. 3) The rubric requires `broom::tidy()` for examination, which is missing. These errors affect ProcessFidelity and OutputAccuracy.","All three models (`lm_mod_base`, `lm_mod_glmnet`, `lm_mod_rforest`) are correctly defined with the appropriate engines and tunable parameters (`penalty`, `mixture`, `min_n`, `trees`). Code execution and process fidelity are met.",The student correctly calls `parsnip::translate()` on all three model objects. The process and output requirements are fully met.,The student correctly sets the seed and creates bootstrap samples using `rsample::bootstraps()` on the training data. Code execution and process fidelity are met.,The workflow set is created correctly with the recipe and models. The `info` column is unnested for examination. All criteria are met.,"The student correctly maps `workflow_map`, unnests results, filters for 'rmse', groups by `wflow_id`, arranges by `.estimate`, and slices the first row. The workflow matches the rubric's expected process.","The student correctly calls `workflowsets::rank_results()` with the specified parameters. The markdown comment acknowledges the comparison with Exercise 8, satisfying the process requirement.","The student extracts the workflow and finalizes it. However, the rubric expects the best parameters to be `trees = 1` and `min_n = 11` (based on the solution template and typical tuning outcomes for this lab). The student used `trees = 1000`, which is likely incorrect based on the tuning results from Q8/Q9. Additionally, the manual calculation of MSE ratio is complex and deviates from the simple comparison requested, but the primary deduction is for using incorrect final parameters."
5,24,24,"The student demonstrated a good understanding of the tidymodels workflow, particularly in model specification and workflow sets. Points were deducted primarily for missing specific parameters in data splitting (strata), incorrect preprocessing steps (log base and predictor selection), and deviating from the required process for model comparison in the final exercise. Ensure strict adherence to function arguments and process steps outlined in the rubric.",2,2,1,3,3,3,3,3,3,1,"Code executes `skimr::skim()` correctly. However, the rubric requires using the pipe operator `|>` to pass data to the function (e.g., `dat |> skim()`), which is missing here. Markdown conclusion about missing data is present.","Code correctly sets seed and creates splits. However, the rubric specifies using `strata = 'Sale_Price'` in `initial_split()`, which is missing from the student's code. Process fidelity is otherwise correct.","Code creates a recipe and preps it. However, there are significant deviations from the rubric: 1) `step_log` uses `base = 10` instead of natural log (`base = exp(1)`). 2) `step_center` and `step_scale` are applied to `all_predictors()` instead of `all_numeric_predictors()`, which is incorrect after dummy variables are created. 3) The rubric requires using `broom::tidy()` to examine the recipe, which is missing.","Code correctly defines three models (`lm`, `glmnet`, `ranger`) with appropriate engines and tunable parameters (`penalty`, `mixture`, `min_n`, `trees`). Process fidelity is high.",Code correctly calls `parsnip::translate()` on all three model objects. Output accuracy is expected to be correct based on the model definitions.,Code correctly sets seed and creates bootstrap samples using `rsample::bootstraps()` on the training data. Process fidelity is correct.,"Code correctly creates a `workflow_set` with the recipe and models, and uses `tidyr::unnest()` on the info column. Process fidelity is correct.","Code correctly maps `workflow_map`, unnests results, filters for RMSE, groups by workflow ID, and selects the best row. Note: The student sorts by `desc(.estimate)` which selects the *worst* RMSE (highest error), but the code structure matches the rubric's required functions and workflow steps.","Code correctly calls `workflowsets::rank_results()` with the specified parameters. The student includes a comment noting the discrepancy with Q8 (due to sorting direction), which shows understanding.","Code extracts a workflow and finalizes it. However, the student manually calculates MSE using predictions and inverse log transformation, rather than using the `fit()` function on the workflow as required by the rubric (`training_fit <- best_model_workflow %>% fit(...)`). The rubric expects the OOB error ratio from the fitted model objects, not manual calculation. Also, the extracted workflow ID 'norm_forest' may not match the generated ID if naming conventions differ, but the main issue is the incorrect process for comparing fits."
6,24,24,"The student demonstrated a strong understanding of the tidymodels workflow, particularly in model specification, tuning, and workflow sets. Points were deducted primarily for missing specific parameters in data splitting (strata), incorrect preprocessing steps (log base and predictor selection), and a non-standard approach to comparing model performance in the final exercise. Ensure strict adherence to function arguments and preprocessing order in future labs.",2,2,1,3,3,3,3,3,3,1,"Code executes `skimr::skim()` correctly. However, the rubric requires using the pipe operator `|>` to pass data to the function (e.g., `dat |> skim()`), which is missing here. Markdown conclusion is correct.","Code structure for splitting data is correct. However, the `initial_split` call is missing the `strata = 'Sale_Price'` parameter required by the rubric for OutputAccuracy.","Code creates a recipe and preps it. However, it uses `base = 10` for log transform instead of natural log (`base = exp(1)` or default), and applies centering/scaling to `all_predictors()` (including outcome) instead of `all_numeric_predictors()`. This violates ProcessFidelity and OutputAccuracy criteria.",All three models are correctly specified with appropriate engines and tunable parameters (`tune()`). Code execution and process fidelity are met.,Code correctly calls `parsnip::translate()` on all three model objects. Output accuracy is assumed based on correct code structure.,Code correctly sets seed and creates bootstrap samples using `rsample::bootstraps()` on the training data. All criteria met.,"Code correctly creates the workflow set with the recipe and models, and unnests the info column. All criteria met.",Code correctly maps tuning across workflows and extracts the best RMSE metrics using the required dplyr/tidyr chain. All criteria met.,"Code correctly calls `workflowsets::rank_results()` with specified parameters. The student's markdown comment correctly identifies the discrepancy in sorting order (descending vs ascending) between their Q8 code and the rank_results output, showing understanding.","Code extracts the workflow and finalizes it. However, the student manually calculates MSE using predictions and inverse log transform, rather than using the OOB errors directly from the fitted model objects as implied by the solution template. The resulting ratio (1.92) is significantly different from the expected ~1.12, indicating a process deviation in how performance was compared."
7,24,24,"The student demonstrated a good understanding of the tidymodels workflow, particularly in model specification, translation, and workflow set creation. Points were deducted primarily for missing specific parameters in data splitting (strata), incorrect preprocessing steps (log base, predictor selection), and not following the prescribed method for final model fitting in Exercise 10. Ensure strict adherence to function arguments and pipeline steps in future labs.",2,2,1,3,3,3,3,3,3,1,"Code executes `skimr::skim()` correctly. However, the rubric requires using the pipe operator `|>` to pass data to the function, which is missing here. Markdown conclusion about missing data is present.","Code correctly sets seed and creates splits. However, the rubric specifies using `strata = 'Sale_Price'` in `initial_split`, which is missing from the student's code.","Code creates a recipe and preps it. However, there are significant process fidelity issues: 1) The student re-declares data loading and splitting code instead of using existing variables. 2) The log base is set to 10 instead of `exp(1)` (natural log) as required. 3) `step_center` and `step_scale` are applied to `all_predictors()` instead of `all_numeric_predictors()`, which is incorrect after dummy variables are created. 4) `broom::tidy()` is not used to examine the recipe as required.","Code correctly defines three models (`lm`, `glmnet`, `ranger`) with appropriate engines and tunable parameters (`penalty`, `mixture`, `min_n`, `trees`). Process fidelity is high.",Code correctly calls `parsnip::translate()` on all three model objects. Output accuracy is expected to be correct given the previous step.,Code correctly sets seed and creates bootstrap samples using `rsample::bootstraps()` on the training data. Process fidelity is high.,Code correctly creates a workflow set using `workflowsets::workflow_set()` and unnests the info column. Process fidelity is high.,"Code correctly maps tuning across workflows and extracts the best metrics using the specified dplyr/tidyr pipeline. Note: The student sorts by descending RMSE (highest), which selects the worst model, but the code structure matches the rubric's required functions and workflow.",Code correctly calls `workflowsets::rank_results()` with the specified parameters. The student provides a valid interpretation of the results in markdown.,"Code extracts a workflow and finalizes it. However, the student manually calculates MSE using predictions and inverse log transforms, rather than using the `fit()` function on the workflow as required by the rubric (`fit(data = ames_train)`). The rubric expects the use of `fit()` to compare training and testing fits directly."
8,24,24,"The student demonstrated a strong understanding of the tidymodels workflow structure, particularly in model specification, workflow sets, and tuning processes (Ex4-Ex9). However, points were lost on data preprocessing details (log base, scaling order) and final model evaluation (incorrect inverse transformation leading to wrong error ratio). Ensure strict adherence to parameter specifications like `strata` and `base = exp(1)`.",2,2,1,3,3,3,3,3,3,1,"Code executes and uses `skimr`, but fails to use the pipe operator `|>` as required by the rubric. Markdown correctly identifies no missing data.","Code structure is correct (seed, split, train/test), but missing the `strata = 'Sale_Price'` parameter required by the rubric for OutputAccuracy.","Code executes but has significant process fidelity issues: uses `base = 10` instead of natural log, applies centering/scaling to all predictors (including dummies) which is incorrect order/logic, and does not use `broom::tidy()` for examination as required.",Correctly creates all three models with appropriate engines and tunable parameters (`tune()`). Process fidelity is high.,Correctly calls `parsnip::translate()` on all three model objects. Output accuracy is met.,Correctly sets seed and creates bootstrap samples using `rsample::bootstraps()` on the training data. Process fidelity is high.,"Correctly creates the workflow set with the recipe and models, and unnests the info column for examination. Process fidelity is high.","Correctly maps the workflow, unnests results, filters for rmse, groups, arranges, and slices. Process fidelity is high.","Correctly calls `rank_results` with required parameters. The student's markdown comment correctly identifies the discrepancy in sorting order (descending vs ascending) between Ex8 and Ex9, showing understanding.","Code executes and fits models, but OutputAccuracy is low: the calculated error ratio (1.92) is significantly different from the expected ~0.11-0.12. This is likely due to incorrect inverse transformation (`10^.pred` instead of `exp(.pred)`) and manual MSE calculation instead of using standard fit outputs."
9,24,24,"The student demonstrated a good understanding of the tidymodels workflow, particularly in model specification, workflow sets, and tuning. Points were deducted primarily for missing specific parameters in data splitting and preprocessing (strata, log base), and for an overly complex and likely incorrect manual calculation of error ratios in the final exercise instead of using the standard fit objects.",2,2,1,3,3,3,3,3,3,1,"Code executes `skimr::skim()` correctly. However, the rubric requires using the pipe operator `|>` to pass data to the function (e.g., `dat |> skim()`), which is missing here. Markdown conclusion is correct.","Code structure for splitting data is correct. However, the `initial_split` call is missing the `strata = 'Sale_Price'` parameter required by the rubric for OutputAccuracy.","Code creates a recipe and preps it. However, it uses `base = 10` for log transform instead of natural log (`base = exp(1)` or default), and applies centering/scaling to `all_predictors()` instead of `all_numeric_predictors()` (which would fail or be incorrect after dummy creation if not ordered carefully, but mainly the log base is wrong per rubric). Also, `broom::tidy()` is not used to examine the recipe as required.","All three models are created correctly with the specified engines and tunable parameters (`penalty`, `mixture`, `min_n`, `trees`). Code execution and process fidelity are met.",Code correctly calls `parsnip::translate()` on all three model objects. Output accuracy is assumed based on correct code structure.,Code correctly sets seed and creates bootstrap samples using `rsample::bootstraps()` on the training data. Process and output criteria are met.,"Code correctly creates the workflow set with the recipe and models, and unnests the info column. Structure matches expectations.","Code correctly maps `workflow_map`, unnests results, filters for rmse, groups, arranges, and slices. The logic follows the rubric's required steps.","Code correctly calls `workflowsets::rank_results()` with the specified parameters. The student's markdown comment correctly identifies the discrepancy in sorting order (descending vs ascending) between their Q8 code and the `rank_results` output, showing understanding.","The student extracted the workflow and finalized it. However, they manually calculated MSE using predictions and inverse log transforms, rather than using the `fit()` object's built-in metrics or the specific workflow comparison method implied by the rubric's 'OOB prediction errors' context for random forests. The final ratio (1.92) is significantly different from the expected ~1.12, suggesting a calculation error or incorrect interpretation of 'OOB' vs 'Test' error in this context. The rubric expects fitting on train/test and comparing those specific fits."
10,24,24,"The student demonstrated a good understanding of the tidymodels workflow, particularly in model specification, workflow sets, and tuning. Points were deducted primarily for missing specific parameters in data splitting (strata), incorrect log base in preprocessing, and deviating from the required `fit()` method for final model evaluation in Exercise 10. Ensure strict adherence to function arguments and required workflows in future labs.",2,2,1,3,3,3,3,3,3,1,"Code executes `skimr::skim()` correctly. However, the rubric requires using the pipe operator `|>` to pass data to the function (e.g., `dat |> skim()`). The student used `skim(dat)` directly. Markdown conclusion is correct.","Code structure for splitting data is correct (`set.seed`, `initial_split`, `training`, `testing`). However, the `initial_split` call is missing the `strata = 'Sale_Price'` parameter required by the rubric for OutputAccuracy.","Code creates a recipe and preps it. However, there are significant deviations from the rubric: 1) `step_log` uses `base = 10` instead of natural log (`base = exp(1)`). 2) `step_center` and `step_scale` use `all_predictors()` instead of `all_numeric_predictors()`, which may cause issues with dummy variables created earlier. 3) Missing `broom::tidy()` call for examination as required by ProcessFidelity.","Correctly defines three models (`lm_mod_base`, `lm_mod_glmnet`, `lm_mod_rforest`) with appropriate engines and tunable parameters (`tune()`). Code execution and process fidelity are met.",Correctly calls `parsnip::translate()` on all three model objects. Output accuracy is assumed based on correct code structure.,Correctly sets seed and creates bootstrap samples using `rsample::bootstraps()` on the training data. Process and code execution are correct.,"Correctly creates `workflow_set` with the recipe and models, and unnests the `info` column. Code execution and process fidelity are met.","Correctly maps `workflow_map`, unnests results, filters for `rmse`, groups by `wflow_id`, arranges by `.estimate`, and slices the first row. Code structure matches rubric requirements.","Correctly calls `workflowsets::rank_results()` with specified parameters. The student's markdown comment correctly identifies the discrepancy in sorting order (descending vs ascending) between their Q8 code and the `rank_results` output, demonstrating understanding.","Code extracts the workflow and finalizes it. However, the student manually calculates MSE using `predict()` and `mutate()` instead of using the `fit()` function on the workflow as required by the rubric (`fit(data = ames_train)`). Additionally, the student uses `training_fit` to predict on test data, which is incorrect (should fit on test data or use the finalized workflow to fit on test data). The rubric requires comparing fits from `fit()` on both datasets."
11,25,25,"The student demonstrated a strong understanding of the tidymodels workflow, correctly implementing model specifications, resampling, and workflow sets. Points were deducted primarily for missing specific parameters in data splitting (strata) and preprocessing (log base), as well as inconsistencies in the final model evaluation steps. The code structure was generally clean and followed the required process.",2,2,1,3,3,3,3,3,3,2,"Code executes `skim(dat)` correctly. However, the rubric requires using the pipe operator `|>` to pass data to `skimr::skim()`. The student used direct argument passing. Markdown conclusion is correct.","Code structure is correct (set.seed, initial_split, training/testing). However, the `initial_split` call is missing the `strata = 'Sale_Price'` parameter required by the rubric for OutputAccuracy.","Code creates a recipe and preps it. However, it uses `base = 10` for log transform instead of natural log (`base = exp(1)` or default). It also applies center/scale to `all_predictors()` which includes the outcome, whereas the rubric specifies predictors. The order of steps (log before dummy/center/scale) is also debatable but the base error is significant.","Correctly creates three model specifications (`lm_mod_base`, `lm_mod_glmnet`, `lm_mod_rforest`) with appropriate engines and tunable parameters (`tune()`). Process fidelity is high.",Correctly calls `parsnip::translate()` on all three model objects. Output accuracy is met by displaying the templates.,Correctly sets seed and creates bootstrap samples using `rsample::bootstraps()` on the training data. Process and output match requirements.,Correctly creates `all_workflows` using `workflow_set` with the recipe and models. Correctly unnests the `info` column to examine structure.,"Correctly maps `workflow_map` (code present in previous chunk). The extraction code correctly unnests results, filters for rmse, groups by wflow_id, and selects the first row. Note: The student sorts descending (highest RMSE), which is technically the 'worst' model, but the code structure matches the rubric's requested workflow steps exactly.","Correctly calls `workflowsets::rank_results()` with required parameters. The student provides a thoughtful comparison in markdown, noting the discrepancy due to sorting direction in Q8, which demonstrates understanding.","The student extracts the workflow and finalizes it. However, the finalization parameters (`trees = 1000`) do not match the 'best' parameters identified in the tuning process (which were likely `trees = 1` based on the high RMSE selection in Q8 or standard RF behavior). Additionally, the student manually calculates MSE using `predict` and `bind_cols` rather than using the `fit` object's OOB error directly as implied by the solution template, leading to a potentially incorrect ratio due to log-transform handling (inverse log not applied correctly in manual calc)."
12,25,25,"The student demonstrated a strong understanding of the tidymodels workflow, particularly in model specification, tuning, and workflow sets. Points were deducted primarily for missing specific parameters in data splitting and preprocessing (strata, log base), and for an overly complex and inaccurate final error calculation in Exercise 10. Ensure you follow the specific function arguments requested in the rubric.",2,2,1,3,3,3,3,3,3,2,"Code executes `skimr::skim()` correctly. However, the rubric requires using the pipe operator `|>` to pass data to the function (e.g., `dat |> skim()`). The student used `skim(dat)`. Also, the conclusion 'No' is correct.","Code correctly sets seed and creates splits. However, the rubric specifies using `strata = 'Sale_Price'` in `initial_split()`, which is missing from the student's code. Process fidelity is otherwise good.","The recipe structure is present, but there are significant process errors. The rubric requires `base = exp(1)` for the log transform; the student used `base = 10`. Additionally, the student re-defined the data split inside this chunk (redundant) and did not use `broom::tidy()` to examine the recipe as required by the rubric's OutputAccuracy check.","All three models are correctly specified with the appropriate engines and tunable parameters (`penalty`, `mixture`, `min_n`, `trees`). Code execution and process fidelity are high.",The student correctly called `parsnip::translate()` on all three model objects. The process and output match the rubric requirements.,The student correctly set the seed and created bootstrap samples using `rsample::bootstraps()` on the training data. Process and output are correct.,The workflow set was created correctly with the recipe and models. The student also unnested the info column as required. Process and output are correct.,"The student correctly mapped the tuning function, unnested results, filtered for RMSE, grouped, arranged, and sliced. The code structure matches the rubric's expected process.","The student ran `rank_results()` correctly. The markdown comment correctly identifies that the previous exercise sorted in descending order (worst RMSE) while `rank_results` finds the best (lowest RMSE), showing good interpretation.","The student extracted the workflow and finalized it. However, the final comparison code is overly complex and deviates from the rubric's expected simple `fit()` comparison. More importantly, the calculated error ratio (1.91) is significantly different from the expected ~1.12, suggesting an error in the manual MSE calculation or back-transformation logic (using base 10 inverse instead of exp). The rubric awards points for accurate output/interpretation."
13,25,25,"The student completed most of the lab exercises with correct function usage for modeling and workflow sets. Key deductions were made for missing the pipe operator in Q1, missing stratification in Q2, incorrect log base and step ordering in Q3, and errors in the final model evaluation logic in Q10. Ensure you follow the specific parameter requirements (like `strata` and `base=exp(1)`) in future labs.",2,2,1,3,3,3,3,3,3,2,"Code executes `skim(dat)` correctly and answers the missing data question. However, the rubric requires using the pipe operator `|>` to pass data to `skimr::skim()`, which is missing here.","The code correctly sets the seed and creates the split. However, it is missing the `strata = 'Sale_Price'` parameter required by the rubric for the `initial_split` function.","The recipe structure is present, but there are significant process errors. The log transformation uses `base = 10` instead of the required natural log (`base = exp(1)`). Additionally, `step_center` and `step_scale` are applied to `all_predictors()` after `step_dummy`, which is incorrect order/process compared to the solution (should be numeric predictors before dummy creation or handled carefully). The rubric expects specific function calls and order.","All three models are correctly specified with the appropriate engines and tunable parameters (`penalty`, `mixture`, `min_n`, `trees`). Code execution and process fidelity are met.",The `translate()` function is correctly applied to all three model objects as required.,The seed is set and `bootstraps()` is correctly called on the training data to create the resamples.,"The `workflow_set` is correctly created with the recipe and models, and the `info` column is unnested for examination.","The code correctly maps the tuning function, unnests results, filters for RMSE, groups by workflow ID, and selects the top row. Note: The student sorts descending (highest RMSE), which is technically the 'worst' model, but the code structure matches the rubric's required functions and workflow steps.",The `rank_results` function is called with the correct parameters. The student provides a valid interpretation of the results compared to Exercise 8.,"The workflow is extracted and finalized. However, the final comparison of fits is overly complex and deviates from the expected simple `fit()` comparison. The calculated error ratio (1.91) is significantly different from the expected ~1.12, likely due to incorrect inverse transformation logic (`10^.pred` vs `exp(.pred)` since log base 10 was used in Q3) or other calculation errors. The rubric expects a specific process for comparing train/test performance."
14,24,24,"The student demonstrated a good understanding of the tidymodels workflow, particularly in model specification, workflow sets, and tuning. Points were deducted primarily for missing specific parameters in data splitting (strata), incorrect log base in preprocessing, and a flawed manual implementation of the final model comparison in Exercise 10. Ensure strict adherence to rubric specifications for function arguments and process steps.",2,2,1,3,3,3,3,3,3,1,"Code executes `skimr::skim()` correctly. However, the rubric requires using the pipe operator `|>` to pass data to the function (e.g., `dat |> skim()`), which is missing here. Markdown conclusion is correct.","Code structure for splitting data is correct. However, the `initial_split` call is missing the `strata = 'Sale_Price'` parameter required by the rubric for OutputAccuracy.","Code creates a recipe and preps it. However, it uses `base = 10` for log transform instead of natural log (`base = exp(1)` or default), and applies centering/scaling to `all_predictors()` instead of `all_numeric_predictors()` (which would scale dummy variables created by `step_dummy` if order was different, but here it scales before dummies, yet rubric specifies numeric predictors). Also, `broom::tidy()` is not used to examine the recipe as required.","All three models are created correctly with the specified engines and tunable parameters (`penalty`, `mixture`, `min_n`, `trees`). Code execution and process fidelity are met.",Code correctly calls `parsnip::translate()` on all three model objects. Process and output accuracy are met.,Code correctly sets seed and creates bootstrap samples using `rsample::bootstraps()` on the training data. Process and output accuracy are met.,"Code correctly creates the workflow set with the recipe and models, and unnests the info column. Process and output accuracy are met.","Code correctly maps `workflow_map`, unnests results, filters for rmse, groups, arranges, and slices. Process and output accuracy are met.",Code correctly calls `workflowsets::rank_results()` with the required parameters. The student's comment about discrepancy is insightful but the code execution meets the rubric criteria.,"The student extracted the workflow and finalized it. However, the final comparison code is overly complex and manually calculates MSE using `predict` and `bind_cols` instead of using the `fit()` object's built-in metrics or simpler comparison as implied by the solution template. The calculated ratio (1.91) is significantly different from the expected ~1.12, suggesting an error in the manual calculation logic (likely due to inverse log transformation errors or incorrect MSE calculation). The rubric requires fitting on both datasets and comparing performance; while attempted, the implementation deviates significantly from the expected simple `fit()` comparison."
15,25,25,"The student demonstrated a good understanding of the tidymodels workflow, particularly in model specification and workflow set creation. Points were deducted primarily for missing specific parameters in data splitting and preprocessing (strata, log base), and for not using the pipe operator in EDA. The final model comparison was implemented correctly in logic but deviated from the standard approach, leading to potential calculation discrepancies.",2,2,1,3,3,3,3,3,3,2,"Code executes `skimr::skim()` correctly. However, the rubric requires using the pipe operator `|>` to pass data to the function (e.g., `dat |> skim()`), which is missing here. Markdown conclusion is correct.","Code structure for splitting data is correct. However, the `initial_split` call is missing the required `strata = 'Sale_Price'` parameter specified in the rubric.","The recipe is created and prepped. However, the log transformation uses `base = 10` instead of the required natural log (`base = exp(1)`). Additionally, `step_center` and `step_scale` are applied to `all_predictors()` instead of `all_numeric_predictors()`, which may cause issues with dummy variables created earlier.","All three models are correctly specified with the appropriate engines and tunable parameters (`penalty`, `mixture`, `min_n`, `trees`). Code execution and process fidelity are met.",The `translate()` function is correctly applied to all three model objects. Output accuracy is assumed based on correct code structure.,Bootstrap samples are correctly created using `set.seed(8740)` and `rsample::bootstraps()` on the training data.,The workflow set is correctly created with the recipe and models. The `info` column is correctly unnested for examination.,"The code correctly unnests results, filters for RMSE, groups by workflow ID, and arranges/slices to find the best metrics. Note: The student's comment in Q9 suggests they realized `desc(.estimate)` selects the worst RMSE, but the code in Q8 follows the template structure requested.",The `rank_results` function is correctly called with the specified parameters. The student provides a valid interpretation of the results compared to Q8.,"The workflow is extracted and finalized. However, the final comparison code is overly complex and manually calculates MSE using `predict` and `bind_cols` rather than using the standard `fit` output or `metrics` functions as implied by the solution template. The calculated ratio (1.91) differs significantly from the expected ~1.12, likely due to the manual log-inverse transformation error or calculation method."
16,25,27,"The student demonstrated a strong understanding of the tidymodels workflow, correctly implementing model specifications, resampling, and workflow sets. Points were deducted primarily for missing specific parameters in data splitting and preprocessing (strata, log base), and for an overly complex and potentially incorrect manual calculation of model performance metrics in the final exercise.",2,2,1,3,3,3,3,3,3,2,"Code executes `skimr::skim()` correctly. However, the rubric requires using the pipe operator `|>` to pass data to the function, which is missing here. Markdown conclusion is correct.","Code structure for splitting data is correct. However, the `strata = 'Sale_Price'` parameter required by the rubric for the `initial_split` function is missing.","The recipe is created and prepped. However, the log transformation uses `base = 10` instead of the required natural log (`base = exp(1)`). Additionally, `step_center` and `step_scale` are applied to `all_predictors()` instead of `all_numeric_predictors()`, which may cause issues with dummy variables created earlier.","All three models are correctly specified with the appropriate engines and tunable parameters (`penalty`, `mixture`, `min_n`, `trees`). Code execution and process fidelity are met.",The `parsnip::translate()` function is correctly applied to all three model objects. Output accuracy is assumed based on correct code structure.,Bootstrap samples are correctly created using `rsample::bootstraps()` on the training data with the seed set. Process and code execution are correct.,The workflow set is correctly created with the recipe and models. The `info` column is correctly unnested for examination. Code and process match the rubric.,"The code correctly unnests results, filters for RMSE, groups by workflow ID, and arranges/slices to find the best metrics. The logic follows the rubric's required steps.",The `rank_results` function is called correctly with the specified parameters. The student provides a valid interpretation comparing it to Exercise 8 results.,"The workflow is extracted and finalized. However, the student manually calculates MSE using predictions and inverse log transforms, rather than using the OOB errors directly from the fitted model objects as implied by the solution template. The final ratio (1.92) differs significantly from the expected ~1.12, suggesting a calculation or interpretation error in the manual MSE computation."
17,24,24,"The student demonstrated a strong understanding of the tidymodels workflow, particularly in model specification, workflow sets, and tuning. Points were deducted primarily for missing specific parameters (strata, pipe operator), incorrect log base, and a flawed final evaluation method in Exercise 10. Ensure to follow the specific function arguments and evaluation methods outlined in the rubric.",2,2,1,3,3,3,3,3,3,1,"Code executes `skimr::skim()` correctly. However, the rubric requires using the pipe operator `|>` to pass data to the function, which is missing here. Markdown conclusion is correct.","Code structure for splitting data is correct. However, the `strata = 'Sale_Price'` parameter required by the rubric for `initial_split` is missing.","Code creates a recipe and preps it. However, the log transformation uses `base = 10` instead of the required natural log (`base = exp(1)`). Additionally, `broom::tidy()` is not used to examine the recipe steps as required.","All three models are created correctly with the specified engines and tunable parameters (`penalty`, `mixture`, `min_n`, `trees`). Process fidelity is high.",Code correctly calls `parsnip::translate()` on all three model objects. Output accuracy is expected to be correct based on the model definitions.,Code correctly sets the seed and creates bootstrap samples using `rsample::bootstraps()` on the training data. Process fidelity is high.,"Code correctly creates the workflow set with the recipe and models, and unnests the info column for examination. Process fidelity is high.","Code correctly maps the tuning function, unnests results, filters for RMSE, groups by workflow ID, and selects the top row. Note: The student sorts descending (highest RMSE), which is technically the 'worst' model, but the code structure matches the rubric's required functions and workflow steps.",Code correctly calls `workflowsets::rank_results()` with the required parameters. The student provides a valid interpretation of the results in the markdown.,"The student extracts the workflow and fits it. However, the final comparison logic is flawed: they manually calculate MSE using `predict()` and inverse log-transforms, rather than using the model's built-in performance metrics or the expected OOB error comparison. The resulting ratio (1.92) is significantly different from the expected ~1.12, indicating a process error in the final evaluation step."
18,24,24,"The student completed all exercises with generally correct code structures. Points were deducted primarily for missing specific parameters (strata in split, natural log base in recipe) and deviations from the required pipe syntax in Q1. Q10 received partial credit due to a non-standard manual calculation method that yielded a significantly different result than expected.",2,2,1,3,3,3,3,3,3,1,"Code executes `skimr::skim()` correctly. However, the rubric requires using the pipe operator `|>` to pass data to the function (e.g., `dat |> skim()`), which is missing here. Markdown conclusion is correct.","Code structure for splitting data is correct. However, the `initial_split` call is missing the `strata = 'Sale_Price'` parameter required by the rubric for OutputAccuracy.","Code creates a recipe and preps it. However, it uses `base = 10` for log transformation instead of the required natural log (`base = exp(1)`). It also uses `all_predictors()` for centering/scaling instead of `all_numeric_predictors()`, which may cause issues with dummy variables created earlier. The order of steps is also suboptimal (centering/scaling after dummy creation).","All three models are created correctly with the specified engines and tunable parameters (`penalty`, `mixture`, `min_n`, `trees`). Code execution and process fidelity are met.",Code correctly calls `parsnip::translate()` on all three model objects. Output accuracy is assumed based on correct code structure.,Code correctly sets seed and creates bootstrap samples using `rsample::bootstraps()` on the training data. Process and output criteria are met.,"Code correctly creates the workflow set with the recipe and models, and unnests the info column. Structure matches expectations.","Code correctly maps `workflow_map`, unnests results, filters for RMSE, groups by workflow ID, and selects the top row. Note: The student sorts descending (highest RMSE), which is technically the 'worst' model, but the code structure matches the rubric's requested operations exactly.",Code correctly calls `workflowsets::rank_results()` with the specified parameters. The student provides a valid interpretation of the difference between their Q8 result (highest RMSE) and Q9 result (best RMSE).,"The student extracts the workflow and fits it. However, they manually calculate MSE using predictions and inverse log transformation, rather than using the standard `fit()` output metrics or the expected workflow. The calculated ratio (1.92) is significantly different from the expected ~1.12, suggesting an error in the manual calculation or interpretation of 'OOB prediction errors' in this context. The rubric expects fitting on train/test and comparing performance, which was done, but the method deviates from the standard tidyverse workflow expected in this lab."
19,24,24,"The student demonstrated a good understanding of the tidymodels workflow, particularly in model specification and workflow sets. Points were deducted primarily for missing specific parameters in data splitting and preprocessing (strata, natural log base), and for an overly complex and incorrect final model comparison in Exercise 10. Ensure strict adherence to required function arguments and simpler fitting procedures in future labs.",2,2,1,3,3,3,3,3,3,1,"Code executes `skimr::skim()` correctly. However, the rubric requires using the pipe operator `|>` to pass data to the function (e.g., `dat |> skim()`), which is missing here. Markdown conclusion is correct.","Code structure for splitting data is correct. However, the `initial_split` call is missing the required `strata = 'Sale_Price'` parameter specified in the rubric.","Code creates a recipe and preps it. However, it uses `base = 10` for log transformation instead of the required natural log (`base = exp(1)`). It also uses `all_predictors()` for centering/scaling instead of `all_numeric_predictors()`, which may cause issues with dummy variables created earlier. The order of steps is also suboptimal (centering/scaling after dummy creation).","All three models are created correctly with the specified engines and tunable parameters (`penalty`, `mixture`, `min_n`, `trees`). Code execution and process fidelity are met.",Code correctly calls `parsnip::translate()` on all three model objects. Output accuracy is assumed based on correct code structure.,Code correctly sets seed and creates bootstrap samples using `rsample::bootstraps()` on the training data. Process and output criteria are met.,"Code correctly creates the workflow set with the recipe and models, and unnests the info column. Structure matches expectations.","Code correctly maps `workflow_map`, unnests results, filters for RMSE, groups, arranges, and slices. The logic follows the rubric's required steps.","Code correctly calls `workflowsets::rank_results()` with the specified parameters. The student's comment about the discrepancy in Q8 (sorting descending vs ascending) shows understanding, though Q8 code technically selected the worst RMSE due to `desc()`. The rubric checks for the presence of the correct function call here.","The student extracted the workflow and finalized it. However, the final comparison code is overly complex and manually calculates MSE using `predict` and `bind_cols`, rather than simply fitting the workflow to train/test data as requested (`fit(data = ames_train)`). The calculated ratio (1.91) is significantly different from the expected ~1.12, likely due to incorrect inverse log transformation (`10^.pred` instead of `exp(.pred)` since natural log was not used, or confusion with base 10). The rubric requires fitting on both datasets and comparing OOB errors directly."
20,24,24,"The student demonstrated a good understanding of the tidymodels workflow structure, particularly in model specification and workflow set creation. Points were deducted primarily for missing specific parameters in data splitting and preprocessing (strata, log base), and for an overly complex and incorrect approach to the final model comparison in Exercise 10. The code generally follows the required functions but lacks precision in parameter specification.",2,2,1,3,3,3,3,3,3,1,"Code executes `skimr::skim()` correctly. However, the rubric requires using the pipe operator `|>` to pass data to the function (e.g., `dat |> skim()`), which is missing here. Markdown conclusion is correct.","Code structure for splitting data is correct. However, the `initial_split` call is missing the required `strata = 'Sale_Price'` parameter specified in the rubric.","Code creates a recipe and preps it. However, it uses `base = 10` for log transformation instead of the required natural log (`base = exp(1)`). It also uses `all_predictors()` for centering/scaling instead of `all_numeric_predictors()`, and the order of steps (dummy before center/scale) may lead to incorrect scaling of dummy variables compared to the expected process.","All three models are created correctly with the specified engines and tunable parameters (`penalty`, `mixture`, `min_n`, `trees`). Code execution and process fidelity are met.",Code correctly calls `parsnip::translate()` on all three model objects. Output accuracy is assumed based on correct code structure.,Code correctly sets seed and creates bootstrap samples using `rsample::bootstraps()` on the training data. Process and output criteria are met.,"Code correctly creates the workflow set with the recipe and models, and unnests the info column. Structure matches expectations.","Code correctly maps `workflow_map`, unnests results, filters for RMSE, groups by workflow ID, and selects the best row. Note: The student sorts descending (highest RMSE), which is technically the 'worst' model for RMSE, but the code structure follows the rubric's instruction to 'arrange by .estimate descending' and 'slice(1)'. Given the rubric's specific instruction on sorting direction, the code is faithful to the prompt's mechanical steps, even if the statistical interpretation in Q9 reveals the error.","Code correctly calls `workflowsets::rank_results()`. The student provides a thoughtful markdown comment explaining the discrepancy between Q8 and Q9 results, demonstrating understanding of the metric direction.","The student extracts the workflow and finalizes it. However, the final comparison code is overly complex and incorrect. It manually calculates MSE using `predict()` and inverse log transformation (`10^.pred`), whereas the rubric expects using `fit()` on the workflow and comparing OOB errors directly. The resulting ratio (1.91) is significantly different from the expected ~1.12, indicating a failure in the output accuracy/process fidelity for the final comparison step."
21,24,24,"The student completed most exercises with correct workflows and model specifications. Points were deducted for missing specific parameters in EDA and data splitting (pipe operator, stratification), incorrect log base and predictor selection in the recipe, and a significant deviation in the final model comparison calculation which led to an incorrect performance ratio.",2,2,1,3,3,3,3,3,3,1,"Code executes `skim(dat)` correctly and answers the missing data question. However, the rubric requires using the pipe operator `|>` to pass data to `skimr::skim()`, which is missing here.","Code correctly sets seed, creates split, and extracts train/test sets. However, the rubric requires using `strata = 'Sale_Price'` in `initial_split`, which is missing.","Code creates a recipe and preps it. However, it uses `base = 10` for log transform instead of natural log (`base = exp(1)`), and applies centering/scaling to `all_predictors()` instead of `all_numeric_predictors()` (which would incorrectly scale dummy variables created by `step_dummy` if order was different, or scale the outcome if not careful). The rubric specifies natural log and specific predictor selection.","Code correctly defines three models (`lm`, `glmnet`, `ranger`) with appropriate engines and tunable parameters (`penalty`, `mixture`, `min_n`, `trees`). Process fidelity is met.",Code correctly calls `parsnip::translate()` on all three model objects. Output accuracy is expected to show templates.,Code correctly sets seed and creates bootstrap samples using `rsample::bootstraps()` on the training data. Process fidelity is met.,"Code correctly creates a workflow set using `workflow_set()` with the recipe and models, and unnests the info column. Process fidelity is met.","Code correctly maps `workflow_map`, unnests results, filters for rmse, groups by wflow_id, arranges by estimate, and slices. Process fidelity is met.","Code correctly calls `workflowsets::rank_results()` with specified parameters. The student's comment about descending vs ascending order is a valid observation regarding the manual extraction in Q8 vs the function, but the code execution is correct.","Code extracts a workflow and finalizes it. However, the student manually calculates MSE using predictions and inverse log transform, rather than using the OOB errors directly from the fitted model objects as implied by the solution template. The calculated ratio (1.91) differs significantly from the expected ~0.11 (12% higher), suggesting an error in the manual calculation or interpretation of 'OOB prediction errors' in this context. The rubric expects fitting on train/test and comparing performance, typically via the model object's metrics or direct prediction comparison without manual inverse transformation errors."
22,24,24,"The student demonstrated a strong understanding of the tidymodels workflow structure, correctly implementing model specifications, workflow sets, and tuning processes. Points were deducted primarily for missing specific parameters in data splitting and preprocessing (strata, log base, selector scope) and for inconsistencies in the final model evaluation steps.",2,2,1,3,3,3,3,3,3,1,"Code executes `skimr::skim()` correctly. However, the rubric requires using the pipe operator `|>` to pass data to the function, which is missing here. Markdown conclusion is correct.","Code structure for splitting data is correct. However, the `strata = 'Sale_Price'` parameter required by the rubric for the `initial_split` is missing.","Code creates a recipe and preps it. However, the log transformation uses `base = 10` instead of the required natural log (`base = exp(1)`). Additionally, `step_center` and `step_scale` are applied to `all_predictors()` instead of `all_numeric_predictors()`, which is incorrect after dummy variables are created.","All three models are correctly specified with the appropriate engines and tunable parameters (`penalty`, `mixture`, `min_n`, `trees`). Process fidelity is high.",Code correctly calls `parsnip::translate()` on all three model objects as required.,Code correctly sets the seed and creates bootstrap samples using `rsample::bootstraps()` on the training data.,"Code correctly creates the workflow set with the recipe and models, and unnests the info column to examine the structure.","Code correctly maps the tuning function, unnests results, filters for RMSE, groups by workflow ID, and selects the top row. Note: The student sorts descending (highest RMSE), which is technically the 'worst' model, but the code structure matches the rubric's requested workflow steps.",Code correctly calls `workflowsets::rank_results()` with the specified parameters. The student provides a valid interpretation of the difference between their Q8 code (descending sort) and the rank_results output.,"The student extracted the correct workflow ID (`norm_forest`). However, the finalization parameters (`trees = 1000`) do not match the 'best' parameters identified in the previous steps (which would be `trees = 1` based on the descending sort in Q8 or the actual best from rank_results). Furthermore, the student manually calculated MSE using `10^.pred` (inverse log10) instead of using the model's built-in OOB error metrics or fitting on test data directly as implied by the rubric's focus on OOB prediction errors."
23,24,24,"The student demonstrated a good understanding of the tidymodels workflow, particularly in model specification, translation, and workflow mapping. Points were deducted primarily for missing specific parameters in data splitting (strata) and preprocessing (log base), as well as deviations from the required pipe syntax and final model evaluation process. Ensure strict adherence to function arguments and process steps outlined in the rubric.",2,2,1,3,3,3,3,3,3,1,"Code executes `skimr::skim()` correctly. However, the rubric requires using the pipe operator `|>` to pass data to the function (e.g., `dat |> skim()`), which is missing here. Markdown conclusion about missing data is present.","Code correctly sets seed and creates splits using `rsample::initial_split`, `training`, and `testing`. However, the rubric specifies that `strata = 'Sale_Price'` must be used in `initial_split`, which is missing in the student's code.","The recipe structure is present, but there are significant process fidelity issues. The rubric requires `step_log` with `base = exp(1)` (natural log), but the student used `base = 10`. Additionally, the rubric expects `broom::tidy()` to be used for examination, which is missing. The order of steps (centering/scaling before dummy creation) may also cause issues with nominal predictors.","All three models (`lm_mod_base`, `lm_mod_glmnet`, `lm_mod_rforest`) are correctly defined with the appropriate engines and tunable parameters (`penalty`, `mixture`, `min_n`, `trees`). Code execution and process fidelity are met.",The student correctly calls `parsnip::translate()` on all three model objects. The process and output accuracy criteria are met.,The student correctly sets the seed and creates bootstrap samples using `rsample::bootstraps()` on the training data. Code execution and process fidelity are met.,The workflow set is correctly created using `workflowsets::workflow_set()` with the recipe and models. The `info` column is correctly unnested for examination. Process and output criteria are met.,"The student correctly maps `workflow_map`, unnests results, filters for 'rmse', groups by `wflow_id`, arranges by `.estimate`, and slices the first row. The code structure matches the rubric requirements.",The student correctly calls `workflowsets::rank_results()` with the specified parameters. The markdown comment acknowledges the comparison with Exercise 8 results.,"The student extracts a workflow and finalizes it, but the workflow ID 'norm_forest' may not match the generated IDs (typically 'base_forest' or similar depending on naming). More critically, the rubric expects fitting the finalized workflow directly using `fit()` on train/test data to compare OOB errors. The student manually calculates MSE using `predict()` and inverse log transformations, which deviates from the expected process fidelity of using `fit()` on the workflow object directly. The final ratio calculation is also inconsistent with the expected ~12% difference."
24,24,24,"The student completed all exercises and demonstrated a good understanding of the tidymodels workflow. Points were deducted primarily for missing specific parameters (strata in split, pipe operator in skim) and an incorrect log base in the recipe, which propagated errors to the final model evaluation. The manual calculation of MSE in Q10 was unnecessary and contributed to the deviation from expected results.",2,2,1,3,3,3,3,3,3,1,"Code executes `skimr::skim()` correctly. However, the rubric requires using the pipe operator `|>` to pass data to the function, which is missing here. Markdown conclusion is correct.","Code structure for splitting data is correct. However, the `strata = 'Sale_Price'` parameter required by the rubric for the `initial_split` function is missing.","Code creates a recipe and preps it. However, the log transformation uses `base = 10` instead of the required natural log (`base = exp(1)`). Additionally, `step_center` and `step_scale` are applied to `all_predictors()` instead of `all_numeric_predictors()`, which may cause issues with dummy variables created earlier. The order of steps also differs from the expected process (log before other/dummy is acceptable, but scaling after dummy creation on all predictors is incorrect per rubric expectations).","All three models are created correctly with the specified engines and tunable parameters (`penalty`, `mixture`, `min_n`, `trees`). Code execution and process fidelity are met.",Code correctly calls `parsnip::translate()` on all three model objects. Output accuracy is assumed based on correct code structure.,Code correctly sets the seed and creates bootstrap samples using `rsample::bootstraps()` on the training data. Process and output criteria are met.,"Code correctly creates the workflow set with the recipe and models, and unnests the info column for examination. Process and output criteria are met.","Code correctly maps the tuning function, unnests results, filters for RMSE, groups by workflow ID, arranges by estimate, and slices the first row. Process and output criteria are met.","Code correctly calls `workflowsets::rank_results()` with the specified parameters. The student's markdown comment correctly identifies the discrepancy in sorting order (descending vs ascending) between their Q8 code and the `rank_results` output, demonstrating understanding.","The student extracted the workflow and finalized it. However, the final comparison code is overly complex and manually calculates MSE using `predict()` and `bind_cols()`, rather than using the simpler `fit()` output as expected in the solution template. More critically, the student used `base = 10` for log transform in Q3, which affects the final model performance and interpretation. The ratio calculated (1.91) is significantly different from the expected ~1.12, likely due to the log base error and manual calculation method. The rubric requires fitting on both datasets and comparing OOB errors; while the student did this, the method deviates significantly from the expected simple `fit()` comparison."
25,24,24,"The student completed most exercises with correct workflows and model specifications. Points were deducted primarily for missing specific parameters in Ex1 and Ex2 (pipe operator, stratification), incorrect preprocessing steps in Ex3 (log base, predictor selection), and deviating from the required `fit()` workflow in Ex10. The conceptual error in Ex9 regarding RMSE sorting was noted but did not affect the code execution grade for that specific step.",2,2,1,3,3,3,3,3,3,1,"Code executes `skim(dat)` correctly and answers the missing data question. However, the rubric requires using the pipe operator `|>` to pass data to `skimr::skim()`, which is missing here.","Code correctly sets seed, creates split, and extracts train/test sets. However, the rubric requires using `strata = 'Sale_Price'` in `initial_split`, which is missing.","Code creates a recipe and preps it. However, it uses `base = 10` for log transform instead of natural log (`base = exp(1)`), and applies centering/scaling to `all_predictors()` (including outcome) instead of `all_numeric_predictors()`. Also, `broom::tidy()` is not used to examine the recipe as required.","Code correctly defines three models (`lm`, `glmnet`, `ranger`) with appropriate engines and tunable parameters (`tune()`). Process fidelity is met.",Code correctly calls `parsnip::translate()` on all three model objects. Process fidelity is met.,Code correctly sets seed and creates bootstrap samples using `rsample::bootstraps()` on the training data. Process fidelity is met.,"Code correctly creates a workflow set with the recipe and models, and unnests the info column. Process fidelity is met.","Code correctly maps `workflow_map`, unnests results, filters for rmse, groups, arranges, and slices. Process fidelity is met.","Code correctly calls `workflowsets::rank_results()` with required parameters. The student's comment about sorting order is a conceptual misunderstanding (lower RMSE is better, so `desc` in Q8 was indeed selecting the worst, but the code structure for Q9 is correct). Process fidelity is met.","Code extracts a workflow and finalizes it. However, it manually calculates MSE using predictions and inverse log transform, rather than using the `fit()` function on the workflow directly as required by the rubric. The rubric expects `fit(data = ames_train)` and `fit(data = ames_test)` on the workflow object."
26,25,25,"The student demonstrated a strong understanding of the tidymodels workflow, particularly in model specification and workflow set creation. Points were deducted primarily for missing specific parameters (strata, pipe operator, natural log base) and an overly complex/incorrect implementation of the final model comparison in Exercise 10. Ensure strict adherence to required function arguments and simpler comparison methods in future labs.",2,2,1,3,3,3,3,3,3,2,"Code executes `skimr::skim()` correctly. However, the rubric requires using the pipe operator `|>` to pass data to the function, which is missing here. Markdown conclusion is correct.","Code structure for splitting data is correct. However, the `strata = 'Sale_Price'` parameter required by the rubric for `initial_split` is missing.","Code creates a recipe and preps it. However, the log transformation uses `base = 10` instead of the required natural log (`base = exp(1)`). Additionally, `broom::tidy()` is not used to examine the recipe steps as required by the rubric.","All three models are created correctly with the specified engines and tunable parameters (`penalty`, `mixture`, `min_n`, `trees`). Process fidelity is high.",Code correctly calls `parsnip::translate()` on all three model objects. Output accuracy is expected to be correct based on the model definitions.,Code correctly sets the seed and creates bootstrap samples using `rsample::bootstraps()` on the training data. Process fidelity is high.,"Code correctly creates the workflow set with the recipe and models, and unnests the info column for examination. Process fidelity is high.","Code correctly maps the tuning function, unnests results, filters for RMSE, groups by workflow ID, and selects the top row. Note: The student sorts descending (highest RMSE), which is technically the 'worst' model for RMSE, but the code structure matches the rubric's required functions and workflow steps.",Code correctly calls `workflowsets::rank_results()` with the required parameters. The student provides a valid interpretation of the results in the markdown.,"The student extracts the workflow and finalizes it. However, the final comparison code is overly complex and manually calculates MSE using `predict()` and `bind_cols()`, deviating from the simpler `fit()` comparison expected in the rubric. The calculated ratio (1.91) is significantly different from the expected ~1.12, likely due to the manual log-inverse transformation errors or incorrect MSE calculation logic."
27,24,24,"The student demonstrated strong proficiency in model specification, workflow creation, and tuning processes (Ex4-Ex9). Points were deducted primarily for missing specific parameters in data splitting (Ex2), incorrect preprocessing steps (Ex3), and a non-standard approach to evaluating final model performance (Ex10). Ensure strict adherence to required function arguments and pipeline operators in future labs.",2,2,1,3,3,3,3,3,3,1,"Code executes `skimr::skim()` correctly. However, the rubric requires using the pipe operator `|>` to pass data to the function (e.g., `dat |> skim()`), which is missing here. Markdown conclusion is correct.","Code structure for splitting data is correct. However, the `initial_split` call is missing the `strata = 'Sale_Price'` parameter required by the rubric for OutputAccuracy.","Code creates a recipe and preps it. However, it uses `base = 10` for log transform instead of natural log (`base = exp(1)` or default), and applies centering/scaling to `all_predictors()` (including outcome) instead of `all_numeric_predictors()`. Also, `broom::tidy()` was not used to examine the recipe as required.",All three models are created correctly with appropriate engines and tunable parameters (`tune()`). Code execution and process fidelity are met.,Code correctly calls `parsnip::translate()` on all three model objects. Process and output accuracy are met.,Code correctly sets seed and creates bootstrap samples using `rsample::bootstraps()` on the training data. Process and output accuracy are met.,"Code correctly creates the workflow set with the recipe and models, and unnests the info column for examination. Process and output accuracy are met.",Code correctly maps tuning across workflows and extracts the best metrics using the specified dplyr/tidyr chain. Process and output accuracy are met.,"Code correctly calls `workflowsets::rank_results()` with required parameters. The student's markdown comment correctly identifies the discrepancy in sorting order (descending vs ascending) between their manual extraction and the rank_results function, demonstrating understanding.","Code extracts and finalizes the workflow. However, the student manually calculates MSE using predictions and inverse log transform, rather than using the OOB errors directly from the fitted model objects as implied by the solution template. The resulting ratio (1.92) is significantly different from the expected ~1.12, indicating a deviation from the expected process for comparing train/test performance via OOB metrics."
28,24,24,"The student demonstrated a good understanding of the tidymodels workflow, particularly in model specification and workflow sets. Points were deducted primarily for missing specific parameters in data splitting (strata), incorrect log base in preprocessing, and an overly complex/incorrect approach to the final model comparison in Exercise 10. Ensure strict adherence to required function arguments and process steps.",2,2,1,3,3,3,3,3,3,1,"Code executes `skim(dat)` correctly and answers the missing data question. However, the rubric requires using the pipe operator `|>` to pass data to `skim()`, which is missing here.","The code correctly sets the seed and creates the split. However, it is missing the `strata = 'Sale_Price'` parameter required by the rubric for the `initial_split` function.","The recipe structure is present, but there are significant process errors. The log transformation uses `base = 10` instead of the required natural log (`base = exp(1)`). Additionally, `step_center` and `step_scale` are applied to `all_predictors()` after `step_dummy`, which is incorrect order/process compared to the solution which scales numeric predictors before dummy creation or handles them distinctly. The rubric expects specific function calls and order.","All three models are correctly specified with the appropriate engines and tunable parameters (`penalty`, `mixture`, `min_n`, `trees`). Code execution and process fidelity are met.",The `translate()` function is correctly applied to all three model objects as required.,The seed is set and `bootstraps()` is correctly called on the training data with default parameters.,"The `workflow_set` is correctly created with the recipe and models, and the `info` column is unnested for examination.","The workflow map is executed, and the subsequent dplyr/tidyr pipeline correctly unnests results, filters for rmse, groups, arranges, and slices to find the best metrics.",The `rank_results` function is called with correct parameters. The student provides a thoughtful comparison note regarding the sorting order difference between their manual extraction and the function output.,"The student extracted the workflow and finalized it. However, the final comparison logic is flawed. The rubric expects a simple fit comparison showing OOB errors with a specific ratio (~0.11). The student manually calculated MSE using `predict` and inverse log transformations, resulting in a different ratio (1.92) and a more complex workflow than required. The `fit()` function on the workflow object directly provides the necessary metrics for comparison."
29,24,26,"The student demonstrated a strong understanding of the tidymodels workflow structure, correctly implementing model specifications, workflow sets, and tuning processes. Points were deducted primarily for missing specific parameters in data splitting (strata), incorrect preprocessing steps (log base and scaling order), and a flawed final performance comparison in Exercise 10. Ensure strict adherence to rubric-specified parameters and functions in future labs.",2,2,1,3,3,3,3,3,3,1,"Code executes and uses `skimr`, but fails to use the pipe operator `|>` as required by the rubric. Markdown correctly identifies no missing data.","Code structure is correct (seed, split, train/test extraction), but missing the `strata = 'Sale_Price'` parameter required by the rubric for OutputAccuracy.","Code executes but has significant process fidelity issues: uses `base = 10` instead of natural log (`exp(1)`), applies centering/scaling to all predictors (including dummies created earlier, which is incorrect order), and does not use `broom::tidy()` for examination as required.",Correctly creates three model specifications with appropriate engines and tunable parameters (`tune()`) as required.,Correctly applies `parsnip::translate()` to all three model objects.,Correctly sets seed and creates bootstrap samples using `rsample::bootstraps()` on the training data.,"Correctly creates the workflow set with the recipe and models, and unnests the info column for examination.","Correctly maps the tuning function, unnests results, filters for rmse, groups, arranges, and slices to find the best metrics.",Correctly runs `rank_results` and provides a valid interpretation comparing it to Exercise 8 results.,"Code executes and fits models, but the final comparison logic is flawed. The student manually calculates MSE using base-10 inverse log (incorrect given the recipe used base-10 but the rubric expects natural log context or standard fit output) and derives an incorrect ratio. The rubric expects using the fit objects directly or standard metrics, and the specific ratio ~0.114 was not achieved due to methodological errors in the comparison step."
30,25,25,"The student demonstrated a good understanding of the tidymodels workflow structure, particularly in model specification and workflow sets. Points were deducted primarily for missing specific parameters in data splitting and preprocessing (strata, log base), and for a complex, error-prone manual calculation of model performance in the final exercise instead of using the built-in model metrics.",2,2,1,3,3,3,3,3,3,2,"Code executes `skimr::skim()` correctly. However, the rubric requires using the pipe operator `|>` to pass data to the function (e.g., `dat |> skim()`), which is missing here. Markdown conclusion is correct.","Code structure for splitting data is correct. However, the `initial_split` call is missing the required `strata = 'Sale_Price'` parameter specified in the rubric.","The recipe steps are present but contain significant errors. The log transformation uses `base = 10` instead of the required natural log (`base = exp(1)`). The order of steps is incorrect (centering/scaling before dummy creation can cause issues, and log should typically be early). The rubric requires specific function chaining and correct parameters.","All three models are created correctly with the specified engines and tunable parameters (`penalty`, `mixture`, `min_n`, `trees`). Code execution and process fidelity are met.",The `parsnip::translate()` function is correctly applied to all three model objects. Output accuracy is expected to be correct based on the model definitions.,Bootstrap samples are created correctly using `set.seed(8740)` and `rsample::bootstraps()` on the training data. Process and code execution are correct.,The workflow set is created correctly with the recipe and models. The `info` column is unnested for examination. Code structure matches the rubric requirements.,"The code correctly maps `workflow_map`, unnests results, filters for RMSE, groups by workflow ID, and selects the top row. Note: The student sorts by descending estimate (highest RMSE), which is technically the 'worst' model for RMSE, but the code structure matches the rubric's requested operations exactly.",The `rank_results` function is called correctly with the specified parameters. The student provides a valid interpretation comparing the results to Exercise 8.,"The workflow is extracted and finalized. However, the student manually calculates MSE using predictions and inverse log transformations, rather than using the OOB errors directly from the fitted model objects as implied by the solution template. The final ratio (1.92) differs significantly from the expected ~1.12, suggesting a calculation error or misunderstanding of 'OOB prediction errors' in the context of the fitted object."
31,24,24,"The student demonstrated a strong understanding of the tidymodels workflow structure, correctly implementing model specifications, workflow sets, and tuning processes. Points were deducted primarily for missing specific parameters in data splitting (strata), incorrect preprocessing steps (log base and scaling order), and significant errors in the final model evaluation calculation. Ensure careful attention to rubric-specific parameters like `strata` and `base = exp(1)` in future labs.",2,2,1,3,3,3,3,3,3,1,"Code executes and uses `skimr`, but fails to use the pipe operator `|>` as required by the rubric. Markdown correctly identifies no missing data.","Code structure is correct (seed, split, train/test extraction), but missing the `strata = 'Sale_Price'` parameter required by the rubric for OutputAccuracy.","Code executes but has significant process fidelity issues: uses `base = 10` instead of natural log (`exp(1)`), applies centering/scaling to all predictors (including dummies created earlier) which is incorrect order, and does not use `broom::tidy()` for examination as required.",Correctly creates three model specifications with appropriate engines and tunable parameters (`tune()`). Process fidelity is high.,Correctly applies `parsnip::translate()` to all three models. Code execution and process fidelity are complete.,Correctly sets seed and creates bootstrap samples using `rsample::bootstraps()` on the training data. Meets all criteria.,"Correctly creates the workflow set with the recipe and models, and unnests the info column for examination. Meets all criteria.","Correctly maps tuning across workflows and extracts the best metrics using the specified dplyr/tidyr chain. Note: The student sorts descending (highest RMSE), which is technically 'worst' performance, but the code structure matches the rubric's required functions and workflow exactly.","Correctly calls `workflowsets::rank_results()` with required parameters. The student provides a thoughtful comparison in markdown, noting the discrepancy due to sorting direction in Q8.","Code executes and fits models, but OutputAccuracy is poor. The student manually calculates MSE using base-10 inverse log (incorrect for natural log recipe) and gets a ratio of ~1.9, whereas the rubric expects a ratio of ~0.11 (12% higher). The finalization parameters (`trees=1000`) also deviate from the expected best parameters (`trees=1`) identified in previous steps."
32,24,24,"The student demonstrated strong proficiency in setting up models, workflows, and resampling strategies (Ex4-Ex9). However, points were lost on data preprocessing details (Ex3), stratification in splitting (Ex2), and final model evaluation metrics (Ex10). Specifically, the log-transformation base and the final MSE ratio calculation were incorrect.",2,2,1,3,3,3,3,3,3,1,"Code executes and uses `skimr`, but fails to use the pipe operator `|>` as required by the rubric. Markdown correctly identifies no missing data.","Code structure is correct (seed, split, train/test), but missing the `strata = 'Sale_Price'` parameter required by the rubric for OutputAccuracy.","Code executes but has significant process fidelity issues: uses `base = 10` instead of natural log, applies center/scale to all predictors (including dummies created earlier), and does not use `broom::tidy()` for examination as required.",Correctly creates three model specifications with appropriate engines and tunable parameters (`tune()`). Process fidelity is high.,Correctly applies `parsnip::translate()` to all three models. Code execution and process fidelity are complete.,Correctly sets seed and creates bootstrap samples using `rsample::bootstraps()`. Process fidelity is complete.,Correctly creates workflow set and unnests the info column. Process fidelity and code execution are correct.,"Correctly maps workflow, unnests results, filters for rmse, groups, arranges, and slices. Process fidelity is complete.","Correctly calls `rank_results` with required parameters. The student's markdown comment correctly identifies the discrepancy in sorting order (descending vs ascending) between Ex8 and Ex9, showing understanding.","Code executes and fits models, but OutputAccuracy is low. The student calculated a ratio of ~1.92, whereas the rubric expects ~0.11 (12% higher). This suggests an error in handling the log-transformed predictions (likely incorrect inverse transformation or MSE calculation on transformed scale)."
33,24,24,"The student demonstrated a good understanding of the tidymodels workflow structure, particularly in model specification and workflow creation. However, points were lost due to missing specific parameters (strata, log base), incorrect step ordering in the recipe, and deviating from the required `fit()` method in the final exercise. Ensure strict adherence to function arguments and process steps in future labs.",2,2,1,3,3,3,3,3,3,1,"Code executes `skim(dat)` correctly and answers the missing data question. However, the rubric requires using the pipe operator `|>` to pass data to `skimr::skim()`, which is missing here.","Code correctly sets seed, creates split, and extracts train/test sets. Deducted 1 point because the `strata = 'Sale_Price'` parameter required by the rubric for the split is missing.","Recipe structure is present, but there are significant process fidelity issues. The log base is set to 10 instead of `exp(1)` (natural log). The order of steps is incorrect (centering/scaling before dummy variables creates issues with dummy columns). Also, `broom::tidy()` is not used to examine the recipe as required.","All three models are correctly specified with the appropriate engines and tunable parameters (`penalty`, `mixture`, `min_n`, `trees`). Code execution and process fidelity are met.",Code correctly calls `parsnip::translate()` on all three model objects. Process and output accuracy are met.,Code correctly sets seed and creates bootstrap samples using `rsample::bootstraps()` on the training data. Process and output accuracy are met.,Workflow set is created correctly with the recipe and models. The info column is unnested for examination. Process and output accuracy are met.,"Code correctly maps `workflow_map`, unnests results, filters for rmse, groups by workflow ID, and selects the top row. Note: The student sorts descending (highest RMSE), which is technically the 'worst' model, but the code structure matches the rubric's required functions and workflow steps exactly.",Code correctly calls `workflowsets::rank_results()` with the specified parameters. The student provides a valid interpretation comparing the results to Exercise 8.,"The student extracts a workflow and fits it, but there are major process fidelity errors. The workflow ID 'norm_forest' is likely incorrect based on the naming convention in Q7 ('lm_forest' or similar). More critically, the student manually calculates MSE using `predict()` and `mutate()` instead of using the `fit()` function on the finalized workflow as required by the rubric. The final ratio calculation is also inconsistent with the expected output accuracy."
34,24,24,"The student demonstrated a good understanding of the tidymodels workflow structure, particularly in model specification, workflow sets, and tuning. However, points were lost on Exercise 1 for missing the pipe operator, Exercise 2 for missing stratification, and Exercise 3 for incorrect recipe steps (log base and step order). The most significant deduction is in Exercise 10, where the student deviated from the required `fit()` workflow method and used incorrect final parameters, leading to an incorrect performance comparison.",2,2,1,3,3,3,3,3,3,1,"Code executes `skim(dat)` correctly and answers the missing data question. However, the rubric requires using the pipe operator `|>` to pass data to `skim()`, which is missing here.","Code correctly sets seed, creates split, and extracts train/test sets. However, the `initial_split` call is missing the required `strata = 'Sale_Price'` parameter specified in the rubric.","The recipe structure is present, but there are significant process fidelity issues. The log transformation uses `base = 10` instead of natural log (`base = exp(1)`). The order of steps is incorrect (centering/scaling before dummy variables creates issues with dummy columns). It also re-defines data splitting variables unnecessarily.","Correctly defines three models (`lm_mod_base`, `lm_mod_glmnet`, `lm_mod_rforest`) with appropriate engines and tunable parameters (`penalty`, `mixture`, `min_n`, `trees`). Code execution and process fidelity are met.",Correctly calls `parsnip::translate()` on all three model objects. Output accuracy is expected to show the underlying templates.,Correctly sets seed and calls `rsample::bootstraps()` on `ames_train`. Process fidelity and code execution are correct.,"Correctly creates `all_workflows` using `workflow_set` with the recipe and models, and unnests the info column. Process fidelity is met.","Correctly maps `workflow_map`, unnests results, filters for rmse, groups by wflow_id, arranges by estimate, and slices. Code execution and process fidelity are correct.","Correctly calls `workflowsets::rank_results` with specified parameters. The student's comment about sorting order is insightful, though the code itself meets the rubric criteria.","The student extracted the workflow and finalized it, but used incorrect parameters (`trees = 1000` instead of the best found `trees = 1`). Furthermore, the student manually calculated MSE using `predict` and inverse log transformation rather than using the `fit()` function on the workflow as required by the rubric for `training_fit` and `testing_fit`. The final ratio is also incorrect due to these methodological deviations."
35,24,24,"The student completed most exercises with correct code structure and package usage. Key deductions were made for missing the pipe operator in Q1, missing stratification in Q2, incorrect log base in Q3, and deviations in the final model evaluation process in Q10. The workflow creation and tuning steps were well-executed.",2,2,1,3,3,3,3,3,3,1,"Code executes `skimr::skim()` correctly. However, the rubric requires using the pipe operator `|>` to pass data to the function (e.g., `dat |> skim()`), which is missing here. Markdown conclusion is correct.","Code structure for splitting data is correct. However, the `initial_split` call is missing the required `strata = 'Sale_Price'` parameter specified in the rubric.","The recipe is created and prepped. However, the log transformation uses `base = 10` instead of the required natural log (`base = exp(1)`). Additionally, `step_center` and `step_scale` are applied to `all_predictors()` instead of `all_numeric_predictors()`, which may cause issues with dummy variables created earlier. The rubric specifies centering/scaling numeric predictors.","All three models are correctly specified with the appropriate engines and tunable parameters (`penalty`, `mixture`, `min_n`, `trees`). Code execution and process fidelity are met.",The `translate()` function is correctly applied to all three model objects. Output accuracy is assumed based on correct code structure.,Bootstrap samples are correctly created using `set.seed(8740)` and `rsample::bootstraps()` on the training data. Process and code execution are correct.,The workflow set is correctly created with the recipe and models. The `info` column is correctly unnested for examination. Code and process match the rubric.,"The code correctly unnests results, filters for RMSE, groups by workflow ID, and arranges by estimate. Note: The student sorts descending (highest RMSE), which selects the worst model, but the code structure matches the rubric's requirement to 'arrange by .estimate descending' and 'select first row'. The rubric checks for the process, not the logical correctness of selecting the 'best' (lowest) RMSE in this specific step's code structure.","The `rank_results` function is called with correct parameters. The student provides a thoughtful comparison in the markdown, noting the discrepancy due to sorting order in Q8. This demonstrates understanding.","The student extracts a workflow and finalizes it. However, the parameters used for finalization (`trees = 1000`) do not match the 'best' parameters identified in the previous steps (which were `trees = 1` based on the descending sort in Q8, or potentially different if sorted ascending). More critically, the student manually calculates MSE using `predict` and `bind_cols` rather than using the `fit()` object's OOB error metrics as implied by the solution template and rubric's focus on 'OOB prediction errors'. The ratio calculated (1.91) is significantly different from the expected ~1.12, indicating a deviation from the expected process of comparing OOB errors directly."
36,24,24,"The student demonstrated a strong understanding of the tidymodels workflow structure, particularly in model specification, workflow sets, and resampling. Points were deducted primarily for missing specific parameters (strata, natural log base), incorrect preprocessing order, and a significant error in the final model evaluation calculation. Ensure careful attention to parameter values and transformation bases in future labs.",2,2,1,3,3,3,3,3,3,1,"Code executes and uses `skimr`, but fails to use the pipe operator `|>` as required by the rubric. Markdown correctly identifies no missing data.","Code structure is correct (seed, split, train/test), but missing the `strata = 'Sale_Price'` parameter required by the rubric for OutputAccuracy.","Code executes but has significant process fidelity issues: uses `base = 10` instead of natural log, applies center/scale to all predictors (including dummies created earlier), and does not use `broom::tidy()` for examination as required.","Correctly creates all three models with appropriate engines and tunable parameters (`penalty`, `mixture`, `min_n`, `trees`). Process fidelity is high.",Correctly applies `parsnip::translate()` to all three model objects. Output accuracy is met.,Correctly sets seed and creates bootstrap samples using `rsample::bootstraps()` on the training data. Process and output are accurate.,"Correctly creates the workflow set with the recipe and models, and unnests the info column for examination. Process fidelity is high.","Correctly maps the workflow, unnests results, filters for rmse, groups, and arranges. Note: Arranging descending for RMSE selects the worst model, but the code structure matches the rubric's required functions and workflow steps.","Correctly calls `rank_results` with required parameters. The student's markdown comment correctly identifies the discrepancy with Q8 (descending vs ascending order), showing understanding.","Code executes and fits models, but OutputAccuracy is low: the calculated error ratio (1.92) is significantly different from the expected ~1.12. This is likely due to incorrect inverse transformation of predictions (using base 10 instead of exp) and manual MSE calculation instead of using the model's built-in metrics."
37,24,24,"The student demonstrated a strong understanding of the tidymodels workflow, particularly in model specification, translation, and workflow set creation. Points were deducted primarily for missing specific parameters in data splitting (strata), incorrect log base in preprocessing, and deviations in the final model evaluation steps (manual MSE calculation vs. OOB errors). Ensure strict adherence to parameter specifications in future labs.",2,2,1,3,3,3,3,3,3,1,"Code executes `skimr::skim()` correctly. However, the rubric requires using the pipe operator `|>` to pass data to the function (e.g., `dat |> skim()`), which is missing here. Markdown conclusion is correct.","Code structure for splitting data is correct. However, the `initial_split` call is missing the required `strata = 'Sale_Price'` parameter specified in the rubric.","Code creates a recipe and preps it. However, it uses `base = 10` for log transformation instead of the required natural log (`base = exp(1)`). It also uses `all_predictors()` for centering/scaling instead of `all_numeric_predictors()`, and the order of steps (dummy before center/scale) may lead to incorrect scaling of dummy variables compared to the expected process.","All three models are created correctly with the specified engines and tunable parameters (`penalty`, `mixture`, `min_n`, `trees`). Code execution and process fidelity are met.",Code correctly calls `parsnip::translate()` on all three model objects. Process and output accuracy are met.,Code correctly sets seed and creates bootstrap samples using `rsample::bootstraps()` on the training data. Process and output accuracy are met.,"Code correctly creates the workflow set with the recipe and models, and unnests the info column. Process and output accuracy are met.","Code correctly maps the tuning function, unnests results, filters for RMSE, groups by workflow ID, and selects the best row. Process and output accuracy are met.","Code correctly calls `workflowsets::rank_results()` with the specified parameters. The student's comment about the discrepancy is insightful, but the code execution itself meets the rubric criteria.","The student extracted the correct workflow ID (`norm_forest` corresponds to `base_forest` in the solution due to naming conventions). However, the finalization parameters (`trees = 1000`) do not match the expected best parameters (`trees = 1`) derived from the tuning process in previous steps. Additionally, the student manually calculated MSE using `predict()` and inverse log transformation, whereas the rubric expects using the `fit()` object's OOB errors directly. The final ratio is significantly different from the expected ~1.12."
38,24,24,"The student demonstrated a strong understanding of the tidymodels workflow, particularly in model specification, workflow sets, and tuning. Points were deducted primarily for missing specific parameters in data splitting (strata), incorrect recipe steps (log base and selector scope), and a deviation in the final model evaluation method. Ensure strict adherence to function arguments and process steps outlined in the rubric.",2,2,1,3,3,3,3,3,3,1,"Code executes `skimr::skim()` correctly. However, the rubric requires using the pipe operator `|>` to pass data to the function (e.g., `dat |> skim()`), which is missing here. Markdown conclusion is correct.","Code structure for splitting data is correct. However, the `initial_split` call is missing the `strata = 'Sale_Price'` parameter required by the rubric for OutputAccuracy.","Code creates a recipe and preps it. However, it uses `base = 10` for log transform instead of natural log (`base = exp(1)` or default), and applies centering/scaling to `all_predictors()` instead of `all_numeric_predictors()` (which would fail or be incorrect after dummy creation). Also, `broom::tidy()` is missing from the final step as required.",All three models are created correctly with the specified engines and tunable parameters (`tune()`). Code execution and process fidelity are met.,Code correctly calls `parsnip::translate()` on all three model objects. Process and output accuracy are met.,Code correctly sets seed and creates bootstrap samples using `rsample::bootstraps()` on the training data. Process and output accuracy are met.,"Code correctly creates the workflow set with the recipe and models, and unnests the info column. Process and output accuracy are met.","Code correctly maps the workflow, unnests results, filters for rmse, groups, arranges, and slices. Process and output accuracy are met.","Code correctly calls `workflowsets::rank_results()` with the required parameters. The markdown comment correctly identifies the discrepancy in sorting order between Ex8 and Ex9, demonstrating understanding.","Code extracts the workflow and finalizes it. However, the final comparison calculates MSE manually using predictions rather than using the `fit()` object's OOB errors as implied by the solution template and rubric's 'OOB prediction errors' phrasing. The resulting ratio (1.92) is significantly different from the expected ~1.12, indicating a deviation from the expected process/output accuracy."
39,24,24,"The student demonstrated a good understanding of the tidymodels workflow, particularly in model specification, translation, and resampling. Points were deducted primarily for missing specific parameters in data splitting (strata) and preprocessing (log base), as well as deviations from the required process in the final model evaluation (manual MSE calculation vs. using `fit()` on the finalized workflow). Ensure strict adherence to rubric-specified parameters and functions in future labs.",2,2,1,3,3,3,3,3,3,1,"Code executes `skimr::skim()` correctly. However, the rubric requires using the pipe operator `|>` to pass data to the function (e.g., `dat |> skim()`), which is missing here. Markdown conclusion about missing data is present.","Code correctly sets seed and creates splits using `rsample::initial_split`, `training`, and `testing`. However, the rubric specifies that `strata = 'Sale_Price'` must be used in `initial_split`, which is missing in the student's code.","The recipe structure is present, but there are significant process fidelity issues. The rubric requires `base = exp(1)` for the log transform, but the student used `base = 10`. Additionally, the rubric expects `broom::tidy()` to be used for examination, which is missing. The order of steps (center/scale after dummy) is also debatable but less critical than the incorrect log base.","All three models (`lm_mod_base`, `lm_mod_glmnet`, `lm_mod_rforest`) are correctly defined with the appropriate engines and tunable parameters (`penalty`, `mixture`, `min_n`, `trees`). Code execution and process fidelity are met.",The student correctly calls `parsnip::translate()` on all three model objects. The process and output accuracy criteria are met.,The student correctly sets the seed and creates bootstrap samples using `rsample::bootstraps()` on the training data. Code execution and process fidelity are met.,The workflow set is correctly created with the recipe and models. The `info` column is unnested for examination. Code execution and process fidelity are met.,"The student correctly maps `workflow_map`, unnests results, filters for `rmse`, groups by `wflow_id`, arranges by `.estimate`, and slices the first row. The process fidelity matches the rubric requirements.",The student correctly calls `workflowsets::rank_results()` with the specified parameters. The markdown comment acknowledges the comparison with Exercise 8 results.,"The student extracts a workflow and finalizes it. However, the rubric expects the best model to be `base_forest` (or similar depending on naming) with specific parameters (`trees = 1`, `min_n = 11`) derived from the tuning results. The student used `norm_forest` and arbitrary parameters (`trees = 1000`). Furthermore, the student manually calculated MSE using `predict` and `bind_cols` instead of using the `fit()` function on the finalized workflow as required by the rubric's process fidelity check. The final ratio is also incorrect compared to the expected ~12% difference."
40,24,26,"The student completed most exercises with correct syntax and workflow structure. Points were deducted primarily for missing specific parameters (strata in split, natural log base in recipe) and deviations from the required pipe syntax in Q1. Q10's manual MSE calculation deviated from the standard tidyverse approach, resulting in a lower score for that section.",2,2,1,3,3,3,3,3,3,1,"Code executes `skim(dat)` correctly. However, the rubric requires using the pipe operator `|>` to pass data to `skimr::skim()`. The student used direct argument passing. Markdown conclusion is correct.","Code structure for splitting data is correct. However, the `initial_split` call is missing the `strata = 'Sale_Price'` parameter required by the rubric for OutputAccuracy.","Code creates a recipe and preps it. However, it uses `base = 10` for log transform instead of natural log (`base = exp(1)` or default). It also uses `all_predictors()` for centering/scaling which may include the outcome if not careful, though `step_log` was skipped. The order of steps (dummy before center/scale) is acceptable but the log base error is significant.",All three models are created correctly with appropriate engines and tunable parameters (`tune()`). Code execution and process fidelity are met.,Code correctly calls `parsnip::translate()` on all three model objects. Output accuracy is assumed based on correct code.,Code correctly sets seed and creates bootstrap samples using `rsample::bootstraps()` on the training data. Process and output are correct.,"Code correctly creates the workflow set with the recipe and models, and unnests the info column. Structure matches requirements.","Code correctly maps `workflow_map`, unnests results, filters for rmse, groups, arranges, and slices. The logic follows the rubric's expected process.","Code correctly calls `rank_results` with specified parameters. The student's markdown comment correctly identifies the discrepancy in sorting order (descending vs ascending) between their Q8 code and the `rank_results` output, demonstrating understanding.","The student extracted the workflow and finalized it. However, the final comparison code is overly complex and manually calculates MSE using `10^.pred` (inverse log10) instead of using the standard `fit()` output metrics or `metrics::rmse`. The rubric expects a simpler comparison of OOB errors via `fit()` objects. The calculated ratio is also significantly different from the expected ~1.12, suggesting a methodological deviation from the standard tidyverse workflow expected."
41,24,24,"The student demonstrated a good understanding of the tidymodels workflow, particularly in model specification, workflow sets, and tuning. Points were deducted primarily for missing specific parameters in data splitting (strata), incorrect log base in preprocessing, and not following the exact pipe syntax requested in EDA. The final model evaluation was overly complex and yielded incorrect metrics due to earlier preprocessing errors.",2,2,1,3,3,3,3,3,3,1,"Code executes `skimr::skim()` correctly. However, the rubric requires using the pipe operator `|>` to pass data to the function (e.g., `dat |> skim()`), which is missing here. Markdown conclusion is correct.","Code structure for splitting data is correct. However, the `initial_split` call is missing the required `strata = 'Sale_Price'` parameter specified in the rubric.","Code creates a recipe and preps it. However, it uses `base = 10` for log transformation instead of the required natural log (`base = exp(1)`). It also uses `all_predictors()` for centering/scaling instead of `all_numeric_predictors()`, and the order of steps (dummy before center/scale) may lead to incorrect scaling of dummy variables compared to the expected process.","All three models are created correctly with the specified engines and tunable parameters (`penalty`, `mixture`, `min_n`, `trees`). Code execution and process fidelity are met.",Code correctly calls `parsnip::translate()` on all three model objects. Output accuracy is assumed based on correct code structure.,Code correctly sets seed and creates bootstrap samples using `rsample::bootstraps()` on the training data. Process and output criteria are met.,"Code correctly creates the workflow set with the recipe and models, and unnests the info column. Structure and process are correct.","Code correctly maps `workflow_map`, unnests results, filters for rmse, groups, arranges, and slices. The process fidelity matches the rubric requirements.","Code correctly calls `workflowsets::rank_results()` with the specified parameters. The student's markdown comment correctly identifies the discrepancy in sorting order (descending vs ascending) between their Q8 code and the `rank_results` output, demonstrating understanding.","The student extracted the workflow and finalized it. However, the final comparison code is overly complex and manually calculates MSE using `predict` and `bind_cols` instead of using the standard `fit()` output metrics as implied by the solution template. More critically, the student used `base = 10` in Q3, which affects the final model performance and ratio. The calculated ratio (1.91) is significantly different from the expected ~1.12, indicating issues with the preprocessing or evaluation method."
42,24,24,"The student completed most exercises with correct code structure. Points were deducted for missing the `strata` parameter in data splitting, using the wrong log base in the recipe, and an overly complex/incorrect manual calculation for the final model comparison. The workflow and tuning steps were generally well-executed.",2,2,1,3,3,3,3,3,3,1,"Code executes `skim(dat)` correctly. However, the rubric requires using the pipe operator `|>` to pass data to `skimr::skim()`. The student used direct argument passing. Markdown conclusion is correct.","Code structure for splitting data is correct. However, the `initial_split` call is missing the `strata = 'Sale_Price'` parameter required by the rubric for OutputAccuracy.","Code creates a recipe and preps it. However, it uses `base = 10` for log transform instead of natural log (`base = exp(1)` or default). It also uses `all_predictors()` for centering/scaling which may include the outcome if not careful, though `step_log` was skipped. The order of steps (dummy before center/scale) is acceptable but the log base error is significant.",All three models are created correctly with appropriate engines and tuning parameters (`tune()`). Code execution and process fidelity are met.,Code correctly calls `parsnip::translate()` on all three model objects. Output accuracy is assumed based on correct code.,Code correctly sets seed and creates bootstrap samples using `rsample::bootstraps()` on the training data.,"Code correctly creates the workflow set with the recipe and models, and unnests the info column for examination.","Code correctly maps the workflow, unnests results, filters for rmse, groups, arranges, and slices. Note: Arranging descending for RMSE selects the worst model, but the code structure matches the rubric's requested workflow steps.","Code correctly calls `rank_results` with specified parameters. The student's markdown comment correctly identifies the discrepancy in sorting order from Q8, showing understanding.","The student extracted the workflow and finalized it. However, the final comparison code is overly complex and manually calculates MSE using `predict` and `bind_cols` instead of using the standard `fit` output or `metrics` as implied by the simpler solution template. The calculated ratio (1.9) is significantly different from the expected ~1.12, suggesting an error in the manual calculation logic (e.g., inverse log transform error or data leakage). The rubric requires fitting on both datasets and comparing performance; the manual approach deviates from the expected process fidelity."
43,24,24,"The student demonstrated a strong understanding of the tidymodels workflow, particularly in model specification, workflow sets, and tuning. Points were deducted primarily for missing specific parameters (strata, pipe operator), incorrect recipe step ordering/log base, and deviating from the required `fit()` method in the final exercise. The markdown explanations were generally good, especially in Q9.",2,2,1,3,3,3,3,3,3,1,"Code executes `skimr::skim()` correctly. However, the rubric requires using the pipe operator `|>` to pass data to the function, which is missing here. Markdown conclusion about missing data is present.","Code correctly sets seed and creates splits. However, the rubric specifies using `strata = 'Sale_Price'` in `initial_split`, which is missing from the student's code.","Code creates a recipe and preps it. However, there are significant process fidelity issues: 1) The log base is set to 10 instead of `exp(1)` (natural log) as required. 2) The order of steps is incorrect (centering/scaling before dummy variables creates issues with dummy columns). 3) `broom::tidy()` is not used to examine the recipe as required.","Code correctly defines three models (`lm`, `glmnet`, `ranger`) with appropriate engines and tunable parameters (`penalty`, `mixture`, `min_n`, `trees`). Process fidelity is high.",Code correctly calls `parsnip::translate()` on all three model objects. Output accuracy is expected to be correct given the previous step.,Code correctly sets seed and creates bootstrap samples using `rsample::bootstraps()` on the training data. Process fidelity is high.,"Code correctly creates a `workflow_set` with the recipe and models, and uses `tidyr::unnest()` on the info column. Process fidelity is high.","Code correctly maps `workflow_map`, unnests results, filters for rmse, groups, arranges, and slices. Process fidelity is high.","Code correctly calls `workflowsets::rank_results()` with specified parameters. The student's markdown comment correctly identifies the discrepancy in sorting order (descending vs ascending) between their manual extraction and the rank_results function, showing good understanding.","Code extracts a workflow and finalizes it. However, the student manually calculates MSE using predictions and inverse log transformation, rather than using the `fit()` function on the workflow as required by the rubric (`fit(data = ames_train)`). The rubric expects the OOB prediction errors from the fitted workflow object. The final ratio calculation is also based on this manual method, deviating from the expected process."
44,24,24,"The student completed most exercises correctly, particularly the modeling and workflow setup. Points were deducted for missing specific parameters (strata in split, pipe operator in skim), incorrect recipe steps (log base, predictor selection), and an overly complex/incorrect manual calculation for the final model comparison. Ensure strict adherence to required function arguments and process steps.",2,2,1,3,3,3,3,3,3,1,"Code executes `skimr::skim()` correctly. However, the rubric requires using the pipe operator `|>` to pass data to the function (e.g., `dat |> skim()`), which is missing here. Markdown conclusion is correct.","Code structure for splitting data is correct. However, the `initial_split` call is missing the `strata = 'Sale_Price'` parameter required by the rubric for OutputAccuracy.","Code creates a recipe and preps it. However, it uses `base = 10` for log transformation instead of the required natural log (`base = exp(1)`). It also uses `all_predictors()` for centering/scaling instead of `all_numeric_predictors()`, and the order of steps (dummy before center/scale) may lead to incorrect scaling of dummy variables compared to the expected process.","All three models are created correctly with the specified engines and tunable parameters (`penalty`, `mixture`, `min_n`, `trees`). Code execution and process fidelity are met.",Code correctly calls `parsnip::translate()` on all three model objects. Process and output accuracy are met.,Code correctly sets seed and creates bootstrap samples using `rsample::bootstraps()` on the training data. Process and output accuracy are met.,"Code correctly creates the workflow set with the recipe and models, and unnests the info column. Process and output accuracy are met.","Code correctly maps the workflow, unnests results, filters for rmse, groups, arranges, and slices. Process and output accuracy are met.","Code correctly calls `workflowsets::rank_results()` with the required parameters. The student's markdown comment correctly identifies the discrepancy in sorting order (descending vs ascending) between their Q8 code and the rank_results output, demonstrating understanding.","Code extracts the workflow and finalizes it. However, the student manually calculates MSE using predictions and inverse log transformation, rather than using the `fit()` object's built-in metrics or the expected simple comparison. The calculated ratio (1.92) differs significantly from the expected ~1.12, suggesting an error in the manual calculation process or interpretation of 'OOB prediction errors' in this context. The rubric expects fitting on train/test and comparing performance directly."
45,24,24,"The student demonstrated a good understanding of the tidymodels workflow structure, particularly in model specification and workflow sets. Points were deducted primarily for missing specific parameters in data splitting (strata), incorrect log base in preprocessing, and the resulting cascading error in the final model evaluation. Ensure strict adherence to parameter specifications in future labs.",2,2,1,3,3,3,3,3,3,1,"Code executes `skimr::skim()` correctly. However, the rubric requires using the pipe operator `|>` to pass data to the function (e.g., `dat |> skim()`), which is missing here. Markdown conclusion is correct.","Code structure for splitting data is correct. However, the `initial_split` call is missing the required `strata = 'Sale_Price'` parameter specified in the rubric.","The recipe is created and prepped. However, the log transformation uses `base = 10` instead of the required natural log (`base = exp(1)`). Additionally, `step_center` and `step_scale` are applied to `all_predictors()` instead of `all_numeric_predictors()`, which may cause issues with dummy variables created earlier. The rubric specifies centering/scaling numeric predictors.","All three models are correctly specified with the appropriate engines and tunable parameters (`penalty`, `mixture`, `min_n`, `trees`). Code execution and process fidelity are met.",The `translate()` function is correctly applied to all three model objects. Output accuracy is assumed based on correct code structure.,Bootstrap samples are correctly created using `set.seed(8740)` and `rsample::bootstraps()` on the training data.,The workflow set is correctly created with the recipe and models. The `info` column is correctly unnested for examination.,"The code correctly maps `workflow_map`, unnests results, filters for RMSE, groups by workflow ID, and selects the top row. Note: The student sorts by descending estimate (highest RMSE), which selects the worst model, but the code structure matches the rubric's requested operations.",The `rank_results` function is correctly called with the specified parameters. The student provides a valid interpretation of the results compared to Exercise 8.,"The student extracts a workflow and finalizes it. However, the workflow ID 'norm_forest' may not match the generated IDs (typically 'base_forest' or similar depending on naming). More critically, the final comparison calculates MSE manually using base-10 inverse log (since they used base 10 in Ex3) and gets a ratio of ~1.92, whereas the rubric expects a ratio of ~0.11 (12% higher). The process deviates significantly from the expected solution path due to earlier errors in Ex3."
46,24,24,"The student demonstrated a good understanding of the tidymodels workflow, particularly in model specification, workflow sets, and tuning. Points were deducted primarily for missing specific parameters (strata, pipe operator, natural log base) and deviations in the final model evaluation method. Ensure strict adherence to function arguments and process steps outlined in the rubric.",2,2,1,3,3,3,3,3,3,1,"Code executes `skimr::skim()` correctly. However, the rubric requires using the pipe operator `|>` to pass data to the function (e.g., `dat |> skim()`), which is missing here. Markdown conclusion is correct.","Code structure for splitting data is correct. However, the `initial_split` call is missing the `strata = 'Sale_Price'` parameter required by the rubric for OutputAccuracy.","Code creates a recipe and preps it. However, it uses `base = 10` for log transform instead of natural log (`base = exp(1)` or default), and applies centering/scaling to `all_predictors()` instead of `all_numeric_predictors()` (which would include dummy variables created by `step_dummy` if order was different, but here it's before dummy creation, yet rubric specifies numeric predictors). Also, `broom::tidy()` is not used to examine the recipe as required.",All three models are created correctly with appropriate engines and tunable parameters (`tune()`). Code execution and process fidelity are met.,Code correctly calls `parsnip::translate()` on all three model objects. Output accuracy is assumed based on correct code structure.,Code correctly sets seed and creates bootstrap samples using `rsample::bootstraps()` on the training data. Process and output criteria are met.,"Code correctly creates a workflow set with the recipe and models, and unnests the info column. Structure and process are correct.","Code correctly maps `workflow_map`, unnests results, filters for rmse, groups, arranges, and slices. The logic follows the rubric's expected process.","Code correctly calls `workflowsets::rank_results()` with required parameters. The student's markdown comment correctly identifies the discrepancy in sorting order (descending vs ascending) between their Q8 code and the `rank_results` output, showing understanding.","Code extracts a workflow and finalizes it. However, the student manually calculates MSE using predictions and inverse log transform, rather than using the OOB errors directly from the fitted model objects as implied by the solution template. The resulting ratio (1.92) is significantly different from the expected ~1.12, indicating a deviation from the expected process for comparing train/test performance via OOB metrics."
47,24,26,"The student demonstrated a strong understanding of the tidymodels workflow, particularly in model specification, workflow sets, and tuning. Points were deducted primarily for missing specific parameters in data splitting (strata), incorrect log base in preprocessing, and a deviation in the final model evaluation method which led to an incorrect performance ratio. Ensure strict adherence to function arguments and process steps in future labs.",2,2,1,3,3,3,3,3,3,1,"Code executes `skim(dat)` correctly. However, the rubric requires using the pipe operator `|>` to pass data to `skimr::skim()`. The student used direct argument passing. Markdown conclusion is correct.","Code structure is correct (set.seed, initial_split, training/testing). However, the `initial_split` call is missing the `strata = 'Sale_Price'` parameter required by the rubric for OutputAccuracy.","Code creates a recipe and preps it. However, it uses `base = 10` for log transform instead of natural log (`base = exp(1)` or default). It also applies center/scale to `all_predictors()` which includes the outcome, whereas the rubric specifies predictors. The order of steps (log before dummy/center/scale) is also debatable but the base error is critical.","Correctly creates three model specifications (`lm_mod_base`, `lm_mod_glmnet`, `lm_mod_rforest`) with appropriate engines and tunable parameters (`tune()`). Process fidelity is high.",Correctly calls `parsnip::translate()` on all three model objects. Output accuracy is met.,Correctly sets seed and creates bootstrap samples using `rsample::bootstraps()` on the training data. Process and output are correct.,Correctly creates `all_workflows` using `workflow_set` with the recipe and models. Correctly unnests the info column. Process and output are correct.,"Correctly maps `workflow_map`, unnests results, filters for rmse, groups, arranges, and slices. The code structure matches the rubric requirements perfectly.","Correctly calls `workflowsets::rank_results` with specified parameters. The student's markdown comment correctly identifies the discrepancy in sorting order (descending vs ascending) between their Q8 code and the rank_results output, showing understanding.","The student extracted the workflow and finalized it. However, they manually calculated MSE using predictions and inverse log transform, rather than using the OOB errors directly from the fitted model objects as implied by the solution template. The resulting ratio (1.92) is significantly different from the expected ~1.12, indicating a process deviation or calculation error in the final comparison step."
48,24,26,"The student demonstrated a strong understanding of the tidymodels workflow structure, particularly in model specification, translation, and workflow set creation. Points were deducted primarily for missing specific parameters in data splitting (strata), incorrect preprocessing steps (log base and scaling order), and a significant error in the final performance comparison calculation. Ensure strict adherence to rubric requirements for function arguments and output verification.",2,2,1,3,3,3,3,3,3,1,"Code executes and uses `skimr`, but fails to use the pipe operator `|>` as required by the rubric. Markdown correctly identifies no missing data.","Code structure is correct (seed, split, train/test), but missing the `strata = 'Sale_Price'` parameter required by the rubric for OutputAccuracy.","Code executes but has significant process fidelity issues: uses `base = 10` instead of natural log, applies center/scale to all predictors (including dummies created earlier), and does not use `broom::tidy()` for examination as required.",Correctly creates three models with appropriate engines and tunable parameters (`tune()`). Process fidelity is high.,Correctly applies `parsnip::translate()` to all three model objects. Output accuracy is met.,Correctly sets seed and creates bootstrap samples using `rsample::bootstraps()` on the training data.,Correctly creates workflow set and unnests the info column to examine structure.,"Correctly maps tuning, unnests results, filters for rmse, groups, and selects best rows. Note: The student sorts descending (highest RMSE), which is technically the 'worst' model, but the code structure matches the rubric's requested workflow steps.","Correctly calls `rank_results` and provides a thoughtful comparison in markdown, noting the discrepancy due to sorting direction.","Code executes and fits models, but OutputAccuracy is low. The student manually calculates MSE using base-10 inverse log (incorrect for natural log recipe) and gets a ratio of ~1.9, whereas the rubric expects a ratio near 0.11 (12% higher). The workflow extraction ID 'norm_forest' is also inconsistent with the workflow set naming convention established in Q7."
49,24,24,"The student demonstrated a good understanding of the tidymodels workflow, particularly in model specification, translation, and workflow mapping. Points were deducted primarily for missing specific parameters in data splitting (strata), incorrect log base in preprocessing, and a flawed final model comparison calculation in Exercise 10. Ensure strict adherence to parameter specifications and inverse transformation logic.",2,2,1,3,3,3,3,3,3,1,"Code executes `skimr::skim()` correctly. However, the rubric requires using the pipe operator `|>` to pass data to the function (e.g., `dat |> skim()`), which is missing here. Markdown conclusion is correct.","Code structure for splitting data is correct. However, the `initial_split` call is missing the required `strata = 'Sale_Price'` parameter specified in the rubric.","Code creates a recipe and preps it. However, it uses `base = 10` for log transform instead of the required natural log (`base = exp(1)`). It also uses `all_predictors()` for centering/scaling instead of `all_numeric_predictors()`, and the order of steps (dummy before center/scale) may lead to incorrect scaling of dummy variables compared to the expected process.","All three models are created correctly with the specified engines and tunable parameters (`penalty`, `mixture`, `min_n`, `trees`). Code execution and process fidelity are met.",Code correctly calls `parsnip::translate()` on all three model objects. Output accuracy is assumed based on correct code structure.,Code correctly sets seed and creates bootstrap samples using `rsample::bootstraps()` on the training data. Process and output criteria are met.,"Code correctly creates the workflow set with the recipe and models, and unnests the info column. Structure and process are correct.","Code correctly maps `workflow_map`, unnests results, filters for rmse, groups, arranges, and slices. The process fidelity matches the rubric requirements.","Code correctly calls `workflowsets::rank_results()` with the specified parameters. The student's markdown comment correctly identifies the discrepancy in sorting order (descending vs ascending) between their Q8 code and the `rank_results` output, demonstrating understanding.","The student extracted the workflow and finalized it. However, the final comparison code is overly complex and manually calculates MSE using `predict` and `bind_cols` instead of using the standard `fit` object outputs or `metrics` as implied by the simpler solution template. More critically, the calculated ratio (1.91) is significantly different from the expected ~0.11-0.12, likely due to incorrect handling of the log-transformed predictions (using `10^.pred` instead of `exp(.pred)` or failing to inverse transform correctly). The rubric expects a specific comparison workflow."
50,24,26,"The student demonstrated a good understanding of the tidymodels workflow structure, particularly in model specification and workflow sets. However, points were lost on data preprocessing details (log base, step order) and the final model evaluation (incorrect parameters and manual MSE calculation instead of using OOB metrics). Ensure strict adherence to parameter values and function requirements in future labs.",2,2,1,3,3,3,3,3,3,1,"Code executes and uses `skimr`, but does not use the pipe operator `|>` as required by the rubric. Markdown conclusion is correct.","Code structure is correct (seed, split, train/test), but missing the `strata = 'Sale_Price'` parameter required by the rubric for OutputAccuracy.","Code executes but has significant process errors: uses `base = 10` instead of natural log (`exp(1)`), applies center/scale to all predictors (including dummies created earlier, which is incorrect order), and does not use `broom::tidy()` for examination as required.",Correctly creates three models with appropriate engines and tunable parameters (`tune()`). Process fidelity is high.,Correctly applies `parsnip::translate()` to all three models. Output accuracy is met.,Correctly sets seed and creates bootstrap samples using `rsample::bootstraps()` on the training data.,"Correctly creates workflow set with recipe and models, and unnests the info column for examination.","Correctly maps workflow, unnests results/metrics, filters for rmse, groups, arranges, and slices. Note: Arranging descending for RMSE selects the worst model, but the code structure matches the rubric's required functions.",Correctly calls `rank_results` with required parameters and provides a valid comparison comment.,"Extracts workflow and finalizes it, but uses incorrect parameters (`trees = 1000` vs expected `1`) and calculates MSE ratio manually instead of using OOB errors from `fit()` objects as implied by the solution template. The resulting ratio is significantly different from the expected ~1.12."
