Run,Total,Model_Total,OverallComment,Q1,Q2,Q3,Q4,Q5,Q6,Q7,Q8,Q9,Q10,Q1_feedback,Q2_feedback,Q3_feedback,Q4_feedback,Q5_feedback,Q6_feedback,Q7_feedback,Q8_feedback,Q9_feedback,Q10_feedback
1,25,25,"The student demonstrated a strong understanding of the tidymodels workflow, particularly in model specification, tuning, and workflow sets. Points were deducted primarily for missing specific parameters in data splitting (strata), syntax errors in the recipe preparation step, and deviating from the prescribed method for final model evaluation in Exercise 10. Ensure strict adherence to pipe operators and specific function arguments as outlined in the rubric.",2,2,1,3,3,3,3,3,3,2,"Code executes `skimr::skim(dat)` correctly and markdown answers the missing data question. However, the rubric specifies using the pipe operator `|>` to pass data to `skim()`, which was not used (direct argument passing was used instead). Deducted 1 point for ProcessFidelity.","Code correctly sets seed, creates split, and extracts train/test sets. However, the `initial_split` call is missing the `strata = 'Sale_Price'` parameter required by the rubric for OutputAccuracy. Deducted 1 point.","The recipe structure is present, but the code has a syntax error: `recipes::prep()` is called inside the pipe chain, followed by `broom::tidy(norm_recipe)` which is not piped and references the un-prepped object. The rubric requires chaining `prep()` and `tidy()` correctly. Also, `step_normalize` combines center/scale, which is acceptable, but the execution flow is broken. Deducted 2 points for CodeExecution and ProcessFidelity.","All three models (`lm_mod_base`, `lm_mod_glmnet`, `lm_mod_rforest`) are correctly defined with appropriate engines and tunable parameters (`tune()`). Code execution and process fidelity are met.",Code correctly calls `parsnip::translate()` on all three model objects. Process and output accuracy are met.,Code correctly sets seed and creates bootstrap samples using `rsample::bootstraps(ames_train)`. Process and output accuracy are met.,"Code correctly creates `all_workflows` using `workflow_set` with the recipe and models, and unnests the info column. Process and output accuracy are met.","Code correctly maps `tune_grid` (via `workflow_map`), unnests results, filters for rmse, groups by wflow_id, arranges by estimate, and slices the first row. Process and output accuracy are met.",Code correctly calls `workflowsets::rank_results` with specified parameters and includes markdown comparison. Process and output accuracy are met.,"The student correctly extracts the workflow, finalizes it with parameters, and fits the model. However, the rubric expects fitting on both training and test data using the `fit()` function directly on the workflow to compare OOB errors. The student manually calculated MSE using `predict()` and custom code, which deviates from the expected process of using `fit()` on the finalized workflow for both datasets. Deducted 1 point for ProcessFidelity."
2,25,25,"The student demonstrated a strong understanding of the tidymodels workflow, particularly in model specification, tuning, and ranking. Points were deducted primarily for missing specific parameters in data splitting (strata), syntax errors in the recipe step, and deviation from the expected `fit()` method for final model comparison in Exercise 10. Ensure pipe operators are used where specified and check for syntax errors before submission.",2,2,1,3,3,3,3,3,3,2,"Code executes `skimr::skim(dat)` correctly and markdown correctly identifies no missing data. However, the rubric requires using the pipe operator `|>` to pass data to `skim()`, which is missing here.","Code correctly sets seed, creates split, and extracts train/test sets. However, the rubric requires using `strata = 'Sale_Price'` in `initial_split()`, which is missing.","The recipe structure is present, but the code has a syntax error (missing `%>%` before `broom::tidy()`), preventing execution. Additionally, `step_normalize` combines center/scale, which is acceptable, but the lack of execution and syntax error reduces the score.",All three models are correctly specified with appropriate engines and tunable parameters (`tune()`). Code is syntactically correct and follows the required process.,Code correctly calls `parsnip::translate()` on all three model objects. Process and output expectations are met.,Code correctly sets seed and creates bootstrap samples using `rsample::bootstraps()` on the training data. Process and output expectations are met.,"Code correctly creates the workflow set with the recipe and models, and unnests the info column. Process and output expectations are met.","Code correctly maps `tune_grid`, unnests results, filters for RMSE, groups by workflow ID, arranges by estimate, and slices the best row. Process and output expectations are met.",Code correctly calls `workflowsets::rank_results()` with required parameters and includes markdown comparison to Exercise 8 results. Process and output expectations are met.,"The student correctly extracts and finalizes the workflow. However, the rubric expects fitting the model using `fit()` on both datasets to compare performance directly. The student manually calculated MSE using `predict()` and custom code, which deviates from the expected `fit()` workflow comparison process specified in the rubric."
3,25,25,"The student completed most exercises correctly, particularly the modeling and tuning workflows (Ex4-Ex9). Points were deducted for missing specific parameters in Ex2 (strata), syntax errors in Ex3 (recipe prep), and deviation from the specified pipe syntax in Ex1. Ex10 was functionally correct but used a more complex method than required.",2,2,1,3,3,3,3,3,3,2,"Code executes `skimr::skim(dat)` correctly and markdown answers the missing data question. However, the rubric specifies using the pipe operator `|>` to pass data to `skim()`, which is missing here.","Code correctly sets seed, creates split, and extracts train/test sets. However, the `initial_split` call is missing the required `strata = 'Sale_Price'` parameter specified in the rubric.","The recipe structure is present, but the code has a syntax error: `broom::tidy(norm_recipe)` is placed outside the pipe chain without an assignment or proper piping, causing the code to fail execution. Additionally, `step_normalize` combines center/scale, which is acceptable, but the execution failure prevents full credit.","All three models are correctly defined with appropriate engines and tunable parameters (`penalty`, `mixture`, `min_n`, `trees`). Code executes and follows the expected process.",Code correctly calls `parsnip::translate()` on all three model objects. Output displays the templates as required.,Code correctly sets seed and creates bootstrap samples using `rsample::bootstraps(ames_train)`. Process and output match expectations.,"Code correctly creates the workflow set with the recipe and models, and unnests the info column. The structure is correct.","Code correctly maps `tune_grid` across workflows and then unnests results, filters for RMSE, groups, arranges, and slices to find the best metrics. The workflow is complete and correct.",Code correctly calls `workflowsets::rank_results` with the specified parameters and compares the output to previous results. The process is complete.,"The student correctly identifies the best model ID and finalizes the workflow with the correct parameters. However, the code for comparing fits is overly complex and deviates from the simple `fit()` calls on train/test data requested in the rubric. While the final ratio is calculated, the process fidelity is lower due to unnecessary manual MSE calculation and recipe updates."
4,25,25,"The student demonstrated a strong understanding of the tidymodels workflow, particularly in model specification, tuning, and workflow management. Points were deducted primarily for missing specific parameters in data splitting (strata), syntactic errors in the recipe step, and deviating from the prescribed method for final model evaluation in Exercise 10.",2,2,1,3,3,3,3,3,3,2,"Code executes `skimr::skim(dat)` correctly and markdown answers the missing data question. However, the rubric specifies using the pipe operator `|>` to pass data to `skim()`, which was not used.","Code correctly sets seed, creates split, and extracts train/test sets. However, the `initial_split` call is missing the required `strata = 'Sale_Price'` parameter specified in the rubric.","The recipe structure is present, but the code is syntactically invalid (missing pipe between `prep()` and `tidy()`). Additionally, `step_normalize` was used instead of separate `step_center` and `step_scale` as specified, and `broom::tidy()` was not correctly chained to examine the steps.","All three models (`lm_mod_base`, `lm_mod_glmnet`, `lm_mod_rforest`) are correctly defined with appropriate engines and tunable parameters using `tune()`.",Code correctly calls `parsnip::translate()` on all three model objects to display their templates.,Code correctly sets the seed and creates bootstrap samples using `rsample::bootstraps()` on the training data.,"Code correctly creates the workflow set with the recipe and models, and uses `tidyr::unnest()` on the info column to examine the structure.","Code correctly maps `tune_grid` across workflows and uses the required dplyr/tidyr chain to unnest metrics, filter for rmse, group, arrange, and slice the best results.",Code correctly calls `workflowsets::rank_results()` with the specified parameters and includes markdown comparing the results to Exercise 8.,"The workflow is extracted and finalized correctly. However, the rubric requires fitting the model using the `fit()` function on both training and test data to compare performance. The student manually calculated MSE using `predict()` and custom code instead of using the standard `fit()` workflow output as specified in the rubric's Process Fidelity and Output Accuracy checks."
5,25,25,"The student completed most exercises correctly, demonstrating good understanding of the tidymodels workflow. Points were deducted for missing specific parameters in data splitting (strata), syntax errors in the recipe preparation step, and incorrect function arguments in the final model extraction. Ensure code syntax is valid and all rubric-specific parameters are included.",2,2,1,3,3,3,3,3,3,2,"Code executes `skimr::skim(dat)` correctly and markdown answers the missing data question. However, the rubric specifies using the pipe operator `|>` to pass data to `skim()`, which is missing here.","Code correctly sets seed, creates split, and extracts train/test sets. However, the rubric requires using `strata = 'Sale_Price'` in `initial_split()`, which is missing.","The recipe structure is present, but the code has a syntax error: `recipes::prep()` is called inside the pipe chain, followed by `broom::tidy()` without a pipe or assignment, causing the code to fail or not execute as intended. Also, `step_normalize` combines center/scale, which is acceptable, but the execution flow is broken.","All three models are correctly specified with appropriate engines and tunable parameters (`penalty`, `mixture`, `min_n`, `trees`). `set_mode` is included for the random forest model.",Code correctly calls `parsnip::translate()` on all three model objects.,Code correctly sets seed and creates bootstrap samples using `rsample::bootstraps()` on the training data.,"Code correctly creates the workflow set with the recipe and models, and unnests the info column to examine the structure.","Code correctly maps `tune_grid` across workflows and then unnests results, filters for RMSE, groups by workflow ID, arranges by estimate, and slices the best row.",Code correctly calls `workflowsets::rank_results()` with the specified parameters and includes markdown comparing the results to Exercise 8.,"The student extracts the best workflow and finalizes it. However, the extraction code `workflowsets::extract_workflow(all_workflows, id = best_id)` is syntactically incorrect (passing `all_workflows` as the first argument when it should be piped or passed as `x`). Additionally, the student manually calculates MSE ratio instead of using the standard `fit()` output comparison, though the final ratio is provided."
6,25,25,"The student demonstrated a strong understanding of the tidymodels workflow, particularly in model specification, workflow sets, and tuning. Points were deducted primarily for missing specific parameters in data splitting (strata), syntax errors in the recipe step, and deviating from the required `fit()` method for final model evaluation in Exercise 10. Ensure strict adherence to function names and parameters specified in the rubric.",2,2,1,3,3,3,3,3,3,2,"Code executes `skimr::skim(dat)` correctly and markdown answers the missing data question. However, the rubric specifies using the pipe operator `|>` to pass data to `skim()`, which was not used.","Code correctly sets seed, creates split, and extracts train/test sets. However, the `initial_split` call is missing the required `strata = 'Sale_Price'` parameter specified in the rubric.","The recipe structure is present, but the code has a syntax error (missing `%>%` before `broom::tidy`) and uses `step_normalize` instead of separate `step_center` and `step_scale` as required by the rubric. Additionally, `broom::tidy` is called on the prepped object incorrectly in the chain.","All three models are correctly defined with appropriate engines and tunable parameters (`penalty`, `mixture`, `min_n`, `trees`). `set_mode` is included for the random forest model.",Code correctly calls `parsnip::translate()` on all three model objects as required.,Code correctly sets seed and creates bootstrap samples using `rsample::bootstraps()` on the training data.,"Code correctly creates the workflow set with the recipe and models, and unnests the info column to examine the structure.","Code correctly maps `tune_grid` across workflows and uses the required dplyr/tidyr chain to unnest metrics, filter for rmse, group, arrange, and slice.",Code correctly calls `workflowsets::rank_results()` with the specified parameters and includes markdown comparing the results to Exercise 8.,"The student correctly extracts and finalizes the workflow. However, the rubric requires fitting the model using `fit()` on both training and test data to compare performance. The student manually calculated MSE using `predict()` and custom code instead of using the `fit()` function as specified in the rubric's Process Fidelity and Code Execution checks."
7,25,25,"The student completed most exercises correctly, particularly the modeling and tuning workflows. Points were deducted primarily for missing specific function arguments (pipe operator in Q1, strata in Q2) and deviations from the required preprocessing steps (using normalize instead of center/scale in Q3). The final exercise was overly complex but yielded the correct result.",2,2,1,3,3,3,3,3,3,2,"Code executes `skimr::skim(dat)` correctly and markdown correctly identifies no missing data. However, the rubric requires using the pipe operator `|>` to pass data to `skim()`, which is missing here.","Code correctly sets seed, creates split, and extracts train/test sets. However, the rubric requires using `strata = 'Sale_Price'` in `initial_split()`, which is missing.","The recipe structure is present, but there are significant process errors. The rubric requires separate `step_center` and `step_scale` functions, but the student used `step_normalize`. Additionally, `broom::tidy()` is called on the prepped recipe object inside the pipeline incorrectly (it should be applied to the prepped object or the recipe object separately, not chained directly after prep in this manner without assignment or correct piping context). The log step uses `all_outcomes()` which is acceptable, but the normalization step deviates from the specific function requirements.","All three models are created correctly with the specified engines and tunable parameters (`penalty`, `mixture`, `min_n`, `trees`). Code execution and process fidelity are met.",Code correctly calls `parsnip::translate()` on all three model objects. Process and output accuracy are met.,Code correctly sets seed and creates bootstrap samples using `rsample::bootstraps()` on the training data. Process and output accuracy are met.,"Code correctly creates the workflow set with the recipe and models, and unnests the info column. Process and output accuracy are met.","Code correctly maps `tune_grid`, unnests results, filters for RMSE, groups by workflow ID, arranges by estimate, and slices the first row. Process and output accuracy are met.",Code correctly calls `workflowsets::rank_results()` with the specified parameters and compares results. Process and output accuracy are met.,"The student correctly extracts the workflow, finalizes it with the correct parameters, and fits the model. However, the rubric expects a simpler comparison of OOB errors or direct fit objects. The student implemented a complex manual MSE calculation pipeline which, while likely correct in result, deviates from the expected simple process of fitting and comparing. The ratio is calculated correctly. Deducted 1 point for process complexity/deviation from the expected simple fit comparison workflow."
8,26,26,"The student demonstrated a strong understanding of the tidymodels workflow, correctly implementing model specifications, resampling, and tuning. Points were deducted primarily for missing specific parameters (strata in split), incorrect recipe step ordering, and deviating from the prescribed `fit()` method in the final exercise. Ensure strict adherence to function arguments and process steps in future labs.",2,2,2,3,3,3,3,3,3,2,"Code executes `skimr::skim(dat)` correctly and markdown conclusion is accurate. However, the rubric specifies using the pipe operator `|>` to pass data to the function, which was not used.","Code structure for splitting data is correct. However, the `strata = 'Sale_Price'` parameter required by the rubric for the `initial_split` function is missing.","The recipe steps are present, but the order is incorrect (normalizing before creating dummies can lead to issues with dummy variables). Additionally, `broom::tidy()` is called on the prepped object inside the pipeline but not assigned or displayed correctly as a separate examination step as implied by the rubric's 'examine' requirement.","All three models are correctly specified with the appropriate engines and tunable parameters (`penalty`, `mixture`, `min_n`, `trees`). `set_mode` is included for the random forest model.",The `parsnip::translate()` function is correctly applied to all three model objects.,Bootstrap samples are correctly created using `set.seed(8740)` and `rsample::bootstraps()` on the training data.,"The workflow set is correctly created with the recipe and models, and the info column is unnested for examination.","The workflow map is executed, and the subsequent dplyr/tidyr pipeline correctly unnests results, filters for RMSE, groups, arranges, and slices to find the best metrics.","The `rank_results` function is called with correct parameters, and the student provides a comparison to Exercise 8 results.","The best workflow is extracted and finalized. However, the student manually calculated MSE using `predict` and `mutate` instead of using the `fit()` function on the finalized workflow as specified in the rubric's process fidelity check. The final ratio is also slightly different from the expected ~0.1146, likely due to the manual calculation method."
9,25,25,"The student demonstrated a strong understanding of the tidymodels workflow, correctly implementing model specifications, resampling, and tuning. Points were deducted primarily for missing specific syntax requirements (pipe operator in Q1, stratification in Q2) and incorrect code structure in the recipe examination step (Q3). The final model comparison in Q10 was functionally correct but deviated from the expected method.",2,2,1,3,3,3,3,3,3,2,"Code executes `skimr::skim(dat)` correctly and markdown correctly identifies no missing data. However, the rubric requires using the pipe operator `|>` to pass data to the function (e.g., `dat |> skimr::skim()`), which is missing here.","The code correctly sets the seed and creates the split using `initial_split`, `training`, and `testing`. However, the rubric specifies that the split should use `strata = 'Sale_Price'`, which is missing from the student's `initial_split` call.","The student defines the recipe and preps it, but fails to use `broom::tidy()` to examine the steps as required by the rubric. Additionally, the code structure is flawed: `broom::tidy(norm_recipe)` is placed after `recipes::prep()` without a pipe or assignment, meaning it likely errors or does not display the tidy output of the prepped recipe as intended.","The student correctly creates all three model specifications (`lm_mod_base`, `lm_mod_glmnet`, `lm_mod_rforest`) with the correct engines and tunable parameters (`penalty`, `mixture`, `min_n`, `trees`). `set_mode` is explicitly set for the random forest and implicitly correct for others.",The student correctly calls `parsnip::translate()` on all three model objects to display the underlying templates.,The student correctly sets the seed and creates bootstrap samples using `rsample::bootstraps(ames_train)` with default parameters.,"The student correctly creates the `workflow_set` with the recipe and models, and uses `tidyr::unnest(info)` to examine the structure. Note: The student redefined the recipe and models in this chunk, which is redundant but functionally correct for creating the workflow set.","The student correctly maps `tune_grid` across workflows and then uses a pipeline of `select`, `unnest`, `filter`, `group_by`, `arrange`, and `slice` to extract the best RMSE metrics for each workflow.",The student correctly calls `workflowsets::rank_results` with the specified parameters and provides a comparison to the results from Exercise 8.,"The student correctly extracts the best workflow, finalizes it with the correct parameters, and fits it to train/test data. However, the rubric expects the use of `fit()` on the workflow directly to get the fit objects. The student manually calculated MSE using `predict()` and `bind_cols()`, which is a valid alternative but deviates from the expected process of comparing the fit objects directly. Also, the extraction of the best ID was overly complex compared to the solution template."
10,25,25,"The student demonstrated a strong understanding of the tidymodels workflow, correctly implementing model specification, resampling, and tuning. Points were deducted primarily for missing specific parameters in data splitting (strata), incorrect syntax in the recipe examination step, and not using the pipe operator in the initial EDA. The final model comparison was unnecessarily complex compared to the rubric's expectations.",2,2,1,3,3,3,3,3,3,2,"Code executes `skimr::skim(dat)` correctly and markdown conclusion is accurate. However, the rubric specifies using the pipe operator `|>` to pass data to the function, which was not used.","Code structure for splitting data is correct. However, the `strata = 'Sale_Price'` parameter required by the rubric for the `initial_split` function is missing.","The recipe steps are present but the code is syntactically incorrect (missing pipe between `prep` and `tidy`, causing `tidy` to be ignored or error). Additionally, `step_normalize` was used instead of separate `step_center` and `step_scale` as specified in the rubric checks, and `broom::tidy` was not correctly chained to examine the steps.","All three models are correctly defined with the appropriate engines and tunable parameters (`penalty`, `mixture`, `min_n`, `trees`). `set_mode` is included for the random forest model.",The `parsnip::translate()` function is correctly applied to all three model objects as required.,Bootstrap samples are correctly created using `set.seed(8740)` and `rsample::bootstraps()` on the training data.,"The workflow set is correctly created with the recipe and models, and the `info` column is unnested for examination.","The workflow map is executed, and the subsequent dplyr/tidyr pipeline correctly unnests results, filters for RMSE, groups by workflow ID, arranges by estimate, and slices the best row.","The `workflowsets::rank_results()` function is called with correct parameters, and the student provides a comparison to Exercise 8 results.","The best workflow is extracted and finalized with correct parameters. However, the final comparison step is overly complex and deviates from the rubric's expected process of simply fitting the workflow to train/test data and comparing OOB errors directly. The manual MSE calculation is not required by the rubric."
11,25,25,"The student demonstrated a strong understanding of the tidymodels workflow, particularly in model specification, tuning, and ranking. Points were deducted primarily for missing specific parameters in data splitting (strata), incorrect piping syntax in EDA, and a flawed recipe preparation step in Exercise 3. Exercise 10 was overly complex but reached the correct conclusion.",2,2,1,3,3,3,3,3,3,2,"Code executes `skimr::skim(dat)` correctly and markdown conclusion is correct. However, the rubric requires using the pipe operator `|>` to pass data to the function, which is missing here.","Code structure for splitting data is correct. However, the `strata = 'Sale_Price'` parameter required by the rubric for the `initial_split` function is missing.","The recipe creation is incomplete. The code chains `recipes::prep()` directly into the recipe definition, which preps the object but does not assign the prepped recipe to the `norm_recipe` variable as required. Additionally, `broom::tidy()` is called on the unassigned/prepped object in a way that likely errors or doesn't examine the steps as intended. The rubric requires creating the recipe, prepping it, and examining it.","All three models are created correctly with the specified engines and tunable parameters (`penalty`, `mixture`, `min_n`, `trees`). Code execution and process fidelity are met.",The `parsnip::translate()` function is correctly applied to all three model objects. Output accuracy is assumed based on correct code.,Bootstrap samples are created correctly using `set.seed(8740)` and `rsample::bootstraps(ames_train)`. Process and code execution are correct.,The workflow set is created correctly with the recipe and models. The `info` column is unnested for examination. Code execution and process fidelity are met.,"The `workflow_map` is executed correctly. The subsequent pipeline correctly unnests results, filters for RMSE, groups by workflow ID, arranges by estimate, and slices the best row. Process fidelity is high.","The `workflowsets::rank_results` function is called with correct parameters. The student provides a comparison to Exercise 8 results in the markdown/code comments, satisfying the process fidelity requirement.","The best model is extracted and finalized. However, the code for fitting the model is overly complex and deviates from the expected simple `fit()` calls on the finalized workflow. While the final ratio is calculated, the process fidelity is lower due to the unnecessary recreation of the recipe and manual MSE calculation instead of using standard tidymodels fit objects directly as implied by the starter template."
12,25,25,"The student completed most exercises correctly, particularly the modeling and workflow mapping sections. Points were deducted for missing specific parameters in data splitting (strata), incorrect recipe construction (using normalize instead of center/scale, piping into prep), and incorrect syntax/process in the final model extraction and fitting steps. Ensure you follow the specific function names and parameters outlined in the rubric.",2,2,1,3,3,3,3,3,3,2,"Code executes `skimr::skim(dat)` correctly and markdown answers the missing data question. However, the rubric specifies using the pipe operator `|>` to pass data to `skim()`, which is missing here.","Code correctly sets seed, creates split, and extracts train/test sets. However, the rubric requires using `strata = 'Sale_Price'` in `initial_split()`, which is missing.","The recipe structure is present but has significant issues. It uses `step_normalize` instead of separate `step_center` and `step_scale` as specified. It also pipes directly into `prep()` and `tidy()` within the recipe definition block, which is not the expected process (prep should be a separate step or called on the recipe object). The order of operations (log before normalize) is also questionable for numeric predictors if not handled carefully, though the main issue is the deviation from the specified function calls.","All three models are created correctly with the specified engines and tunable parameters (`penalty`, `mixture`, `min_n`, `trees`). `set_mode` is used for the random forest model.",Code correctly calls `parsnip::translate()` on all three model objects.,Code correctly sets seed and creates bootstrap samples using `rsample::bootstraps()` on the training data.,"Code correctly creates the workflow set with the recipe and models, and unnests the info column to examine the structure.","Code correctly maps `tune_grid` across workflows and then unnests results, filters for RMSE, groups by workflow ID, arranges by estimate, and slices the first row.",Code correctly calls `workflowsets::rank_results()` with the specified parameters and includes markdown comparing the results to Exercise 8.,"The student extracts the best workflow and finalizes it. However, the extraction code `workflowsets::extract_workflow(all_workflows, id = best_id)` is syntactically incorrect (extract_workflow takes a workflowset and an id, but the student passes the workflowset as the first argument in a pipe context incorrectly or redundantly). Additionally, the student manually calculates MSE using `predict()` and `bind_cols()` instead of using the `fit()` function on the workflow as specified in the rubric's expected process for `training_fit` and `testing_fit`."
13,26,26,"The student completed all exercises with generally correct code. Points were deducted primarily for missing specific parameters (strata in Ex2), not using the pipe operator as requested (Ex1), and deviations in the recipe prep/tidy workflow (Ex3) and final model comparison process (Ex10). The modeling and tuning steps were executed correctly.",2,2,2,3,3,3,3,3,3,2,"Code executes `skimr::skim(dat)` correctly and markdown conclusion is accurate. However, the rubric specifies using the pipe operator `|>` to pass data to the function, which was not used.","Code structure for splitting data is correct. However, the `strata = 'Sale_Price'` parameter required by the rubric for the `initial_split` function is missing.","The recipe steps are present, but the process fidelity is incorrect. The rubric requires chaining `recipes::prep()` and `broom::tidy()` as separate steps after defining the recipe, not piping `prep` directly into the recipe definition chain. Additionally, `step_normalize` combines center/scale, which is acceptable, but the specific order and separation of prep/tidy were not followed as specified.","All three models are created correctly with the specified engines and tunable parameters (`penalty`, `mixture`, `min_n`, `trees`). Code execution and process fidelity are met.",The `parsnip::translate()` function is correctly applied to all three model objects. Output accuracy is assumed based on correct code.,Bootstrap samples are created correctly using `set.seed(8740)` and `rsample::bootstraps(ames_train)`.,The workflow set is created correctly with the recipe and models. The `info` column is unnested for examination as required.,"The workflow map is executed, and the subsequent dplyr/tidyr pipeline correctly unnests results, filters for rmse, groups, arranges, and slices to find the best metrics.",The `workflowsets::rank_results` function is called with correct parameters. The student provides a comparison to Exercise 8 results in the markdown/code comments.,"The best model is extracted and finalized. However, the process for comparing fits is overly complex and deviates from the rubric's expectation of simply fitting the workflow to train/test data and comparing OOB errors. The rubric expects `fit()` on both datasets directly from the finalized workflow. The student manually calculated MSE using predictions, which is valid but deviates from the specified 'ProcessFidelity' of using `fit()` outputs directly for comparison as implied by the solution template."
14,25,25,"The student completed most exercises correctly, demonstrating good understanding of the tidymodels workflow. Points were deducted primarily for missing specific parameters (strata in split, pipe operator in EDA) and incorrect recipe preparation syntax in Exercise 3. Exercise 10 was marked down for using a non-standard, overly complex method for fitting and evaluating the model instead of the simple `fit()` approach specified in the rubric.",2,2,1,3,3,3,3,3,3,2,"Code executes `skimr::skim(dat)` correctly and markdown conclusion is accurate. However, the rubric specifies using the pipe operator `|>` to pass data to the function (e.g., `dat |> skimr::skim()`), which was not used.","Code structure for splitting data is correct. However, the `strata = 'Sale_Price'` parameter required by the rubric for the `initial_split` function is missing.","The recipe creation is incomplete. The code chains `recipes::prep()` directly into the recipe definition, which preps the recipe but does not assign the prepped object to `norm_recipe` as required. Additionally, `broom::tidy()` is called on the unassigned/prepped object in a way that likely errors or doesn't produce the expected tidy output for examination. The rubric requires `prep()` and `tidy()` to be used for examination, typically on the prepped recipe object.","All three models are created correctly with the specified engines and tunable parameters (`penalty`, `mixture`, `min_n`, `trees`). `set_mode` is included for the random forest model.",The `parsnip::translate()` function is correctly applied to all three model objects.,Bootstrap samples are created correctly using `set.seed(8740)` and `rsample::bootstraps(ames_train)`.,The workflow set is created correctly with the recipe and models. The `info` column is unnested for examination as required.,"The workflow map is executed. The subsequent code correctly unnests results, filters for RMSE, groups by workflow ID, arranges by estimate, and slices the first row.",The `workflowsets::rank_results()` function is called with the correct parameters. The student provides a comparison to Exercise 8 results.,"The best workflow is extracted and finalized. However, the code for fitting the model is overly complex and deviates from the rubric's expected process. The rubric expects simple `fit()` calls on the finalized workflow for training and test data. The student manually calculates MSE using `predict()` and `bind_cols()`, which is not the standard tidyverse workflow expected for this exercise, although the final ratio is calculated."
15,25,25,"The student completed most exercises correctly, particularly the modeling and workflow mapping sections. Points were deducted primarily for missing specific arguments in the data split (strata), incorrect function usage in the recipe (normalize vs center/scale), and not using the pipe operator in the EDA step. Exercise 10 was marked down for using a manual prediction approach instead of the standard fit workflow.",2,2,1,3,3,3,3,3,3,2,"Code executes `skimr::skim(dat)` correctly and markdown answers the missing data question. However, the rubric requires using the pipe operator `|>` to pass data to `skim()`, which is missing here.","Code correctly sets seed, creates split, and extracts train/test sets. However, the rubric requires using `strata = 'Sale_Price'` in `initial_split()`, which is missing.","The recipe structure is present, but there are significant process errors. The rubric requires separate `step_center` and `step_scale` functions, but the student used `step_normalize`. Additionally, `broom::tidy()` is called on the prepped recipe object inside the pipeline incorrectly (it should be applied to the recipe object, not the result of prep in this context, or chained properly). The order of operations also deviates from the specific requirement to center/scale numeric predictors before dummy creation if implied, but mainly the function mismatch is the issue.","All three models are created correctly with the specified engines and tunable parameters (`penalty`, `mixture`, `min_n`, `trees`). `set_mode` is included for the random forest model.",Code correctly calls `parsnip::translate()` on all three model objects.,Code correctly sets seed and creates bootstrap samples using `rsample::bootstraps()` on the training data.,"Code correctly creates the workflow set with the recipe and models, and unnests the info column to examine the structure.","Code correctly maps `tune_grid` across workflows and then unnests results, filters for rmse, groups by wflow_id, arranges by estimate, and slices the first row.",Code correctly calls `workflowsets::rank_results()` with the specified parameters and compares the output to previous results.,"The student correctly extracts the workflow and finalizes it with the best parameters. However, the rubric expects fitting the workflow directly using `fit()`. The student manually calculated MSE using `predict()` and custom code instead of using the standard `fit()` output for comparison, which deviates from the expected process fidelity. The final ratio is calculated, but the method was overly complex and non-standard for the lab instructions."
16,25,25,"The student demonstrated a good understanding of the tidymodels workflow, particularly in model specification, translation, and tuning. Points were deducted primarily for missing specific parameters (strata in split), incorrect recipe prep chaining, and deviating from the prescribed `fit()` method in the final exercise. Ensure pipe operators are used where specified and follow the exact function calls in the rubric.",2,2,1,3,3,3,3,3,3,2,"Code executes `skimr::skim(dat)` correctly and markdown conclusion is present. However, the rubric requires using the pipe operator `|>` to pass data to the function, which was not used.","Code structure for splitting data is correct. However, the `strata = 'Sale_Price'` parameter required by the rubric for the `initial_split` function is missing.","The recipe creation is incomplete. The code chains `recipes::prep()` directly into the recipe definition, which prevents the object from being a reusable recipe object as expected. Additionally, `broom::tidy()` is called on the prepped object but not assigned or displayed correctly in a separate step as per the solution template. The process fidelity is low because the recipe is not properly defined before prep.",All three models are created correctly with the specified engines and tunable parameters. Code execution and process fidelity are high.,The `parsnip::translate()` function is correctly applied to all three model objects. Output accuracy is expected to be correct.,Bootstrap samples are created correctly using `set.seed(8740)` and `rsample::bootstraps(ames_train)`.,"The workflow set is created correctly with the recipe and models. The `info` column is unnested for examination. Note: The student redefined the recipe and models in this exercise, which is redundant but functionally correct for the workflow set creation.","The code correctly unnests results, filters for RMSE, groups by workflow ID, arranges by estimate, and slices the first row. The process matches the rubric requirements.",The `workflowsets::rank_results()` function is called with the correct parameters. The student provides a comparison to Exercise 8 results in the markdown/code comments.,"The best model is extracted and finalized. However, the student manually calculated MSE using `predict()` and `mutate()` instead of using the `fit()` function on the workflow as specified in the rubric ('Must extract the ... workflow and fit on both training and test data'). The rubric expects `training_fit <- best_model_workflow %>% fit(data = ames_train)`. The manual calculation is valid but deviates from the required process fidelity."
17,26,26,"The student demonstrated a strong understanding of the tidymodels workflow, correctly implementing model specification, resampling, and tuning. Points were deducted primarily for missing specific parameters (strata in split), not using the pipe operator in EDA, and deviating from the standard `fit()` workflow for final model evaluation in Exercise 10.",2,2,2,3,3,3,3,3,3,2,"Code executes `skimr::skim(dat)` correctly and markdown conclusion is accurate. However, the rubric requires using the pipe operator `|>` to pass data to the function, which was not used.","Code structure for splitting data is correct. However, the `strata = 'Sale_Price'` parameter required by the rubric for the `initial_split` function is missing.","The recipe steps are present, but the process fidelity is incorrect. The rubric requires chaining `recipes::prep()` and `broom::tidy()` as separate steps or in a specific chain to examine the recipe. The student included `broom::tidy()` inside the recipe definition block incorrectly and did not follow the expected variable assignment and examination workflow.",All three models are created correctly with the specified engines and tunable parameters. Code execution and process fidelity are met.,The `parsnip::translate()` function is correctly applied to all three model objects as required.,Bootstrap samples are created correctly using `set.seed(8740)` and `rsample::bootstraps()` on the training data.,"The workflow set is created correctly with the recipe and models, and the info column is unnested for examination as required.","The workflow map is executed, and the subsequent dplyr/tidyr pipeline correctly unnests metrics, filters for rmse, groups, arranges, and slices to find the best results.","The `workflowsets::rank_results()` function is called with correct parameters, and the output is compared to previous results as requested.","The best model is extracted and finalized. However, the rubric requires fitting the model on both training and test data using the `fit()` function directly on the workflow. The student manually calculated MSE using `predict()` and custom code instead of using the standard `fit()` workflow output for comparison, deviating from the expected process fidelity."
18,25,25,"The student completed most exercises correctly, particularly the modeling and workflow mapping sections. Points were deducted primarily for missing specific parameters in data splitting (strata), incorrect recipe steps (normalize vs center/scale), and not following the prescribed method for final model comparison in Exercise 10.",2,2,1,3,3,3,3,3,3,2,"Code executes `skimr::skim(dat)` correctly and markdown answers the missing data question. However, the rubric specifies using the pipe operator `|>` to pass data to `skim()`, which is missing here.","Code correctly sets seed and creates splits using `rsample` functions. However, the rubric requires `strata = 'Sale_Price'` in `initial_split()`, which is missing.","The recipe structure is present, but `step_normalize` is used instead of separate `step_center` and `step_scale` as required by the rubric. Additionally, `broom::tidy()` is called on the prepped recipe object directly inside the pipeline without proper piping or assignment for examination, and the `step_log` base is not explicitly set to `exp(1)`.","All three models are correctly specified with appropriate engines and tunable parameters (`penalty`, `mixture`, `min_n`, `trees`). `set_mode` is included for the random forest model.",Code correctly calls `parsnip::translate()` on all three model objects.,Code correctly sets seed and creates bootstrap samples using `rsample::bootstraps()` on the training data.,"Code correctly creates the workflow set with the recipe and models, and unnests the info column for examination.","Code correctly maps `tune_grid` across workflows and uses the required dplyr/tidyr chain to extract, filter, group, arrange, and slice the best RMSE results.",Code correctly calls `workflowsets::rank_results()` with the specified parameters and includes markdown comparing the results to Exercise 8.,"The workflow is extracted and finalized correctly. However, the rubric expects fitting the model using `fit()` on both training and test data to compare performance directly. The student manually calculated MSE using `predict()` and custom code instead of using the standard `fit()` workflow comparison approach specified in the rubric."
19,25,25,"The student completed most exercises correctly, demonstrating good understanding of the tidymodels workflow. Points were deducted primarily for missing specific parameters (strata in split), using non-specified functions (step_normalize vs center/scale), and incorrect syntax/process in the final model extraction and fitting steps. Ensure strict adherence to required function names and parameters in future labs.",2,2,1,3,3,3,3,3,3,2,"Code executes `skimr::skim(dat)` correctly and markdown answers the missing data question. However, the rubric specifies using the pipe operator `|>` to pass data to `skim()`, which is missing here (direct argument used instead).","Code correctly sets seed, creates split, and extracts train/test sets. However, the `initial_split` call is missing the `strata = 'Sale_Price'` parameter required by the rubric for OutputAccuracy.","Code attempts to create and prep the recipe. However, `step_normalize` is used instead of separate `step_center` and `step_scale` as specified in the rubric. Additionally, `broom::tidy()` is called on the prepped recipe object directly in the chain, but the rubric expects `prep()` and `tidy()` to be used for examination, typically implying a separate step or correct piping. The use of `step_normalize` deviates from the specific function requirements.","Code correctly creates three model specifications (`lm_mod_base`, `lm_mod_glmnet`, `lm_mod_rforest`) with appropriate engines and tunable parameters (`tune()`). All required functions are present and used correctly.",Code correctly calls `parsnip::translate()` on all three model objects. The process and output expectations are met.,Code correctly sets seed and creates bootstrap samples using `rsample::bootstraps()` on the training data. All criteria met.,"Code correctly creates the workflow set using `workflowsets::workflow_set()` with the recipe and models, and unnests the info column. All criteria met.","Code correctly maps `tune_grid` across workflows and then unnests results, filters for RMSE, groups, arranges, and slices to find the best metrics. The workflow matches the rubric's expected process.",Code correctly calls `workflowsets::rank_results()` with the specified parameters and includes markdown comparing the results to Exercise 8. All criteria met.,"Code extracts the workflow and finalizes it. However, the extraction step `workflowsets::extract_workflow(all_workflows, id = best_id)` is syntactically incorrect (passing `all_workflows` as the first argument inside the function call is redundant/incorrect syntax for the pipe context or function signature). Also, the rubric expects fitting on both training and test data using `fit()`, but the student manually calculates MSE using `predict()` and custom code instead of simply fitting the workflow on both datasets as requested in the 'ProcessFidelity' check."
20,25,25,"The student completed most of the lab successfully, particularly the modeling and tuning sections. Points were deducted primarily for missing specific parameters in the data split (strata), incorrect piping syntax in EDA, and syntax errors in the recipe preparation and workflow extraction steps. Ensure code follows the exact function signatures and piping conventions requested in the rubric.",2,2,1,3,3,3,3,3,3,2,"Code executes `skimr::skim(dat)` correctly and markdown conclusion is accurate. However, the rubric specifies using the pipe operator `|>` to pass data to the function (e.g., `dat |> skimr::skim()`), which was not used.","Code structure for splitting data is correct. However, the `initial_split` call is missing the required `strata = 'Sale_Price'` parameter specified in the rubric.","The recipe creation has significant issues. The `broom::tidy()` call is placed outside the pipe chain and references `norm_recipe` before it is fully assigned, causing a syntax/logic error. Additionally, `step_normalize` combines center/scale, but the rubric asks for separate steps or specific ordering relative to dummy variables. The code as written will likely fail or produce incorrect tidy output.","All three models are correctly specified with the appropriate engines and tunable parameters (`penalty`, `mixture`, `min_n`, `trees`). `set_mode` is included for the random forest model.",Correctly calls `parsnip::translate()` on all three model objects.,Correctly sets seed and creates bootstrap samples using `rsample::bootstraps()` on the training data.,"Correctly creates the workflow set with the recipe and models, and unnests the info column to examine the structure.","Correctly maps `tune_grid` across workflows and uses the dplyr/tidyr pipeline to unnest metrics, filter for RMSE, group, arrange, and slice the best results.",Correctly calls `workflowsets::rank_results()` with the specified parameters and includes markdown comparison.,"The workflow extraction and finalization are present. However, the `extract_workflow` call incorrectly passes `all_workflows` as the first argument (it should just be the id or use the pipe). The subsequent fitting and MSE calculation are complex but logically sound for comparing train/test performance."
21,26,26,"The student completed most exercises correctly, demonstrating good understanding of the tidymodels workflow. Points were deducted primarily for missing specific parameters (strata in split), incorrect function usage (step_normalize vs center/scale), and deviation from the prescribed process in the final model comparison (manual MSE calculation instead of using fit()). Ensure strict adherence to function names and parameters specified in the rubric.",2,2,2,3,3,3,3,3,3,2,"Code executes `skimr::skim(dat)` correctly and markdown correctly identifies no missing data. However, the rubric requires using the pipe operator `|>` to pass data to the function (e.g., `dat |> skimr::skim()`), which is missing here.","The code correctly sets the seed and creates the split variables. However, it is missing the `strata = 'Sale_Price'` parameter in `initial_split`, which is required by the rubric for OutputAccuracy.","The recipe structure is mostly correct, but there are two issues: 1) `step_normalize` is used instead of separate `step_center` and `step_scale` as specified in the rubric. 2) The code chains `recipes::prep` and then `broom::tidy` directly in the assignment chain, but `broom::tidy(norm_recipe)` is called on the un-prepped recipe object (or fails because prep returns a prepped recipe, not the original). The rubric expects `prep` and `tidy` to be used for examination, typically in a separate step or correctly chained. The use of `step_normalize` instead of explicit center/scale steps deducts ProcessFidelity points.","All three models are created correctly with the specified engines and tunable parameters (`penalty`, `mixture`, `min_n`, `trees`). Code execution and process fidelity are met.",The code correctly calls `parsnip::translate()` on all three model objects. Process and output accuracy are met.,The code correctly sets the seed and creates bootstrap samples using `rsample::bootstraps(ames_train)`. All criteria are met.,The workflow set is created correctly with the recipe and models. The `info` column is unnested for examination. All criteria are met.,"The code correctly maps `tune_grid`, unnests results, filters for RMSE, groups by workflow ID, arranges by estimate, and slices the first row. All criteria are met.",The code correctly calls `workflowsets::rank_results` with the specified parameters and includes markdown comparing the results to Exercise 8. All criteria are met.,"The student correctly extracts and finalizes the workflow. However, the rubric expects fitting the model using `fit()` on both training and test data to compare performance directly. The student manually calculated MSE using `predict()` and custom code instead of using the standard `fit()` workflow comparison expected in the rubric's ProcessFidelity check. The final ratio is present, but the process deviates from the specified `fit()` workflow."
22,25,25,"The student demonstrated a strong understanding of the tidymodels workflow, correctly implementing model specification, resampling, and tuning. Points were deducted primarily for missing specific parameters in data splitting (strata), syntax errors in the recipe step, and deviating from the required `fit()` method for final model evaluation in Exercise 10.",2,2,1,3,3,3,3,3,3,2,"Code executes `skimr::skim(dat)` correctly and markdown answers the missing data question. However, the rubric specifies using the pipe operator `|>` to pass data to `skim()`, which was not used.","Code correctly sets seed, creates split, and extracts train/test sets. However, the `initial_split` call is missing the required `strata = 'Sale_Price'` parameter specified in the rubric.","The recipe structure is present, but the code has a syntax error (missing `%>%` before `broom::tidy`) and uses `step_normalize` instead of separate `step_center` and `step_scale` as required by the rubric. Additionally, `broom::tidy` is called on the prepped recipe object directly in the chain, which may not produce the expected tidy output format compared to piping the prepped object.","All three models are correctly specified with the appropriate engines and tunable parameters (`penalty`, `mixture`, `min_n`, `trees`). `set_mode` is included for the random forest model.",Code correctly calls `parsnip::translate()` on all three model objects.,Code correctly sets seed and creates bootstrap samples using `rsample::bootstraps()` on the training data.,"Code correctly creates the workflow set with the recipe and models, and unnests the info column to examine the structure.","Code correctly maps `tune_grid` across workflows and uses the required dplyr/tidyr chain to unnest metrics, filter for rmse, group, arrange, and slice.",Code correctly calls `workflowsets::rank_results()` with the specified parameters and includes markdown comparing the results to Exercise 8.,"The student correctly extracts and finalizes the workflow. However, the rubric requires fitting the model using `fit()` on both training and test data to compare performance. The student manually calculated MSE using `predict()` and custom code instead of using the `fit()` function as specified in the rubric's Process Fidelity and Code Execution checks."
23,25,25,"The student demonstrated a strong understanding of the tidymodels workflow, particularly in model specification, tuning, and result extraction. Points were deducted primarily for missing specific parameters in data splitting (strata), syntax errors in the recipe pipeline, and not following the exact variable creation steps for the final model comparison. Ensure all rubric-specific function arguments and variable names are used precisely.",2,2,1,3,3,3,3,3,3,2,"Code executes `skimr::skim(dat)` correctly and markdown answers the missing data question. However, the rubric specifies using the pipe operator `|>` to pass data to `skim()`, which was not used.","Code correctly sets seed, creates split, and extracts train/test sets. However, the `initial_split` call is missing the required `strata = 'Sale_Price'` parameter specified in the rubric.","The recipe structure is present, but the code has a syntax error: `broom::tidy(norm_recipe)` is placed outside the pipe chain without a preceding operator or assignment, causing the pipeline to break. Additionally, `step_normalize` was used instead of separate `step_center` and `step_scale` as specified in the rubric checks.","All three models are correctly defined with appropriate engines and tunable parameters (`penalty`, `mixture`, `min_n`, `trees`). The process fidelity and output accuracy criteria are met.",Code correctly calls `parsnip::translate()` on all three model objects. The process and output criteria are fully met.,Code correctly sets the seed and creates bootstrap samples using `rsample::bootstraps()` on the training data. All criteria are met.,The workflow set is created correctly with the recipe and models. The `info` column is unnested for examination. All criteria are met.,"The code correctly maps `tune_grid` across workflows and then unnests results, filters for RMSE, groups by workflow ID, arranges by estimate, and slices the best row. All criteria are met.",Code correctly calls `workflowsets::rank_results()` with the specified parameters and includes markdown comparing the results to Exercise 8. All criteria are met.,"The student correctly extracts the workflow, finalizes it with the best parameters, and fits the model. However, the rubric requires creating `training_fit` and `testing_fit` variables by fitting on respective datasets. The student only created `training_fit` and manually calculated MSE for the test set using `predict()`, rather than creating a `testing_fit` object via `fit(data = ames_test)` as specified in the Process Fidelity checks."
24,25,25,"The student completed most exercises correctly, demonstrating good understanding of the tidymodels workflow. Points were deducted primarily for missing specific parameters in Ex2 (strata), incorrect recipe steps/syntax in Ex3, and minor syntax issues in Ex10. The code for model tuning and workflow mapping was strong.",2,2,1,3,3,3,3,3,3,2,"Code executes `skimr::skim(dat)` correctly and markdown answers the missing data question. However, the rubric specifies using the pipe operator `|>` to pass data to `skim()`, which was not used.","Code correctly sets seed, creates split, and extracts train/test sets. However, the `initial_split` call is missing the required `strata = 'Sale_Price'` parameter specified in the rubric.","The recipe structure is present, but the code has a syntax error (missing `%>%` before `broom::tidy`) and uses `step_normalize` instead of separate `step_center` and `step_scale` as required by the rubric. Additionally, `broom::tidy` is called on the prepped object incorrectly in the chain.","All three models are correctly defined with appropriate engines and tunable parameters (`penalty`, `mixture`, `min_n`, `trees`). `set_mode` is included for the random forest model.",Code correctly calls `parsnip::translate()` on all three model objects as required.,Code correctly sets seed and creates bootstrap samples using `rsample::bootstraps()` on the training data.,"Code correctly creates the workflow set with the recipe and models, and unnests the info column to examine the structure.","Code correctly maps `tune_grid` across workflows and then unnests results, filters for RMSE, groups by workflow ID, arranges by estimate, and slices the best row.",Code correctly calls `workflowsets::rank_results()` with the specified parameters and includes markdown comparing the results to Exercise 8.,"The student correctly identifies the best model ID and finalizes the workflow with the correct parameters. However, the extraction step `workflowsets::extract_workflow(all_workflows, id = best_id)` is syntactically incorrect (should be piped or use `extract_workflow(all_workflows, id = ...)` without passing `all_workflows` as the first argument in the pipe context if not piped). The subsequent fitting and comparison logic is complex but present."
25,25,25,"The student demonstrated a strong understanding of the tidymodels workflow, correctly implementing model specification, resampling, and tuning. Points were deducted primarily for syntax errors in the recipe preparation (Ex3) and workflow extraction (Ex10), as well as missing specific parameters like stratification in the data split (Ex2) and pipe usage in EDA (Ex1). The manual calculation of metrics in Ex10 was creative but deviated from the standard workflow methods.",2,2,1,3,3,3,3,3,3,2,"Code executes `skimr::skim(dat)` correctly and markdown answers the missing data question. However, the rubric specifies using the pipe operator `|>` to pass data to `skim()`, which is missing here.","Code correctly sets seed, creates split, and extracts train/test sets. However, the `initial_split` call is missing the required `strata = 'Sale_Price'` parameter specified in the rubric.","The recipe structure is present, but the code has a syntax error: `recipes::prep()` is called inside the pipe chain, followed by `broom::tidy()` without a pipe or assignment, causing the code to fail or not execute as intended. Additionally, `step_normalize` combines center/scale, which is acceptable, but the execution flow is broken.","All three models are correctly defined with appropriate engines and tunable parameters (`penalty`, `mixture`, `min_n`, `trees`). Code is syntactically correct.",Code correctly calls `parsnip::translate()` on all three model objects as required.,Code correctly sets seed and creates bootstrap samples using `rsample::bootstraps()` on the training data.,"Code correctly creates the workflow set with the recipe and models, and unnests the info column to examine the structure.","Code correctly maps `tune_grid` across workflows and then unnests results, filters for RMSE, groups, arranges, and slices to find the best metrics per workflow.",Code correctly calls `workflowsets::rank_results()` with the specified parameters and includes markdown comparing the results to Exercise 8.,"The student correctly identifies the best workflow ID and finalizes parameters. However, the `extract_workflow` call contains an error (`extract_workflow(all_workflows, id = best_id)` passes the data frame as the first argument incorrectly). Additionally, the student manually calculates MSE using `predict` and `log` transformations rather than using the standard `fit()` and `metrics()` workflow methods expected in the rubric, though the final ratio is reasonable."
26,25,25,"The student demonstrated a strong understanding of the tidymodels workflow, particularly in model specification, tuning, and workflow management. Points were deducted primarily for missing specific parameters in data splitting (strata), incorrect recipe step functions (normalize vs center/scale), and deviating from the prescribed method for final model evaluation in Exercise 10. Ensure strict adherence to function names and parameters specified in the rubric.",2,2,1,3,3,3,3,3,3,2,"Code executes `skimr::skim(dat)` correctly and markdown correctly identifies no missing data. However, the rubric requires using the pipe operator `|>` to pass data to the function (e.g., `dat |> skimr::skim()`), which was not used.","Code correctly sets seed, creates split, and extracts train/test sets. However, the `initial_split` call is missing the required `strata = 'Sale_Price'` parameter specified in the rubric.","The recipe structure is present, but there are significant process fidelity issues. The rubric requires separate `step_center` and `step_scale` functions, but the student used `step_normalize`. Additionally, the `broom::tidy()` call is placed inside the recipe pipeline after `prep`, which is syntactically incorrect for examining the prepped recipe steps as intended (it should be chained after prep on the object, not inside the definition). The `step_log` base is also not explicitly set to `exp(1)` as requested.","All three models are correctly defined with the appropriate engines and tunable parameters (`penalty`, `mixture`, `min_n`, `trees`). The code follows the expected process.",The `parsnip::translate()` function is correctly applied to all three model objects to display their templates.,The code correctly sets the seed and creates bootstrap samples using `rsample::bootstraps()` on the training data.,"The workflow set is correctly created with the recipe and models, and the `info` column is unnested for examination as required.","The code correctly maps `tune_grid` across workflows and then uses the required dplyr/tidyr pipeline to unnest metrics, filter for RMSE, group by workflow ID, arrange by estimate, and slice the best result.","The `workflowsets::rank_results()` function is correctly called with the specified parameters, and the student provides a comparison to the previous exercise results.","The student correctly extracts and finalizes the workflow. However, the rubric requires fitting the model using the `fit()` function on both training and test data to compare performance. The student manually calculated MSE using `predict()` and custom code instead of using the standard `fit()` workflow output for comparison, deviating from the expected process fidelity."
27,25,25,"The student demonstrated a strong understanding of the tidymodels workflow, particularly in model specification, tuning, and workflow sets. Points were deducted primarily for missing specific parameters in data splitting (Ex2), syntax errors in the recipe preparation (Ex3), and deviations from the prescribed process in the final model comparison (Ex10). Ensure strict adherence to pipe operators and specific function arguments as outlined in the rubric.",2,2,1,3,3,3,3,3,3,2,"Code executes `skimr::skim(dat)` correctly and markdown answers the missing data question. However, the rubric specifies using the pipe operator `|>` to pass data to `skim()`, which was not used (direct argument passing was used instead). Deducted 1 point for ProcessFidelity.","Code correctly sets seed, creates split, and extracts train/test sets. However, the `initial_split` call is missing the `strata = 'Sale_Price'` parameter required by the rubric for OutputAccuracy. Deducted 1 point.","The recipe structure is present, but the code has a syntax error: `recipes::prep()` is called inside the pipe chain, followed by `broom::tidy(norm_recipe)` which is not piped and references the un-prepped object. The rubric requires chaining `prep()` and `tidy()` correctly. Additionally, `step_normalize` combines center/scale, which is acceptable, but the execution flow is broken. Deducted 2 points for CodeExecution and ProcessFidelity.","All three models (`lm_mod_base`, `lm_mod_glmnet`, `lm_mod_rforest`) are correctly defined with appropriate engines and tunable parameters (`tune()`). Code execution and process fidelity are met.",Code correctly calls `parsnip::translate()` on all three model objects. Process and output accuracy are met.,Code correctly sets seed and creates bootstrap samples using `rsample::bootstraps(ames_train)`. Process and output accuracy are met.,"Code correctly creates `all_workflows` using `workflow_set` with the recipe and models, and unnests the info column. Process and output accuracy are met.","Code correctly maps `tune_grid` across workflows and then unnests results, filters for rmse, groups by wflow_id, arranges by estimate, and slices the first row. Process and output accuracy are met.",Code correctly calls `workflowsets::rank_results` with specified parameters and compares results. Process and output accuracy are met.,"The student correctly extracts the workflow, finalizes it with parameters, and fits the model. However, the rubric expects fitting on both training and test data using the `fit()` function directly on the workflow to compare OOB errors. The student manually calculated MSE using `predict()` and custom code, which deviates from the expected process of using `fit()` on the finalized workflow for both datasets. Deducted 1 point for ProcessFidelity."
28,25,25,"The student demonstrated a strong understanding of the tidymodels workflow, correctly implementing model specification, resampling, and tuning. Points were deducted primarily for missing specific syntax requirements (pipe operator, stratification) and deviating from the prescribed method for final model evaluation (manual MSE calculation vs. using `fit()`).",2,2,1,3,3,3,3,3,3,2,"Code executes `skimr::skim(dat)` correctly and markdown correctly identifies no missing data. However, the rubric requires using the pipe operator `|>` to pass data to the function (e.g., `dat |> skimr::skim()`), which was not used.","Code correctly sets seed and creates splits using `rsample::initial_split`, `training`, and `testing`. However, the rubric requires using `strata = 'Sale_Price'` in the split, which is missing from the student's code.","The student used `step_normalize` instead of separate `step_center` and `step_scale` as specified in the rubric. Additionally, the code structure is flawed: `recipes::prep()` is called within the pipe chain, but `broom::tidy(norm_recipe)` is placed after the pipe ends without being part of the chain or assigned, likely causing an error or not displaying the tidy output as intended. The rubric requires chaining `prep` and `tidy`.","All three models (`lm_mod_base`, `lm_mod_glmnet`, `lm_mod_rforest`) are correctly defined with appropriate engines and tunable parameters (`penalty`, `mixture`, `min_n`, `trees`). `set_mode` is used where necessary.",The student correctly called `parsnip::translate()` on all three model objects to display their templates.,The student correctly set the seed and created bootstrap samples using `rsample::bootstraps(ames_train)`.,"The student correctly created the `workflow_set` with the recipe and models, and used `tidyr::unnest(info)` to examine the structure. Note: The student redefined variables in this chunk, which is redundant but functionally correct for the exercise.","The student correctly mapped `tune_grid` across workflows and then used a pipeline of `select`, `unnest`, `filter`, `group_by`, `arrange`, and `slice` to extract the best RMSE metrics for each workflow.",The student correctly called `workflowsets::rank_results` with the specified parameters and provided a comparison to the previous exercise results.,"The student correctly extracted the best workflow and finalized it with the correct parameters. However, the rubric requires fitting the model using `fit()` on both training and test data to compare performance. The student manually calculated MSE using `predict()` and custom code instead of using the `fit()` function as specified in the rubric's 'CodeExecution' and 'ProcessFidelity' checks."
29,25,25,"The student demonstrated a strong understanding of the tidymodels workflow, particularly in model specification, workflow sets, and tuning. Points were deducted primarily for missing specific parameters in data splitting (strata), incorrect piping syntax in EDA, and deviations from the required recipe steps (normalize vs center/scale). Exercise 10 had syntactical issues in the extraction step and an overly complex manual evaluation method.",2,2,1,3,3,3,3,3,3,2,"Code executes `skimr::skim(dat)` correctly and markdown answers the missing data question. However, the rubric specifies using the pipe operator `|>` to pass data to `skim()`, which was not used (direct argument passing was used instead). Deducted 1 point for ProcessFidelity.","Code correctly sets seed, creates split, and extracts train/test sets. However, the `initial_split` call is missing the `strata = 'Sale_Price'` parameter required by the rubric for OutputAccuracy. Deducted 1 point.","The recipe structure is present, but there are significant process issues. The rubric requires chaining `step_center` and `step_scale` separately, but the student used `step_normalize`. More critically, the student piped the recipe directly into `prep()` and then attempted to pipe that into `broom::tidy()` within the same block, which is syntactically incorrect for the expected workflow (prep returns a prepped recipe object, tidy should be called on it, but the pipe chain here is malformed or relies on side effects not shown). The rubric expects `prep()` and `tidy()` to be used for examination, typically in a separate step or correctly chained. The use of `step_normalize` instead of explicit center/scale steps also deviates from the specific function checks. Deducted 2 points for ProcessFidelity and OutputAccuracy.","All three models (`lm_mod_base`, `lm_mod_glmnet`, `lm_mod_rforest`) are created correctly with the specified engines and tunable parameters (`penalty`, `mixture`, `min_n`, `trees`). Code execution and process fidelity are met.",The `parsnip::translate()` function is correctly called on all three model objects. Output accuracy is assumed based on correct code structure.,Code correctly sets seed and creates bootstrap samples using `rsample::bootstraps(ames_train)`. Process and output criteria are met.,"The `workflow_set` is created correctly with the recipe and models. The `info` column is unnested using `tidyr::unnest()`. Note: The student redefined the recipe and models in this block, which is redundant but not incorrect. The structure matches the rubric requirements.","The `workflow_map` is executed (though `install.packages` calls are present, they are guarded by `requireNamespace` checks, which is acceptable practice). The subsequent data manipulation pipeline correctly unnests results, filters for RMSE, groups by workflow ID, arranges by estimate, and slices the first row. Process fidelity is high.","The `workflowsets::rank_results()` function is called with correct parameters. The student provides a comparison in markdown, noting differences in aggregation. This meets the criteria for code execution and process.","The student correctly identifies the best workflow ID and extracts it. However, the `extract_workflow` call includes an extra argument `all_workflows` which is syntactically incorrect (`extract_workflow` takes the workflow set and the ID). While the variable `best_model_workflow` is assigned, the code as written would likely error or behave unexpectedly. Additionally, the student manually calculates MSE using `predict` and `bind_cols` rather than using the `fit()` object's built-in metrics or the simpler comparison requested. The rubric expects `fit()` on train and test data. The manual calculation is overly complex and deviates from the expected process. Deducted 1 point for ProcessFidelity/CodeExecution."
30,26,26,"The student completed all exercises with generally correct code structures. Points were deducted for missing specific parameters (strata in split), using `step_normalize` instead of separate center/scale steps, and manually calculating metrics in the final exercise instead of using the workflow `fit()` method as prescribed.",2,2,2,3,3,3,3,3,3,2,"Code executes `skimr::skim(dat)` correctly and markdown conclusion is present. However, the rubric specifies using the pipe operator `|>` to pass data to the function, which was not used.","Code structure for splitting data is correct. However, the `strata = 'Sale_Price'` parameter required by the rubric for the `initial_split` function is missing.","The recipe steps are present, but the order is incorrect (normalizing before creating dummies can affect dummy variables if not handled carefully, though `step_normalize` usually targets numeric). More critically, the rubric requires `step_center` and `step_scale` separately, while the student used `step_normalize`. Also, `broom::tidy()` is called on the prepped recipe object directly in a way that might not output the tidy summary as intended in the workflow (it's inside the assignment block or immediately after without clear separation in some interpretations, but here it's inside the code chunk). The main deduction is for using `step_normalize` instead of the specified `step_center` and `step_scale`.",All three models are created correctly with the specified engines and tunable parameters. `set_mode` is included for the random forest model.,The `translate()` function is correctly applied to all three model objects.,Bootstrap samples are created correctly using `set.seed(8740)` and `rsample::bootstraps()` on the training data.,The workflow set is created correctly with the recipe and models. The `info` column is unnested for examination.,"The workflow map is executed. The subsequent code correctly unnests results, filters for RMSE, groups by workflow ID, arranges by estimate, and slices the best row.",The `rank_results` function is called correctly with the specified parameters. The student provides a comparison to Exercise 8 results.,"The best workflow is extracted and finalized. However, the student manually calculated MSE using `predict` and `mutate` instead of using the `fit()` function on the workflow as specified in the rubric's expected process (`training_fit <- best_model_workflow %>% fit(...)`). The rubric expects the use of `fit()` on the workflow object."
31,25,25,"The student demonstrated a strong understanding of the tidymodels workflow, correctly implementing model specification, resampling, and tuning. Points were deducted primarily for missing specific parameters in data splitting (strata), incorrect recipe step functions (normalize vs center/scale), and deviation from the expected process in the final model evaluation (manual MSE calculation vs direct workflow fitting). Ensure strict adherence to function names and parameters specified in the rubric.",2,2,1,3,3,3,3,3,3,2,"Code executes `skimr::skim(dat)` correctly and markdown correctly identifies no missing data. However, the rubric requires using the pipe operator `|>` to pass data to the function (e.g., `dat |> skimr::skim()`), which is missing here.","The code correctly sets the seed and creates the split using `rsample::initial_split`. However, it is missing the `strata = 'Sale_Price'` parameter required by the rubric for stratified sampling.","The recipe structure is present, but there are significant issues. The rubric requires separate `step_center` and `step_scale` functions, but the student used `step_normalize`. More critically, the code pipes directly into `recipes::prep()` and then attempts to call `broom::tidy()` on the result of prep in the same chain without assigning the prepped recipe to a variable first, which will cause an error or incorrect object handling. The rubric expects `norm_recipe` to be the recipe object, then prepped separately.","All three models (`lm_mod_base`, `lm_mod_glmnet`, `lm_mod_rforest`) are correctly defined with the appropriate engines and tunable parameters (`penalty`, `mixture`, `min_n`, `trees`). `set_mode` is included for the random forest model.",The code correctly calls `parsnip::translate()` on all three model objects as required.,The code correctly sets the seed and creates bootstrap samples using `rsample::bootstraps(ames_train)`.,The workflow set is correctly created with the recipe and models. The `info` column is correctly unnested using `tidyr::unnest(info)`.,"The code correctly maps `tune_grid` across workflows. The subsequent pipeline correctly unnests results, filters for 'rmse', groups by `wflow_id`, arranges by `.estimate` descending, and slices the first row.",The code correctly calls `workflowsets::rank_results` with the specified parameters and includes markdown comparing the results to Exercise 8.,"The student correctly extracts the workflow and finalizes it with the best parameters. However, the rubric expects fitting the workflow directly using `fit(data = ames_train)` and `fit(data = ames_test)`. The student manually calculated MSE using `predict` and custom code, which deviates from the expected process fidelity of using the workflow's fit method directly to compare performance. The final ratio is also slightly different from the expected ~0.1146, likely due to the manual calculation method."
32,26,26,"The student demonstrated a strong understanding of the tidymodels workflow, correctly implementing model specification, resampling, and tuning. Points were deducted primarily for missing specific parameters in data splitting (strata), incorrect piping syntax in EDA, and deviating from the prescribed method for fitting and evaluating the final model in Exercise 10.",2,2,2,3,3,3,3,3,3,2,"Code executes `skimr::skim(dat)` correctly and markdown conclusion is accurate. However, the rubric specifies using the pipe operator `|>` to pass data to the function, which was not used.","Code structure for splitting data is correct. However, the `strata = 'Sale_Price'` parameter required by the rubric for the `initial_split` function is missing.","The recipe steps are present but the order is incorrect (normalizing before creating dummies can affect dummy variables if not handled carefully, though `step_normalize` usually targets numeric). More critically, the code chains `recipes::prep()` and then attempts to pipe into `broom::tidy()` on the prepped object directly in a way that may fail or not match the expected 'prep then tidy' workflow clearly. The rubric expects `step_center` and `step_scale` separately or correct ordering. The student used `step_normalize` which is acceptable, but the chaining of `prep` and `tidy` in the same block without assigning the prepped recipe first is syntactically risky/incorrect in standard tidyverse flow for this specific check.","All three models are created correctly with the specified engines and tunable parameters (`penalty`, `mixture`, `min_n`, `trees`). `set_mode` is included for the random forest.",The `parsnip::translate()` function is correctly applied to all three model objects.,Bootstrap samples are created correctly using `set.seed(8740)` and `rsample::bootstraps(ames_train)`.,The workflow set is created correctly with the recipe and models. The `info` column is unnested for examination.,"The code correctly maps `tune_grid`, unnests results, filters for RMSE, groups by workflow ID, arranges by estimate, and slices the best row.","The `rank_results` function is called correctly with the specified parameters, and the output is compared to previous results.","The best workflow is extracted and finalized. However, the student manually calculated MSE using `predict` and `bind_cols` instead of using the `fit()` function on the workflow as specified in the rubric ('Must extract... and fit on both training and test data'). The rubric expects `training_fit <- best_model_workflow %>% fit(data = ames_train)`."
33,25,25,"The student demonstrated a strong understanding of the tidymodels workflow, correctly implementing model specification, resampling, and tuning. Points were deducted primarily for missing specific parameters (strata in split), incorrect piping syntax in EDA, and deviations from the required workflow-based fitting process in the final exercise. Ensure strict adherence to function arguments and workflow objects in future labs.",2,2,1,3,3,3,3,3,3,2,"Code executes `skimr::skim(dat)` correctly and markdown conclusion is accurate. However, the rubric specifies using the pipe operator `|>` to pass data to the function (e.g., `dat |> skimr::skim()`), which was not used.","Code structure for splitting data is correct. However, the `strata = 'Sale_Price'` parameter required by the rubric for the `initial_split` function is missing.","The recipe creation is incomplete. The code chains `recipes::prep()` directly into the recipe definition, which preps the recipe but does not assign the prepped object to `norm_recipe` as required. Additionally, `broom::tidy()` is called on the unassigned/prepped object in a way that likely errors or doesn't display the tidy output as intended. The rubric requires `norm_recipe` to be the prepped recipe or the recipe object that is then prepped and examined.","All three models are created correctly with the specified engines and tunable parameters (`penalty`, `mixture`, `min_n`, `trees`). `set_mode` is included for the random forest model.",The `parsnip::translate()` function is correctly applied to all three model objects.,Bootstrap samples are created correctly using `set.seed(8740)` and `rsample::bootstraps(ames_train)`.,The workflow set is created correctly with the recipe and models. The `info` column is unnested for examination as required.,"The workflow map is executed correctly. The subsequent code correctly unnests results, filters for RMSE, groups by workflow ID, arranges by estimate, and slices the first row.",The `workflowsets::rank_results` function is called with the correct parameters. The student provides a comparison to Exercise 8 results in the markdown.,"The best model is extracted and finalized. However, the student manually calculates MSE using `predict()` and `mutate()` instead of using the `fit()` function on the workflow as specified in the rubric (`training_fit <- best_model_workflow %>% fit(data = ames_train)`). While the result is similar, the process fidelity to the required workflow-based fitting is missing."
34,25,25,"The student demonstrated a strong understanding of the tidymodels workflow, particularly in model specification, tuning, and result extraction. Points were deducted primarily for missing specific parameters in data splitting (strata), incorrect recipe prep/assignment syntax, and deviating from the required `fit()` method for final model evaluation in favor of manual prediction calculations. Ensure strict adherence to the specified functions and parameters in future labs.",2,2,1,3,3,3,3,3,3,2,"Code executes `skimr::skim(dat)` correctly and markdown conclusion is present. However, the rubric specifies using the pipe operator `|>` to pass data to the function (e.g., `dat |> skimr::skim()`), which was not used.","Code structure for splitting data is correct. However, the `initial_split` call is missing the `strata = 'Sale_Price'` parameter required by the rubric for OutputAccuracy.","The recipe creation is incomplete. The code chains `recipes::prep()` directly into the recipe definition, which preps the object but does not assign the prepped recipe to `norm_recipe` for later use. Additionally, `broom::tidy()` is called on the unassigned/prepped object in a way that doesn't follow the expected process of examining the prepped recipe steps properly. The variable `norm_recipe` is not correctly defined as a prepped recipe object for subsequent exercises.","All three models are created correctly with the specified engines and tunable parameters (`penalty`, `mixture`, `min_n`, `trees`). Code execution and process fidelity are met.",The `parsnip::translate()` function is correctly applied to all three model objects. Output accuracy is assumed based on correct code structure.,Bootstrap samples are created correctly using `set.seed(8740)` and `rsample::bootstraps(ames_train)`. Process and code execution are correct.,"The workflow set is created correctly with the recipe and models. The `info` column is unnested for examination. Note: The student redefined the recipe and models in this chunk, which is redundant but functionally correct for creating the workflow set.","The code correctly unnests results, filters for 'rmse', groups by `wflow_id`, arranges by `.estimate` descending, and slices the first row. The workflow mapping was also performed correctly in the preceding chunk.",The `workflowsets::rank_results()` function is called with correct parameters. The student provides a comparison to Exercise 8 results in the markdown/code comments.,"The best model workflow is extracted and finalized. However, the student manually calculates MSE using `predict()` and `mutate()` instead of using the `fit()` function on the workflow as specified in the rubric's ProcessFidelity check (`fit(data = ames_train)` and `fit(data = ames_test)`). While the numeric result is reasonable, the required workflow-based fitting process was not followed."
35,25,25,"The student completed most exercises correctly, particularly the modeling and workflow mapping sections. Points were deducted for missing specific parameters in data splitting (strata), incorrect recipe steps (normalize vs center/scale), and syntax errors in the recipe preparation. The final model extraction had a minor syntax error but the overall workflow was understood.",2,2,1,3,3,3,3,3,3,2,"Code executes `skimr::skim(dat)` correctly and markdown answers the missing data question. However, the rubric specifies using the pipe operator `|>` to pass data to `skim()`, which was not used.","Code correctly sets seed, creates split, and extracts train/test sets. However, the `initial_split` call is missing the required `strata = 'Sale_Price'` parameter specified in the rubric.","The recipe structure is present, but the code has a syntax error (missing `%>%` before `broom::tidy`) and uses `step_normalize` instead of the specified `step_center` and `step_scale`. Additionally, `broom::tidy` is called on the prepped object incorrectly in the chain.","All three models are created correctly with the specified engines and tunable parameters (`penalty`, `mixture`, `min_n`, `trees`). `set_mode` is included for the random forest model.",Code correctly calls `parsnip::translate()` on all three model objects as required.,Code correctly sets the seed and creates bootstrap samples using `rsample::bootstraps()` on the training data.,"Code correctly creates the workflow set with the recipe and models, and unnests the info column to examine the structure.","Code correctly maps `tune_grid` across workflows and uses the required dplyr/tidyr chain to unnest metrics, filter for rmse, group, arrange, and slice.",Code correctly calls `workflowsets::rank_results()` with the specified parameters and includes markdown comparing the results to Exercise 8.,"The student extracts the best workflow and finalizes it. However, the `extract_workflow` call contains an incorrect argument (`all_workflows` passed as first arg). The final comparison uses a custom MSE calculation rather than the standard `fit()` output comparison shown in the solution, though the ratio is calculated."
36,25,25,"The student demonstrated a strong understanding of the tidymodels workflow, particularly in model specification, tuning, and ranking. Points were deducted primarily for missing specific parameters in data splitting (strata), incorrect piping in EDA, and structural issues in the recipe preparation step. Exercise 10 was completed but with unnecessary complexity compared to the rubric's expected simple fit comparison.",2,2,1,3,3,3,3,3,3,2,"Code executes `skimr::skim(dat)` correctly and markdown conclusion is accurate. However, the rubric specifies using the pipe operator `|>` to pass data to the function, which was not used.","Code structure for splitting data is correct. However, the `strata = 'Sale_Price'` parameter required by the rubric for the `initial_split` function is missing.","The recipe creation is incomplete. The code chains `recipes::prep()` and `broom::tidy()` directly into the recipe definition without assigning the prepped recipe to a variable or properly separating the prep step. The rubric requires creating `norm_recipe`, then prepping and examining it. Additionally, `step_normalize` combines center/scale, which is acceptable, but the workflow structure is flawed.","All three models are created correctly with the specified engines and tunable parameters (`penalty`, `mixture`, `min_n`, `trees`). The code follows the expected process.",The `parsnip::translate()` function is correctly applied to all three model objects as required.,Bootstrap samples are created correctly using `set.seed(8740)` and `rsample::bootstraps(ames_train)`.,The workflow set is created correctly with the recipe and models. The `info` column is unnested for examination as required.,"The code correctly maps `tune_grid`, unnests results, filters for RMSE, groups by workflow ID, arranges by estimate, and slices the best row. The process fidelity is high.",The `workflowsets::rank_results` function is called with correct parameters. The student provides a comparison to Exercise 8 results in the markdown/code comments.,"The student correctly identifies the best model ID and finalizes the workflow with the correct parameters. However, the code for comparing fits is overly complex and deviates from the simple `fit()` calls on train/test data specified in the rubric. The student manually calculates MSE instead of using the standard fit output, and updates the recipe unnecessarily. The final ratio is provided, but the process fidelity is lower than expected."
37,26,26,"The student demonstrated a strong understanding of the tidymodels workflow, particularly in model specification, tuning, and workflow management. Points were deducted primarily for missing specific parameters (strata in split), incorrect function usage (step_normalize vs center/scale), and overly complex manual calculations in the final exercise instead of using the standard `fit()` method.",2,2,2,3,3,3,3,3,3,2,"Code executes `skimr::skim(dat)` and correctly identifies no missing data. However, the rubric requires using the pipe operator `|>` to pass data to the function (e.g., `dat |> skimr::skim()`), which is missing here.","The code correctly sets the seed and creates the split. However, it is missing the `strata = 'Sale_Price'` parameter in `initial_split`, which is required by the rubric for OutputAccuracy.","The recipe structure is mostly correct, but `step_normalize` is used instead of the required `step_center` and `step_scale`. Additionally, the code attempts to pipe the result of `prep()` into `broom::tidy()`, which is syntactically incorrect as `prep()` returns a recipe object that should be passed to `tidy()`, not piped from the prep call in this manner without assignment or proper chaining.","All three models are correctly specified with the appropriate engines and tunable parameters (`penalty`, `mixture`, `min_n`, `trees`). The process fidelity is high.",The code correctly calls `parsnip::translate()` on all three model objects as required.,The code correctly sets the seed and creates bootstrap samples using `rsample::bootstraps()` on the training data.,"The workflow set is created correctly with the recipe and models. The `info` column is unnested for examination. Note: The student redefined the recipe and models here, which is redundant but functionally correct for the exercise.","The code correctly maps `tune_grid` across workflows and then unnests results, filters for RMSE, groups by workflow ID, arranges by estimate, and slices the best row. The logic matches the rubric requirements.",The code correctly calls `workflowsets::rank_results()` with the specified parameters and compares the output to previous results.,"The student correctly extracts and finalizes the workflow. However, the final comparison step is overly complex and deviates from the rubric's expected process. The rubric expects fitting the finalized workflow directly to train/test data using `fit()`. The student manually calculated MSE using `predict()` and custom code, and also unnecessarily updated the recipe with `skip=TRUE` for log transformation, which complicates the workflow beyond the required steps."
38,25,25,"The student demonstrated a strong understanding of the tidymodels workflow, particularly in model specification, tuning, and workflow management. Points were deducted primarily for missing specific parameters in data splitting (strata), incorrect recipe step functions (normalize vs center/scale), and deviating from the standard `fit()` method for final model evaluation in Exercise 10. Ensure strict adherence to function names and parameters specified in the rubric.",2,2,1,3,3,3,3,3,3,2,"Code executes `skimr::skim(dat)` correctly and markdown correctly identifies no missing data. However, the rubric requires using the pipe operator `|>` to pass data to the function (e.g., `dat |> skimr::skim()`), which was not used.","The code correctly sets the seed and creates the split, training, and test sets. However, the `initial_split` call is missing the `strata = 'Sale_Price'` parameter required by the rubric for OutputAccuracy.","The recipe structure is present, but there are significant process fidelity issues. The rubric requires separate `step_center` and `step_scale` functions; the student used `step_normalize`. Additionally, the code chains `recipes::prep` and `broom::tidy` directly into the recipe definition object assignment, which is syntactically incorrect for creating a reusable recipe object (prep should be called separately or the object should just be the recipe steps). The `step_log` base is also not explicitly set to `exp(1)` as requested.","All three models are correctly defined with the appropriate engines (`lm`, `glmnet`, `ranger`) and tunable parameters (`penalty`, `mixture`, `min_n`, `trees`) using `tune()`. The process fidelity is high.","The code correctly calls `parsnip::translate()` on all three model objects (`lm_mod_base`, `lm_mod_glmnet`, `lm_mod_rforest`) as required.",The code correctly sets the seed and creates bootstrap samples using `rsample::bootstraps(ames_train)` with default parameters.,The workflow set is correctly created using `workflowsets::workflow_set` with the recipe and models. The info column is correctly unnested using `tidyr::unnest(info)` for examination.,"The code correctly maps `tune_grid` across workflows. The subsequent pipeline correctly unnests results and metrics, filters for 'rmse', groups by `wflow_id`, arranges by `.estimate` descending, and slices the first row.","The code correctly calls `workflowsets::rank_results` with the specified parameters. The markdown provides a comparison to Exercise 8 results, fulfilling the process fidelity requirement.","The student correctly extracts the workflow and finalizes it with the best parameters. However, the rubric requires fitting the model on both training and test data using the `fit()` function directly on the workflow (e.g., `fit(data = ames_test)`). The student manually calculated MSE using `predict()` and custom code instead of using the standard `fit()` output for comparison, deviating from the expected process fidelity."
39,25,25,"The student demonstrated a strong understanding of the tidymodels workflow, correctly implementing model specification, resampling, and tuning. Points were deducted primarily for missing specific parameters in data splitting (strata) and EDA (pipe operator), as well as deviations in the preprocessing steps and final model evaluation method. Ensure strict adherence to function arguments and process steps outlined in the rubric.",2,2,1,3,3,3,3,3,3,2,"Code executes `skimr::skim(dat)` correctly and markdown answers the missing data question. However, the rubric specifies using the pipe operator `|>` to pass data to `skim()`, which was not used.","Code correctly sets seed, creates split, and extracts train/test sets. However, the rubric requires using `strata = 'Sale_Price'` in `initial_split()`, which is missing.","The recipe structure is present, but `step_normalize` was used instead of separate `step_center` and `step_scale` as specified. Additionally, `broom::tidy()` was called on the prepped recipe object directly inside the pipeline without proper piping or assignment for examination, and the log base was not explicitly set to `exp(1)`.","All three models are correctly defined with appropriate engines and tunable parameters (`penalty`, `mixture`, `min_n`, `trees`). `set_mode` is included for the random forest model.",Code correctly calls `parsnip::translate()` on all three model objects.,Code correctly sets seed and creates bootstrap samples using `rsample::bootstraps()` on the training data.,"Code correctly creates the workflow set with the recipe and models, and unnests the info column for examination.","Code correctly maps `tune_grid`, unnests results, filters for RMSE, groups by workflow ID, arranges by estimate, and slices the best row.",Code correctly calls `workflowsets::rank_results()` with the specified parameters and includes markdown comparing the results to Exercise 8.,"The workflow is extracted and finalized correctly. However, the student manually calculated MSE using `predict()` and `mutate()` instead of using the `fit()` function on the workflow as specified in the rubric's process fidelity criteria. The final ratio is approximately correct, but the method deviates from the required workflow-based fitting."
40,25,25,"The student demonstrated a strong understanding of the tidymodels workflow, correctly implementing model specification, resampling, and tuning. Points were deducted primarily for missing specific parameters in the data split (strata), incorrect recipe step functions (normalize vs center/scale), and a syntax error in the recipe preparation chain. The final exercise deviated from the expected simple fit comparison by manually calculating metrics.",2,2,1,3,3,3,3,3,3,2,"Code executes `skimr::skim(dat)` correctly and markdown correctly identifies no missing data. However, the rubric requires using the pipe operator `|>` to pass data to the function (e.g., `dat |> skimr::skim()`), which was not used.","Code correctly sets seed, creates split, and extracts train/test sets. However, the `initial_split` call is missing the required `strata = 'Sale_Price'` parameter specified in the rubric.","The recipe structure is present, but there are significant process fidelity issues. The rubric requires separate `step_center` and `step_scale` functions; the student used `step_normalize`. More critically, the code pipes directly into `recipes::prep()` and then attempts to call `broom::tidy()` on the result of prep in the same chain without assigning the prepped recipe to a variable first, which will cause an error or incorrect object handling. The rubric expects `norm_recipe` to be the recipe object, then `prep` and `tidy` called on it.","All three models are correctly defined with the appropriate engines and tunable parameters (`penalty`, `mixture`, `min_n`, `trees`). Code execution and process fidelity are correct.",The `parsnip::translate()` function is correctly applied to all three model objects. Code execution and process fidelity are correct.,The seed is set and `rsample::bootstraps()` is correctly called on the training data. Code execution and process fidelity are correct.,The `workflow_set` is correctly created with the recipe and models. The `info` column is correctly unnested for examination. Code execution and process fidelity are correct.,"The `workflow_map` is correctly applied. The subsequent pipeline correctly unnests results, filters for RMSE, groups by workflow ID, arranges by estimate, and slices the best row. Code execution and process fidelity are correct.",The `workflowsets::rank_results()` function is correctly called with the specified parameters. The student provides a comparison to Exercise 8 results. Code execution and process fidelity are correct.,"The student correctly extracts the workflow and finalizes it with the best parameters. However, the rubric expects fitting the model using `fit()` on both training and test data directly. The student manually calculated MSE using `predict()` and custom code instead of relying on the standard `fit()` output or `metrics` functions as implied by the simpler solution template. While the result is numerically close, the process deviates from the expected workflow of simply fitting and comparing the fit objects."
41,25,25,"The student demonstrated a strong understanding of the tidymodels workflow, particularly in model specification, workflow sets, and tuning. Points were deducted primarily for missing specific parameters in data splitting (strata), incorrect recipe preprocessing steps (normalize vs center/scale), and a critical error in Exercise 3 where the recipe object was overwritten, potentially breaking downstream exercises. Exercise 10 also deviated from the expected `fit()` method for performance comparison.",2,2,1,3,3,3,3,3,3,2,"Code calls `skimr::skim(dat)` correctly and markdown answers the missing data question. However, the rubric requires using the pipe operator `|>` to pass data to the function (e.g., `dat |> skimr::skim()`), which is missing here.","Code correctly sets seed, creates split, and extracts train/test sets. However, the rubric requires using `strata = 'Sale_Price'` in `initial_split`, which is missing from the student's code.","The recipe structure is present, but there are significant process errors. The rubric requires separate `step_center` and `step_scale` functions, but the student used `step_normalize`. More critically, the student chained `recipes::prep()` and `broom::tidy()` directly into the recipe definition variable `norm_recipe`, which overwrites the recipe object with a tibble, breaking the workflow for subsequent exercises. The rubric expects the recipe to be prepped and examined separately.","All three models (`lm_mod_base`, `lm_mod_glmnet`, `lm_mod_rforest`) are correctly defined with appropriate engines and tunable parameters using `tune()`.",Code correctly calls `parsnip::translate()` on all three model objects.,Code correctly sets seed and creates bootstrap samples using `rsample::bootstraps(ames_train)`.,"Code correctly creates the workflow set using `workflowsets::workflow_set` with the recipe and models, and unnests the info column for examination.","Code correctly maps `tune_grid` across workflows and uses the required dplyr/tidyr chain to unnest metrics, filter for rmse, group, arrange, and slice.",Code correctly calls `workflowsets::rank_results` with the specified parameters and includes markdown comparing the results to Exercise 8.,"The student correctly extracts the workflow and finalizes it with the best parameters. However, the rubric expects fitting the model using `fit()` on both training and test data directly. The student manually calculated MSE using `predict()` and custom code instead of using the standard `fit()` workflow output for comparison, deviating from the expected process fidelity."
42,24,24,"The student demonstrated a good understanding of the tidymodels workflow, particularly in model specification and tuning. However, there were issues with process fidelity, specifically in Exercise 3 where the recipe object was overwritten by a tibble, and in Exercise 10 where the final comparison was implemented manually rather than using the standard `fit()` output. Missing parameters in Exercise 2 and lack of pipe operators in Exercise 1 also resulted in point deductions.",2,2,1,3,3,3,2,3,3,2,"Code executes `skimr::skim(dat)` correctly and markdown answers the missing data question. However, the rubric specifies using the pipe operator `|>` to pass data to `skim()`, which is missing here.","Code correctly sets seed, creates split, and extracts train/test sets. However, the `initial_split` call is missing the required `strata = 'Sale_Price'` parameter specified in the rubric.","The recipe structure is present but has significant issues. It uses `step_normalize` instead of separate `step_center` and `step_scale` as requested. Crucially, it chains `recipes::prep()` and then `broom::tidy()` inside the same pipe chain assigned to `norm_recipe`. This results in `norm_recipe` being a tibble of tidy data, not a recipe object, breaking the workflow for subsequent exercises. The rubric requires `norm_recipe` to be the prepped recipe.","All three models are correctly specified with the appropriate engines and tunable parameters (`penalty`, `mixture`, `min_n`, `trees`). `set_mode` is included for the random forest model.",Code correctly calls `parsnip::translate()` on all three model objects.,Code correctly sets the seed and creates bootstrap samples using `rsample::bootstraps()` on the training data.,"The `workflow_set` is created correctly. However, the student redefined the recipe and models inside this exercise block instead of using the variables from previous exercises. While the code works, it deviates from the expected process fidelity of building upon previous steps. The unnesting of the info column is correct.","Code correctly maps `tune_grid` across workflows and then unnests results, filters for RMSE, groups by workflow ID, arranges by estimate, and slices the first row. The logic matches the rubric requirements.",Code correctly calls `workflowsets::rank_results()` with the specified parameters and includes markdown comparing the results to Exercise 8.,"The student correctly identifies the best model ID and finalizes the workflow with the correct parameters. However, the final comparison step is overly complex and deviates from the rubric. The rubric expects fitting the finalized workflow directly to train and test data using `fit()`. The student manually calculated MSE using predictions and log-transformed truth values, which is not the standard `fit()` output comparison requested. Additionally, the `extract_workflow` call had a syntax error (`all_workflows, id = best_id` is incorrect syntax for `extract_workflow` which takes `id` as a character string or index, though the student likely meant to pass the ID string). The manual MSE calculation is not what was asked for."
43,25,25,"The student demonstrated a strong understanding of the tidymodels workflow, particularly in model specification, tuning, and workflow management. Points were deducted primarily for missing specific syntax requirements (pipe operator, stratification) and deviations from the expected process in data preprocessing examination and final model evaluation.",2,2,1,3,3,3,3,3,3,2,"Code executes `skimr::skim(dat)` correctly and markdown concludes no missing data. However, the rubric requires using the pipe operator `|>` to pass data to the function (e.g., `dat |> skimr::skim()`), which is missing here.","Code correctly sets seed, creates split, and extracts train/test sets. However, the rubric requires using `strata = 'Sale_Price'` in `initial_split`, which is missing from the student's code.","The student defines the recipe and preps it, but fails to use `broom::tidy()` to examine the steps as required by the rubric. Additionally, `step_normalize` is used instead of separate `step_center` and `step_scale`, and the log transformation does not explicitly specify `base = exp(1)`.","All three models are correctly defined with appropriate engines and tunable parameters (`penalty`, `mixture`, `min_n`, `trees`). The process fidelity and output accuracy criteria are met.",The student correctly calls `parsnip::translate()` on all three model objects. The code execution and process fidelity are correct.,The student correctly sets the seed and creates bootstrap samples using `rsample::bootstraps(ames_train)`. All criteria are met.,"The student correctly creates the workflow set with the recipe and models, and uses `tidyr::unnest(info)` to examine the structure. All criteria are met.","The student correctly maps `tune_grid` across workflows and then unnests results, filters for RMSE, groups by workflow ID, arranges by estimate, and slices the first row. The process fidelity is high.",The student correctly calls `workflowsets::rank_results` with the specified parameters and compares the output to previous results. All criteria are met.,"The student extracts the best workflow and finalizes it with correct parameters. However, the rubric expects fitting the workflow directly using `fit()` on both training and test data to compare OOB errors. The student manually calculated MSE using `predict()` and custom code, deviating from the expected process fidelity of using the workflow's fit method directly."
44,25,25,"The student demonstrated a strong understanding of the tidymodels workflow, particularly in model specification, tuning, and workflow management. Points were deducted primarily for missing specific parameters in data splitting (strata), syntactic errors in the recipe definition, and deviating from the prescribed method for comparing model fits in the final exercise. Ensure strict adherence to function arguments and process steps outlined in the rubric.",2,2,1,3,3,3,3,3,3,2,"Code executes `skimr::skim(dat)` correctly and markdown answers the missing data question. However, the rubric specifies using the pipe operator `|>` to pass data to `skim()`, which was not used.","Code correctly sets seed, creates split, and extracts train/test sets. However, the `initial_split` call is missing the required `strata = 'Sale_Price'` parameter specified in the rubric.","The recipe structure is present, but the code is syntactically invalid (missing pipe between `prep()` and `tidy()`). Additionally, `step_normalize` was used instead of separate `step_center` and `step_scale`, and `step_log` lacked the explicit `base = exp(1)` argument required by the rubric.","All three models are correctly defined with appropriate engines and tunable parameters (`penalty`, `mixture`, `min_n`, `trees`). The process fidelity and code execution are correct.",Code correctly calls `parsnip::translate()` on all three model objects. The process and output expectations are met.,Code correctly sets the seed and creates bootstrap samples using `rsample::bootstraps()` on the training data. All criteria are met.,"Code correctly creates the workflow set with the recipe and models, and unnests the info column. The structure and process match the rubric requirements.","Code correctly maps `tune_grid`, unnests results, filters for RMSE, groups by workflow ID, arranges by estimate, and slices the best row. The workflow is complete and correct.",Code correctly calls `workflowsets::rank_results()` with the specified parameters and includes markdown comparing the results to Exercise 8. All criteria are met.,"The student correctly extracts and finalizes the workflow and fits the model. However, the rubric requires fitting on both training and test data using the `fit()` function directly on the workflow to compare OOB errors. The student manually calculated MSE using `predict()` and custom code, deviating from the expected process fidelity of using `fit()` on both datasets for direct comparison."
45,25,25,"The student demonstrated a strong understanding of the tidymodels workflow, particularly in model specification, tuning, and ranking. Points were deducted primarily for missing specific parameters (strata in split), syntax errors in the recipe prep step, and not using the pipe operator in EDA. The final model comparison was functional but unnecessarily complex compared to the expected solution.",2,2,1,3,3,3,3,3,3,2,"Code executes `skimr::skim(dat)` correctly and markdown answers the missing data question. However, the rubric specifies using the pipe operator `|>` to pass data to the function, which was not used here.","Code correctly sets seed, creates split, and extracts train/test sets. However, the `initial_split` call is missing the required `strata = 'Sale_Price'` parameter specified in the rubric.","The recipe structure is present, but the code has a syntax error: `recipes::prep()` is called inside the pipe chain, followed by `broom::tidy()` without a pipe operator connecting them. Additionally, `step_normalize` combines center/scale, which is acceptable, but the execution flow is broken by the missing pipe before `tidy`.","All three models are correctly defined with appropriate engines and tunable parameters (`penalty`, `mixture`, `min_n`, `trees`). The process fidelity is high.",Code correctly calls `parsnip::translate()` on all three model objects as required.,Code correctly sets seed and creates bootstrap samples using `rsample::bootstraps()` on the training data.,"Code correctly creates the workflow set with the recipe and models, and unnests the info column to examine the structure.","Code correctly maps `tune_grid`, unnests results, filters for RMSE, groups by workflow ID, arranges by estimate, and slices the best row. The logic matches the rubric requirements.",Code correctly calls `workflowsets::rank_results()` with the specified parameters and includes markdown comparing the results to Exercise 8.,"The student correctly extracts the workflow and finalizes it with the best parameters. However, the code for comparing fits is overly complex and deviates from the expected simple `fit()` calls on train/test data. While the final ratio is calculated, the process fidelity is lower due to the manual MSE calculation instead of using the standard workflow fit output."
46,26,26,"The student demonstrated a strong understanding of the tidymodels workflow, correctly implementing model specifications, resampling, and tuning. Points were deducted primarily for missing specific parameters (strata in split), incorrect function usage (normalize vs center/scale), and not following the prescribed process for final model fitting in Exercise 10. Ensure strict adherence to function names and parameters in future labs.",2,2,2,3,3,3,3,3,3,2,"Code executes `skimr::skim(dat)` correctly and markdown conclusion is accurate. However, the rubric specifies using the pipe operator `|>` to pass data to the function, which was not used.","Code structure for splitting data is correct. However, the `strata = 'Sale_Price'` parameter required by the rubric for the `initial_split` function is missing.","The recipe steps are present, but the order is incorrect (normalizing before creating dummies can affect dummy variables if not handled carefully, though `step_normalize` usually targets numeric). More critically, the rubric requires separate `step_center` and `step_scale` functions, whereas the student used `step_normalize`. Also, `broom::tidy()` was called on the prepped recipe object directly in a way that might not display the tidy summary as intended in the workflow (it's inside the assignment block rather than a separate display step).","All three models are correctly specified with the appropriate engines and tunable parameters (`penalty`, `mixture`, `min_n`, `trees`). `set_mode` is included for the random forest model.",The `parsnip::translate()` function is correctly applied to all three model objects.,Bootstrap samples are correctly created using `set.seed(8740)` and `rsample::bootstraps()` on the training data.,"The workflow set is correctly created with the recipe and models, and the `info` column is unnested for examination.","The workflow map is executed, and the subsequent dplyr/tidyr pipeline correctly unnests results, filters for RMSE, groups by workflow ID, arranges by estimate, and slices the best row.","The `rank_results` function is correctly called with the specified parameters, and the output is compared to previous results.","The best workflow is extracted and finalized. However, the student manually calculated MSE using `predict` and `mutate` instead of using the `fit()` function on the workflow as specified in the rubric's expected process (`training_fit <- best_model_workflow %>% fit(...)`). The final ratio is close, but the process fidelity is lower due to bypassing the standard workflow fitting method."
47,25,25,"The student completed most exercises correctly, demonstrating good understanding of the tidymodels workflow. Points were deducted primarily for missing specific parameters (strata in Ex2), syntax errors in the recipe prep step (Ex3), and deviations from the expected simple fitting process in Ex10. Ensure pipe operators are used where specified and check for syntax errors in chained operations.",2,2,1,3,3,3,3,3,3,2,"Code executes `skimr::skim(dat)` correctly and markdown answers the missing data question. However, the rubric specifies using the pipe operator `|>` to pass data to `skim()`, which was not used.","Code correctly sets seed, creates split, and extracts train/test sets. However, the `initial_split` call is missing the required `strata = 'Sale_Price'` parameter specified in the rubric.","The recipe structure is present, but the code has a syntax error: `recipes::prep()` is called inside the pipe chain, followed by `broom::tidy()` without a pipe operator connecting them. Additionally, `step_normalize` combines center/scale, which is acceptable, but the execution flow is broken.",All three models are correctly defined with appropriate engines and tunable parameters (`tune()`). The process fidelity is high.,Code correctly calls `parsnip::translate()` on all three model objects as required.,Code correctly sets seed and creates bootstrap samples using `rsample::bootstraps()` on the training data.,"Workflow set is created correctly with the recipe and models. The info column is unnested for examination. Note: The student redefined variables here, but the workflow structure is correct.","The workflow map was executed (in a separate chunk). The subsequent code correctly unnests results, filters for rmse, groups by wflow_id, arranges by estimate, and slices the first row.",Code correctly calls `workflowsets::rank_results()` with the specified parameters and includes markdown comparing the results to Exercise 8.,"The student correctly identified the best model ID and finalized the workflow with the correct parameters. However, the code for fitting and comparing is overly complex and deviates from the expected simple `fit()` calls on train/test data. The `extract_workflow` call also had a syntax error (`all_workflows` passed as first arg incorrectly). The final ratio calculation is present."
48,25,25,"The student demonstrated a strong understanding of the tidymodels workflow, particularly in model specification, workflow sets, and tuning. Points were deducted primarily for missing specific parameters in data splitting (strata), incorrect recipe steps (normalize vs center/scale), and not following the prescribed method for final model evaluation (using fit() vs manual prediction). Ensure strict adherence to function names and parameters specified in the rubric.",2,2,1,3,3,3,3,3,3,2,"Code executes `skimr::skim(dat)` correctly and markdown answers the missing data question. However, the rubric specifies using the pipe operator `|>` to pass data to `skim()`, which is missing here.","Code correctly sets seed, creates split, and extracts train/test sets. However, the rubric requires using `strata = 'Sale_Price'` in `initial_split()`, which is missing.","The recipe structure is present, but there are significant process errors. The rubric requires separate `step_center` and `step_scale` functions, but the student used `step_normalize`. Additionally, `broom::tidy()` is called outside the pipe chain on the un-prepped recipe object, failing to examine the prepped steps as required.","All three models are correctly defined with appropriate engines and tunable parameters (`penalty`, `mixture`, `min_n`, `trees`). `set_mode` is included for the random forest model.",Code correctly calls `parsnip::translate()` on all three model objects.,Code correctly sets seed and creates bootstrap samples using `rsample::bootstraps()` on the training data.,"Code correctly creates the workflow set with the recipe and models, and unnests the info column to examine the structure.","Code correctly maps `tune_grid` across workflows and uses the required dplyr/tidyr chain to unnest metrics, filter for rmse, group, arrange, and slice.",Code correctly calls `workflowsets::rank_results()` with the specified parameters and includes markdown comparing the results to Exercise 8.,"The student correctly extracts and finalizes the workflow. However, the rubric requires fitting the model using `fit()` on both training and test data to compare performance. The student manually calculated MSE using `predict()` and custom code instead of using the `fit()` function as specified in the rubric's ProcessFidelity and CodeExecution checks."
49,25,25,"The student demonstrated a strong understanding of the tidymodels workflow, particularly in model specification, tuning, and ranking. Points were deducted primarily for missing specific parameters in data splitting (strata), incorrect recipe step functions (normalize vs center/scale), and deviating from the prescribed `fit()` method for final model evaluation in Exercise 10. Ensure strict adherence to function names and parameters specified in the rubric.",2,2,1,3,3,3,3,3,3,2,"Code executes `skimr::skim(dat)` correctly and markdown answers the missing data question. However, the rubric specifies using the pipe operator `|>` to pass data to `skim()`, which is missing here (direct argument used instead).","Code correctly sets seed, creates split, and extracts train/test sets. However, the rubric requires `strata = 'Sale_Price'` in `initial_split()`, which is missing from the student's code.","The recipe structure is present, but there are significant process fidelity issues. The rubric requires separate `step_center` and `step_scale` (student used `step_normalize`), specific `base = exp(1)` for log transform (missing), and explicit `prep()` and `tidy()` calls for examination. The student's code chains `prep` and `tidy` incorrectly within the recipe definition block and lacks the required separate examination step.","All three models (`lm_mod_base`, `lm_mod_glmnet`, `lm_mod_rforest`) are correctly defined with appropriate engines and tunable parameters (`penalty`, `mixture`, `min_n`, `trees`). `set_mode` is included for the random forest model.",Code correctly calls `parsnip::translate()` on all three model objects as required.,Code correctly sets seed and creates bootstrap samples using `rsample::bootstraps(ames_train)`.,"Code correctly creates `all_workflows` using `workflow_set` with the recipe and models, and uses `tidyr::unnest(info)` to examine the structure.","Code correctly maps `tune_grid` via `workflow_map`, then unnests results, filters for 'rmse', groups by `wflow_id`, arranges by `.estimate` descending, and slices the first row. The workflow matches the rubric requirements.",Code correctly calls `workflowsets::rank_results` with `rank_metric = 'rmse'` and `select_best = TRUE`. Markdown compares results to Exercise 8.,"The student extracts the best workflow and finalizes it with correct parameters. However, the rubric requires fitting the model using `fit()` on both training and test data to compare performance. The student manually calculates MSE using `predict()` and custom code instead of using the standard `fit()` workflow output as specified in the rubric's process fidelity checks."
50,25,25,"The student demonstrated a strong understanding of the tidymodels workflow, correctly implementing model specification, resampling, and tuning. Points were deducted primarily for missing specific syntax requirements (pipe operator, stratification) and deviations from the expected process in the final evaluation step (manual MSE calculation vs. direct workflow fitting). Ensure all rubric-specific function calls and parameters are included in future submissions.",2,2,1,3,3,3,3,3,3,2,"Code executes `skimr::skim(dat)` correctly and markdown correctly identifies no missing data. However, the rubric requires using the pipe operator `|>` to pass data to the function (e.g., `dat |> skimr::skim()`), which is missing here.","Code correctly sets seed, creates split, and extracts train/test sets. However, the rubric requires using `strata = 'Sale_Price'` in `initial_split`, which is missing from the student's code.","The student defines the recipe and preps it, but fails to use `broom::tidy()` to examine the steps as required by the rubric. Additionally, `step_normalize` combines center/scale, which is acceptable, but the lack of `tidy()` output examination results in a deduction for OutputAccuracy.",All three models are correctly defined with appropriate engines and tunable parameters (`tune()`). The process fidelity and code execution are correct.,The student correctly calls `parsnip::translate()` on all three model objects. Code execution and process fidelity are met.,The student correctly sets the seed and creates bootstrap samples using `rsample::bootstraps(ames_train)`. All criteria are met.,"The student correctly creates the workflow set with the recipe and models, and uses `tidyr::unnest(info)` to examine the structure. All criteria are met.","The student correctly maps `tune_grid` across workflows and then unnests results, filters for RMSE, groups by workflow ID, arranges by estimate, and slices the first row. The workflow matches the rubric requirements.",The student correctly calls `workflowsets::rank_results` with the specified parameters and compares the output to previous results. All criteria are met.,"The student extracts the best workflow and finalizes it. However, the rubric expects fitting the finalized workflow directly using `fit()` on both training and test data to compare performance. The student instead manually calculated MSE using `predict()` and custom code, deviating from the expected process fidelity of using `fit()` on the workflow object directly."
