Run,Total,OverallComment,Q1,Q2,Q3,Q4,Q5,Q6,Q7,Q8,Q9,Q10,Q1_feedback,Q2_feedback,Q3_feedback,Q4_feedback,Q5_feedback,Q6_feedback,Q7_feedback,Q8_feedback,Q9_feedback,Q10_feedback
1,16,"You completed the early parts of the lab reasonably well, including the recipe, model specifications, bootstraps, and rank_results call. However, the workflow_set creation, tuning summary, and final model extraction/fitting are largely unfinished or left as placeholders. To improve, focus on fully replacing template code (____) with working objects and completing the full workflow/tuning/finalization sequence in later exercises.",1,2,3,2,3,3,0,0,2,0,"You correctly called skimr::skim(), but did not use the pipe from dat and you reassigned dat unnecessarily. Also, the written conclusion about missing data contradicts the expected answer of no missing data.","You set the seed and used rsample::initial_split(), training(), and testing() with a 0.75 prop. However, you omitted the required strata = 'Sale_Price' argument in initial_split.","Your recipe uses the correct formula, logs the outcome with base = exp(1), pools Neighborhood with step_other, creates dummies, and then centers/scales predictors in a reasonable order. Although you did not show prep/tidy, the core preprocessing steps are correctly specified.","You correctly specified the three parsnip models and used tune() for penalty/mixture and trees/min_n, and set the ranger model to regression mode. However, you did not explicitly set the mode for the lm and glmnet models as in the rubric’s expected process.","You applied parsnip::translate() to each of the three model objects, which matches the required workflow and will display the engine-specific templates.","You set the seed and created train_resamples with rsample::bootstraps(ames_train), matching the expected process and output structure.","The workflow_set call still contains placeholders (____) and you did not unnest the info column, so the workflows are not actually created or examined.","The code block is left in template form with placeholders (__, '___') and is not a valid sequence of select/unnest/filter/group/arrange/slice operations, so the required tuning summary is missing.","You correctly called workflowsets::rank_results(all_workflows, rank_metric = 'rmse', select_best = TRUE), but you did not comment on or compare the output to Exercise 8 as requested.","All three parts of Exercise 10 still contain placeholders and do not extract the base_forest workflow, finalize with best parameters, or fit/train-test models, so the final model selection and comparison are missing."
2,16,"You completed the early parts of the lab reasonably well, especially the recipe, model specifications, and bootstrap resampling. However, the workflowsets portion (Exercises 7–10) is largely unfinished, with placeholders left in place and no final model selection or performance comparison. To improve, focus on fully replacing template code, constructing the workflow_set, tuning via workflow_map, and then extracting and finalizing the best model to compare train/test performance.",1,2,3,2,3,3,0,0,2,0,"You correctly called skimr::skim() on dat, but did not use the pipe as requested and your written conclusion about missing data contradicts the expected answer of no missingness in this version of ames.","You set the seed and used rsample::initial_split(), training(), and testing() with a 0.75 prop, but you omitted the required strata = 'Sale_Price' argument.","Your recipe uses the correct formula, log-transforms the outcome, pools Neighborhood, creates dummies, and then centers/scales predictors; this matches the required steps and order, though you did not show prep/tidy output.","You defined all three models with appropriate engines and tuned parameters, but you did not explicitly set mode = 'regression' for the lm and glmnet models as in the expected workflow.","You correctly applied parsnip::translate() to each of the three model objects, matching the expected process.","You set the seed and created train_resamples with rsample::bootstraps(ames_train), which aligns with the required bootstrap resampling process.","The workflow_set call still contains placeholders (____) and you did not unnest the info column, so the workflows were not actually constructed or examined.","The code block retains template placeholders (__) and '___' and does not specify the correct columns or metric, so the unnesting, filtering, and ranking steps are incomplete.","You correctly called workflowsets::rank_results(all_workflows, rank_metric = 'rmse', select_best = TRUE), but you did not comment on or compare the output to your (missing) Exercise 8 results.","All parts of Exercise 10 still contain placeholders for workflow id, parameter names, values, and the MSE ratio, so the best model is neither finalized nor fit to train/test data."
3,16,"You completed the early parts of the lab reasonably well, especially the recipe, model specifications, and bootstrap resampling. However, the workflowsets portion (Exercises 7–10) is largely unfinished, which prevents building, tuning, and comparing models. To improve, focus on replacing all template placeholders with working code and carrying the workflow through to tuning, ranking, and final model evaluation.",1,2,3,2,3,3,0,0,2,0,"You correctly called skimr::skim(), but did not use the pipe from dat and you reassigned dat unnecessarily. The written conclusion about missing data contradicts the expected answer of no missing data.","You set the seed, used rsample::initial_split(), and created ames_train and ames_test with a 0.75 prop, but you omitted the required strata = 'Sale_Price' argument.","Your recipe uses the correct formula, logs the outcome with base = exp(1), pools Neighborhood, creates dummies, and then centers/scales predictors in a reasonable order; this matches the expected preprocessing steps.","You correctly specified the three parsnip models and tuned the right parameters, but you did not explicitly set the mode for the two linear_reg models as in the rubric’s expected workflow.","You applied parsnip::translate() to each of the three model objects, which is exactly what was required to inspect the engine-specific templates.","You set the seed and created train_resamples with rsample::bootstraps(ames_train), matching the expected bootstrap resampling process.","The workflow_set call still contains placeholders (____) and you did not unnest the info column, so the workflow set was not actually constructed or examined.","The code block is left with template placeholders (__) and '___', so the required unnesting, filtering for rmse, grouping, and arranging steps are incomplete.","You correctly called workflowsets::rank_results(all_workflows, rank_metric = 'rmse', select_best = TRUE), but you did not include any comparison or commentary relative to your (missing) Exercise 8 results.","All parts of Exercise 10 still contain placeholders and no concrete workflow id, parameter values, or MSE ratio are provided, so the best model is not finalized or evaluated."
4,16,"You completed the early parts of the lab reasonably well, especially the recipe and model specifications, and your bootstrap setup is correct. However, the workflowset creation, tuning, result summarization, and final model selection/fitting are largely unfinished or left as templates. To improve, focus on fully replacing placeholders, following the specified arguments (e.g., stratification, mode), and carrying the workflow through to tuning and evaluation on train and test data.",1,2,3,2,3,3,0,0,2,0,"You correctly loaded `dat` and used `skimr::skim(dat)`, but did not use the pipe as requested and your written conclusion about missing data contradicts the expected answer of no missingness.","You set the seed and used `rsample::initial_split`, `training`, and `testing` with a 0.75 prop, but you omitted `strata = 'Sale_Price'` in the split.","Your recipe uses the correct formula, logs the outcome with base exp(1), pools Neighborhood, creates dummies, and then centers/scales predictors in a reasonable order; this matches the required preprocessing steps.","You correctly specified the three parsnip models and tuned the right parameters, but you did not explicitly set the mode to 'regression' for the lm and glmnet models as in the expected workflow.","You applied `parsnip::translate()` to each of the three model objects, which is exactly what was required for examining the engine-specific templates.","You set the seed and created `train_resamples` with `rsample::bootstraps(ames_train)`, matching the expected bootstrap resampling process.","The workflow set code is left with placeholders (`____`) and the unnesting of the info column is missing, so the workflows are not actually created or examined.","The code block still contains template placeholders (`__`, '___') and is not completed, so the metrics are not unnested, filtered, or summarized as required.","You included the correct `workflowsets::rank_results(all_workflows, rank_metric = 'rmse', select_best = TRUE)` call, but did not comment on or compare the output to your (missing) Exercise 8 results.","All parts of Exercise 10 remain as templates with `__` placeholders; you did not extract a specific workflow, finalize it with best parameters, fit on train/test, or compute the MSE ratio."
5,16,"You completed the early parts of the lab reasonably well, especially the recipe, model specifications, translation, and bootstrapping. However, the workflowsets portion (Exercises 7–10) is largely unfinished, which prevents building, tuning, and evaluating the models. To improve, focus on replacing all template placeholders with concrete code and following through the full workflow from workflow_set creation to final model evaluation.",1,2,3,2,3,3,0,0,2,0,"You correctly called skimr::skim() on dat, but did not use the pipe as requested and your written conclusion about missing data contradicts the expected answer of no missingness.","You set the seed and used rsample::initial_split(), training(), and testing() with a 0.75 prop, but you omitted the required strata = 'Sale_Price' argument.","Your recipe uses the correct formula, logs the outcome, pools Neighborhood, creates dummies, and then centers/scales predictors; this matches the required transformations and order closely enough, though you did not show prep/tidy output.","You defined all three models with appropriate engines and tuned parameters, but you did not explicitly set mode = 'regression' for the first two models as specified in the rubric.","You correctly applied parsnip::translate() to each of the three model objects, which matches the expected workflow and output structure.","You set the seed and created train_resamples with rsample::bootstraps(ames_train), which is exactly the required process and object.","You left the workflow_set call with placeholders (____) and did not unnest the info column, so the workflows were not created or examined as required.","The code block still contains template placeholders (__) and '___' and is not a valid pipeline, so the required unnesting, filtering for rmse, grouping, and ranking are missing.","You correctly called workflowsets::rank_results(all_workflows, rank_metric = 'rmse', select_best = TRUE), but you did not comment on or compare the output to Exercise 8 as requested.","All three parts of Exercise 10 still contain placeholders (""__"") and no parameters, so you did not extract the best workflow, finalize it, fit on train/test, or compute the MSE ratio."
6,16,"You completed the early parts of the lab reasonably well, especially the recipe, model specifications, and bootstrap resampling. However, the workflowsets portion (Exercises 7–10) is largely unfinished, which prevents building, tuning, and evaluating the models. To improve, focus on replacing all template placeholders with working code and following the exact arguments and steps specified in the rubric (e.g., using strata in splits and setting modes explicitly).",1,2,3,2,3,3,0,0,2,0,"You correctly called skimr::skim(), but did not use the pipe from dat as specified and your written conclusion about missing data contradicts the expected answer of no missing data.","You set the seed and used initial_split(), training(), and testing() with the correct prop, but omitted the required strata = 'Sale_Price' argument.","Recipe uses the correct formula, logs the outcome, pools Neighborhood, creates dummies, and then centers/scales predictors; this matches the required transformations and order closely enough.","You defined all three models with appropriate engines and tuned parameters, but did not explicitly set mode = 'regression' for the lm and glmnet models as required by the rubric.","You correctly applied parsnip::translate() to each of the three model objects, matching the expected workflow.","You set the seed and created train_resamples with rsample::bootstraps(ames_train), which matches the expected process and output.","The workflow_set call still contains placeholders (____) and you did not unnest the info column, so the workflows were not created or examined as required.","The code block is left with template placeholders (__) and '___', so the unnesting, filtering for rmse, grouping, and arranging steps are incomplete.","You correctly called workflowsets::rank_results(all_workflows, rank_metric = 'rmse', select_best = TRUE), but did not include any comparison or commentary relative to Exercise 8.","All Q10 parts retain placeholders for workflow id, parameter names, and values, and you did not compute or report the test/train MSE ratio, so the best model is not finalized or evaluated."
7,16,"You completed the early parts of the lab reasonably well, especially the recipe, model specifications, and bootstrap resampling. However, the workflowsets portion (Exercises 7–10) is largely unfinished, which prevents you from tuning, comparing, and finalizing models. To improve, focus on fully replacing template placeholders, using the specified arguments (e.g., strata in splits), and carrying the workflow through to model selection and evaluation.",1,2,3,2,3,3,0,0,2,0,"You correctly used skimr::skim(), but did not use the pipe operator as specified and your written conclusion about missing data contradicts the expected answer of no missing data.","You set the seed and used rsample::initial_split(), training(), and testing() with a 0.75 split, but you omitted the required strata = 'Sale_Price' argument.","Your recipe uses the correct formula, log-transforms the outcome, pools Neighborhood, creates dummies, and then centers/scales predictors in a reasonable order; this matches the required preprocessing steps.","You correctly specified the three parsnip models and tuned the right parameters, but you did not explicitly set mode = 'regression' for the lm and glmnet models as in the expected workflow.","You applied parsnip::translate() to each of the three model objects, which is exactly what was required for examining the engine-specific templates.","You set the seed and created train_resamples with rsample::bootstraps(ames_train), matching the expected bootstrap resampling process.","The workflow_set call is left with placeholders (____) and you did not unnest the info column, so the workflows are not actually created or examined.","The code block still contains template placeholders (__) and '___', so the required select, unnest, filter for rmse, group_by, arrange, and slice steps are not correctly implemented.","You correctly called workflowsets::rank_results(all_workflows, rank_metric = 'rmse', select_best = TRUE), but you did not include any comparison or commentary relating it back to your (missing) Exercise 8 results.","All three parts of Exercise 10 still contain placeholders and are unevaluated; you did not extract the best workflow, finalize it with specific parameters, or fit and compare train/test performance."
8,16,"You completed the early steps well, including data preprocessing, model specification, translation, and bootstrapping. However, the workflowset creation, tuning, and model finalization sections (Exercises 7–10) are largely unfinished, which prevents demonstrating the full tidymodels workflow. Focus on replacing all placeholders, adding strata where required, and carrying the workflow through tuning, selection, and performance comparison.",1,2,3,2,3,3,0,0,2,0,"You used skimr::skim(), but did not pipe dat into skim (as required) and your written conclusion about missing data contradicts the expected answer of no missingness.","You correctly used set.seed(), initial_split(), training(), and testing() with a 0.75 prop, but you omitted the required strata = 'Sale_Price' argument.","Recipe uses the correct formula, log-transforms the outcome, pools Neighborhood, creates dummies, and then centers/scales predictors in a reasonable order; this matches the required preprocessing steps.","You correctly specified the three parsnip models and tuned parameters, but you did not explicitly set mode = 'regression' for the lm and glmnet models as in the expected workflow.","You applied parsnip::translate() to each of the three model objects as required, which would display the underlying engine-specific templates.","You set the seed and created train_resamples with rsample::bootstraps(ames_train), matching the expected bootstrap resampling process.","The workflow_set call still contains placeholders (____) and you did not unnest the info column, so the workflows were not created or examined as required.","The code block is left with template placeholders (__, '___') and is incomplete, so the metrics are not unnested, filtered, or summarized as specified.","You correctly called workflowsets::rank_results(all_workflows, rank_metric = 'rmse', select_best = TRUE), but you did not comment on or compare these results to Exercise 8 as requested.","All parts of Exercise 10 still contain placeholders and are incomplete; you did not extract the best workflow, finalize it with parameters, fit on train/test, or report the MSE ratio."
9,16,"You completed the early parts of the lab reasonably well, especially the recipe, model specifications, and bootstrap resampling. However, the workflowsets section (Exercises 7–10) is largely unfinished, with placeholders left in place and no final model comparison. To improve, focus on fully implementing the workflow_set, workflow_map, and model finalization steps, and ensure your written interpretations match the expected results in the rubric.",1,2,3,2,3,3,0,0,2,0,"You used skimr::skim() on dat, but did not use the pipe operator as requested and your written conclusion about missing data contradicts the expected answer of no missingness.","You correctly set the seed, used rsample::initial_split(), and created ames_train and ames_test, but you omitted the required strata = 'Sale_Price' argument in the split.","Your recipe uses the correct formula, logs the outcome, pools Neighborhood, creates dummies, and then centers/scales predictors; this matches the required transformations and order closely enough, though you did not show prep/tidy output.","You correctly specified linear_reg and rand_forest models with appropriate engines and tunable parameters, but you did not explicitly set the mode for the lm and glmnet models as required by the rubric.","You applied parsnip::translate() to each of the three model objects, which is exactly the required workflow for examining the engine-specific templates.","You set the seed and created train_resamples with rsample::bootstraps(ames_train), matching the expected process and output structure.","The workflow_set call still contains placeholders (____) and you did not unnest the info column, so the workflows were not actually created or examined.","The code block is left with template placeholders (__) and '___', so the required unnesting, filtering for rmse, grouping, and arranging are not implemented.","You correctly called workflowsets::rank_results(all_workflows, rank_metric = 'rmse', select_best = TRUE), but you did not comment on or compare the output to your (missing) Exercise 8 results.","All parts of Exercise 10 still contain placeholders for workflow id, parameter names, values, and the MSE ratio, so the best model is neither finalized nor fit to train/test data."
10,16,"You completed the early parts of the lab well, especially the recipe, model specifications, and bootstrap resampling. However, the workflowsets portion (Exercises 7–10) is largely unfinished, which prevents building, tuning, and comparing models. To improve, focus on replacing all template placeholders with working code and following the exact arguments and steps specified in the rubric (e.g., stratified splits, explicit modes, and full workflow mapping and ranking).",1,2,3,2,3,3,0,0,2,0,"You correctly used skimr::skim(), but did not use the pipe operator as specified and your written conclusion about missing data contradicts the expected answer of no missing data.","You set the seed and used rsample::initial_split(), training(), and testing() with a 0.75 split, but you omitted the required strata = 'Sale_Price' argument.","Your recipe uses the correct formula, logs the outcome, pools Neighborhood, creates dummies, and then centers/scales predictors; this matches the required transformations and reasonable step order.","You correctly specified the three parsnip models and tuned parameters, but you did not explicitly set the mode for the first two models as required by the rubric.","You applied parsnip::translate() to each of the three model objects, which matches the expected workflow and will show the correct engine-specific templates.","You set the seed and created train_resamples with rsample::bootstraps(ames_train), which matches the expected process and output.","The workflow_set call still contains placeholders (____) and you did not unnest the info column, so the workflows are not actually created or examined.","The code block is left with template placeholders (__) and '___', so the required select, unnest, filter for rmse, grouping, and arranging steps are incomplete.","You correctly called workflowsets::rank_results(all_workflows, rank_metric = 'rmse', select_best = TRUE), but you did not include any comparison or commentary relative to Exercise 8.","All parts of Exercise 10 still contain placeholders and no concrete workflow id, parameters, or MSE ratio are provided, so the best model is not finalized or evaluated."
11,16,"You completed the early parts of the lab reasonably well, especially the recipe, model specifications, and bootstrap resampling. However, the workflowset creation, tuning, and model finalization sections are largely unfinished, which prevents demonstrating the full tidymodels workflow. To improve, focus on replacing all template placeholders with working code and following through to the final model comparison steps.",1,2,3,2,3,3,0,0,2,0,"You correctly called skimr::skim(dat), but did not use the pipe as requested and your written conclusion about missing data contradicts the expected answer of no missing data.","You set the seed and used rsample::initial_split(), training(), and testing() with the correct prop, but you omitted the required strata = 'Sale_Price' argument.","Your recipe uses the correct formula, logs the outcome, pools Neighborhood, creates dummies, and then centers/scales predictors; this matches the required transformations and reasonable step order, though you did not show prep/tidy output.","You defined all three models with appropriate engines and tuned parameters, but you did not explicitly set the mode for the lm and glmnet models as required by the rubric.","You correctly applied parsnip::translate() to each of the three model objects, which is exactly what was requested.","You set the seed and created train_resamples with rsample::bootstraps(ames_train), matching the expected process and output structure.","The workflow_set call still contains placeholders (____) and you did not unnest the info column, so the workflows are not actually created or examined.","The code block is left with template placeholders (__) and '___', so the unnesting, filtering for rmse, grouping, and arranging steps are incomplete.","You correctly called workflowsets::rank_results(all_workflows, rank_metric = 'rmse', select_best = TRUE), but you did not comment on or compare the output to Exercise 8 as instructed.","All parts of Exercise 10 still contain placeholders and no concrete workflow id, parameters, or MSE ratio are provided, so the best model is not finalized or evaluated."
12,16,"You completed the early parts of the lab reasonably well, including the recipe, model specifications, bootstraps, and rank_results call. However, the key workflowsets sections (Exercises 7–8 and 10) are largely left in template form with placeholders, so the end-to-end tuning and model finalization are missing. Focus on fully replacing all placeholders, adding the required arguments (e.g., strata in initial_split, set_mode for all models), and completing the workflow_set and tuning pipeline in future labs.",1,2,3,2,3,3,0,0,2,0,"You correctly called skimr::skim() on dat, but did not use the pipe operator and you concluded there was missing data instead of noting no missingness per the rubric.","You set the seed and used initial_split(), training(), and testing() with prop = 0.75, but you omitted the required strata = 'Sale_Price' argument.","Your recipe uses the correct formula, log-transforms the outcome, pools Neighborhood, creates dummies, and then centers/scales predictors; this matches the expected steps and order.","You defined all three models with appropriate engines and tuned parameters, but you did not explicitly set the mode for the lm and glmnet models as required by the rubric.","You applied parsnip::translate() to each of the three model objects, which matches the expected workflow and should yield the correct templates.","You set the seed and created train_resamples with rsample::bootstraps(ames_train), correctly following the expected process.","The workflow_set call still contains placeholders (____) and you did not unnest the info column, so the workflows were not actually constructed or examined.","The code block retains template placeholders (__) and '___' and is incomplete, so the required unnesting, filtering for rmse, grouping, and ranking are not implemented.","You correctly called workflowsets::rank_results() with the specified arguments, but you did not include any comparison or commentary relative to your (missing) Exercise 8 results.","All Q10 parts still contain placeholders and no specific workflow id, parameters, or MSE ratio are provided, so the best model is neither finalized nor fit to train/test data."
13,16,"You completed the early parts of the lab reasonably well, especially the recipe and model specifications, and your bootstrap setup is correct. However, the workflowset creation, tuning, and model finalization sections (Exercises 7–10) are largely unfinished with placeholders left in place. To improve, focus on fully replacing template code, using the required arguments (e.g., stratification, workflow ids, parameter names), and carrying analyses through to final model comparison and interpretation.",1,2,3,2,3,3,0,0,2,0,"You correctly called skimr::skim(), but did not use the pipe from dat and you reassigned dat unnecessarily. Also, the written conclusion about missing data contradicts the expected answer of no missing data.","You set the seed and used initial_split(), training(), and testing() with prop = 0.75, but you omitted the required strata = 'Sale_Price' argument. Add stratification on Sale_Price to fully match the rubric.","Your recipe uses the correct formula, logs the outcome with base = exp(1), pools Neighborhood, creates dummies, and then centers/scales predictors. Although you did not show prep/tidy, the specified transformations and order are correct.","You correctly specified the three parsnip models and used tune() for the glmnet and ranger parameters, but you did not explicitly set mode = 'regression' for the first two models as in the expected workflow.","You applied parsnip::translate() to each of the three model objects, which matches the required process and would display the correct engine-specific templates.","You set the seed and created train_resamples with rsample::bootstraps(ames_train), matching the expected bootstrap resampling workflow.","The workflow_set call still contains placeholders (____) and you did not unnest the info column, so the workflows were not actually constructed or examined.","The code block retains template placeholders (__) and '___' and does not specify the correct columns or metric, so the unnesting, filtering for rmse, and ranking steps are incomplete.","You correctly called workflowsets::rank_results(all_workflows, rank_metric = 'rmse', select_best = TRUE), but you did not comment on or compare these results to those from Exercise 8.","All Q10 parts still contain placeholders for the workflow id and best parameters, and you did not compute or report the test/train MSE ratio, so the best model is not finalized or evaluated."
14,16,"You completed the early parts of the lab reasonably well, including the recipe, model specifications, and bootstrap resampling. However, the key workflowsets steps (building the workflow set, tuning, extracting best results, and finalizing/fitting the best model) are largely unfinished or left as templates. Focus on replacing all placeholders, using strata in your split, and carrying the workflowsets pipeline through to model comparison and final evaluation.",1,2,3,2,3,3,0,0,2,0,"You correctly called skimr::skim() on dat, but did not use the pipe as requested and your written conclusion about missing data contradicts the expected answer of no missingness in this version of ames.","You set the seed and used rsample::initial_split(), training(), and testing() with a 0.75 prop, but you omitted the required strata = 'Sale_Price' argument.","Your recipe uses the correct formula, logs the outcome, pools Neighborhood, creates dummies, and then centers/scales predictors; this matches the required transformations and order closely enough.","You correctly specified the three parsnip models and tuned penalty/mixture and trees/min_n, but you did not explicitly set mode = 'regression' for the first two models as in the expected workflow.","You applied parsnip::translate() to each of the three model objects as required, which would display the underlying engine-specific templates.","You set the seed and created train_resamples with rsample::bootstraps(ames_train), matching the expected bootstrap resampling process.","The workflow_set call still contains placeholders (____) and you did not unnest the info column, so the workflows were not actually constructed or examined.","The code block is left in template form with __ and '___' placeholders, so the required unnesting, filtering for rmse, grouping, and ranking are not implemented.","You correctly called workflowsets::rank_results(all_workflows, rank_metric = 'rmse', select_best = TRUE), but you did not comment on or compare the output to your (missing) Exercise 8 results.","All three parts of Exercise 10 still contain placeholders and are unevaluated; you did not extract a specific workflow, finalize it with best parameters, fit on train/test, or compute the MSE ratio."
15,17,"You completed the early parts of the lab reasonably well, especially the recipe, model specifications, bootstraps, and rank_results call. However, the workflowset creation, tuning results extraction, and final model selection/fitting are largely unfinished with placeholders left in place. Focus on fully replacing template code (____) and following the specified arguments (e.g., strata, mode, workflow ids) to complete the full modeling workflow in future labs.",1,2,3,2,3,3,0,0,3,0,"You correctly called skimr::skim() on dat, but did not use the pipe operator and you redefined dat unnecessarily. Also, the written conclusion about missing data contradicts the expected answer of no missing data.","You set the seed, used rsample::initial_split(), and created ames_train and ames_test with a 75% split, but you omitted the strata = 'Sale_Price' argument required by the rubric.","Your recipe uses the correct formula, logs the outcome with base = exp(1), pools Neighborhood, creates dummies, and then centers/scales predictors. Although you did not show prep/tidy, the core preprocessing steps and order are correct.","You correctly specified linear_reg and rand_forest models with appropriate tunable parameters and engines, but you did not explicitly set the mode for the lm and glmnet models as required by the rubric.","You applied parsnip::translate() to each of the three model objects, which matches the expected workflow and will display the correct engine-specific templates.","You set the seed and created train_resamples with rsample::bootstraps(ames_train), matching the expected process and output structure.","The workflow_set call still contains placeholders (____) and you did not unnest the info column, so the workflows are not actually created or examined.","The code block retains template placeholders (__) and '___' and does not specify the correct columns or metric, so the required unnesting, filtering, and ranking steps are incomplete.","You correctly called workflowsets::rank_results(all_workflows, rank_metric = 'rmse', select_best = TRUE) as required; the comparison to Q8 is implied but not shown in detail.","All Q10 parts still contain placeholders for workflow id, parameter names, values, and the final MSE ratio, so the best model is neither finalized nor fit to train/test data."
16,16,"You completed the early parts of the lab reasonably well, especially the recipe and model specifications, and correctly used translate() and bootstraps(). However, the workflowsets portion (Exercises 7–10) is largely unfinished, which prevents end-to-end model tuning and comparison. To improve, focus on replacing all template placeholders, using the required arguments (e.g., strata in splits), and carrying the workflow through to tuning, ranking, and final model evaluation.",1,2,3,2,3,3,0,0,2,0,"You correctly called skimr::skim(), but did not use the pipe from dat and you reassigned dat unnecessarily. Also, the written conclusion about missing data contradicts the expected answer of no missing data.","You set the seed, used rsample::initial_split(), and created ames_train and ames_test with a 0.75 prop, but you omitted the required strata = 'Sale_Price' argument.","Your recipe uses the correct formula, logs the outcome with base = exp(1), pools Neighborhood, creates dummies, and centers/scales predictors in a reasonable order. Although you did not show prep/tidy code, the core preprocessing steps are correctly specified.","You correctly specified the three parsnip models and used tune() for the appropriate parameters, but you did not explicitly set the mode for the first two models as required by the rubric.","You applied parsnip::translate() to each of the three model objects, matching the expected workflow and allowing inspection of the engine-specific templates.","You set the seed and created train_resamples with rsample::bootstraps(ames_train), which matches the expected process and output structure.","The workflow_set call still contains placeholders (____) and you did not unnest the info column, so the workflows were not actually created or examined.","The code block retains template placeholders (__) and '___' and does not specify the correct columns or metric, so the required unnesting, filtering, and ranking steps are incomplete.","You correctly called workflowsets::rank_results(all_workflows, rank_metric = 'rmse', select_best = TRUE), but you did not comment on or compare these results to those from Exercise 8.","All Q10 parts still contain placeholders for workflow id, parameter names, values, and the MSE ratio, so the best model is neither finalized nor fit to train/test data."
17,16,"You completed the early parts of the lab reasonably well, especially the recipe, model specifications, translation, and bootstrapping. However, the workflowsets portion (creating workflows, tuning, extracting best results, and finalizing/fitting the best model) is largely unfinished with many placeholders left in place. Focus on fully implementing the workflow_set, workflow_map, and best-model extraction steps in future labs so you can carry models through to evaluation and comparison.",1,2,3,2,3,3,0,0,2,0,"You correctly called skimr::skim(), but did not use the pipe as requested and your written conclusion about missing data contradicts the expected answer of no missing values.","You set the seed and used initial_split(), training(), and testing() with a 0.75 prop, but you omitted the required strata = 'Sale_Price' argument.","Your recipe uses the correct formula, logs the outcome, pools Neighborhood, creates dummies, and then centers/scales predictors; this matches the required transformations and reasonable step order, though you did not show prep/tidy output.","You defined all three models with appropriate engines and tuned parameters, but you did not explicitly set mode = 'regression' for the lm and glmnet models as in the expected workflow.","You correctly applied parsnip::translate() to each of the three model objects, which is exactly what was required.","You set the seed and created train_resamples with rsample::bootstraps(ames_train), matching the expected bootstrap resampling process.","The workflow_set call still contains placeholders (____) and you did not unnest the info column, so the workflows were not created or examined as required.","The code block is left with template placeholders (__) and '___', so the unnesting, filtering for rmse, grouping, and arranging steps are incomplete.","You correctly called workflowsets::rank_results(all_workflows, rank_metric = 'rmse', select_best = TRUE), but you did not comment on or compare the output to your (missing) Exercise 8 results.","All parts of Exercise 10 still contain placeholders and no specific workflow id, parameters, or MSE ratio are provided, so the best model is not finalized or evaluated."
18,16,"You completed the early parts of the lab reasonably well, including defining the recipe, models, and bootstrap resamples, and using translate() and rank_results(). However, key workflowsets steps (creating the workflow_set, tuning, extracting best parameters, and finalizing/fitting the best model) are incomplete or left as placeholders. Focus on fully replacing template code, including strata in splits, and carrying the workflow through tuning and evaluation in future labs.",1,2,3,2,3,3,0,0,2,0,"You correctly called skimr::skim(), but did not use the pipe from dat and you reassigned dat unnecessarily. Also, the written conclusion about missing data contradicts the expected answer of no missing data.","You set the seed, used rsample::initial_split(), and created ames_train and ames_test with a 75% split, but you omitted the required strata = 'Sale_Price' argument.","You created norm_recipe with the correct formula, applied log to the outcome, pooled Neighborhood, created dummies, and centered/scaled predictors in a reasonable order. Although you did not show prep/tidy code, the recipe itself satisfies the specified transformations.","You defined all three models with the correct parsnip functions and engines, and tuned the right parameters, but you did not explicitly set the mode for the lm and glmnet models as required by the rubric.","You correctly called parsnip::translate() on each of the three model objects, which matches the expected workflow and will display the engine-specific templates.","You set the seed and created train_resamples with rsample::bootstraps(ames_train), matching the expected process and output structure.","The workflow_set call still contains placeholders (____) and you did not unnest the info column, so the workflows were not actually created or examined.","The code block retains template placeholders (__) and '___' and is incomplete, so the required unnesting, filtering for rmse, grouping, and ranking are not implemented.","You correctly called workflowsets::rank_results(all_workflows, rank_metric = 'rmse', select_best = TRUE), but you did not comment on or compare the output to your (missing) Exercise 8 results.","All Q10 parts still contain placeholders for workflow id and tuning parameters, and you did not compute or report the test/train MSE ratio, so the best model is not finalized or evaluated."
19,16,"You completed the early parts of the lab reasonably well, especially the recipe and model specifications, and your bootstrap setup is correct. However, the workflowset creation, tuning, and model finalization sections (Exercises 7–10) are largely unfinished, which prevents demonstrating the full tidymodels workflow. To improve, focus on replacing all template placeholders with working code and carrying the workflow through to tuning, selection, and performance comparison.",1,2,3,2,3,3,0,0,2,0,"You correctly used skimr::skim(), but did not use the pipe operator as specified and your written conclusion about missing data contradicts the expected answer of no missing data.","You set the seed and used initial_split(), training(), and testing(), but omitted the required strata = 'Sale_Price' argument; otherwise the process is correct.","Your recipe uses the correct formula, logs the outcome, pools Neighborhood, creates dummies, and then centers/scales predictors in a reasonable order; this matches the required preprocessing steps.","You correctly specified the three parsnip models and tuned parameters, but did not explicitly set the mode for the first two models as in the rubric’s expected workflow.","You applied parsnip::translate() to each of the three model objects as required, which would display the correct engine-specific templates.","You set the seed and created train_resamples with rsample::bootstraps(ames_train), matching the expected bootstrap resampling process.","The workflow_set call still contains placeholders (____) and you did not unnest the info column, so the workflows are not actually created or examined.","The code block is left with template placeholders (__) and '___', so the unnesting, filtering for rmse, grouping, and arranging steps are incomplete.","You correctly called workflowsets::rank_results() with the right arguments, but did not include any comparison or commentary relating it back to your (missing) Exercise 8 results.","All Q10 parts retain placeholders for workflow id, parameter names, and values, and you did not compute or report the test/train MSE ratio, so the model finalization and comparison are incomplete."
20,16,"You completed the early parts of the lab reasonably well, especially the recipe, model specifications, and bootstrap resampling. However, the workflowset construction, tuning results extraction, and final model selection/comparison are largely incomplete due to remaining placeholders. Focus on fully replacing template code (____) and following through the workflowsets steps to the final performance comparison in future labs.",1,2,3,2,3,3,0,0,2,0,"You correctly used skimr::skim(), but did not use the pipe from dat to skim in a single step and your written conclusion about missing data contradicts the expected answer of no missing data.","You set the seed and used rsample::initial_split(), training(), and testing() with the correct 0.75 proportion, but you omitted the required strata = 'Sale_Price' argument.","Your recipe uses the correct formula, logs the outcome with base = exp(1), pools Neighborhood, creates dummies, and centers/scales predictors in a reasonable order; this matches the required preprocessing steps.","You correctly specified linear_reg and rand_forest models with appropriate engines and tunable parameters, but you did not explicitly set the mode for the glmnet model to 'regression' as required.","You applied parsnip::translate() to each of the three model objects, which is exactly the expected workflow for examining the model templates.","You set the seed and created train_resamples with rsample::bootstraps(ames_train), matching the expected bootstrap resampling process.","The workflow_set call still contains placeholders (____) and you did not unnest the info column, so the workflow set is not actually constructed or examined.","The code block retains template placeholders (__) and '___' and is therefore incomplete; the required select, unnest, filter for rmse, group_by, arrange, and slice steps are not correctly specified.","You correctly called workflowsets::rank_results(all_workflows, rank_metric = 'rmse', select_best = TRUE), but you did not include any comparison or commentary relating these results back to Exercise 8.","All three parts of Exercise 10 still contain placeholders and do not specify a workflow id, best parameters, or compute and interpret the test/train MSE ratio, so the model finalization and comparison are missing."
21,17,"You completed the early parts of the lab well, especially the recipe, model specifications, bootstraps, and rank_results call. However, the workflowset creation, tuning results extraction, and final model selection/fitting are largely left as templates with placeholders. To improve, focus on fully replacing template code (____) with working arguments and completing the full workflowsets and tuning pipeline through to final model evaluation.",1,2,3,2,3,3,0,0,3,0,"You correctly called skimr::skim() on dat, but did not use the pipe operator as specified and your written conclusion about missing data contradicts the expected result from this version of ames. Use dat |> skimr::skim() in a single step and report no missing data.","You set the seed, used rsample::initial_split(), and created ames_train and ames_test with a 75% split, but you omitted the required strata = 'Sale_Price' argument. Add the strata argument to match the rubric.","Your recipe uses the correct formula, logs the outcome with base = exp(1), pools Neighborhood, creates dummies, and then centers/scales predictors. Although you did not show prep/tidy, the required transformations and order are correct.","You correctly specified linear_reg and rand_forest models with appropriate tunable parameters and engines, but you did not explicitly set mode = 'regression' for the lm and glmnet models as in the reference solution. Add set_mode('regression') for full credit.","You applied parsnip::translate() to each of the three model objects, which matches the expected workflow for examining model templates.","You set the seed and created train_resamples with rsample::bootstraps(ames_train), which matches the required process and output structure.","The workflow_set call still contains placeholders (____) and you did not unnest the info column, so the workflows are not actually created or examined. Replace placeholders with norm_recipe and your three models, and add tidyr::unnest(info).","The code block is left in template form with __ and '___' placeholders and does not implement the required select, unnest, filter, group_by, arrange, and slice steps. Fill in the correct column names and metric ('rmse') to complete the workflow.","You correctly called workflowsets::rank_results(all_workflows, rank_metric = 'rmse', select_best = TRUE) as required; comparison to Q8 is implied even though Q8 was incomplete.","All three parts of Q10 (extract_workflow, finalize_workflow, and fit on train/test) still contain placeholders and are not completed, so the best model is not selected, finalized, or evaluated. Implement these steps with a concrete workflow id and parameter values."
22,18,"You completed the early parts of the lab well, especially the recipe, model specifications, bootstraps, and rank_results usage. However, the workflow_set creation, tuning results extraction, and best-model finalization are largely left as templates with placeholders, which limits the overall score. Focus on fully replacing template code (____) and carrying the workflow through to tuning and evaluation in future labs.",1,2,3,2,3,3,0,0,3,1,"You correctly used skimr::skim(), but did not use the pipe from dat to skim in a single step and your written conclusion about missing data contradicts the expected answer of no missingness.","You set the seed and used initial_split(), training(), and testing() with a 0.75 prop, but you omitted the required strata = 'Sale_Price' argument.","Your recipe uses the correct formula, logs the outcome, pools Neighborhood, creates dummies, and then centers/scales predictors; this matches the required transformations and order conceptually.","You specified all three models with appropriate engines and tuned parameters, but you did not explicitly set mode = 'regression' for the first two models as required by the rubric.","You correctly called parsnip::translate() on each of the three model objects, which matches the expected workflow and output structure.","You set the seed and created train_resamples with rsample::bootstraps(ames_train), which is exactly the expected process and output type.","The workflow_set call still contains placeholders (____) and you did not unnest the info column, so the workflows are not actually created or examined.","The code block is left with template placeholders (__) and '___', so the unnesting, filtering for rmse, grouping, and arranging steps are not implemented.","You correctly called workflowsets::rank_results(all_workflows, rank_metric = 'rmse', select_best = TRUE) as required; comparison to Q8 is implied but Q8 itself is incomplete.","You followed the structural steps (extract_workflow, finalize_workflow, fit on train/test), but left placeholders for the workflow id and tuning parameters and did not compute or report the MSE ratio."
23,16,"You completed the early parts of the lab reasonably well, especially the recipe, model specifications, and bootstrap resampling. However, the workflowsets portion (Exercises 7–10) is largely unfinished, which prevents demonstrating tuning, model comparison, and final model fitting. To improve, focus on replacing all template placeholders with working code and following through the full workflow from workflow_set creation to tuning and final evaluation.",1,2,3,2,3,3,0,0,2,0,"You correctly used skimr::skim(), but did not use the pipe from dat to skim in a single step and your written conclusion about missingness contradicts the expected 'no missing data' statement.","You set the seed and used initial_split(), training(), and testing() with prop = 0.75, but you omitted the required strata = 'Sale_Price' argument.","Your recipe uses the correct formula, logs the outcome, pools Neighborhood, creates dummies, and then centers/scales predictors; this matches the required transformations and reasonable step order.","You correctly specified the three parsnip models and tuned parameters, but you did not explicitly set mode = 'regression' for the first two models as in the expected workflow.","You applied parsnip::translate() to each of the three model objects as required, which would display the underlying engine-specific templates.","You set the seed and created train_resamples with rsample::bootstraps(ames_train), matching the expected bootstrap resampling process.","You left the workflow_set call with placeholders (____) and did not unnest the info column, so the workflow set is not actually constructed or examined.","The code block still contains template placeholders (__) and '___' and is not a valid pipeline to unnest results, filter rmse, and select best rows, so the required post-tuning processing is missing.","You included the correct rank_results() call with the specified arguments, but you did not show or discuss any comparison to your (missing) Exercise 8 results.","All three parts of Exercise 10 remain as templates with '__' placeholders and no parameter values, so you did not extract, finalize, fit, or interpret the best model."
24,14,"You completed the early parts of the lab well, especially the recipe, model specifications, and bootstrap resampling. However, the workflowsets portion (Exercises 7–8) is largely unfinished, and there are a few smaller issues such as missing stratification in the split and not setting modes explicitly. To improve, focus on fully replacing template placeholders and following the exact workflow steps for workflow_set, workflow_map, and result summarization.",1,2,3,2,3,3,0,0,,,"You correctly called skimr::skim(), but did not use the pipe from dat to skim() as specified, and your written conclusion about missingness contradicts the expected 'no missing data' statement.","You set the seed and used initial_split(), training(), and testing() with a 0.75 prop, but you omitted the required strata = 'Sale_Price' argument.","Your recipe uses the correct formula, logs the outcome, pools Neighborhood, creates dummies, and then centers/scales predictors in a reasonable order; this matches the required preprocessing steps.","You defined all three models with appropriate engines and tuning parameters, but you did not explicitly set mode = 'regression' for the lm and glmnet models as in the expected workflow.","You correctly applied parsnip::translate() to each of the three model objects, which is exactly what was required.","You set the seed and created train_resamples with rsample::bootstraps(ames_train), matching the expected bootstrap resampling process.","The workflow_set call still contains placeholders (____) and you did not unnest the info column, so the workflows were not actually constructed or examined.","The code block remains mostly as a template with __ and '___' placeholders, so the unnesting, filtering for rmse, grouping, and arranging steps are not implemented.",,
25,14,"You completed the early parts of the lab well, especially the recipe, model specifications, and bootstrap resampling. However, the workflowsets portion (Exercises 7–8) is largely unfinished, and there are a few smaller issues such as missing stratification in the split and not setting modes explicitly for all models. Focus on fully replacing template placeholders and following the exact workflowsets and tuning steps in future labs.",1,2,3,2,3,3,0,0,,,"You correctly used skimr::skim(), but did not use the pipe from dat to skim in a single step and your written conclusion about missing data contradicts the expected answer of no missing data.","You set the seed, used initial_split, training, and testing with a 0.75 prop, but omitted the required strata = 'Sale_Price' argument; otherwise the workflow is correct.","Your recipe uses the correct formula, logs the outcome, pools Neighborhood, creates dummies, and then centers/scales predictors in a reasonable order; this matches the required preprocessing steps.","You defined all three models with correct engines and tunable parameters, but did not explicitly set mode = 'regression' for the lm and glmnet models as expected in the rubric.","You correctly called parsnip::translate() on each of the three model objects, which is exactly what was required.","You set the seed and created train_resamples with rsample::bootstraps(ames_train), matching the expected bootstrap resampling process.","The workflow_set call still contains placeholders (____) and you did not unnest the info column, so the workflows were not actually constructed or examined.","The code block is left with template placeholders (__) and '___' and does not implement the required select, unnest, filter for rmse, group, arrange, and slice steps.",,
26,15,"You completed the early parts of the lab reasonably well, including defining models, translating them, and creating bootstrap resamples. However, the workflowset creation, tuning, and best-model finalization steps (Exercises 7–10) are mostly left as templates with placeholders, which significantly limits the overall completeness. Focus on fully replacing template code with working arguments and following the exact processes described in the rubric, especially for workflowsets and tuning.",1,1,2,2,3,3,0,0,2,1,"You correctly called skimr::skim(), but did not use the pipe from dat |> skimr::skim() in a single step and your written conclusion about missingness contradicts the expected 'no missing data' statement.","You set the seed and used rsample::initial_split(), training(), and testing(), but omitted the required strata = 'Sale_Price' argument, so the process and split specification are incomplete.","Your recipe uses the correct formula, log-transforms the outcome, pools Neighborhood, creates dummies, and centers/scales predictors, but you never call recipes::prep() or broom::tidy() to prep and examine the recipe as required.","You defined the three model objects with appropriate engines and tunable parameters, but did not explicitly set mode = 'regression' for the first two models as expected in the rubric.","You correctly applied parsnip::translate() to each of the three model objects, matching the expected workflow for examining model templates.","You set the seed and created train_resamples with rsample::bootstraps(ames_train), which matches the required process and output structure.","The workflow_set call still contains placeholders (____) and you did not unnest the info column, so the workflows are not actually created or examined.","The code block is left with template placeholders (__, '___') and does not implement the required unnesting, filtering for rmse, grouping, and arranging steps.","You correctly called workflowsets::rank_results(all_workflows, rank_metric = 'rmse', select_best = TRUE), but did not include any comparison or commentary relative to your (missing) Exercise 8 results.","You outlined the three steps (extract_workflow, finalize_workflow, fit on train/test) but left all key arguments as placeholders and did not specify the required 'base_forest' workflow or best parameters, so the solution is largely incomplete."
27,15,"You completed the early parts of the lab reasonably well, especially the recipe, model specifications, and bootstrap resampling. However, the workflowsets portion (Exercises 7–10) is largely unfinished, which prevents building, tuning, and evaluating the models as intended. To improve, focus on replacing all template placeholders with working code and following the exact arguments and steps specified in the rubric (e.g., stratified splits, explicit modes, and full workflow mapping and ranking).",1,1,3,2,3,3,0,0,2,0,"You correctly called skimr::skim(), but did not use the pipe from dat to skim() as specified, and your written conclusion about missing data contradicts the expected answer of no missing data.","You set the seed and used initial_split(), training(), and testing(), but omitted the required strata = 'Sale_Price' argument, so the process and resulting split do not fully match the rubric.","Your recipe uses the correct formula, log-transforms the outcome, pools Neighborhood, creates dummies, and then centers/scales predictors in a reasonable order; this matches the required preprocessing steps.","You correctly specified the three parsnip models and tuned the right parameters, but you did not explicitly set mode = 'regression' for the first two models as required by the rubric.","You applied parsnip::translate() to each of the three model objects as required, which would display the appropriate engine-specific templates.","You set the seed and created train_resamples with rsample::bootstraps(ames_train), matching the expected bootstrap resampling process.","The workflow_set call still contains placeholders (____) and you did not unnest the info column, so the workflows are not actually created or examined.","The code block is left with template placeholders (__, '___') and does not implement the required unnesting, filtering for rmse, grouping, and arranging steps.","You correctly called workflowsets::rank_results(all_workflows, rank_metric = 'rmse', select_best = TRUE), but you did not comment on or compare these results to those from Exercise 8.","All three parts of Exercise 10 still contain placeholders and do not extract the best workflow, finalize it with specific parameters, or fit and compare train/test performance."
28,17,"You completed the early parts of the lab well, especially the recipe, model specifications, bootstrapping, and rank_results call. However, the workflow_set construction, tuning results extraction, and final model selection/fitting are largely left as templates with placeholders. To improve, focus on fully replacing template code (____) with working arguments and completing the full workflow from workflow_set creation through tuning and final model evaluation.",1,2,3,2,3,3,0,0,3,0,"You correctly called skimr::skim(), but did not use the pipe from dat |> skimr::skim() as specified, and your written conclusion about missing data contradicts the expected answer of no missing data.","You set the seed, used rsample::initial_split(), and created ames_train and ames_test with a 75% split, but you omitted the required strata = 'Sale_Price' argument.","Your recipe uses the correct formula, log-transforms the outcome, pools Neighborhood, creates dummies, and then centers/scales predictors in a sensible order; this matches the required preprocessing steps.","You correctly specified linear_reg, rand_forest, engines, and tunable parameters, but you did not explicitly set mode = 'regression' for the lm and glmnet models as required by the rubric.","You applied parsnip::translate() to each of the three model objects, which is exactly the required workflow to inspect the engine-specific templates.","You set the seed and created train_resamples with rsample::bootstraps(ames_train), correctly producing the expected bootstrap resampling object.","The workflow_set call still contains placeholders (____) and you did not unnest the info column, so the workflows are not actually constructed or examined.","The code block is left in template form with __ and '___' placeholders, so the required unnesting, filtering for rmse, grouping, and arranging are not implemented.","You correctly called workflowsets::rank_results(all_workflows, rank_metric = 'rmse', select_best = TRUE) as required; comparison to Q8 is implied but Q8 was incomplete.","All three Q10 parts retain template placeholders (""__"") and do not specify the workflow id, best parameters, or compute and interpret train/test performance, so the best model is not finalized or fitted."
29,14,"You completed the early parts of the lab well, especially the recipe, model specifications, and bootstrap resampling. However, the workflowsets portion (creating workflows, tuning, and extracting best metrics) is largely unfinished, and there are a few smaller issues such as missing strata in the split and not setting modes explicitly. Focus on fully implementing the workflow_set and workflow_map pipelines and replacing all template placeholders in future labs.",1,2,3,2,3,3,0,0,,,"You correctly called skimr::skim(), but did not use the pipe from dat to skim in a single step and your written conclusion about missingness contradicts the expected 'no missing data' statement.","You set the seed, used initial_split, training, and testing correctly with a 0.75 split, but you omitted the required strata = 'Sale_Price' argument.","Your recipe uses the correct formula, logs the outcome, pools Neighborhood, creates dummies, and then centers/scales predictors; this matches the required transformations and order closely enough.","You defined all three models with appropriate engines and tuned parameters, but you did not explicitly set mode = 'regression' for the lm and glmnet models as required.","You correctly applied parsnip::translate() to each of the three model objects, which will show the underlying engine-specific templates.","You set the seed and created train_resamples with rsample::bootstraps(ames_train), matching the expected bootstrap resampling process.","You left the workflow_set call with placeholders (____) and did not unnest the info column, so the workflow set is not actually constructed or examined.","The code block still contains placeholders (__) and '___' and does not implement the required select, unnest, filter for rmse, group_by, arrange, and slice steps.",,
30,14,"You completed the early exercises well, especially the recipe and resampling steps, and showed good understanding of model specification and preprocessing. However, the workflowsets portion (Exercises 7–8) is largely unfinished, and there are a few missing details such as stratification in the split and explicit modes for some models. Focus on fully replacing template placeholders and following the exact workflow steps in later exercises to earn full credit.",1,2,3,2,3,3,0,0,,,"You correctly used skimr::skim(dat), but did not use the pipe operator from dat and your written conclusion about missing data contradicts the expected result of no missingness.","You set the seed and used initial_split, training, and testing correctly with a 0.75 proportion, but you omitted the required strata = 'Sale_Price' argument.","Your recipe uses the correct formula, log-transforms the outcome, pools Neighborhood, creates dummies, and then centers/scales predictors in a reasonable order; although you did not show prep/tidy, the specified transformations are correct.","You defined all three models with appropriate engines and tuning parameters, but you did not explicitly set the mode for the lm and glmnet models as required by the rubric.","You correctly applied parsnip::translate() to each of the three model objects, which would display the underlying engine-specific templates.","You set the seed and created train_resamples with rsample::bootstraps(ames_train) as expected, matching the required workflow.","The workflow_set call still contains placeholders (____) and you did not unnest the info column, so the workflows are not actually created or examined.","The code remains as a partially filled template with placeholders (__) and '___', so the required unnesting, filtering for rmse, grouping, and arranging are not implemented.",,
31,14,"You completed the early parts of the lab well, especially the recipe and resampling steps, and your model specifications are mostly correct. However, the workflowsets portion (Exercises 7–8) is largely incomplete, and there are a few missing or slightly off details (e.g., strata in the split, explicit modes, and the EDA conclusion). Focus on fully implementing the workflow_set and workflow_map pipelines and carefully following all specified arguments in future labs.",1,2,3,2,3,3,0,0,,,"You correctly called skimr::skim() on dat, but did not use the pipe as requested and your written conclusion about missingness contradicts the expected 'no missing data' statement.","You set the seed, used rsample::initial_split(), and created ames_train and ames_test with a 75% split, but you omitted the required strata = 'Sale_Price' argument.","Your recipe uses the correct formula, log-transforms the outcome, pools Neighborhood, creates dummies, and then centers/scales predictors in a reasonable order; this matches the expected preprocessing steps.","You correctly specified the three parsnip models with appropriate engines and tunable parameters, but you did not explicitly set mode = 'regression' for the first two models as in the expected workflow.","You applied parsnip::translate() to each of the three model objects, which matches the required process to inspect engine-specific templates.","You set the seed and created train_resamples with rsample::bootstraps(ames_train), correctly following the expected bootstrap resampling workflow.","The workflow_set call is left with blanks and not filled in, and you did not unnest the info column; the workflow set is therefore not created or examined as required.","The code for unnesting results and metrics is left with placeholders (__) and '___', so the required filtering, grouping, and selection of best rmse per workflow are not implemented.",,
32,17,"You completed the core preprocessing, model specification, translation, bootstrapping, and ranking steps reasonably well, but left the workflow_set construction, tuning results extraction, and final model selection largely unfinished. Focus on replacing all template placeholders, adding strata to your data split, and fully implementing the workflowsets steps (Exercises 7–10) so you can tune and compare models end-to-end.",1,2,3,2,3,3,0,0,3,0,"You called skimr::skim() on dat, but did not use the pipe as specified and your markdown conclusion about missingness contradicts the expected 'no missing data' statement.","You correctly set the seed, used initial_split, training, and testing, and created ames_train/ames_test. However, you omitted the required strata = 'Sale_Price' argument in initial_split.","Your recipe uses the correct formula, logs the outcome with base = exp(1), pools Neighborhood, creates dummies, and centers/scales predictors in a reasonable order; although you did not show prep/tidy, the core preprocessing steps are correctly specified.","You defined all three models with appropriate engines and tuned parameters, but you did not explicitly set mode = 'regression' for the linear models as in the rubric’s expected workflow.","You correctly applied parsnip::translate() to each of the three model objects, which matches the required process and expected outputs.","You set the seed and created train_resamples with rsample::bootstraps(ames_train), matching the expected bootstrap resampling workflow.","The workflow_set call still contains placeholders (____) and you did not unnest the info column, so the workflows are not actually constructed or examined.","The code block retains template placeholders (__) and '___' and does not specify the correct columns or metric, so the unnesting, filtering, and ranking steps are incomplete.","You correctly called workflowsets::rank_results(all_workflows, rank_metric = 'rmse', select_best = TRUE) as required; comparison to Q8 is implied even though Q8 was incomplete.","All Q10 parts still contain placeholders for workflow id, parameter names, values, and the final MSE ratio, so the best model is neither finalized nor fit to train/test data."
33,17,"You completed the early parts of the lab reasonably well, especially the recipe, model specifications, bootstraps, and rank_results call. However, the workflow_set construction, tuning-results processing, and final model selection/fitting are largely unfinished or left with placeholders. To improve, focus on fully replacing template placeholders, using the required arguments (e.g., strata in splits), and carrying the workflow through to finalized model fitting and performance comparison.",1,2,3,2,3,3,0,0,3,0,"You correctly called skimr::skim() on dat, but did not use the pipe as specified and your written conclusion about missing data contradicts the expected answer of no missingness in this version of ames.","You set the seed and used initial_split(), training(), and testing() with a 0.75 prop, but you omitted the required strata = 'Sale_Price' argument.","Your recipe uses the correct formula, log-transforms the outcome, pools Neighborhood, creates dummies, and then centers/scales predictors; this matches the required steps and order, though you did not show prep/tidy, which was only for examination.","You correctly specified the three parsnip models with appropriate engines and tunable parameters, but you did not explicitly set mode = 'regression' for the first two models as in the expected workflow.","You applied parsnip::translate() to each of the three model objects, which matches the required process to inspect the engine-specific templates.","You set the seed and created train_resamples with rsample::bootstraps(ames_train), which is exactly the expected bootstrap resampling workflow.","You left the workflow_set call with placeholders (____) and did not unnest the info column, so the workflow set was not actually constructed or examined.","The code still contains placeholders (__) and '___' and does not specify the correct columns or metric, so the unnest–filter–group–arrange–slice pipeline is incomplete.","You correctly called workflowsets::rank_results(all_workflows, rank_metric = 'rmse', select_best = TRUE) as required; comparison to Q8 is only a conceptual check.","All three parts of Q10 still contain placeholders for workflow id, parameter names, and values, and you did not compute or comment on the test/train MSE ratio, so the best model is never finalized or fit."
34,16,"You completed the early parts of the lab reasonably well, especially the recipe and model specifications, and your bootstrap and translate steps follow the intended workflows. However, the workflowsets portion (Exercises 7–10) is largely unfinished, and a few earlier details (like stratified splitting and the missing-data conclusion) do not match the rubric. Focus on fully replacing template placeholders, wiring models into workflow_set, and carrying the tuning results through to model selection and evaluation.",1,2,3,2,3,3,0,0,2,0,"You correctly called skimr::skim() on dat, but did not use the pipe as specified and your written conclusion about missing data contradicts the expected answer of no missingness in this version of ames.","You set the seed and used initial_split(), training(), and testing() with the correct prop, but omitted the required strata = 'Sale_Price' argument, so the split process is not fully correct per the instructions.","Your recipe uses the correct formula, logs the outcome with base = exp(1), pools Neighborhood, creates dummies, and then centers/scales predictors; although you did not show prep() and tidy(), the preprocessing steps and order are appropriate.","You correctly specified the three parsnip models and tuned penalty/mixture and trees/min_n, but you did not explicitly set the mode to 'regression' for the first two models as in the expected workflow.","You applied parsnip::translate() to each of the three model objects, which matches the required process to inspect the engine-specific templates.","You set the seed and created train_resamples with rsample::bootstraps(ames_train), which matches the expected bootstrap resampling workflow.","The workflow_set() call is left with blanks (____) and you did not unnest the info column, so the workflows are not created or examined as required.","The code for unnesting results and metrics is still placeholder underscores and does not specify rmse or the correct columns, so the required tuning-summary workflow is missing.","You correctly called workflowsets::rank_results(all_workflows, rank_metric = 'rmse', select_best = TRUE), but you did not relate or compare this output to your (missing) Exercise 8 results.","All parts of Exercise 10 remain as templates with placeholders (workflow id and parameter tibble not filled, no fits or MSE ratio), so the best model is neither finalized nor fit to train/test data."
35,16,"You completed the early parts of the lab reasonably well, including EDA, splitting, recipe specification, model definitions, translation, and bootstrapping. However, the workflowsets portion (Exercises 7–10) is largely unfinished, with placeholders left in place and no finalized best model or performance comparison. To improve, focus on fully implementing the workflow_set, workflow_map, and model finalization steps, and ensure your written interpretations align with the expected results.",1,2,3,2,3,3,0,0,2,0,"You did run skimr::skim(dat), but you did not use the pipe from dat to skim(), and your written conclusion about missing data contradicts the expected answer of no missing data.","You correctly used set.seed(), initial_split(), training(), and testing() with a 0.75 prop, but you omitted the required strata = 'Sale_Price' argument.","Your recipe uses the correct formula, log-transforms the outcome, pools Neighborhood, creates dummies, and then centers/scales predictors in a reasonable order; although you did not show prep/tidy, the specified transformations are correct.","You correctly specified the three parsnip models with appropriate engines and tunable parameters, but you did not explicitly set the mode for the lm and glmnet models as required.","You applied parsnip::translate() to each of the three model objects as required, which would display the underlying engine-specific templates.","You set the seed and created train_resamples with rsample::bootstraps(ames_train), matching the expected bootstrap resampling process.","You left the workflow_set call with placeholders (____) and did not unnest the info column, so the workflow set was not actually created or examined.","The code block still contains placeholders (__) and '___' and does not correctly select/unnest the result and .metrics columns or filter for rmse, so the required workflow mapping and metric extraction are missing.","You correctly called workflowsets::rank_results(all_workflows, rank_metric = 'rmse', select_best = TRUE), but you did not discuss or compare the output to your (missing) Exercise 8 results.","All three parts of Exercise 10 still contain placeholders and do not extract the best workflow, finalize with specific parameters, or fit/train/test the model, so the best-model selection and comparison are incomplete."
36,16,"You completed the early parts of the lab reasonably well, including EDA, splitting, recipe specification, model definitions, translation, and bootstrapping. However, the key workflowsets and tuning sections (Exercises 7–10) are largely unfinished templates, which prevents building, tuning, and evaluating the models. Focus on fully replacing placeholders, constructing the workflow_set, and carrying the tuned results through to model finalization and performance comparison.",1,2,3,2,3,3,0,0,2,0,"You called skimr::skim() on dat, but did not use the pipe as specified and your written conclusion about missingness contradicts the expected 'no missing data' statement.","You correctly used set.seed(), initial_split(), training(), and testing() with a 75% split, but omitted the required strata = 'Sale_Price' argument.","Your recipe uses the correct formula, logs the outcome, pools Neighborhood, creates dummies, and centers/scales predictors in a sensible order; although you did not show prep/tidy, the core preprocessing steps are correctly specified.","You correctly specified the three parsnip models and engines, and tuned the right parameters, but did not explicitly set mode = 'regression' for the linear models as in the expected workflow.","You applied parsnip::translate() to each of the three model objects as required, which would display the appropriate engine-specific templates.","You set the seed and created train_resamples with rsample::bootstraps(ames_train), matching the expected bootstrap resampling process.","The workflow_set call is left with blanks (____) and you did not unnest the info column, so the workflow set is not actually constructed or examined.","The code block is still a partially filled template with placeholders (__) and '___', so the required unnesting, filtering for rmse, grouping, and arranging are not implemented.","You correctly called workflowsets::rank_results(all_workflows, rank_metric = 'rmse', select_best = TRUE), but did not comment on or compare the output to your (missing) Exercise 8 results.","All three parts of Exercise 10 remain as templates with placeholders and no concrete workflow id, parameters, or MSE ratio, so the best model is neither finalized nor fit to train/test data."
37,16,"You completed the early exercises well, especially the recipe and model specifications, and your bootstrap and translate steps follow the intended tidymodels workflow. However, the workflow_set construction, tuning result summarization, and final model extraction/fitting are largely left as templates with placeholders, so the later parts of the lab are incomplete. Focus on fully replacing all placeholders and following through the workflowsets tuning and evaluation steps in future labs.",1,2,3,2,3,3,0,0,2,0,"You called skimr::skim() on dat, but did not use the pipe operator as specified and your written conclusion about missingness contradicts the expected 'no missing data' statement.","You correctly used set.seed(), initial_split(), training(), and testing() with a 75% split, but you omitted the required strata = 'Sale_Price' argument.","Your recipe uses the correct formula, logs the outcome, pools Neighborhood, creates dummies, and then centers/scales predictors in a reasonable order; this matches the required preprocessing steps.","You correctly specified the three parsnip models and tuned the right parameters, but you did not explicitly set mode = 'regression' for the linear models as in the expected workflow.","You applied parsnip::translate() to each of the three model objects as required, which would display the underlying engine-specific templates.","You set the seed and created train_resamples with rsample::bootstraps(ames_train), matching the expected bootstrap resampling process.","The workflow_set call is left with placeholders (____) and you did not unnest the info column, so the workflows are not actually constructed or examined.","The code block still contains template placeholders (__) and '___', so the unnesting, filtering for rmse, grouping, and arranging steps are incomplete.","You correctly called workflowsets::rank_results(all_workflows, rank_metric = 'rmse', select_best = TRUE), but you did not comment on or compare these results to Exercise 8 as requested.","All three parts of Exercise 10 retain placeholders and do not specify a workflow id, best parameters, or compute the train/test fits and MSE ratio, so the final model selection and comparison are missing."
38,16,"You completed the early parts of the lab reasonably well, especially the recipe, model specifications, and bootstrap resampling. However, the workflowsets portion (Exercises 7–10) is largely unfinished, with placeholders left in place and no final model comparison. To improve, focus on fully replacing template code, including specifying workflow components, unnesting results, and finalizing and evaluating the best model.",1,2,3,2,3,3,0,0,2,0,"You correctly called skimr::skim() on dat, but did not use the pipe as specified and your written conclusion about missing data contradicts the expected answer of no missingness in this version of ames.","You set the seed and used initial_split(), training(), and testing() with a 0.75 prop, but you omitted the required strata = 'Sale_Price' argument.","Your recipe uses the correct formula, log-transforms the outcome, pools Neighborhood, creates dummies, and then centers/scales predictors in a reasonable order; this matches the required preprocessing steps.","You correctly specified the three parsnip models with appropriate engines and tunable parameters, but you did not explicitly set the mode to 'regression' for the lm and glmnet models as in the expected workflow.","You applied parsnip::translate() to each of the three model objects, which is exactly what was required to inspect the engine-specific templates.","You set the seed and created train_resamples with rsample::bootstraps(ames_train), correctly producing a bootstrap resampling object.","The workflow_set call is left with placeholders (____) and you did not unnest the info column, so the workflows are not actually constructed or examined.","The code block still contains template placeholders (__) and '___' and does not specify the correct columns or metric, so the required unnest–filter–group–arrange–slice workflow is incomplete.","You correctly called workflowsets::rank_results(all_workflows, rank_metric = 'rmse', select_best = TRUE), but you did not include any comparison or commentary relating these results back to Exercise 8.","All three parts of Exercise 10 retain placeholders for the workflow id and tuning parameters, and you did not compute or report the train/test MSE ratio, so the model finalization and comparison are missing."
39,17,"You completed the early parts of the lab well, especially the recipe, model specifications, bootstrapping, and rank_results usage. However, the workflowsets section (creating the workflow set, tuning, extracting best configurations, and finalizing/fitting the best model) is largely unfinished with placeholders left in place. Focus on fully implementing the workflow_set, workflow_map, and finalize_workflow steps so you can carry models through tuning to final evaluation.",1,2,3,2,3,3,0,0,3,0,"You called skimr::skim() on dat, but did not use the pipe as specified and your written conclusion about missingness contradicts the expected 'no missing data' statement.","You correctly used set.seed(), initial_split(), training(), and testing() with a 75% split, but omitted the required strata = 'Sale_Price' argument.","Your recipe uses the correct formula, logs the outcome, pools Neighborhood, creates dummies, and centers/scales predictors in a sensible order; this matches the expected preprocessing steps.","You correctly specified the three parsnip models and engines with tunable parameters, but did not explicitly set the mode to 'regression' for the first two models as in the expected workflow.","You applied parsnip::translate() to each of the three model objects, which is exactly what was required for examining the model templates.","You set the seed and created train_resamples with rsample::bootstraps(ames_train), matching the expected bootstrap resampling process.","The workflow_set call still contains placeholders (____) and you did not unnest the info column, so the workflow set was not actually constructed or examined.","The code for unnesting results and metrics still has placeholders (__) and '___', so the required filtering, grouping, and selection of best rmse per workflow are not implemented.","You correctly called workflowsets::rank_results(all_workflows, rank_metric = 'rmse', select_best = TRUE) as required; comparison to Q8 is only mentioned in comments, which is acceptable.","All parts of Q10 still contain placeholders for workflow id, parameter names/values, and you did not compute or report the test/train MSE ratio, so the best model is not finalized or fitted."
40,16,"You completed the early parts of the lab reasonably well, especially the recipe and model specifications, and your bootstrap setup is correct. However, the workflowsets portion (Exercises 7–10) is largely unfinished, with placeholders left in place and no final model selection or performance comparison. To improve, focus on fully implementing the workflow_set, workflow_map, and finalize_workflow steps and ensure all template blanks are replaced with working code and brief interpretations.",1,2,3,2,3,3,0,0,2,0,"You did run skimr::skim() on dat, but did not use the pipe as requested and your written conclusion about missing data contradicts the expected answer of no missingness in this version of ames.","You correctly used set.seed(8740), initial_split, training, and testing, and stored the outputs in the right objects. However, you omitted the required strata = 'Sale_Price' argument in initial_split.","Your recipe uses the correct formula, log-transforms the outcome, pools Neighborhood with step_other, creates dummies, and then centers/scales predictors in a reasonable order. Although you did not show prep/tidy code, the core recipe specification is correct and complete.","You correctly specified the three parsnip models with appropriate engines and tunable parameters, but you did not explicitly set the mode to 'regression' for the lm and glmnet models as in the expected workflow.","You applied parsnip::translate() to each of the three model objects, which matches the expected process and would display the correct engine-specific templates.","You set the seed and created train_resamples with rsample::bootstraps(ames_train), matching the expected bootstrap resampling workflow.","You left the workflow_set call with placeholders (____) and did not unnest the info column, so the workflow set was never properly created or examined.","The code block still contains placeholders (__) and '___' and does not actually unnest result/.metrics or filter/group/arrange correctly, so the required tuning summary is missing.","You correctly called workflowsets::rank_results with the specified arguments, but you did not include any comparison or interpretation relative to your (missing) Exercise 8 results.","All three parts of Exercise 10 still contain placeholders and no concrete workflow id or parameter values; you did not finalize the workflow, fit to train/test, or report the MSE ratio."
41,16,"You completed the early parts of the lab reasonably well, especially the recipe, model specifications, and bootstrap resampling. However, the workflowsets portion (Exercises 7–10) is largely unfinished, which prevents you from tuning, comparing, and finalizing models. To improve, focus on filling in the workflow_set, unnesting and filtering metrics, and fully implementing the best-model selection and evaluation steps.",1,2,3,2,3,3,0,0,2,0,"You used skimr::skim() on dat, but did not use the pipe operator as specified and your written conclusion about missingness contradicts the expected 'no missing data' statement.","You correctly set the seed, used initial_split, training, and testing with a 0.75 prop, but you omitted the required strata = 'Sale_Price' argument.","Your recipe uses the correct formula, logs the outcome, pools Neighborhood, creates dummies, and then centers/scales predictors; this matches the required transformations and reasonable step order, though you did not show prep/tidy output.","You correctly specified the three parsnip models and tuned parameters, but you did not explicitly set mode = 'regression' for the lm and glmnet models as in the expected workflow.","You correctly called parsnip::translate() on each of the three model objects, which is exactly what was required.","You set the seed and created train_resamples with rsample::bootstraps(ames_train), matching the expected bootstrap resampling process.","You left the workflow_set call with blanks and did not unnest the info column, so the workflow set was never properly created or examined.","The code block is still the starter template with placeholders (__) and '___', so the required unnesting, filtering for rmse, grouping, and arranging are not implemented.","You correctly called workflowsets::rank_results with the specified arguments, but you did not include any comparison or interpretation relative to Exercise 8.","All three parts of Exercise 10 remain as templates with placeholders, so you did not extract, finalize, or fit the best workflow, nor report the test/train MSE ratio."
42,16,"You completed the early parts of the lab reasonably well, especially the recipe and model specifications, and your bootstrap and translate steps are correct. However, the workflowset creation, tuning, and model finalization sections (Q7–Q10) are largely unfinished, which significantly limits the overall score. Focus on fully replacing template placeholders and following through the workflowsets/tuning pipeline in future labs.",1,2,3,2,3,3,0,0,2,0,"You used skimr::skim() on dat, but did not use the pipe operator as specified and your written conclusion about missing data contradicts the expected answer of no missingness.","You correctly set the seed, used initial_split, training, and testing with a 0.75 prop, but you omitted the required strata = 'Sale_Price' argument.","Your recipe uses the correct formula, logs the outcome, pools Neighborhood, creates dummies, and centers/scales predictors in a reasonable order; this matches the expected preprocessing steps.","You correctly specified linear_reg, rand_forest, set_engine, and tuned penalty/mixture and trees/min_n, but you did not explicitly set the mode for the lm and glmnet models as required.","You applied parsnip::translate() to each of the three model objects, which matches the expected workflow for this exercise.","You set the seed and created train_resamples with rsample::bootstraps(ames_train), correctly following the required process.","The workflow_set call still contains blanks (____) and you did not unnest the info column, so the workflows were not created or examined as required.","The code remains as a template with placeholders (__) and '___', so the unnesting, filtering for rmse, grouping, and arranging steps are not actually implemented.","You correctly called workflowsets::rank_results with the specified arguments, but you did not include any comparison or interpretation relative to your (missing) Exercise 8 results.","All parts of Q10 still contain placeholders for workflow id, parameter names, and values, and you did not compute or comment on the train/test error ratio, so the best model is not finalized or evaluated."
43,15,"You completed the early parts of the lab reasonably well, including model specifications, bootstrapping, and rank_results, but several later workflow and tuning steps remain as unfinished templates. To improve, focus on fully replacing placeholders (____) with actual objects, prepping and inspecting recipes, and completing the workflow_set, workflow_map, and model finalization steps so the full modeling pipeline is demonstrated in your .qmd.",1,2,2,2,3,3,0,0,2,0,"You used skimr::skim() on dat, but did not use the pipe operator as specified and your written conclusion about missing data contradicts the expected answer of no missingness.","You correctly set the seed, used initial_split, training, and testing with a 75% split, but omitted the required strata = 'Sale_Price' argument.","You created an appropriate recipe with log-transform, step_other, dummy variables, and centering/scaling, but you did not show prep() and tidy() to examine the prepped recipe as required.","You correctly specified the three parsnip models and tuned parameters, but did not explicitly set mode = 'regression' for the first two models as in the expected workflow.","You correctly called parsnip::translate() on each of the three model objects, matching the expected process.",You set the seed and created train_resamples with rsample::bootstraps(ames_train) as expected; the process and object are correct.,"The workflow_set call still contains placeholders (____) and you did not unnest the info column, so the workflows were not created or examined.","The code block is left with template placeholders (__) and '___', so the unnesting, filtering for rmse, grouping, and arranging steps are incomplete.","You correctly called workflowsets::rank_results with the specified arguments, but did not include any comparison or interpretation relative to Exercise 8.","All three parts of Exercise 10 still contain placeholders and no concrete workflow id, parameters, or MSE ratio, so the best model is not finalized or fitted."
44,16,"You completed the early parts of the lab reasonably well, especially the recipe, model specifications, and bootstrap resampling. However, the workflowsets portion (creating workflows, tuning, extracting best results, and finalizing/fitting the best model) is largely unfinished with template placeholders left in place. Focus on fully replacing template code, including arguments like strata in splits and explicit modes/parameters in models, and carrying the workflow through to tuning and evaluation.",1,2,3,2,3,3,0,0,2,0,"You used skimr::skim() on dat, but did not use the pipe operator as specified and your written conclusion about missing data contradicts the expected answer of no missing data.","You correctly set the seed, used initial_split, training, and testing with a 0.75 prop, but you omitted the required strata = 'Sale_Price' argument.","Your recipe uses the correct formula, log-transforms the outcome, pools Neighborhood, creates dummies, and then centers/scales predictors in a reasonable order; this matches the expected preprocessing steps.","You correctly specified linear_reg and rand_forest models with appropriate engines and tuned parameters, but you did not explicitly set the mode for the lm and glmnet models and used unqualified tune() instead of parsnip::tune().","You applied parsnip::translate() to each of the three model objects as required, which would display the underlying engine-specific templates.","You set the seed and created train_resamples with rsample::bootstraps(ames_train), matching the expected bootstrap resampling process.","The workflow_set call still contains placeholders (____) and you did not unnest the info column, so the workflows were not created or examined as required.","The code block is left with template placeholders (__) and '___', so the selection, unnesting, filtering for rmse, grouping, and arranging steps are incomplete.","You correctly called workflowsets::rank_results with all_workflows, rank_metric = 'rmse', and select_best = TRUE, but you did not include any comparison or interpretation relative to Exercise 8.","All parts of Exercise 10 (extract_workflow, finalize_workflow, and fitting on train/test) remain as templates with placeholders and no parameter values, so the best model is not finalized or evaluated."
45,17,"You completed the early parts of the lab well, especially the recipe, model specifications, bootstraps, and rank_results call. However, the workflow_set creation, tuning result processing, and final model selection/fitting sections (Q7–Q10) are largely left as templates with placeholders. Focus on fully implementing the workflowsets steps and replacing all placeholders so the end-to-end modeling and comparison pipeline is complete.",1,2,3,2,3,3,0,0,3,0,"You used skimr::skim() on dat, but did not use the pipe operator as specified and your written conclusion about missingness contradicts the expected 'no missing data' statement.","You correctly used set.seed(8740), initial_split, training, and testing with prop = 0.75, but you omitted the required strata = 'Sale_Price' argument.","Your recipe uses the correct formula, log-transforms the outcome, pools Neighborhood, creates dummies, and then centers/scales predictors in a reasonable order; this matches the expected preprocessing steps.","You correctly specified the three parsnip models and tuned penalty/mixture and trees/min_n, but you did not explicitly set mode = 'regression' for the first two models as in the expected workflow.","You applied parsnip::translate() to each of the three model objects, which matches the required process and output structure.",You set the seed and created train_resamples with rsample::bootstraps(ames_train) as required; this matches the expected bootstrap resampling workflow.,"The workflow_set call still contains placeholders (____) and you did not unnest the info column, so the workflows were not created or examined as required.","The code block is left with template placeholders (__) and '___', so the unnesting, filtering for rmse, grouping, and arranging steps are incomplete.","You correctly called workflowsets::rank_results(all_workflows, rank_metric = 'rmse', select_best = TRUE) as specified; comparison to Q8 is implied but Q8 itself was incomplete.","All three Q10 parts retain placeholders for workflow id, parameter names, and values, and you did not compute or report the test/train MSE ratio, so the model finalization and comparison are missing."
46,16,"You completed the early parts of the lab reasonably well, especially the recipe, model specifications, and bootstrap resampling. However, the workflowsets portion (Exercises 7–10) is largely unfinished, which prevents you from tuning, comparing, and finalizing models. To improve, focus on fully replacing template placeholders, using the required arguments (e.g., strata in splits, set_mode in models), and carrying the workflow through to tuning and evaluation.",1,2,3,2,3,3,0,0,2,0,"You used skimr::skim() on dat, but did not use the pipe operator as specified and your written conclusion about missing data contradicts the expected answer of no missingness.","You correctly set the seed, used initial_split(), training(), and testing(), and created ames_train/ames_test with a 75% split, but you omitted the required strata = 'Sale_Price' argument.","Your recipe uses the correct formula, log-transforms the outcome, pools Neighborhood, creates dummies, and then centers/scales predictors in a reasonable order; this matches the expected preprocessing steps.","You correctly specified the three parsnip models and tuned the right parameters, but you did not explicitly set the mode for the lm and glmnet models as required by the rubric.",You applied parsnip::translate() to each of the three model objects as expected to inspect the engine-specific templates.,"You set the seed and created train_resamples with rsample::bootstraps(ames_train), matching the expected bootstrap resampling process.","The workflow_set() call still contains placeholders (____) and you did not unnest the info column, so the workflows were not created or examined as required.","The code remains as a partially filled template with placeholders (__, '___') and does not correctly unnest result/.metrics or filter/group/arrange to find best rmse values.","You correctly called workflowsets::rank_results(all_workflows, rank_metric = 'rmse', select_best = TRUE), but you did not document any comparison to your (missing) Exercise 8 results.","All parts of Exercise 10 still contain placeholders and do not extract the base_forest workflow, finalize with best parameters, or fit/train-test models, so no model selection or performance comparison is completed."
47,15,"You completed the early parts of the lab reasonably well, including EDA, splitting, recipe specification, model definitions, translation, and bootstrapping. However, the workflowsets portion (Exercises 7–10) is largely unfinished, with placeholders left in place and no finalized model or performance comparison. To improve, focus on fully implementing the workflow_set, workflow_map, and tuning steps, and ensure you prep and inspect recipes as requested.",1,2,2,2,3,3,0,0,2,0,"You used skimr::skim() on dat, but did not use the pipe operator as specified and your written conclusion about missingness contradicts the expected 'no missing data' statement.","You correctly set the seed, used initial_split, training, and testing with a 0.75 prop, but omitted the required strata = 'Sale_Price' argument.","Your recipe uses the correct formula, log-transforms the outcome, pools Neighborhood, creates dummies, and centers/scales predictors, but you never prep the recipe or examine it with broom::tidy as required.","You correctly specified the three parsnip models with appropriate engines and tunable parameters, but did not explicitly set the mode for the lm models and did not use parsnip::tune() with namespace qualification as in the rubric.","You correctly called parsnip::translate() on each of the three model objects, satisfying the required workflow and expected outputs.",You set the seed and created train_resamples with rsample::bootstraps(ames_train) as expected; this matches the required process and output.,"The workflow_set call still contains blanks (____) and you did not unnest the info column, so the workflow set is not actually constructed or examined.","The code block is left in template form with placeholders (__) and '___', so the unnesting, filtering for rmse, grouping, and arranging steps are not implemented.","You correctly called workflowsets::rank_results with the specified arguments, but did not include any comparison or interpretation relative to your (missing) Exercise 8 results.","All three Q10 parts retain placeholders for workflow id, parameter names/values, and you do not compute or report the test/train MSE ratio, so the best model is never finalized or fit."
48,15,"You completed the early parts of the lab reasonably well, including data splitting, recipe specification, model definitions, translation, and bootstrapping. However, the key workflowsets and tuning sections (Exercises 7–10) are largely unfinished, which prevents you from building, tuning, and evaluating the full modeling pipeline. To improve, focus on fully replacing template placeholders, prepping and inspecting recipes, and completing the workflow_set, workflow_map, and model finalization steps.",1,2,2,2,3,3,0,0,2,0,"You used skimr::skim() on dat, but did not use the pipe operator as specified and your written conclusion about missingness contradicts the expected 'no missing data' statement.","You correctly set the seed, used initial_split, training, and testing with a 0.75 prop, but you omitted the required strata = 'Sale_Price' argument.","Your recipe uses the correct formula, log-transforms the outcome, pools Neighborhood, creates dummies, and centers/scales predictors, but you never prep the recipe or examine it with broom::tidy as required.","You correctly specified the three parsnip models and tuned the right parameters, but you did not explicitly set the mode for the first two models and did not use parsnip::tune() with namespace, which slightly departs from the expected workflow.","You correctly called parsnip::translate() on each of the three model objects, matching the expected process.",You set the seed and created train_resamples with rsample::bootstraps(ames_train) as expected; this matches the required workflow.,"The workflow_set call still contains blanks (____) and you did not unnest the info column, so the workflows are not created or examined as required.","The code remains as a partially filled template with placeholders (__) and '___', so the unnesting, filtering for rmse, grouping, and arranging steps are not implemented.","You correctly called workflowsets::rank_results with the specified arguments, but you did not include any comparison or interpretation relative to your (missing) Exercise 8 results.","All parts of Exercise 10 still contain placeholders and are not implemented, so you do not extract, finalize, or fit the best workflow, nor compute the train/test error ratio."
49,16,"You completed the early parts of the lab reasonably well, especially the recipe, model specifications, and bootstrap resampling. However, the workflowsets portion (creating workflows, tuning, extracting best models, and comparing performance) is largely unfinished with many placeholders left in place. To improve, focus on fully implementing the workflow_set, workflow_map, and model finalization steps so you can carry models through to evaluation and comparison.",1,2,3,2,3,3,0,0,2,0,"You used skimr::skim() on dat, but did not use the pipe operator as specified and your written conclusion about missingness contradicts the expected 'no missing data' statement.","You correctly used set.seed(8740), initial_split, training, and testing with prop = 0.75, but you omitted the required strata = 'Sale_Price' argument.","Your recipe uses the correct formula, log-transforms the outcome, pools Neighborhood, creates dummies, and then centers/scales predictors in a reasonable order; this matches the expected preprocessing steps.","You correctly specified the three parsnip models and tuned the right parameters, but you did not explicitly set mode = 'regression' for the lm models as in the expected workflow.","You applied parsnip::translate() to each of the three model objects as required, which would display the underlying engine-specific templates.","You set the seed and created train_resamples with rsample::bootstraps(ames_train), matching the expected bootstrap resampling process.","The workflow_set call still contains placeholders (____) and you did not unnest the info column, so the workflows were not created or examined as required.","The code block is left with template placeholders (__, '___') and does not implement the unnest–filter–group–arrange–slice pipeline, so no valid tuning summary is produced.","You correctly called workflowsets::rank_results(all_workflows, rank_metric = 'rmse', select_best = TRUE), but you did not include any comparison or interpretation relative to Exercise 8.","All three parts of Exercise 10 still contain placeholders and do not extract a workflow, finalize with best parameters, or fit on train/test data, so the best model and performance comparison are missing."
50,15,"You completed the early parts of the lab reasonably well, including EDA, splitting, recipe specification, model definitions, translation, and bootstrapping. However, the workflowsets portion (creating workflows, tuning, extracting best results, and finalizing/fitting the best model) is largely unfinished with many placeholders left in place. To improve, focus on fully implementing the workflow_set, workflow_map, and best-model extraction steps, and ensure you prep and inspect recipes as specified in the rubric.",1,2,2,2,3,3,0,0,2,0,"You used skimr::skim() on dat, but did not use the pipe operator as specified and your written conclusion about missingness contradicts the expected 'no missing data' statement.","You correctly set the seed, used initial_split, training, and testing with a 0.75 prop, but you omitted the required strata = 'Sale_Price' argument.","Your recipe uses the correct formula, log-transforms the outcome, pools Neighborhood, creates dummies, and centers/scales predictors, but you never prep the recipe or examine it with broom::tidy as required.","You correctly specified the three parsnip models and tuned parameters, but you did not explicitly set the mode for the lm models and did not use parsnip::tune() with namespace, which slightly diverges from the expected workflow.","You correctly called parsnip::translate() on each of the three model objects, matching the expected process.",You set the seed and created train_resamples with rsample::bootstraps(ames_train) as expected; this matches the required process and output.,"You left the workflow_set call with placeholders (____) and did not unnest the info column, so the workflows were not created or examined.","The code block still contains template placeholders (__) and '___', so the unnesting, filtering for rmse, grouping, and arranging steps are incomplete.","You correctly called workflowsets::rank_results with the specified arguments, but you did not include any comparison or commentary relative to your (missing) Exercise 8 results.","All parts of Exercise 10 still contain placeholders and do not extract a specific workflow, finalize with best parameters, or fit on train/test data, so the best model selection and comparison are missing."
