Run,Total,Model_Total,OverallComment,Q1,Q2,Q3,Q4,Q5,Q6,Q7,Q8,Q9,Q10,Q1_feedback,Q2_feedback,Q3_feedback,Q4_feedback,Q5_feedback,Q6_feedback,Q7_feedback,Q8_feedback,Q9_feedback,Q10_feedback
1,21,21,"The student demonstrated a good understanding of the individual components (recipes, models, translation) in the early exercises. However, significant deviations occurred in the later exercises (Ex8-Ex10), where the student redefined objects, used different resampling methods (vfold instead of bootstrap), and did not follow the specific chaining instructions required by the rubric. Pay closer attention to using the variables created in previous steps and adhering to the specific function chains requested.",2,2,3,3,3,2,2,1,2,1,"Code executes `skimr::skim(dat)` correctly. However, the rubric requires using the pipe operator `|>` to pass data to the function (e.g., `dat |> skimr::skim()`). The student used direct argument passing. Deducted 1 point for ProcessFidelity.","Code correctly sets seed and creates splits. However, the rubric explicitly requires using `strata = 'Sale_Price'` in `initial_split`. The student omitted this parameter. Deducted 1 point for OutputAccuracy/ProcessFidelity.","Code correctly creates the recipe with the specified formula, applies `step_log`, `step_other`, `step_dummy`, `step_center`, and `step_scale` in a logical order, and preps the recipe. All required functions are present.","Code correctly defines three models: `lm_mod_base` (lm), `lm_mod_glmnet` (glmnet with tuned penalty/mixture), and `lm_mod_rforest` (ranger with tuned min_n/trees). All required functions and parameters are present.",Code correctly calls `parsnip::translate()` on all three model objects. Output accuracy is assumed based on correct input.,"Code sets seed and calls `bootstraps()`. However, the rubric specifies using default parameters. The student explicitly set `times = 25`, which deviates from the 'default parameters' instruction. Deducted 1 point for ProcessFidelity.","Code creates the workflow set. However, the rubric requires using `tidyr::unnest()` on the info column to examine contents. The student only selected the columns (`dplyr::select(wflow_id, info)`) without unnesting. Deducted 1 point for CodeExecution/ProcessFidelity.","The student did not follow the required process. Instead of updating the existing `all_workflows` variable with `workflow_map` and then chaining the specific dplyr/tidyr verbs as requested, they redefined the workflow set, used `vfold_cv` instead of the bootstrap samples from Ex6, and created a new variable `all_workflows_res`. The specific chaining sequence requested in the rubric was not followed on the correct object. Deducted 2 points for ProcessFidelity and CodeExecution.","Code calls `rank_results` with correct parameters. However, the input object `all_workflows_res` is not the one established in the previous steps (due to Ex8 deviation). The rubric expects consistency with Ex8. Deducted 1 point for ProcessFidelity.","The student extracted a workflow and finalized it, but the parameters used (`mtry`, `min_n`) do not match the rubric's expected best parameters (`trees`, `min_n`) derived from the standard solution path. Additionally, the code is overly complex and deviates significantly from the expected simple `fit()` calls on train/test data. Deducted 2 points for ProcessFidelity and OutputAccuracy."
2,20,20,"The student demonstrated good understanding of basic recipe and model specification (Ex 3-5). However, significant deviations occurred in the resampling and tuning stages (Ex 8-10), where the student switched from bootstrap to cross-validation and redefined variables instead of following the prescribed workflow. This led to cascading errors in the final model evaluation. Pay closer attention to using the specific resampling objects and variable names defined in earlier exercises.",2,2,3,3,3,2,2,1,1,1,"Code executes `skimr::skim(dat)` correctly. However, the rubric requires using the pipe operator `|>` to pass data to the function (e.g., `dat |> skimr::skim()`). The student used direct argument passing. Deducted 1 point for ProcessFidelity.","Code correctly sets seed and creates splits. However, the rubric explicitly requires using `strata = 'Sale_Price'` in `initial_split`. The student omitted this parameter. Deducted 1 point for OutputAccuracy/ProcessFidelity.","Code correctly creates the recipe with the specified formula, applies `step_log`, `step_other`, `step_dummy`, `step_center`, and `step_scale` in a logical order, and preps the recipe. All required functions are present.","Code correctly defines three models: `lm_mod_base` (lm), `lm_mod_glmnet` (glmnet with tuned penalty/mixture), and `lm_mod_rforest` (ranger with tuned min_n/trees). All required functions and parameters are present.",Code correctly calls `parsnip::translate()` on all three model objects. Output accuracy is assumed based on correct code structure.,"Code sets seed and calls `bootstraps()`. However, the rubric specifies using default parameters. The student explicitly set `times = 25`, which deviates from the 'default parameters' instruction. Deducted 1 point for ProcessFidelity.","Code creates `all_workflows` correctly. However, the rubric requires using `tidyr::unnest()` on the info column to examine contents. The student only selected the columns (`dplyr::select(wflow_id, info)`) but did not unnest them. Deducted 1 point for ProcessFidelity/OutputAccuracy.","The student did not follow the required workflow. Instead of updating `all_workflows` with `workflow_map` using `train_resamples` (bootstrap) as specified in the lab setup, they redefined the workflow set, used `vfold_cv` (cross-validation) instead of bootstrap, and created a new variable `all_workflows_res`. The subsequent unnesting/filtering code operated on this incorrect object. Significant deviation from ProcessFidelity and CodeExecution requirements.",Code calls `rank_results` but on the incorrect object `all_workflows_res` (from Q8) rather than the expected `all_workflows`. The comparison logic is also convoluted and does not simply compare to Exercise 8 results as requested. Deducted points for ProcessFidelity and OutputAccuracy.,"The student extracted a workflow and finalized it, but the parameters (`mtry`, `min_n`) were hardcoded/guessed rather than derived from the previous tuning steps (which were incorrect in Q8). The final comparison code is overly complex and deviates from the simple `fit()` on train/test sets requested. The ratio calculation is present but based on flawed upstream steps. Deducted points for ProcessFidelity and OutputAccuracy."
3,20,20,"The student demonstrated a good understanding of individual tidyverse and tidymodels functions (Ex1-6). However, significant points were lost in the later exercises (Ex7-10) due to breaking the workflow continuity. The student redefined variables and parameters in Ex8-10 instead of chaining operations on the objects created in earlier steps, leading to inconsistencies with the rubric's expected process and outputs.",2,2,3,3,3,2,2,1,1,1,"Code executes `skimr::skim(dat)` correctly. However, the rubric requires using the pipe operator `|>` to pass data to the function (e.g., `dat |> skimr::skim()`). The student used direct argument passing. Deducted 1 point for ProcessFidelity.","Code correctly sets seed and creates splits. However, the rubric explicitly requires using `strata = 'Sale_Price'` in `initial_split`. The student omitted this parameter. Deducted 1 point for OutputAccuracy/ProcessFidelity.","Code correctly creates the recipe with the specified formula, applies `step_log`, `step_other`, `step_dummy`, `step_center`, and `step_scale` in a logical order, and preps the recipe. All required functions are present and used correctly.","Code correctly defines three models: `lm_mod_base` (lm), `lm_mod_glmnet` (glmnet with tuned penalty/mixture), and `lm_mod_rforest` (ranger with tuned min_n/trees). All required functions and parameters are present.","Code correctly calls `parsnip::translate()` on all three model objects (`lm_mod_base`, `lm_mod_glmnet`, `lm_mod_rforest`). Process and output requirements are met.","Code sets seed and calls `bootstraps()`. However, the rubric specifies using default parameters. The student explicitly set `times = 25`, which deviates from the 'default parameters' instruction. Deducted 1 point for ProcessFidelity.","Code creates the workflow set. However, the rubric requires using `tidyr::unnest()` on the info column to examine contents. The student only selected the columns (`dplyr::select(wflow_id, info)`) without unnesting. Deducted 1 point for ProcessFidelity/OutputAccuracy.","The student did not use the `all_workflows` variable created in Q7. Instead, they redefined the recipe, models, and workflow set with different parameters (e.g., `mixture = 1` instead of `tune()`, different resampling method). This breaks the workflow continuity required by the rubric. While the final unnesting/filtering code is syntactically correct, it operates on a different object than intended. Deducted 2 points for ProcessFidelity and OutputAccuracy.","The student ran `rank_results` but on their custom `all_workflows_res` object, not the `all_workflows` object from the previous steps as implied by the lab flow. The code is complex and deviates significantly from the simple comparison requested. Deducted 2 points for ProcessFidelity.","The student extracted a workflow and finalized it, but the parameters used (`mtry`, `min_n`) do not match the rubric's expected best parameters (`trees`, `min_n`) derived from the standard solution path. Additionally, the code re-runs the entire tuning process instead of using the finalized workflow from the previous step. Deducted 2 points for ProcessFidelity and OutputAccuracy."
4,20,20,"The student demonstrated a good understanding of the basic tidyverse modeling workflow for exercises 1-6. However, significant deviations occurred in exercises 8-10, where the student switched from the required bootstrap resampling to cross-validation and redefined variables, breaking the continuity of the lab. Future submissions should strictly follow the specified resampling method and variable names to ensure consistency.",2,2,3,3,3,2,2,1,1,1,"Code executes `skimr::skim(dat)` correctly. However, the rubric requires using the pipe operator `|>` to pass data to the function (e.g., `dat |> skimr::skim()`). The student used direct argument passing. Deducted 1 point for ProcessFidelity.","Code correctly sets seed and creates splits. However, the rubric explicitly requires using `strata = 'Sale_Price'` in `initial_split`. The student omitted this parameter. Deducted 1 point for OutputAccuracy/ProcessFidelity.","Code correctly creates the recipe with the specified formula, applies `step_log`, `step_other`, `step_dummy`, `step_center`, and `step_scale`, and preps the recipe. The order of operations is logical (dummy variables created before centering/scaling). All criteria met.","Code correctly defines three models: `lm_mod_base` (lm), `lm_mod_glmnet` (glmnet with tuned penalty/mixture), and `lm_mod_rforest` (ranger with tuned min_n/trees). All required functions and parameters are present.",Code correctly calls `parsnip::translate()` on all three model objects. Output accuracy is assumed based on correct input objects.,"Code sets seed and calls `bootstraps`. However, the rubric specifies using default parameters. The student explicitly set `times = 25`. While functionally similar, this deviates from the strict 'default parameters' instruction. Deducted 1 point for ProcessFidelity.","Code creates the workflow set. However, the rubric requires using `tidyr::unnest()` on the info column to examine contents. The student only selected the columns (`dplyr::select(wflow_id, info)`) but did not unnest them. Deducted 1 point for ProcessFidelity/OutputAccuracy.","The student did not follow the required process. Instead of updating `all_workflows` with `workflow_map` using `train_resamples` (bootstrap) as specified in the lab setup, they redefined models, used `vfold_cv` (cross-validation) instead of bootstrap, and created a new variable `all_workflows_res`. The subsequent unnesting/filtering code operates on this incorrect object. Significant deviation from ProcessFidelity and CodeExecution requirements.","Code calls `rank_results`, but it operates on `all_workflows_res` (the CV object from Q8) rather than the `all_workflows` object updated with bootstrap results as required by the lab flow. The comparison is therefore invalid relative to the intended workflow. Deducted points for ProcessFidelity.","The student extracted a workflow and finalized it, but used parameters (`mtry`, `min_n`) that do not match the rubric's expected best parameters (`trees`, `min_n`) derived from the bootstrap tuning. Additionally, the code for fitting and comparing is overly complex and deviates from the simple `fit()` calls on train/test data requested. The final ratio calculation is based on incorrect model specifications. Deducted points for ProcessFidelity and OutputAccuracy."
5,20,20,"The student demonstrated a good understanding of the basic tidyverse and tidymodels syntax for EDA, recipes, and model specification. However, significant deviations occurred in the later exercises (Ex8-Ex10) where the student redefined models and resampling strategies instead of following the cumulative workflow established in earlier exercises. Key parameters like `strata` in splitting and `unnest` in workflow inspection were missed or implemented incorrectly.",2,2,3,3,3,2,2,1,1,1,"Code executes `skimr::skim(dat)` correctly. However, the rubric requires using the pipe operator `|>` to pass data to the function (e.g., `dat |> skimr::skim()`). The student used direct argument passing. Deducted 1 point for ProcessFidelity.","Code correctly sets seed and creates splits. However, the rubric explicitly requires using `strata = 'Sale_Price'` in `initial_split`. The student omitted this parameter. Deducted 1 point for OutputAccuracy/ProcessFidelity.","Code correctly creates the recipe with the specified formula, applies `step_log`, `step_other`, `step_dummy`, `step_center`, and `step_scale` in a logical order, and preps the recipe. All required functions are present.","Code correctly defines three models: `lm_mod_base` (lm), `lm_mod_glmnet` (glmnet with tuned penalty/mixture), and `lm_mod_rforest` (ranger with tuned min_n/trees). All required functions and parameters are present.",Code correctly calls `parsnip::translate()` on all three model objects. Process fidelity is met.,"Code sets seed and calls `bootstraps`. However, the rubric specifies using default parameters. The student explicitly set `times = 25`. While functional, this deviates from the 'default parameters' instruction. Deducted 1 point for ProcessFidelity.","Code creates the workflow set. However, the rubric requires using `tidyr::unnest()` on the info column to examine contents. The student only selected the columns (`dplyr::select(wflow_id, info)`) but did not unnest them. Deducted 1 point for ProcessFidelity/OutputAccuracy.","The student redefined the workflow set and models with different parameters (e.g., `mixture = 1` instead of `tune()`, added `mtry`) and used `vfold_cv` instead of the bootstrap samples created in Ex6. This violates ProcessFidelity significantly. While the final unnest/filter/slice logic is present, the input data and model definitions do not match the expected workflow from previous exercises. Deducted 2 points.","The student ran `rank_results` but on a different workflow set (`all_workflows_res` with CV folds) than expected (bootstrap-based). The rubric expects comparison to Ex8 results which should be consistent. Due to the deviation in Ex8, this result is not comparable to the expected solution. Deducted 2 points for ProcessFidelity/OutputAccuracy.","The student extracted a workflow and finalized it, but used parameters (`mtry`, `min_n`) that do not match the rubric's expected best parameters (`trees`, `min_n`) for the base_forest model. Additionally, the code is overly complex and re-runs the entire tuning process instead of using the finalized workflow from the previous step. Deducted 2 points for ProcessFidelity and OutputAccuracy."
6,20,19,"The student demonstrates a good understanding of individual components like recipes and model specification (Q3, Q4, Q5). However, significant points were lost due to deviations from the required workflow in later exercises. Specifically, the student switched from bootstrap resampling to v-fold cross-validation in Q8/Q10, ignored the requirement to update the original `all_workflows` object, and failed to unnest the info column in Q7. Strict adherence to the specified variables and resampling methods is crucial for full credit.",2,2,3,3,3,2,2,1,1,1,"Code executes `skimr::skim(dat)` correctly. However, the rubric requires using the pipe operator `|>` to pass data to the function (e.g., `dat |> skimr::skim()`). The student used direct argument passing. Deducted 1 point for ProcessFidelity.","Code correctly sets seed and creates splits. However, the rubric explicitly requires using `strata = 'Sale_Price'` in `initial_split`. The student omitted this parameter. Deducted 1 point for OutputAccuracy/ProcessFidelity.","The recipe is created with the correct formula and steps (`step_log`, `step_other`, `step_dummy`, `step_center`, `step_scale`). The order is logical (dummy creation before scaling). `prep()` and `tidy()` are used. Full marks.","Three models are created correctly: `lm_mod_base` (lm), `lm_mod_glmnet` (glmnet with tune), and `lm_mod_rforest` (ranger with tune). Correct functions and parameters are used. Full marks.",The student correctly calls `parsnip::translate()` on all three model objects. Full marks.,"The student sets the seed and calls `bootstraps()`. However, they explicitly set `times = 25`, whereas the rubric states to 'leave the parameters set to their defaults' (which is 25, but explicitly setting it deviates from the 'default' instruction slightly, more importantly, the rubric checks for `rsample::bootstraps(ames_train)` specifically). The main issue is that the rubric expects the variable `train_resamples` to be created using the default parameters without explicit override if possible, but more critically, the student's code in Q8/Q10 relies on a different variable name `all_workflows_res` and different resampling strategy (vfold vs bootstrap) later. For Q6 specifically, the code is functionally correct but the rubric emphasizes 'default parameters'. I will deduct 1 point for not strictly following the 'default' instruction by specifying `times=25` explicitly, although it is the default value. Actually, looking closer, the rubric says 'default number of resamples'. The student specified it. It's a minor deviation. Let's look at Q8/Q10. The student deviates significantly in Q8/Q10. For Q6, the code is present. I will give 2 points because the rubric says 'default parameters' and the student hardcoded it, showing a lack of trust in defaults or misunderstanding of the instruction 'leave... to their defaults'.","The student creates a workflow set. However, they redefine the recipe and models inside this chunk, which is redundant but acceptable. The critical error is in the second code chunk: they select `wflow_id` and `info` but do NOT unnest the `info` column as required by the rubric ('use `tidyr::unnest(` on the info column'). They only select it. Deducted 1 point for missing `unnest`.","The student completely deviates from the required process. The rubric requires updating `all_workflows` with `workflow_map` using `train_resamples` (bootstrap). The student creates a new variable `all_workflows_res`, uses `vfold_cv` instead of bootstrap, and changes the grid size. While the final unnesting/filtering logic is similar, the core process (using the bootstrap resamples from Q6 and updating the original workflow set) is ignored. Deducted 2 points for ProcessFidelity and OutputAccuracy.","The student runs `rank_results` but on their custom `all_workflows_res` object (using vfold) rather than the `all_workflows` object updated in Q8 (which should have used bootstrap). The rubric requires comparing to results from Exercise 8 (which should be consistent). Since Q8 was incorrect, this comparison is invalid. Deducted 2 points for ProcessFidelity.","The student extracts a workflow and finalizes it. However, they use `best_params` which is not defined in the provided code chunk (it relies on previous chunks that were also deviated). They also redefine the recipe and models again. The final calculation of MSE ratio is present. However, the process is disjointed and relies on variables not properly established in the context of the rubric's expected workflow (using `all_workflows` and `train_resamples`). Deducted 2 points for ProcessFidelity and CodeExecution (undefined variable `best_params` in the finalize chunk)."
7,20,20,"The student demonstrated a good understanding of the core tidymodels functions for EDA, recipe creation, and model specification (Ex1-5). However, significant points were lost in later exercises due to deviating from the required workflow structure. Specifically, the student redefined variables unnecessarily, ignored the bootstrap samples created in Ex6 for Ex8, and failed to use `unnest` in Ex7. The final model comparison in Ex10 was overly complex and did not follow the prescribed template steps.",2,2,3,3,3,2,1,1,2,1,"Code executes `skimr::skim(dat)` correctly. However, the rubric requires using the pipe operator `|>` to pass data to the function (e.g., `dat |> skimr::skim()`). The student used direct argument passing. Deducted 1 point for ProcessFidelity.","Code correctly sets seed and creates splits. However, the rubric explicitly requires using `strata = 'Sale_Price'` in `initial_split`. The student omitted this parameter. Deducted 1 point for OutputAccuracy/ProcessFidelity.","Code correctly creates the recipe with the specified formula and steps (`step_log`, `step_other`, `step_dummy`, `step_center`, `step_scale`). It also preps and tidies the recipe. All criteria met.","Code correctly defines three models: `lm_mod_base`, `lm_mod_glmnet` (with tuned penalty/mixture), and `lm_mod_rforest` (with tuned min_n/trees). All required functions and parameters are present.",Code correctly calls `parsnip::translate()` on all three model objects. Output accuracy is assumed based on correct code structure.,"Code sets seed and calls `bootstraps()`. However, the rubric specifies using default parameters. The student explicitly set `times = 25`. While functional, this deviates from the 'default parameters' instruction in ProcessFidelity. Deducted 1 point.","The student redefined the recipe and models in this chunk, which is redundant but not necessarily wrong. However, the rubric requires using `tidyr::unnest()` on the info column to examine contents. The student only used `dplyr::select(wflow_id, info)`, which does not unnest the data. Deducted 2 points for missing required function and incorrect process.","The student completely rewrote the workflow setup, using `vfold_cv` instead of the bootstrap samples created in Ex6, and changed model specifications (e.g., `mtry` instead of `trees` for tuning in some places, or fixed values). The rubric requires updating `all_workflows` with `workflow_map` using the previously created `train_resamples`. The student's code does not follow the expected process or use the correct variables. Deducted 2 points for ProcessFidelity and CodeExecution.","Code calls `rank_results` correctly. However, the student performs extensive additional data manipulation (`pivot_wider`, etc.) not required by the rubric. The core requirement is met, but the process is overly complex and deviates from the simple comparison requested. Deducted 1 point for ProcessFidelity.","The student extracted a workflow and finalized it. However, the code is extremely convoluted, redefining recipes and models again. The rubric expects extracting the 'base_forest' workflow (or best one) and fitting it to `ames_train` and `ames_test` to compare OOB errors. The student's code calculates MSE manually via predictions rather than using the workflow fit objects directly as implied by the template structure. The final ratio is also significantly different from the expected ~12% difference, suggesting potential issues with the model specification or data handling in the redefined chunks. Deducted 2 points for ProcessFidelity and OutputAccuracy."
8,19,21,"The student demonstrated strong understanding of the initial data preparation and model specification steps (Ex1-Ex6). However, significant deviations occurred in the later exercises (Ex7-Ex10), where the student redefined variables, switched from bootstrap to cross-validation, and altered model parameters. This broke the workflow continuity required by the rubric, leading to lower scores in the final stages.",2,2,3,3,3,2,1,1,1,1,"Code executes and uses `skimr::skim()`, but fails to use the pipe operator `|>` as required by the rubric. The conclusion about missing data is correct.","Code structure is correct (set.seed, initial_split, training/testing), but the `strata = 'Sale_Price'` parameter is missing from `initial_split`, which is required by the rubric.","Correctly creates the recipe with the specified formula and steps (log, other, dummy, center, scale). Uses `prep()` and `broom::tidy()` as required.","Correctly defines three models: base lm, glmnet with tuned penalty/mixture, and ranger with tuned min_n/trees. Uses `parsnip` functions correctly.",Correctly applies `parsnip::translate()` to all three model objects to display their templates.,"Code executes and creates bootstrap samples, but explicitly sets `times = 25` instead of using the default parameters as instructed in the rubric ('leave the parameters set to their defaults').","The workflow set is created, but the code to examine the structure is incomplete. It selects columns but does not use `tidyr::unnest()` on the info column as required by the rubric.","The student redefined the workflow set and used `vfold_cv` instead of the `train_resamples` (bootstrap) object created in Ex6. While the unnesting/filtering logic is present, it does not follow the expected process of updating the existing `all_workflows` variable with the bootstrap resamples.","The code calls `rank_results`, but it operates on a redefined workflow set (`all_workflows_res`) using cross-validation folds rather than the bootstrap results from the previous exercises. The comparison logic is overly complex and deviates from the simple verification requested.","The student re-ran the entire modeling pipeline with different parameters (mtry instead of trees) and different resampling (CV instead of bootstrap). The finalization and fitting steps are present but do not align with the specific 'base_forest' workflow and parameters (trees=1, min_n=11) expected from the previous exercises."
9,20,20,"The student demonstrated a good understanding of the individual components (recipes, models, bootstraps) in the early exercises. However, significant points were lost in later exercises due to not chaining the workflow correctly (redefining variables instead of using previous outputs) and deviating from the specific process instructions (e.g., unnesting info, simple rank_results call). Ensure you use the variables created in previous steps and follow the exact function calls requested in the rubric.",2,2,3,3,3,2,2,1,1,1,"Code executes `skimr::skim(dat)` correctly. However, the rubric requires using the pipe operator `|>` to pass data to the function (e.g., `dat |> skimr::skim()`). The student used direct argument passing. Deducted 1 point for ProcessFidelity.","Code correctly sets seed and creates splits. However, the rubric explicitly requires using `strata = 'Sale_Price'` in `initial_split`. The student omitted this parameter. Deducted 1 point for OutputAccuracy/ProcessFidelity.","Code correctly creates the recipe with the specified formula, applies `step_log`, `step_other`, `step_dummy`, `step_center`, and `step_scale`, and preps the recipe. The order of operations is logical (dummy variables created before centering/scaling). All criteria met.","Code correctly defines three models: `lm_mod_base` (lm), `lm_mod_glmnet` (glmnet with tuned penalty/mixture), and `lm_mod_rforest` (ranger with tuned min_n/trees). All required functions and parameters are present.",Code correctly calls `parsnip::translate()` on all three model objects. Output accuracy is assumed based on correct code structure.,"Code sets seed and calls `bootstraps`. However, the rubric specifies using default parameters. The student explicitly set `times = 25`. While not necessarily 'wrong', it deviates from the 'default parameters' instruction in ProcessFidelity. Deducted 1 point.","Code creates `all_workflows` correctly. However, the rubric requires using `tidyr::unnest()` on the info column to examine contents. The student only selected the columns (`dplyr::select(wflow_id, info)`) but did not unnest them. Deducted 1 point for ProcessFidelity/OutputAccuracy.","The student did not use the `all_workflows` variable created in Q7. Instead, they redefined the recipe, models, and workflow set from scratch, using different parameters (e.g., `mixture = 1` instead of `tune()`, `vfold_cv` instead of `train_resamples`). This violates ProcessFidelity significantly. The final unnesting/filtering code is structurally correct, but the input data is not the result of the previous steps as required. Deducted 2 points.","The student did not simply run `workflowsets::rank_results(all_workflows, ...)` as requested. They performed complex manual comparisons and pivoting. While the function was called, the process deviated significantly from the simple verification step requested. Deducted 2 points for ProcessFidelity.","The student extracted a workflow and finalized it, but used `best_params` which was not defined in the provided code chunk (it was calculated in a previous chunk but the variable name in `finalize_workflow` was just `best_params` without ensuring it was passed correctly or defined in that specific scope if evaluated independently). More importantly, the rubric expects fitting on `ames_train` and `ames_test` using the `fit()` function directly on the workflow to compare OOB/test errors. The student used `predict()` and manual MSE calculation. The code is overly complex and deviates from the expected simple workflow. Deducted 2 points."
10,20,20,"The student demonstrated a good understanding of the individual components (recipes, models, bootstraps) in the early exercises. However, significant points were lost in the later exercises (Q7-Q10) due to deviating from the prescribed workflow. Specifically, redefining variables instead of chaining from previous steps, ignoring specific function requirements (like `unnest`), and introducing syntax errors in the finalization step. Stick closely to the variable names and function calls specified in the rubric to ensure full credit.",2,2,3,3,3,2,2,1,1,1,"Code executes `skimr::skim(dat)` correctly. However, the rubric requires using the pipe operator `|>` to pass data to the function (e.g., `dat |> skimr::skim()`). The student used direct argument passing. Deducted 1 point for ProcessFidelity.","Code correctly sets seed and creates splits. However, the rubric explicitly requires using `strata = 'Sale_Price'` in `initial_split`. The student omitted this parameter. Deducted 1 point for OutputAccuracy/ProcessFidelity.","Code correctly creates the recipe with the specified formula, applies `step_log`, `step_other`, `step_dummy`, `step_center`, and `step_scale`, and preps the recipe. The order of operations is logical (dummy variables created before centering/scaling). All criteria met.","Code correctly defines three models: `lm_mod_base` (lm), `lm_mod_glmnet` (glmnet with tuned penalty/mixture), and `lm_mod_rforest` (ranger with tuned min_n/trees). All required functions and parameters are present.","Code correctly calls `parsnip::translate()` on all three model objects (`lm_mod_base`, `lm_mod_glmnet`, `lm_mod_rforest`). Output accuracy is assumed based on correct code structure.","Code sets seed and calls `bootstraps()`. However, the rubric specifies using default parameters. The student explicitly set `times = 25`, which deviates from the 'default parameters' instruction. Deducted 1 point for ProcessFidelity.","Code creates `all_workflows` using `workflow_set`. However, the rubric requires using `tidyr::unnest()` on the info column to examine contents. The student only selected the columns (`dplyr::select(wflow_id, info)`) but did not unnest them. Deducted 1 point for CodeExecution/ProcessFidelity.","The student did not use the `all_workflows` variable created in Q7. Instead, they redefined the recipe, models, and workflow set from scratch, using different parameters (e.g., `mixture = 1` instead of `tune()`, `vfold_cv` instead of `train_resamples`). This violates ProcessFidelity significantly. While the final unnesting/filtering code is syntactically correct, it operates on a different object than intended by the lab flow. Deducted 2 points.","The student did not run the specific code requested: `workflowsets::rank_results(all_workflows, rank_metric = 'rmse', select_best = TRUE)`. Instead, they performed a complex manual comparison using `extract_workflow_set_result` and `pivot_wider`. This does not meet the CodeExecution or ProcessFidelity criteria for this specific exercise. Deducted 2 points.","The student extracted a workflow and finalized it, but used `all_workflows_res` (from their custom Q8/Q9 flow) instead of the standard `all_workflows`. The finalization code has a syntax error (missing comma or pipe between `finalize_workflow` call and `tibble`). The comparison of fits is overly complex and deviates from the simple `fit()` on train/test sets requested. Deducted 2 points for ProcessFidelity and CodeExecution."
11,22,22,"The student demonstrated a good understanding of the tidymodels components (recipes, parsnip models, workflowsets). However, there were significant deviations in process fidelity, particularly in Exercises 8 and 10 where the student redefined variables and workflows instead of chaining operations as expected. Additionally, specific rubric requirements like using the pipe operator in Ex1, stratification in Ex2, and unnesting in Ex7 were missed. Ensure you follow the step-by-step variable assignment and function chaining outlined in the instructions.",2,2,3,3,3,3,2,1,2,1,"Code executes `skimr::skim(dat)` correctly. However, the rubric requires using the pipe operator `|>` to pass data to the function (e.g., `dat |> skimr::skim()`). The student used direct argument passing. Deducted 1 point for ProcessFidelity.","Code correctly sets seed and creates splits. However, the rubric explicitly requires using `strata = 'Sale_Price'` in `initial_split`. The student omitted this parameter. Deducted 1 point for OutputAccuracy/ProcessFidelity.","Code correctly creates the recipe with the specified formula, applies `step_log`, `step_other`, `step_dummy`, `step_center`, and `step_scale` in a logical order, and preps the recipe. All required functions are present.","Code correctly defines three models: `lm_mod_base` (lm engine), `lm_mod_glmnet` (glmnet engine with tuned penalty/mixture), and `lm_mod_rforest` (ranger engine with tuned min_n/trees). All required functions and parameters are present.","Code correctly calls `parsnip::translate()` on all three model objects (`lm_mod_base`, `lm_mod_glmnet`, `lm_mod_rforest`). Process fidelity is met.","Code correctly sets seed and calls `rsample::bootstraps()` on `ames_train`. Although the student added `times = 25`, the rubric allows default parameters and does not penalize for specifying a valid number of resamples. The core requirement is met.","Code creates the workflow set correctly. However, the rubric requires using `tidyr::unnest()` on the info column to examine contents. The student only selected the columns (`dplyr::select(wflow_id, info)`) but did not unnest them. Deducted 1 point for ProcessFidelity/OutputAccuracy.","The student redefined the workflow set and models in this chunk, deviating from the expected process of updating the existing `all_workflows` variable. Furthermore, the student used `vfold_cv` instead of the bootstrap samples created in Ex6, and used a different variable name (`all_workflows_res`). While the final unnesting/filtering logic is present, the process fidelity is low due to redefinition and incorrect resampling object usage. Deducted 2 points.","Code calls `workflowsets::rank_results()` with correct parameters. However, the student performs extensive additional data manipulation (pivot_wider, etc.) not required by the rubric, which focuses on running the function and comparing output. The core requirement is met, but the extra complexity obscures the direct comparison. Deducted 1 point for ProcessFidelity.",The student redefined the entire workflow and tuning process in this chunk instead of using the finalized workflow from previous steps. The `finalize_workflow` call in Q10b is syntactically incorrect (missing assignment or pipe structure for the tibble). The final comparison uses manual MSE calculation rather than the standard `fit` output comparison expected. Significant deviation from the expected process. Deducted 2 points.
12,18,18,"The student demonstrated understanding of basic model specification and translation (Ex4, Ex5). However, significant deviations occurred in the workflow management exercises (Ex7-Ex10). The student frequently redefined variables, used different resampling methods (vfold vs bootstrap), and ignored specific parameter requirements (stratification, default arguments). The final exercises lacked fidelity to the prescribed workflow pipeline.",2,2,2,3,3,2,1,1,1,1,"Code executes `skimr::skim(dat)` correctly, but fails to use the pipe operator `|>` as required by the rubric. The conclusion about missing data is correct.","Code correctly sets seed and creates splits using `rsample` functions. However, it omits the `strata = 'Sale_Price'` parameter required by the rubric for stratified sampling.","Recipe structure is mostly correct, but `step_center` and `step_scale` are applied to `all_predictors()` instead of `all_numeric_predictors()`. This is incorrect because dummy variables (created by `step_dummy`) should not be centered/scaled in this context, and the outcome variable should not be scaled.","All three models are correctly specified with appropriate engines and tunable parameters (`penalty`, `mixture`, `min_n`, `trees`). `set_mode` is used where necessary.",Correctly calls `parsnip::translate()` on all three model objects to display their templates.,"Code creates bootstrap samples, but explicitly sets `times = 25`. The rubric specifies using default parameters (which is 25, but the instruction says 'leave parameters set to their defaults', implying no explicit argument should be passed if possible, or at least the rubric check looks for default usage. More critically, the rubric check for Ex6 says 'default number of resamples'. While 25 is the default, explicitly passing it is often acceptable, but the rubric emphasizes 'default parameters'. Let's look closer. The rubric says 'leave the parameters set to their defaults'. The student passed `times=25`. This is technically the default. However, the rubric check for Ex6 OutputAccuracy says 'default number of resamples'. I will give full points if it's functionally equivalent, but the rubric is strict on 'ProcessFidelity'. Actually, looking at Ex6 rubric: 'Code must call ... bootstraps() ... with default parameters'. Passing `times=25` is not using the default parameter mechanism, it's overriding it with the same value. I will deduct 1 point for ProcessFidelity.","The student redefined the recipe and models in this chunk, which is redundant but not necessarily wrong. However, the `unnest` step is incomplete. The rubric requires `tidyr::unnest()` on the `info` column. The student only selected `wflow_id` and `info` but did not unnest the `info` column to show its contents as required.","The student did not follow the required process. Instead of updating `all_workflows` and then chaining the specific `select`, `unnest`, `filter`, `group_by`, `arrange`, `slice` pipeline on `all_workflows` as requested, they created a new variable `all_workflows_res` using `vfold_cv` instead of the bootstrap samples from Ex6, and used a different grid size. The final pipeline operates on `all_workflows_res`, not the updated `all_workflows` variable as specified.","The code does not simply call `workflowsets::rank_results(all_workflows, ...)` as required. Instead, it performs complex manual comparisons and pivoting on `all_workflows_res`. It fails to verify consistency with Exercise 8's specific output structure.","The student extracted the workflow and finalized it, but the parameters used (`mtry`, `min_n`) do not match the rubric's expected best parameters (`trees`, `min_n`) derived from the specific workflow set in Ex8. Additionally, the code for fitting and comparing is overly complex and deviates from the simple `fit()` calls on `ames_train` and `ames_test` requested. The final ratio calculation is also based on a different model configuration than the one prescribed by the lab flow."
13,21,21,"The student demonstrated a good understanding of the tidymodels components (recipes, parsnip, rsample) but struggled with strict adherence to the required workflow steps. Key issues include missing the `strata` parameter in data splitting, failing to unnest the workflow info column, and deviating from the required variable updates in the workflow mapping exercises. Code syntax errors in the final exercise also impacted the score.",2,2,3,3,3,2,2,1,2,1,"Code executes `skimr::skim(dat)` correctly. However, the rubric requires using the pipe operator `|>` to pass data to the function (e.g., `dat |> skimr::skim()`). The student used direct argument passing. Deducted 1 point for ProcessFidelity.","Code correctly sets seed and creates splits. However, the rubric explicitly requires using `strata = 'Sale_Price'` in `initial_split`. The student omitted this parameter. Deducted 1 point for OutputAccuracy/ProcessFidelity.","Code correctly creates the recipe with the specified formula, applies `step_log`, `step_other`, `step_dummy`, `step_center`, and `step_scale` in a logical order, and preps the recipe. All required functions are present.","Code correctly defines three models: `lm_mod_base` (lm), `lm_mod_glmnet` (glmnet with tuned penalty/mixture), and `lm_mod_rforest` (ranger with tuned min_n/trees). All required functions and parameters are present.","Code correctly calls `parsnip::translate()` on all three model objects (`lm_mod_base`, `lm_mod_glmnet`, `lm_mod_rforest`). Process fidelity is met.","Code sets seed and calls `bootstraps()`. However, the rubric specifies using default parameters. The student explicitly set `times = 25`, which deviates from the 'default parameters' instruction. Deducted 1 point for ProcessFidelity.","Code creates `all_workflows` using `workflow_set`. However, the rubric requires using `tidyr::unnest()` on the info column to examine contents. The student only selected the columns (`dplyr::select(wflow_id, info)`) but did not unnest them. Deducted 1 point for CodeExecution/ProcessFidelity.","The student did not update the `all_workflows` variable as required by the rubric ('update the variable all_workflows with the result'). Instead, they created a new variable `all_workflows_res` and used a different resampling method (vfold_cv instead of the bootstrap samples from Ex6). While the unnesting/filtering logic is present, the core workflow mapping step deviates significantly from the required process. Deducted 2 points.","Code calls `rank_results` with correct parameters. However, the input object is `all_workflows_res` (from the deviated Ex8) rather than the updated `all_workflows` as implied by the sequential workflow. The comparison logic is also overly complex compared to the simple verification requested. Deducted 1 point for ProcessFidelity.","The student extracted the workflow and finalized it, but the code is highly convoluted and re-defines recipes/models unnecessarily. More critically, the `finalize_workflow` call in Q10b has a syntax error (missing comma or incorrect structure between the pipe and the tibble). The final fit comparison is present but relies on the previous errors. Deducted 2 points for CodeExecution and ProcessFidelity."
14,21,21,"The student demonstrated a good understanding of the individual components (recipes, models, translation) in the early exercises. However, starting from Exercise 7, the student repeatedly redefined variables and changed model specifications (e.g., using vfold instead of bootstrap, changing tuning parameters), which deviated significantly from the required workflow. This led to lower scores in the later exercises despite the code being syntactically functional in isolation.",2,2,3,3,3,2,2,1,2,1,"Code executes `skimr::skim(dat)` correctly. However, the rubric requires using the pipe operator `|>` to pass data to the function (e.g., `dat |> skimr::skim()`). The student used direct argument passing. Deducted 1 point for ProcessFidelity.","The code correctly sets the seed and creates the split. However, it is missing the `strata = 'Sale_Price'` parameter in `initial_split`, which is required by the rubric for OutputAccuracy. Deducted 1 point.","The recipe is created with the correct formula and steps (`step_log`, `step_other`, `step_dummy`, `step_center`, `step_scale`). The order is logical (dummy variables created before centering/scaling). `prep()` and `tidy()` are used. Full marks.","Three models are created correctly: `lm_mod_base` (lm), `lm_mod_glmnet` (glmnet with penalty/mixture tuned), and `lm_mod_rforest` (ranger with min_n/trees tuned). `set_engine` and `set_mode` are used appropriately. Full marks.","The student correctly calls `parsnip::translate()` on all three model objects (`lm_mod_base`, `lm_mod_glmnet`, `lm_mod_rforest`). Full marks.","The student sets the seed and calls `bootstraps()`. However, they explicitly set `times = 25`, whereas the rubric specifies using 'default parameters'. While not a critical error, it deviates from the strict process fidelity. Deducted 1 point for ProcessFidelity.","The `workflow_set` is created. However, the student redefined the models and recipe in this chunk, changing the model names (e.g., `lm` instead of `base`, `ranger` instead of `forest`) and parameters (e.g., `mixture = 1` instead of `tune()` for glmnet). This deviates from the expected process of using the previously defined variables. Additionally, the unnesting step only selects columns but does not fully `unnest(info)` as requested to show contents. Deducted 1 point for ProcessFidelity/OutputAccuracy.","The student completely rewrote the workflow setup, using `vfold_cv` instead of the bootstrap samples from Ex6, and changed model specifications. The final extraction code is syntactically correct for unnesting/filtering, but the context is wrong due to the redefinition of variables. Deducted 2 points for ProcessFidelity and OutputAccuracy.",The student calls `rank_results` but on a variable `all_workflows_res` that was redefined in Ex8 with different parameters (vfold instead of bootstrap). The comparison logic is present but based on the incorrect workflow set. Deducted 1 point for ProcessFidelity.,"The student redefined the entire workflow again. In Q10b, the syntax for `finalize_workflow` is incorrect (missing comma or argument structure error with `best_params` and the tibble). The final calculation of MSE ratio is present but relies on the redefined and potentially inconsistent workflow. Deducted 2 points for CodeExecution and ProcessFidelity."
15,21,21,"The student demonstrated a good understanding of the tidymodels components (recipes, parsnip, rsample) and correctly implemented the core modeling and preprocessing steps in Exercises 3-5. However, there were consistent deviations from the specific process requirements in the rubric, such as omitting stratification in splits, not using pipes where required, and redefining variables/workflows in later exercises instead of building upon previous steps. The final exercises were overly complex compared to the expected solution path.",2,2,3,3,3,2,2,1,2,1,"Code executes `skimr::skim(dat)` correctly. However, the rubric requires using the pipe operator `|>` to pass data to the function (e.g., `dat |> skimr::skim()`). The student used direct argument passing. Deducted 1 point for ProcessFidelity.","Code correctly sets seed and creates splits. However, the rubric explicitly requires using `strata = 'Sale_Price'` in `initial_split`. The student omitted this parameter. Deducted 1 point for OutputAccuracy/ProcessFidelity.","Code correctly creates the recipe with the specified formula, applies `step_log`, `step_other`, `step_dummy`, `step_center`, and `step_scale`, and preps the recipe. The order of operations is logical (dummy variables created before centering/scaling predictors). All required functions are present.","Code correctly defines three models: `lm_mod_base` (lm engine), `lm_mod_glmnet` (glmnet engine with tuned penalty/mixture), and `lm_mod_rforest` (ranger engine with tuned min_n/trees). All required functions and parameters are present.","Code correctly calls `parsnip::translate()` on all three model objects (`lm_mod_base`, `lm_mod_glmnet`, `lm_mod_rforest`). Process fidelity is met.","Code sets seed and calls `bootstraps()`. However, the rubric specifies using default parameters. The student explicitly set `times = 25`. While not strictly 'incorrect' in a vacuum, it deviates from the 'default parameters' instruction in the rubric's ProcessFidelity check. Deducted 1 point.","Code creates `all_workflows` using `workflow_set`. However, the rubric requires using `tidyr::unnest()` on the info column to examine contents. The student only selected the columns (`dplyr::select(wflow_id, info)`) but did not unnest them. Deducted 1 point for ProcessFidelity/OutputAccuracy.","The student redefined the workflow set and models in this chunk, deviating significantly from the expected process of updating the existing `all_workflows` variable. They also used `vfold_cv` instead of the bootstrap samples created in Ex6, and used a different variable name (`all_workflows_res`). While the final unnesting/filtering logic is present, the process fidelity is low due to redefinition and deviation from the specified workflow variable. Deducted 2 points.","Code calls `rank_results` with correct parameters. However, the student performed extensive additional data manipulation (pivoting, selecting specific columns) not required by the rubric, which focuses on simply running the function and comparing. The core requirement is met, but the extra complexity obscures the direct comparison. Deducted 1 point for ProcessFidelity.","The student's code is overly complex and deviates from the rubric's expected process. The rubric expects extracting the 'base_forest' workflow, finalizing with specific parameters (trees=1, min_n=11), and fitting on train/test data to compare MSE. The student re-ran the entire tuning process, used `vfold_cv` instead of the bootstrap/train-test split context, and calculated MSE manually via predictions rather than using the workflow fit objects directly as implied by the simpler rubric steps. Significant deviation in ProcessFidelity. Deducted 2 points."
16,21,21,"The student demonstrated a good understanding of the individual components (recipes, models, translation) in the early exercises. However, significant points were lost in the later exercises (7-10) due to deviating from the prescribed workflow. Specifically, the student redefined models and resampling strategies (switching from bootstrap to vfold) instead of building upon previous chunks, and failed to use the required `unnest` function in Exercise 7. Code execution in Exercise 10 was also flawed.",2,2,3,3,3,2,2,1,2,1,"Code executes `skimr::skim(dat)` correctly. However, the rubric requires using the pipe operator `|>` to pass data to the function (e.g., `dat |> skimr::skim()`). The student used direct argument passing. Deducted 1 point for ProcessFidelity.","The code correctly sets the seed and creates the split. However, it is missing the `strata = 'Sale_Price'` parameter in `initial_split()`, which is required by the rubric for OutputAccuracy. Deducted 1 point.","The recipe is created with the correct formula and steps (`step_log`, `step_other`, `step_dummy`, `step_center`, `step_scale`). The order is logical (dummy variables created before centering/scaling). `prep()` and `tidy()` are used. Full marks.","Three models are defined correctly: `lm_mod_base` (lm), `lm_mod_glmnet` (glmnet with penalty/mixture tuned), and `lm_mod_rforest` (ranger with min_n/trees tuned). Full marks.",The student correctly calls `parsnip::translate()` on all three model objects. Full marks.,"The student sets the seed and calls `bootstraps()`. However, they explicitly set `times = 25`, whereas the rubric specifies using 'default parameters'. While not a critical error, it deviates from the strict process fidelity of using defaults. Deducted 1 point for ProcessFidelity/OutputAccuracy deviation.","The workflow set is created. However, the student redefined the models and recipe in this chunk, changing the model names (e.g., `lm` instead of `base`, `ranger` instead of `forest`) and parameters (e.g., `mtry` instead of `trees` for tuning in some places, or fixed values). More importantly, the second code chunk only selects `wflow_id` and `info` but does NOT unnest the `info` column as required by the rubric (`tidyr::unnest(info)`). Deducted 1 point for missing unnest step.","The student completely rewrote the workflow setup, changing resampling method to `vfold_cv` instead of using the `train_resamples` (bootstrap) created in Ex6. They also changed model specifications. While the final dplyr chain for extracting metrics is syntactically correct, the process fidelity is low because it does not follow the lab's prescribed workflow (using the bootstrap resamples and the specific models defined in Ex4). Deducted 2 points for ProcessFidelity and OutputAccuracy deviations.","The student calls `rank_results()` but on their custom `all_workflows_res` object rather than the standard `all_workflows` from the lab flow. The code is present and functional for their context, but deviates from the expected process. Deducted 1 point for ProcessFidelity.","The student's code is overly complex and deviates significantly from the rubric. They redefined the recipe with `skip=TRUE`, used `vfold_cv` again, and calculated MSE manually using `predict()` and `metrics()` rather than using `fit()` on the workflow and comparing OOB errors as implied by the rubric's reference to 'OOB prediction errors' (which typically refers to Ranger's internal OOB or simple fit comparison). The `finalize_workflow` call in Q10b is syntactically broken (missing comma/argument structure). Deducted 2 points for ProcessFidelity and CodeExecution issues."
17,20,20,"The student demonstrated a good understanding of the individual components (recipes, models, basic splitting) in the early exercises. However, significant deviations occurred in the later exercises (8-10), where the student re-implemented the tuning and evaluation process using cross-validation instead of the required bootstrap workflow and specific functions. This led to lower scores in process fidelity for the final third of the lab.",2,2,3,3,3,2,2,1,1,1,"Code executes `skimr::skim(dat)` correctly. However, the rubric requires using the pipe operator `|>` to pass data to the function (e.g., `dat |> skimr::skim()`). The student used direct argument passing. Deducted 1 point for ProcessFidelity.","Code correctly sets seed and creates splits. However, the rubric explicitly requires using `strata = 'Sale_Price'` in `initial_split`. The student omitted this parameter. Deducted 1 point for OutputAccuracy/ProcessFidelity.","Code correctly creates the recipe with the specified formula, applies `step_log`, `step_other`, `step_dummy`, `step_center`, and `step_scale`, and preps the recipe. The order of operations is logical (dummy variables created before centering/scaling). All criteria met.","Code correctly defines three models: `lm_mod_base` (lm), `lm_mod_glmnet` (glmnet with tuned penalty/mixture), and `lm_mod_rforest` (ranger with tuned min_n/trees). All required functions and parameters are present.",Code correctly calls `parsnip::translate()` on all three model objects. Output accuracy is assumed based on correct code structure.,"Code sets seed and calls `bootstraps()`. However, the rubric specifies using default parameters. The student explicitly set `times = 25`, which deviates from the 'default parameters' instruction. Deducted 1 point for ProcessFidelity.","Code creates the workflow set. However, the rubric requires using `tidyr::unnest()` on the info column to examine contents. The student only selected the columns (`dplyr::select(wflow_id, info)`) without unnesting. Deducted 1 point for ProcessFidelity/OutputAccuracy.","The student did not follow the required process. Instead of updating `all_workflows` with `workflow_map` using the bootstrap resamples from Ex6, they redefined the workflow set, used `vfold_cv` instead of bootstraps, and created a new variable `all_workflows_res`. The subsequent unnesting/filtering code is syntactically correct but operates on the wrong object/process. Deducted 2 points for ProcessFidelity and OutputAccuracy.","The student did not run the specific code requested (`workflowsets::rank_results(all_workflows, ...)`). Instead, they performed a complex manual comparison using `extract_workflow_set_result` and `pivot_wider`. While the intent was to compare, the specific code execution required by the rubric was missing. Deducted 2 points for CodeExecution and ProcessFidelity.","The student extracted a workflow and finalized it, but the process was significantly deviated from the rubric. They re-ran the entire tuning process with `vfold_cv` instead of using the results from previous exercises. They also used `predict` and `metrics` functions instead of simply fitting the workflow to compare OOB errors as implied by the solution template. The final ratio calculation is present but based on a non-standard workflow. Deducted 2 points for ProcessFidelity and OutputAccuracy."
18,20,20,"The student demonstrates a good understanding of the individual components (recipes, models, translation) but struggles with the integrated workflow. Key issues include not using the pipe operator in Ex1, missing stratification in Ex2, and significantly deviating from the prescribed workflow in Ex7-10 by redefining variables and resampling methods instead of chaining operations on the existing objects. The code in the final exercises is overly complex and contains syntax errors in the finalization step.",2,2,3,3,3,2,2,1,1,1,"Code executes and uses `skimr::skim()`, but fails to use the pipe operator `|>` as required by the rubric. Also, `dat` is redefined inside the chunk rather than using the global variable.","Code structure is correct (set.seed, initial_split, training/testing), but missing the `strata = 'Sale_Price'` parameter required by the rubric for OutputAccuracy.","Correctly creates recipe with specified formula, applies log, other, dummy, center, and scale steps in a logical order, and preps/tidies the recipe.","Correctly defines three models (lm, glmnet, ranger) with appropriate engines and tunable parameters (`tune()`). Note: `tune()` used without namespace is acceptable if tidymodels is loaded, which it is.",Correctly calls `parsnip::translate()` on all three model objects.,"Code executes and creates bootstrap samples, but explicitly sets `times = 25` instead of using the default parameters as instructed ('You can leave the parameters set to their defaults').","Creates workflow set correctly, but fails to `unnest` the `info` column as required by the rubric. Instead, it only selects the columns. Also, model definitions in this chunk differ slightly from Ex4 (e.g., `mixture=1` instead of `tune()`), which may cause issues later, but the primary deduction is for missing the unnest step.","The student redefines the entire workflow process using `vfold_cv` instead of the `train_resamples` (bootstrap) created in Ex6, and uses a different variable name (`all_workflows_res`). While the final dplyr chain for extracting metrics is structurally correct, it does not operate on the `all_workflows` variable updated by the provided `workflow_map` code block as intended by the lab flow.",Code calls `rank_results` but on the custom `all_workflows_res` object rather than the `all_workflows` object. The comparison logic is overly complex and deviates from the simple verification requested.,The student re-runs the entire modeling pipeline in this chunk. The `finalize_workflow` call is syntactically incorrect (missing comma/argument structure). The final ratio calculation is present but based on a re-run pipeline that deviates significantly from the expected workflow extraction and finalization process.
19,21,21,"The student demonstrated a good understanding of the individual components (recipes, models, EDA) in the early exercises. However, significant points were lost in later exercises due to redefining variables, changing parameters from the rubric specifications (e.g., stratification, bootstrap defaults), and failing to follow the specific process steps (e.g., unnesting info, using pipe operators). Consistency in following the prescribed workflow is crucial for full credit.",2,2,3,3,3,2,2,1,2,1,"Code executes `skimr::skim(dat)` correctly. However, the rubric requires using the pipe operator `|>` to pass data to the function (e.g., `dat |> skimr::skim()`). The student used direct argument passing. Deducted 1 pt for ProcessFidelity.","Code correctly sets seed and creates splits. However, the rubric explicitly requires using `strata = 'Sale_Price'` in `initial_split`. The student omitted this parameter. Deducted 1 pt for OutputAccuracy/ProcessFidelity.","Code correctly creates the recipe with the specified formula, applies `step_log`, `step_other`, `step_dummy`, `step_center`, and `step_scale` in a logical order, and preps the recipe. All required functions are present.","Code correctly defines three models: `lm_mod_base` (lm), `lm_mod_glmnet` (glmnet with tuned penalty/mixture), and `lm_mod_rforest` (ranger with tuned min_n/trees). All required functions and parameters are present.","Code correctly calls `parsnip::translate()` on all three model objects (`lm_mod_base`, `lm_mod_glmnet`, `lm_mod_rforest`). Process fidelity is met.","Code sets seed and calls `bootstraps()`. However, the rubric specifies using default parameters. The student explicitly set `times = 25`, which deviates from the 'default parameters' instruction. Deducted 1 pt for ProcessFidelity.","Code creates `all_workflows` correctly. However, the rubric requires using `tidyr::unnest()` on the info column to examine contents. The student only selected the columns (`dplyr::select(wflow_id, info)`) without unnesting. Deducted 1 pt for ProcessFidelity/OutputAccuracy.","The student redefined the workflow set and models with different parameters (e.g., `mixture = 1` instead of `tune()`, added `mtry`) and used `vfold_cv` instead of the bootstrap samples from Ex6. While the final unnesting/filtering logic is present, the process fidelity is significantly compromised by redefining objects and changing resampling methods. Deducted 2 pts.","Code calls `rank_results` with correct parameters. However, the student performed extensive additional data manipulation (pivoting, selecting specific columns) not required by the rubric, which focuses on simply running the function and comparing. The core requirement is met, but the extra complexity suggests deviation from the expected simple process. Deducted 1 pt for ProcessFidelity.","The student redefined the entire workflow, recipe, and models again in this section. The `finalize_workflow` call references `best_params` which is not defined in that specific chunk (it was defined in a previous chunk but the workflow was re-created). The code structure is disjointed from the previous exercises. Deducted 2 pts for ProcessFidelity and CodeExecution issues."
20,21,21,"The student demonstrated a good understanding of the individual components (recipes, models, translation) but struggled with workflow continuity. They frequently redefined objects (recipes, models, workflow sets) in later exercises instead of building upon previous steps. Additionally, specific rubric requirements like using pipes, stratification, and default parameters were occasionally missed. Code structure in later exercises was overly complex and sometimes syntactically flawed.",2,2,3,3,3,2,2,1,2,1,"Code executes `skimr::skim(dat)` correctly. However, the rubric requires using the pipe operator `|>` to pass data to the function (e.g., `dat |> skimr::skim()`). The student used direct argument passing. Deducted 1 point for ProcessFidelity.","Code correctly sets seed and creates splits. However, the rubric explicitly requires using `strata = 'Sale_Price'` in `initial_split`. The student omitted this parameter. Deducted 1 point for OutputAccuracy/ProcessFidelity.","Code correctly creates the recipe with the specified formula, applies `step_log`, `step_other`, `step_dummy`, `step_center`, and `step_scale` in a logical order, and preps the recipe. All required functions are present and used correctly.","Code correctly defines three models: `lm_mod_base` (lm), `lm_mod_glmnet` (glmnet with tuned penalty/mixture), and `lm_mod_rforest` (ranger with tuned min_n/trees). All required parsnip functions are used.","Code correctly calls `parsnip::translate()` on all three model objects (`lm_mod_base`, `lm_mod_glmnet`, `lm_mod_rforest`). Process fidelity is met.","Code sets seed and calls `bootstraps()`. However, the rubric specifies using default parameters. The student explicitly set `times = 25`, which deviates from the 'default parameters' instruction. Deducted 1 point for ProcessFidelity.","Code creates `all_workflows` using `workflow_set`. However, the rubric requires using `tidyr::unnest()` on the info column to examine contents. The student only selected the columns (`dplyr::select(wflow_id, info)`) but did not unnest them. Deducted 1 point for ProcessFidelity/OutputAccuracy.","The student redefined the workflow set and models from scratch instead of using the existing `all_workflows` variable as implied by the workflow. They also used `vfold_cv` instead of the `train_resamples` (bootstrap) created in Ex6. While the final unnesting/filtering logic is present, the process fidelity is low due to ignoring previous steps and redefining objects. Deducted 2 points.","Code calls `rank_results` with correct parameters. However, the student performed extensive additional data manipulation (pivoting, selecting specific columns) not required by the rubric, which focuses on simply running the function and comparing. The core requirement is met, but the process is overly complex and deviates from the simple comparison requested. Deducted 1 point for ProcessFidelity.","The student extracted a workflow and finalized it, but the code is highly convoluted, redefining recipes and models again. The `finalize_workflow` call in Q10b is syntactically incorrect (missing comma/argument structure). The final comparison calculates MSE ratio manually rather than using the fitted workflow objects directly as suggested by the template structure. Significant process fidelity issues. Deducted 2 points."
21,20,20,"The student demonstrated a good understanding of the individual components (recipes, models, translation) in the early exercises. However, significant points were lost in later exercises due to deviating from the prescribed workflow (redefining objects, changing parameters, using different resampling methods) and missing specific required steps like unnesting or using stratification. Stick closely to the variable names and parameters specified in the instructions.",2,2,3,3,3,2,2,1,1,1,"Code executes `skimr::skim(dat)` correctly. However, the rubric requires using the pipe operator `|>` to pass data to the function (e.g., `dat |> skimr::skim()`). The student used direct argument passing. Deducted 1 point for ProcessFidelity.","Code correctly sets seed and creates splits. However, the rubric explicitly requires using `strata = 'Sale_Price'` in `initial_split`. The student omitted this parameter. Deducted 1 point for OutputAccuracy/ProcessFidelity.","Code correctly creates the recipe with the specified formula, applies `step_log`, `step_other`, `step_dummy`, `step_center`, and `step_scale` in a logical order, and preps the recipe. All required functions are present.","Code correctly defines three models: `lm_mod_base` (lm engine), `lm_mod_glmnet` (glmnet engine with tuned penalty/mixture), and `lm_mod_rforest` (ranger engine with tuned min_n/trees). All required functions and parameters are present.","Code correctly calls `parsnip::translate()` on all three model objects (`lm_mod_base`, `lm_mod_glmnet`, `lm_mod_rforest`). Process fidelity is met.","Code sets seed and calls `bootstraps()`. However, the rubric specifies using default parameters. The student explicitly set `times = 25`, which deviates from the 'default parameters' instruction. Deducted 1 point for ProcessFidelity.","Code creates the workflow set. However, the rubric requires using `tidyr::unnest()` on the info column to examine contents. The student only selected the columns (`dplyr::select(wflow_id, info)`) but did not unnest them. Deducted 1 point for ProcessFidelity/OutputAccuracy.","The student redefined the workflow set and models in this chunk, changing model specifications (e.g., `mixture = 1` instead of `tune()`, adding `mtry` tuning) and using `vfold_cv` instead of the bootstrap samples from Ex6. This violates ProcessFidelity significantly. While the final unnest/filter/slice logic is present, the input data and model definitions are incorrect relative to the lab flow. Deducted 2 points.","The student did not simply run `workflowsets::rank_results(all_workflows, ...)` as requested. Instead, they performed complex manual comparisons and pivoting. The rubric expects a direct call to `rank_results` on the `all_workflows` object created in previous steps. Deducted 2 points for ProcessFidelity.","The student extracted a workflow and finalized it, but the code is overly complex and deviates from the expected simple workflow (extract -> finalize -> fit -> compare). The finalization step had syntax errors in the provided snippet (`tibble::tibble` placed outside the function call in the markdown representation, though likely intended inside). The comparison logic was custom rather than using the standard `fit` output inspection. Deducted 2 points for ProcessFidelity and CodeExecution clarity."
22,20,20,"The student demonstrated a good understanding of the individual components (recipes, models, bootstraps) in the early exercises. However, significant points were lost in the later exercises (Q7-Q10) due to breaking the workflow continuity. The student redefined variables and objects instead of chaining operations on the previously created `all_workflows` object, leading to deviations from the required process and parameters. Ensure you use the variables created in previous steps as inputs for subsequent steps.",2,2,3,3,3,2,2,1,1,1,"Code executes `skimr::skim(dat)` correctly. However, the rubric requires using the pipe operator `|>` to pass data to the function (e.g., `dat |> skimr::skim()`). The student used direct argument passing. Deducted 1 point for ProcessFidelity.","Code correctly sets seed and creates splits. However, the rubric explicitly requires using `strata = 'Sale_Price'` in `initial_split`. The student omitted this parameter. Deducted 1 point for OutputAccuracy/ProcessFidelity.","Code correctly creates the recipe with the specified formula, applies `step_log`, `step_other`, `step_dummy`, `step_center`, and `step_scale`, and preps the recipe. The order of operations is logical (dummy variables created before centering/scaling). All criteria met.","Code correctly defines three models: `lm_mod_base` (lm engine), `lm_mod_glmnet` (glmnet engine with tuned penalty/mixture), and `lm_mod_rforest` (ranger engine with tuned min_n/trees). All required functions and parameters are present.","Code correctly calls `parsnip::translate()` on all three model objects (`lm_mod_base`, `lm_mod_glmnet`, `lm_mod_rforest`). Output accuracy is assumed based on correct code structure.","Code sets seed and calls `bootstraps()`. However, the rubric specifies using default parameters. The student explicitly set `times = 25`. While functional, this deviates from the 'default parameters' instruction. Deducted 1 point for ProcessFidelity.","Code creates `all_workflows` using `workflow_set`. However, the rubric requires using `tidyr::unnest()` on the info column to examine contents. The student only selected the columns (`dplyr::select(wflow_id, info)`) but did not unnest them. Deducted 1 point for CodeExecution/ProcessFidelity.","The student did not use the `all_workflows` variable created in Q7. Instead, they redefined the recipe, models, and workflow set from scratch, using different parameters (e.g., `mixture = 1` instead of `tune()`, `vfold_cv` instead of `train_resamples`). This breaks the workflow continuity required by the rubric. The final extraction code is structurally correct but operates on a different object than intended. Deducted 2 points for ProcessFidelity and OutputAccuracy.","The student did not simply run `workflowsets::rank_results(all_workflows, ...)` as requested. Instead, they performed complex manual comparisons and pivoting on `all_workflows_res` (from Q8). While the intent is to compare, the specific code execution required by the rubric was not followed. Deducted 2 points for CodeExecution and ProcessFidelity.","The student extracted a workflow and finalized it, but the code is overly complex and deviates significantly from the rubric's expected process. The rubric expects extracting 'base_forest' and finalizing with specific parameters (trees=1, min_n=11) derived from previous steps. The student used `best_params` from a different tuning process and calculated MSE manually rather than using the workflow's built-in fit/predict structure as implied by the simpler rubric steps. Deducted 2 points for ProcessFidelity and OutputAccuracy."
23,21,21,"The student demonstrates a good understanding of the individual components (recipes, models, translation) in the early exercises. However, in the later exercises (7-10), the student repeatedly redefined variables and workflows instead of chaining operations on the existing objects. This led to deviations from the expected process, such as using different resampling methods (vfold vs bootstrap) and changing model parameters. Additionally, some specific rubric requirements like using pipes in Ex1 and stratification in Ex2 were missed.",2,2,3,3,3,2,2,1,2,1,"Code executes `skimr::skim(dat)` correctly. However, the rubric requires using the pipe operator `|>` to pass data to the function (e.g., `dat |> skimr::skim()`). The student used direct argument passing. Deducted 1 point for ProcessFidelity.","The code correctly sets the seed and creates the split. However, it is missing the `strata = 'Sale_Price'` parameter required by the rubric for the `initial_split` function. Deducted 1 point for OutputAccuracy/ProcessFidelity.","The recipe is created with the correct formula and steps (`step_log`, `step_other`, `step_dummy`, `step_center`, `step_scale`). The order is logical (dummy variables created before centering/scaling). `prep()` and `tidy()` are used. Full marks.","Three models are created correctly: `lm_mod_base` (lm), `lm_mod_glmnet` (glmnet with tune), and `lm_mod_rforest` (ranger with tune). Correct functions and parameters are used. Full marks.",The `parsnip::translate()` function is called on all three model objects. Full marks.,"The code creates bootstrap samples. However, the rubric specifies using default parameters. The student explicitly set `times = 25`, which deviates from the 'default parameters' instruction. Deducted 1 point for ProcessFidelity.","The `workflow_set` is created. However, the student redefined the models and recipe in this chunk, changing the model names (e.g., 'lm' instead of 'base', 'ranger' instead of 'forest') and parameters (e.g., `mixture = 1` instead of `tune()` for glmnet). This deviates from the expected process of using the previously defined variables. Also, the unnesting step only selects columns but does not fully unnest the `info` column as requested. Deducted 1 point for ProcessFidelity.","The student completely rewrote the workflow setup, using `vfold_cv` instead of the bootstrap samples from Ex6, and changed model specifications. While the final unnesting/filtering logic is present, the process fidelity is low because it does not follow the expected workflow of updating the `all_workflows` variable created in Ex7. Deducted 2 points for ProcessFidelity.","The student calls `rank_results` but on a different object (`all_workflows_res`) created in the previous chunk, not the `all_workflows` variable as implied by the continuity of the lab. The code is complex and deviates from the simple check requested. Deducted 1 point for ProcessFidelity.",The student redefines the entire workflow and model setup again. The `finalize_workflow` call is syntactically incorrect (missing comma or pipe structure between the function call and the tibble). The comparison of fits is done via manual prediction and MSE calculation rather than using the `fit()` output directly as suggested by the template. Significant deviation from expected process. Deducted 2 points for ProcessFidelity and CodeExecution.
24,20,20,"The student demonstrated a good understanding of the initial data preparation and model specification steps (Ex1-Ex6). However, significant deviations occurred in the later exercises (Ex7-Ex10), where the student ignored specific workflow instructions, such as using bootstrap samples, unnesting specific columns, and following the prescribed pipeline for model tuning and comparison. Adhering strictly to the required functions and workflow steps is crucial for full credit.",2,2,3,3,3,2,2,1,1,1,"Code executes `skimr::skim(dat)` correctly. However, the rubric requires using the pipe operator `|>` to pass data to the function (e.g., `dat |> skimr::skim()`). The student used direct argument passing. Deducted 1 point for ProcessFidelity.","Code correctly sets seed and creates splits. However, the rubric explicitly requires using `strata = 'Sale_Price'` in `initial_split`. The student omitted this parameter. Deducted 1 point for OutputAccuracy/ProcessFidelity.","Code correctly creates the recipe with the specified formula, applies `step_log`, `step_other`, `step_dummy`, `step_center`, and `step_scale` in a logical order, and preps the recipe. All required functions are present.","Code correctly defines three models: `lm_mod_base` (lm), `lm_mod_glmnet` (glmnet with tuned penalty/mixture), and `lm_mod_rforest` (ranger with tuned min_n/trees). All required functions and parameters are present.",Code correctly calls `parsnip::translate()` on all three model objects. Process and output requirements are met.,"Code sets seed and calls `bootstraps()`. However, the rubric specifies using default parameters. The student explicitly set `times = 25`, which deviates from the 'default parameters' instruction. Deducted 1 point for ProcessFidelity.","Code creates the workflow set. However, the rubric requires using `tidyr::unnest()` on the info column to examine contents. The student only selected the columns (`dplyr::select(wflow_id, info)`) but did not unnest them. Deducted 1 point for CodeExecution/ProcessFidelity.","The student did not follow the required process. The rubric requires updating the existing `all_workflows` variable with `workflow_map` results and then chaining specific dplyr/tidyr functions to extract best metrics. The student redefined variables, used `vfold_cv` instead of the bootstrap samples from Ex6, and used `rank_results` instead of the specified unnest/filter/group/slice pipeline. Significant deviation from ProcessFidelity and CodeExecution.","The student did not simply run the provided code to compare results. Instead, they performed complex manual comparisons and pivoting. The rubric expects a direct call to `workflowsets::rank_results(all_workflows, ...)` to verify consistency with Ex8. Deducted points for ProcessFidelity.","The student's code is overly complex and deviates significantly from the rubric. The rubric requires extracting the 'base_forest' workflow, finalizing with specific parameters (trees=1, min_n=11), and fitting on train/test data to compare OOB errors. The student used a different workflow ID, different parameters, and a complex prediction/metrics pipeline instead of the simple `fit()` comparison requested. Deducted points for ProcessFidelity and OutputAccuracy."
25,20,20,"The student demonstrated a good understanding of the basic tidyverse modeling workflow for the first half of the lab (Ex1-Ex6). However, significant issues arose in the later exercises (Ex7-Ex10) where the student redefined variables, changed resampling strategies, and introduced syntax errors in the finalization step. Consistency in variable usage and adherence to the specified process (e.g., using bootstrap resamples throughout) is needed.",2,2,3,3,3,2,1,1,2,1,"Code executes and uses `skimr::skim()`, but fails to use the pipe operator `|>` as required by the rubric. The conclusion about missing data is correct.","Code structure is correct (set.seed, initial_split, training/testing), but the `strata = 'Sale_Price'` parameter is missing from `initial_split`, which is required for OutputAccuracy.",Recipe is created with the correct formula and steps. `prep()` and `tidy()` are used. The order of steps is acceptable for the rubric's requirements.,All three models are defined correctly with appropriate engines and tunable parameters (`tune()`). `set_mode` is used where necessary.,`parsnip::translate()` is correctly applied to all three model objects.,"Bootstrap samples are created, but the student explicitly set `times = 25`. The rubric requires using default parameters for OutputAccuracy.","Workflow set is created, but the code to examine the structure only selects columns instead of using `tidyr::unnest()` on the info column as required by the rubric.","The student redefined the workflow set and models with different parameters (e.g., `mixture = 1` instead of `tune()`) and used `vfold_cv` instead of the bootstrap resamples from Ex6. The final unnesting/filtering logic is present, but the process fidelity is low due to redefining objects and changing resampling strategy.","`rank_results` is called correctly. The student performs additional comparison steps which are not incorrect, but the core requirement is met.","The student extracts a workflow and attempts to finalize it, but the code for `finalize_workflow` is syntactically incorrect (missing argument structure). The subsequent fitting code is overly complex and redefines the entire workflow set again. The final ratio calculation is present but based on a flawed workflow definition."
26,20,20,"The student demonstrated strong understanding of the initial data preparation and model specification steps (Ex1-Ex5). However, significant deviations occurred in the resampling and tuning phases (Ex6-Ex10). Specifically, the student switched from the required bootstrap resampling to cross-validation and redefined variables instead of following the prescribed workflow chain. This led to incorrect comparisons and final model evaluation. Ensure strict adherence to the specified resampling method and variable names in future labs.",2,2,3,3,3,2,2,1,1,1,"Code executes `skimr::skim(dat)` correctly. However, the rubric requires using the pipe operator `|>` to pass data to the function (e.g., `dat |> skimr::skim()`). The student used direct argument passing. Deducted 1 point for ProcessFidelity.","Code correctly sets seed and creates splits. However, the rubric explicitly requires using `strata = 'Sale_Price'` in `initial_split`. The student omitted this parameter. Deducted 1 point for OutputAccuracy/ProcessFidelity.","Code correctly creates the recipe with the specified formula and steps (`step_log`, `step_other`, `step_dummy`, `step_center`, `step_scale`). It also preps and tidies the recipe. All criteria met.","Code correctly defines three models: `lm_mod_base`, `lm_mod_glmnet` (with penalty/mixture tuning), and `lm_mod_rforest` (with min_n/trees tuning). Engines and modes are set correctly.",Code correctly calls `parsnip::translate()` on all three model objects. Output accuracy is assumed based on correct code structure.,"Code sets seed and calls `bootstraps`. However, the rubric specifies using default parameters. The student explicitly set `times = 25`, which deviates from the 'default parameters' instruction. Deducted 1 point for ProcessFidelity.","Code creates `all_workflows` correctly. However, the rubric requires using `tidyr::unnest()` on the info column to examine contents. The student only selected the columns (`dplyr::select(wflow_id, info)`) without unnesting. Deducted 1 point for ProcessFidelity.","The student did not follow the required workflow. Instead of updating `all_workflows` with `workflow_map` using `train_resamples` (bootstrap) as specified in the lab setup, they redefined models, used `vfold_cv` (cross-validation) instead of bootstrap, and created a new variable `all_workflows_res`. The subsequent unnesting/filtering code is syntactically correct but operates on the wrong object/process. Deducted 2 points for ProcessFidelity and OutputAccuracy.","Code calls `rank_results`, but it operates on `all_workflows_res` (the CV object from Q8) rather than the expected `all_workflows` (bootstrap object). The comparison logic is also overly complex and deviates from the simple comparison requested. Deducted 2 points for ProcessFidelity and OutputAccuracy.","The student extracted a workflow and finalized it, but used parameters (`mtry`, `min_n`) that do not match the rubric's expected best parameters (`trees`, `min_n`) derived from the bootstrap tuning in previous steps. Additionally, the code re-runs the entire modeling pipeline with CV instead of using the finalized workflow on train/test sets as requested. Deducted 2 points for ProcessFidelity and OutputAccuracy."
27,21,21,"The student demonstrates a good understanding of individual tidymodels components (recipes, models, translation). However, they struggled with the workflow continuity required by the lab, frequently re-defining objects and deviating from the specific variable names and resampling methods (bootstrap vs CV) prescribed in the rubric. Exercises 8-10 show significant deviation from the expected process, leading to lower scores in those sections.",2,2,3,3,3,2,2,1,2,1,"Code executes `skimr::skim(dat)` correctly. However, the rubric requires using the pipe operator `|>` to pass data to the function (e.g., `dat |> skimr::skim()`). The student used direct argument passing. Deducted 1 point for ProcessFidelity.","Code correctly sets seed and creates splits. However, the rubric explicitly requires using `strata = 'Sale_Price'` in `initial_split`. The student omitted this parameter. Deducted 1 point for OutputAccuracy/ProcessFidelity.","The recipe is created with the correct formula and steps (`step_log`, `step_other`, `step_dummy`, `step_center`, `step_scale`). The order is logical (dummy variables created before centering/scaling). `prep()` and `tidy()` are used. Full marks.","Three models are created correctly: `lm_mod_base` (lm), `lm_mod_glmnet` (glmnet with tune), and `lm_mod_rforest` (ranger with tune). Correct functions and parameters are used. Full marks.",The student correctly calls `parsnip::translate()` on all three model objects. Full marks.,"The student sets the seed and calls `bootstraps()`. However, they explicitly set `times = 25`, whereas the rubric states to 'leave the parameters set to their defaults' (which is 25, but explicitly setting it deviates from the 'default' instruction if interpreted strictly, or more importantly, the rubric checks for default usage). More critically, the student did not use the `rsample::` namespace prefix in the call `bootstraps(ames_train, times = 25)` inside the code chunk, although the library is loaded. The main deduction is for not strictly following the 'default parameters' instruction by explicitly adding `times=25` when not asked, and potentially missing the namespace prefix if strict adherence is required. Actually, looking closer, the rubric says 'default parameters'. The student added `times=25`. This is technically the default, but the instruction was to leave them as defaults. I will deduct 1 point for ProcessFidelity as they modified the call signature unnecessarily.","The student creates the workflow set. However, they redefine the recipe and models in this chunk, which is redundant but not incorrect. The main issue is in the second code chunk: they select `wflow_id` and `info` but do NOT unnest the `info` column as required by the rubric ('use `tidyr::unnest(` on the info column to examine contents'). They only select it. Deducted 1 point for ProcessFidelity/OutputAccuracy.","The student completely rewrote the workflow creation and tuning process using `vfold_cv` instead of the bootstrap samples created in Ex6, and used a different variable name `all_workflows_res`. While the final unnesting/filtering logic is present, it does not follow the expected process of updating the `all_workflows` variable created in Ex7 with the bootstrap resamples. The rubric requires using `train_resamples` (bootstrap) and updating `all_workflows`. The student ignored the previous context. Deducted 2 points for ProcessFidelity.","The student runs `rank_results` but on their custom `all_workflows_res` object rather than the `all_workflows` object expected from the previous exercises. The code is syntactically correct for ranking, but it breaks the workflow continuity required by the lab structure. Deducted 1 point for ProcessFidelity.","The student extracts a workflow and attempts to finalize it. However, the code is overly complex, re-defining recipes and models again. The `finalize_workflow` call has a syntax error (missing comma or incorrect structure in the tibble assignment line `tibble::tibble(mtry = 5, min_n = 10)` is on a new line without proper assignment or piping context in the snippet provided). Furthermore, the final comparison uses a custom prediction/metrics calculation rather than the simple `fit()` on train/test as requested. The ratio calculation is present but the process is significantly deviated from the rubric's expected steps. Deducted 2 points for ProcessFidelity and CodeExecution."
28,19,19,"The student demonstrated a good understanding of the individual components (recipes, models, translation) in the early exercises. However, significant points were lost in the later exercises (Q7-Q10) due to redefining variables and deviating from the specified process (e.g., changing model parameters, resampling methods, and failing to use the pipe operator or specific unnesting functions as required). Consistency with the lab's workflow is crucial for full credit.",2,2,3,3,3,2,1,1,1,1,"Code executes and uses `skimr::skim()`, but fails to use the pipe operator `|>` as required by the rubric. The conclusion about missing data is correct.","Code structure is correct (set.seed, initial_split, training/testing), but the `strata = 'Sale_Price'` parameter is missing from `initial_split`, which is required for OutputAccuracy.",Recipe is created with the correct formula and steps. `prep()` and `tidy()` are used. The order of steps is acceptable for the rubric's requirements.,All three models are defined correctly with appropriate engines and tunable parameters (`tune()`). `set_mode` is present where necessary.,`parsnip::translate()` is correctly applied to all three model objects.,"Bootstrap samples are created, but the student explicitly set `times = 25` instead of using the default parameters as instructed. This deviates from the ProcessFidelity requirement.","The workflow set is created, but the code to examine the structure is incomplete. The rubric requires `tidyr::unnest()` on the info column, but the student only used `dplyr::select()`.","The student redefined the workflow set and models with different parameters (e.g., `mixture = 1` instead of `tune()`, different resampling method) rather than using the `all_workflows` variable from previous exercises. The unnesting/filtering logic is present but applied to a new object, breaking process fidelity.","The student ran `rank_results`, but on a redefined workflow set (`all_workflows_res`) rather than the one established in the lab flow. The comparison logic is overly complex and deviates from the simple verification requested.","The student extracted a workflow and finalized it, but used a redefined workflow set and parameters that did not match the lab's expected flow (e.g., `mtry` instead of `trees`/`min_n` as specified in Ex4). The final fit comparison code is present but relies on incorrect upstream objects."
29,20,20,"The student demonstrated a good understanding of the individual components (recipes, models, EDA) in the early exercises. However, significant points were lost in the later exercises (Q8-Q10) due to deviating from the required workflow process, re-defining variables unnecessarily, and not using the specified resampling objects (bootstrap vs vfold). Strict adherence to the prescribed code structure and variable names is crucial for full credit.",2,2,3,3,3,2,2,1,1,1,"Code executes `skimr::skim(dat)` correctly. However, the rubric requires using the pipe operator `|>` to pass data to the function (e.g., `dat |> skimr::skim()`). The student used direct argument passing. Deducted 1 point for ProcessFidelity.","Code correctly sets seed and creates splits. However, the rubric explicitly requires using `strata = 'Sale_Price'` in `initial_split`. The student omitted this parameter. Deducted 1 point for OutputAccuracy/ProcessFidelity.","Code correctly creates the recipe with the specified formula, applies `step_log`, `step_other`, `step_dummy`, `step_center`, and `step_scale` in a logical order, and preps the recipe. All required functions are present.","Code correctly defines three models: `lm_mod_base` (lm), `lm_mod_glmnet` (glmnet with tuned penalty/mixture), and `lm_mod_rforest` (ranger with tuned min_n/trees). All required functions and parameters are present.",Code correctly calls `parsnip::translate()` on all three model objects. Process fidelity is maintained.,"Code sets seed and calls `bootstraps()`. However, the rubric specifies using default parameters. The student explicitly set `times = 25`, which deviates from the 'default parameters' instruction. Deducted 1 point for ProcessFidelity.","Code creates the workflow set. However, the rubric requires using `tidyr::unnest()` on the info column to examine contents. The student only selected the columns (`dplyr::select(wflow_id, info)`) without unnesting. Deducted 1 point for ProcessFidelity/OutputAccuracy.","The student did not follow the required process. Instead of updating the existing `all_workflows` variable with `workflow_map` as instructed, they redefined the recipe, models, and workflow set from scratch, used `vfold_cv` instead of the bootstrap samples from Ex6, and assigned results to a new variable `all_workflows_res`. This violates ProcessFidelity significantly. Deducted 2 points.","The student did not run the specific code requested (`workflowsets::rank_results(all_workflows, ...)`). Instead, they performed a complex manual comparison using `extract_workflow_set_result` and `pivot_wider`. While the intent was to compare, the specific code execution required by the rubric was missing. Deducted 2 points.","The student extracted a workflow and finalized it, but the process was convoluted and deviated from the rubric's expected steps (e.g., re-defining the recipe with `skip=TRUE`, using `predict` and manual MSE calculation instead of just fitting and comparing OOB errors as implied by the solution template). The final ratio calculation is present but the workflow fidelity is low. Deducted 2 points."
30,17,17,"The student demonstrated understanding of the individual components (models, recipes) in early exercises but deviated significantly from the required workflow in later exercises. Specifically, redefining objects, changing resampling methods (CV instead of Bootstrap), and failing to follow the specific code structure for unnesting and finalizing workflows led to significant point deductions. Exercise 10 contained syntax errors.",2,2,2,3,3,2,1,1,1,0,"Code executes and uses `skimr::skim()`, but fails to use the pipe operator `|>` as required by the rubric. The conclusion about missing data is correct.","Code structure is correct (set.seed, initial_split, training/testing), but the `strata = 'Sale_Price'` parameter is missing from `initial_split`, which is required by the rubric.","Recipe steps are present, but the order is incorrect (centering/scaling before dummy variables can cause issues, though less critical than missing steps). More importantly, `recipes::prep()` is called without explicit `training` argument in the chain, and `broom::tidy()` is not chained directly to the prep output as requested for examination. The rubric requires specific function chaining.",All three models are correctly specified with appropriate engines and tunable parameters (`tune()`). `set_mode` is used where necessary.,Correctly applies `parsnip::translate()` to all three model objects.,"Uses `bootstraps()` but specifies `times = 25`. The rubric states to leave parameters at defaults (which is 25, so this is technically correct, but the rubric check says 'default parameters' implying no explicit argument might be preferred or just that the object is created). However, the student code is valid. Deducting 1 point because the rubric emphasizes 'default parameters' and often labs want to see the simplest call. Actually, looking closer, the rubric says 'default parameters'. 25 is the default. So this should be 3. Wait, the rubric says 'Code must call ... rsample::bootstraps() ... with default parameters'. The student called it with `times=25`. This is functionally identical. I will give 3.","The student redefined the recipe and models in this chunk, which is redundant but not necessarily wrong. However, the `workflow_set` creation uses different model names (`lm`, `glmnet`, `ranger`) than the rubric's expected `base`, `glmnet`, `forest`. More critically, the second chunk only selects columns but does NOT `unnest` the `info` column as required by the rubric ('use tidyr::unnest on the info column').","The student completely rewrote the workflow setup, using `vfold_cv` instead of the bootstrap samples created in Ex6, and changed the grid size. The final pipeline for extracting metrics is structurally similar but operates on a different object (`all_workflows_res` vs `all_workflows`). The rubric requires using the `train_resamples` from Ex6. The student ignored the provided code block for `workflow_map` and wrote their own, deviating significantly from the expected process fidelity.","The student did not simply run the provided code to compare. Instead, they wrote a complex custom comparison pipeline. While `rank_results` is called, the context is wrong because the underlying workflow set was modified in Ex8. The rubric expects a direct comparison to Ex8 results.","The student's code is syntactically broken in the finalize step (`tibble::tibble(...)` is not passed as an argument to `finalize_workflow` correctly, it's on a new line without a pipe or assignment). Furthermore, the student re-ran the entire tuning process in Ex10c instead of using the finalized workflow from Ex10b. The final ratio calculation is based on a re-fitted model, not the one specified by the lab flow. The code in Ex10b is invalid R code."
31,20,20,"The student demonstrated a good understanding of the initial steps (EDA, splitting, recipe creation, and model specification). However, significant deviations occurred in the later exercises (7-10), where the student ignored the specific workflow mapping and extraction instructions in favor of custom, often incorrect, implementations. Pay close attention to the required function chains and parameter defaults in future labs.",2,2,3,3,3,2,2,1,1,1,"Code executes `skimr::skim(dat)` correctly. However, the rubric requires using the pipe operator `|>` to pass data to the function (e.g., `dat |> skimr::skim()`). The student used direct argument passing. Deducted 1 point for ProcessFidelity.","Code correctly sets seed and creates splits. However, the rubric explicitly requires using `strata = 'Sale_Price'` in `initial_split`. The student omitted this parameter. Deducted 1 point for OutputAccuracy/ProcessFidelity.","Code correctly creates the recipe with the specified formula, applies `step_log`, `step_other`, `step_dummy`, `step_center`, and `step_scale` in a logical order, and preps the recipe. All required functions are present.","Code correctly defines three models: `lm_mod_base` (lm), `lm_mod_glmnet` (glmnet with tuned penalty/mixture), and `lm_mod_rforest` (ranger with tuned min_n/trees). All required functions and parameters are present.","Code correctly calls `parsnip::translate()` on all three model objects (`lm_mod_base`, `lm_mod_glmnet`, `lm_mod_rforest`). Process fidelity is met.","Code sets seed and calls `bootstraps()`. However, the rubric specifies using default parameters. The student explicitly set `times = 25`, which deviates from the 'default parameters' instruction. Deducted 1 point for ProcessFidelity.","Code creates the workflow set. However, the rubric requires using `tidyr::unnest()` on the info column to examine contents. The student only selected the columns (`dplyr::select(wflow_id, info)`) without unnesting. Deducted 1 point for ProcessFidelity.","The student did not follow the required process. The rubric requires updating the existing `all_workflows` variable with `workflow_map` results and then chaining specific dplyr/tidyr verbs to extract metrics. The student redefined variables, used `vfold_cv` instead of the bootstrap samples from Ex6, and used `rank_results` instead of the specified unnest/filter/group/slice pipeline. Significant deviation from ProcessFidelity and CodeExecution requirements.","The student did not simply run the provided code to compare with Ex8. Instead, they performed complex manual comparisons and pivoting. The rubric expects a direct call to `workflowsets::rank_results(all_workflows, ...)` to verify consistency with the previous step. Deducted points for ProcessFidelity.","The student extracted a workflow and finalized it, but the process was overly complex and deviated from the template. Specifically, the `finalize_workflow` call in Q10b was syntactically incorrect (missing comma/argument structure) and relied on undefined variables (`best_params`). The final comparison used manual MSE calculation rather than the standard fit/predict workflow expected. Deducted points for CodeExecution and ProcessFidelity."
32,19,18,"The student demonstrated a good understanding of the tidymodels components (recipes, parsnip models) in the early exercises. However, significant deviations occurred in the later exercises (7-10), where the student redefined variables, used different resampling methods (vfold vs bootstrap), and failed to follow the specific variable naming and workflow update instructions. Pay closer attention to the specific function arguments (like `strata`) and the required data flow between exercises.",2,2,3,3,3,2,1,1,1,1,"Code executes `skimr::skim(dat)` correctly. However, the rubric requires using the pipe operator `|>` to pass data to the function (e.g., `dat |> skimr::skim()`). The student used direct argument passing. Deducted 1 point for ProcessFidelity.","Code correctly sets seed and creates splits. However, the rubric explicitly requires using `strata = 'Sale_Price'` in `initial_split`. The student omitted this parameter. Deducted 1 point for OutputAccuracy/ProcessFidelity.","Code correctly creates the recipe with the specified formula, applies `step_log`, `step_other`, `step_dummy`, `step_center`, and `step_scale`, and preps the recipe. The order of operations is logical (dummy variables created before centering/scaling). All criteria met.","Code correctly defines three models: `lm_mod_base` (lm engine), `lm_mod_glmnet` (glmnet engine with tuned penalty/mixture), and `lm_mod_rforest` (ranger engine with tuned min_n/trees). All required functions and parameters are present.","Code correctly calls `parsnip::translate()` on all three model objects (`lm_mod_base`, `lm_mod_glmnet`, `lm_mod_rforest`). Output accuracy is assumed based on correct code structure.","Code sets seed and calls `bootstraps()`. However, the rubric specifies using default parameters. The student explicitly set `times = 25`, which deviates from the 'default parameters' instruction. Deducted 1 point for ProcessFidelity.","Code creates `all_workflows` but fails to unnest the `info` column as required by the rubric (`tidyr::unnest(info)`). Instead, it only selects `wflow_id` and `info`. Deducted 2 points for missing required transformation.","The student redefined the workflow set and models in this chunk, deviating from the expected process of updating the existing `all_workflows` variable. Furthermore, the code uses `vfold_cv` instead of the bootstrap samples created in Ex6, and the variable name `all_workflows_res` is used instead of updating `all_workflows`. The unnesting/filtering logic is present but applied to a different object. Deducted 2 points for ProcessFidelity and OutputAccuracy.",Code calls `rank_results` but on `all_workflows_res` (from Ex8 deviation) rather than the expected `all_workflows`. The comparison logic is overly complex and deviates from the simple verification requested. Deducted 2 points for ProcessFidelity.,The student extracted `base_ranger` but the rubric expects `base_forest` (based on Ex4 naming). The `finalize_workflow` call has syntax errors (missing comma/argument structure). The final comparison code is extensive but relies on re-running the entire workflow from scratch rather than using the finalized workflow from previous steps. Deducted 2 points for ProcessFidelity and CodeExecution.
33,21,21,"The student demonstrated a good understanding of the tidymodels workflow components (recipes, models, workflows). However, there were significant deviations in the later exercises (8-10) where the student redefined variables and changed resampling strategies (from bootstrap to vfold) contrary to the lab instructions. Earlier exercises were mostly correct, with minor deductions for missing pipe operators or stratification parameters.",2,2,3,3,3,2,2,1,2,1,"Code executes `skimr::skim(dat)` correctly. However, the rubric requires using the pipe operator `|>` to pass data to the function (e.g., `dat |> skimr::skim()`). The student used direct argument passing. Deducted 1 point for ProcessFidelity.","The code correctly sets the seed and creates the split. However, it is missing the `strata = 'Sale_Price'` parameter in `initial_split()`, which is required by the rubric for OutputAccuracy. Deducted 1 point.","The recipe is created with the correct formula and steps (`step_log`, `step_other`, `step_dummy`, `step_center`, `step_scale`). It is prepped and examined with `broom::tidy()`. All criteria met.","Three models are created: `lm_mod_base`, `lm_mod_glmnet`, and `lm_mod_rforest`. The correct engines and tunable parameters (`penalty`, `mixture`, `min_n`, `trees`) are specified. All criteria met.",The `parsnip::translate()` function is called on all three model objects. All criteria met.,"The code calls `bootstraps()` on `ames_train` with `set.seed(8740)`. However, the rubric specifies using default parameters. The student explicitly set `times = 25`, which deviates from the 'default parameters' instruction in ProcessFidelity. Deducted 1 point.","The `workflow_set` is created. However, the second code chunk only selects columns `wflow_id` and `info` but does not `unnest` the `info` column as required by the rubric ('use tidyr::unnest on the info column'). Deducted 1 point for ProcessFidelity/OutputAccuracy.","The student redefined the workflow set and models in this chunk, changing the resampling method to `vfold_cv` instead of using the `train_resamples` (bootstrap) created in Ex6. The rubric requires mapping across the workflows using the bootstrap samples. While the unnesting/filtering logic is present, the process fidelity is significantly compromised by redefining the workflow set and resampling strategy. Deducted 2 points.",The student calls `rank_results` but on a variable `all_workflows_res` that was created in the previous chunk with different parameters (vfold instead of bootstrap). The rubric expects comparison to results from Exercise 8 (which should have used bootstrap). The code structure is complex and deviates from the simple comparison requested. Deducted 1 point for ProcessFidelity.,"The student extracts a workflow and finalizes it. However, the finalization uses `best_params` which is not defined in the provided code chunk (it relies on previous chunks that were redefined). The rubric expects specific parameters (trees=1, min_n=11) or correct extraction from the previous step. The code is overly complex and relies on variables not clearly established in the immediate context of the solution. Deducted 2 points for ProcessFidelity and OutputAccuracy."
34,20,20,"The student demonstrated a good understanding of the tidymodels workflow for the first half of the lab (Ex1-Ex6), with minor deviations in syntax (piping) and parameters (strata, bootstrap defaults). However, significant issues arose in the later exercises (Ex7-Ex10) where the student deviated from the required process, redefining objects, using different resampling methods (CV instead of bootstrap), and failing to use the specific functions requested by the rubric (unnest, rank_results, fit). Ensure you follow the specific function calls and variable names prescribed in the instructions.",2,2,3,3,3,2,2,1,1,1,"Code executes `skimr::skim(dat)` correctly. However, the rubric requires using the pipe operator `|>` to pass data to the function (e.g., `dat |> skimr::skim()`). The student used direct argument passing. Deducted 1 point for ProcessFidelity.","Code correctly sets seed and creates splits. However, the rubric explicitly requires using `strata = 'Sale_Price'` in `initial_split`. The student omitted this parameter. Deducted 1 point for OutputAccuracy/ProcessFidelity.","Code correctly creates the recipe with the specified formula, applies `step_log`, `step_other`, `step_dummy`, `step_center`, and `step_scale`, and preps the recipe. The order of operations is logical (dummy variables created before centering/scaling). All criteria met.","Code correctly defines three models: `lm_mod_base` (lm engine), `lm_mod_glmnet` (glmnet engine with tuned penalty/mixture), and `lm_mod_rforest` (ranger engine with tuned min_n/trees). All required functions and parameters are present.","Code correctly calls `parsnip::translate()` on all three model objects (`lm_mod_base`, `lm_mod_glmnet`, `lm_mod_rforest`). Output accuracy is assumed based on correct code structure.","Code sets seed and calls `bootstraps()`. However, the rubric specifies using default parameters. The student explicitly set `times = 25`. While functional, this deviates from the 'default parameters' instruction in ProcessFidelity. Deducted 1 point.","Code creates `all_workflows` using `workflow_set`. However, the rubric requires using `tidyr::unnest()` on the info column to examine contents. The student only selected the columns (`dplyr::select(wflow_id, info)`) but did not unnest them. Deducted 1 point for ProcessFidelity/OutputAccuracy.","The student redefined the workflow set and models in this chunk, changing the model names (e.g., 'ranger' instead of 'forest') and using `vfold_cv` instead of the bootstrap samples from Ex6. The rubric requires updating the existing `all_workflows` with `workflow_map` using the bootstrap resamples. The subsequent unnesting/filtering code is structurally correct but operates on a different object (`all_workflows_res`) than specified. Significant deviation from ProcessFidelity.","The student did not run the specific code requested: `workflowsets::rank_results(all_workflows, rank_metric = 'rmse', select_best = TRUE)`. Instead, they performed a complex manual comparison using `extract_workflow_set_result` and `pivot_wider`. While the intent was to compare, the specific function call required by the rubric was missing. Deducted points for CodeExecution and ProcessFidelity.","The student extracted a workflow and finalized it, but used incorrect parameters (`mtry` instead of `trees`/`min_n` as specified in the rubric's expected best model context) and did not fit the model on both training and test data using the `fit()` function as required. The final comparison used manual prediction and MSE calculation rather than the workflow fit objects. Significant deviation from ProcessFidelity and CodeExecution."
35,20,20,"The student demonstrated good understanding of the initial steps (EDA, Recipe, Model Specification). However, significant deviations occurred in the later exercises (7-10), particularly in Exercise 8 where the student switched from bootstrap resampling to cross-validation and redefined variables, breaking the workflow continuity required by the rubric. Ensure you follow the specific variable names and resampling methods prescribed in the instructions.",2,2,3,3,3,2,2,1,1,1,"Code executes `skimr::skim(dat)` correctly. However, the rubric requires using the pipe operator `|>` to pass data to the function (e.g., `dat |> skimr::skim()`). The student used direct argument passing. Deducted 1 point for ProcessFidelity.","Code correctly sets seed and creates splits. However, the rubric explicitly requires using `strata = 'Sale_Price'` in `initial_split`. The student omitted this parameter. Deducted 1 point for OutputAccuracy/ProcessFidelity.","Code correctly creates the recipe with the specified formula, applies `step_log`, `step_other`, `step_dummy`, `step_center`, and `step_scale` in a logical order, and preps the recipe. All required functions are present.","Code correctly defines three models: `lm_mod_base` (lm), `lm_mod_glmnet` (glmnet with tuned penalty/mixture), and `lm_mod_rforest` (ranger with tuned min_n/trees). All required functions and parameters are present.",Code correctly calls `parsnip::translate()` on all three model objects. Process and output requirements are met.,"Code sets seed and calls `bootstraps()`. However, the rubric specifies using default parameters. The student explicitly set `times = 25`, which deviates from the 'default parameters' instruction. Deducted 1 point for ProcessFidelity.","Code creates the workflow set. However, the rubric requires using `tidyr::unnest()` on the info column to examine contents. The student only selected the columns (`dplyr::select(wflow_id, info)`) without unnesting. Deducted 1 point for CodeExecution/ProcessFidelity.","The student did not follow the required process. Instead of updating `all_workflows` with `workflow_map` using the bootstrap resamples from Ex6, they redefined models, used `vfold_cv` instead of bootstraps, and created a new variable `all_workflows_res`. The subsequent unnesting/filtering code operates on this new variable, not the updated `all_workflows` as required. Significant deviation from ProcessFidelity and CodeExecution.","The student ran `rank_results` but on the incorrect object (`all_workflows_res` from Ex8 deviation) and performed extra unnecessary transformations (pivot_wider, etc.) not requested by the rubric. The rubric asks to compare results from Ex8; since Ex8 was incorrect, this comparison is invalid. Deducted points for ProcessFidelity and OutputAccuracy.","The student extracted a workflow and finalized it, but used incorrect parameters (`mtry` instead of `trees`/`min_n` as specified in the rubric's expected best model context) and did not fit the model on both training and test data using the `fit()` function as required. The final comparison logic is overly complex and deviates from the simple `fit()` comparison requested. Deducted points for ProcessFidelity and OutputAccuracy."
36,21,21,"The student demonstrates a good understanding of the individual components (recipes, models, translation) in the early exercises. However, significant points were lost in later exercises due to redefining variables and deviating from the expected workflow process (e.g., using vfold instead of bootstrap, changing model parameters). The code in Ex10 also contained syntax errors in the finalization step. Stick to the variable names and processes defined in earlier steps to ensure consistency.",2,2,3,3,3,2,2,1,2,1,"Code executes `skimr::skim(dat)` correctly. However, the rubric requires using the pipe operator `|>` to pass data to the function (e.g., `dat |> skimr::skim()`). The student used direct argument passing. Deducted 1 point for ProcessFidelity.","The code correctly sets the seed and creates the split. However, it is missing the `strata = 'Sale_Price'` parameter required by the rubric for the `initial_split` function. Deducted 1 point for OutputAccuracy/ProcessFidelity.","The recipe is created with the correct formula and steps (`step_log`, `step_other`, `step_dummy`, `step_center`, `step_scale`). The order is logical (dummy variables created before centering/scaling). `prep()` and `tidy()` are used correctly.","Three models are defined correctly: `lm_mod_base` with lm engine, `lm_mod_glmnet` with glmnet engine and tuned penalty/mixture, and `lm_mod_rforest` with ranger engine and tuned min_n/trees. `set_mode` is used appropriately.","The `parsnip::translate()` function is called on all three model objects (`lm_mod_base`, `lm_mod_glmnet`, `lm_mod_rforest`) as required.","The code calls `bootstraps()` on `ames_train` with `set.seed(8740)`. However, the rubric specifies using default parameters. The student explicitly set `times = 25`, which deviates from the 'default parameters' instruction. Deducted 1 point for ProcessFidelity.","The `workflow_set` is created. However, the student redefined the models and recipe in this chunk, changing the model names (e.g., `lm` instead of `base`, `ranger` instead of `forest`) and parameters (e.g., `mixture = 1` instead of `tune()` for glmnet). This deviates from the expected process of using the previously defined variables. Also, the unnesting step only selects columns but does not fully unnest the `info` column to show contents as requested. Deducted 1 point for ProcessFidelity.","The student completely rewrote the workflow setup, using `vfold_cv` instead of the bootstrap samples from Ex6, and changed model specifications. While the final unnesting/filtering logic is present, the process fidelity is low because it does not follow the expected workflow of updating the `all_workflows` variable created in Ex7 with the bootstrap resamples. Deducted 2 points for ProcessFidelity and OutputAccuracy.","The student calls `rank_results` but on a different object (`all_workflows_res`) created in the previous chunk, rather than the `all_workflows` variable expected from the standard workflow. The comparison logic is present but relies on the deviated process from Ex8. Deducted 1 point for ProcessFidelity.","The student redefines the entire workflow and model setup again. The `finalize_workflow` call is syntactically incorrect (missing comma or pipe structure between the function call and the tibble). The final fit and comparison are performed, but the process is highly deviated from the rubric's expected steps (extracting specific workflow, finalizing with specific params, fitting on train/test). Deducted 2 points for ProcessFidelity and CodeExecution."
37,20,20,"The student demonstrated good understanding of basic recipe and model specification (Ex3, Ex4, Ex5). However, significant deviations occurred in the resampling and workflow mapping sections (Ex8-Ex10). The student switched from bootstrap resampling to cross-validation and redefined objects instead of following the prescribed variable names and workflow steps. This led to incorrect comparisons and final metrics. Pay closer attention to specific function arguments (like `strata`) and required data structures.",2,2,3,3,3,2,2,1,1,1,"Code executes `skimr::skim(dat)` correctly. However, the rubric requires using the pipe operator `|>` to pass data to the function (e.g., `dat |> skimr::skim()`). The student used direct argument passing. Deducted 1 point for ProcessFidelity.","Code correctly sets seed and creates splits. However, the rubric explicitly requires using `strata = 'Sale_Price'` in `initial_split`. The student omitted this parameter. Deducted 1 point for OutputAccuracy/ProcessFidelity.","Code correctly creates the recipe with the specified formula, applies `step_log`, `step_other`, `step_dummy`, `step_center`, and `step_scale`, and preps the recipe. The order of operations is logical (dummy variables created before centering/scaling). All criteria met.","Code correctly defines three models: `lm_mod_base` (lm engine), `lm_mod_glmnet` (glmnet engine with tuned penalty/mixture), and `lm_mod_rforest` (ranger engine with tuned min_n/trees). All required functions and parameters are present.","Code correctly calls `parsnip::translate()` on all three model objects (`lm_mod_base`, `lm_mod_glmnet`, `lm_mod_rforest`). Output accuracy is assumed based on correct code structure.","Code sets seed and calls `bootstraps()`. However, the rubric specifies using default parameters. The student explicitly set `times = 25`, which deviates from the 'default parameters' instruction. Deducted 1 point for ProcessFidelity.","Code creates `all_workflows` using `workflow_set`. However, the rubric requires using `tidyr::unnest()` on the info column to examine contents. The student only selected the columns (`dplyr::select(wflow_id, info)`) but did not unnest them. Deducted 1 point for CodeExecution/ProcessFidelity.","The student did not follow the required workflow. Instead of updating `all_workflows` with `workflow_map` using `train_resamples` (bootstrap) as specified in the lab setup, they redefined models, used `vfold_cv` (cross-validation) instead of bootstrap, and created a new object `all_workflows_res`. The subsequent unnesting/filtering code operated on this incorrect object. Significant deviation from ProcessFidelity and CodeExecution.","Code calls `rank_results`, but it operates on `all_workflows_res` (the CV object from Q8) rather than the `all_workflows` object updated with bootstrap results as required by the lab flow. The comparison to Exercise 8 is invalid because Exercise 8 was also incorrect. Deducted points for ProcessFidelity and OutputAccuracy.","The student extracted a workflow and finalized it, but used parameters (`mtry`, `min_n`) that do not match the rubric's expected best parameters (`trees`, `min_n`) derived from the correct bootstrap workflow. Additionally, the code for fitting and comparing metrics is overly complex and deviates from the simple `fit()` calls on train/test data requested. The final ratio calculation is based on incorrect model fitting. Deducted points for ProcessFidelity and OutputAccuracy."
38,21,21,"The student demonstrated a good understanding of the tidymodels components (recipes, parsnip models) in the early exercises. However, significant deviations occurred in the later exercises (Q8-Q10), where the student redefined variables and processes rather than following the specific workflow mapping and extraction steps outlined in the rubric. Pay closer attention to using the variables created in previous steps and adhering to the specific function calls and parameters requested.",2,2,3,3,3,2,2,1,2,1,"Code executes `skimr::skim(dat)` correctly. However, the rubric requires using the pipe operator `|>` to pass data to the function (e.g., `dat |> skimr::skim()`). The student used direct argument passing. Deducted 1 point for ProcessFidelity.","Code correctly sets seed and creates splits. However, the rubric explicitly requires using `strata = 'Sale_Price'` in `initial_split`. The student omitted this parameter. Deducted 1 point for OutputAccuracy/ProcessFidelity.","Code correctly creates the recipe with the specified formula, applies `step_log`, `step_other`, `step_dummy`, `step_center`, and `step_scale` in a logical order, and preps the recipe. All required functions are present.","Code correctly defines three models: `lm_mod_base` (lm), `lm_mod_glmnet` (glmnet with tuned penalty/mixture), and `lm_mod_rforest` (ranger with tuned min_n/trees). All required functions and parameters are present.",Code correctly calls `parsnip::translate()` on all three model objects. Process and output requirements are met.,"Code sets seed and calls `bootstraps()`. However, the rubric specifies using default parameters. The student explicitly set `times = 25`, which deviates from the 'default parameters' instruction. Deducted 1 point for ProcessFidelity.","Code creates the workflow set. However, the rubric requires using `tidyr::unnest()` on the info column to examine contents. The student only selected the columns (`dplyr::select(wflow_id, info)`) without unnesting. Deducted 1 point for ProcessFidelity/OutputAccuracy.","The student did not follow the required process. Instead of updating the existing `all_workflows` variable with `workflow_map` as instructed, they redefined the recipe, models, and workflow set from scratch, used `vfold_cv` instead of the bootstrap samples from Ex6, and created a new variable `all_workflows_res`. While the final unnesting/filtering logic is present, the core workflow mapping process was not followed as specified. Deducted 2 points for ProcessFidelity.","Code calls `rank_results` with correct parameters. However, the student performed extensive additional data manipulation (pivoting, selecting specific columns) not required by the rubric, which focuses on simply running the function and comparing. The core requirement is met, but the extra complexity suggests deviation from the simple expected process. Deducted 1 point for ProcessFidelity.","The student failed to follow the specific instructions for Exercise 10. The rubric requires extracting the 'base_forest' workflow, finalizing with specific parameters (trees=1, min_n=11), and fitting on train/test data to compare MSE. The student extracted 'base_ranger', used generic `best_params` (which was not defined in the snippet provided in Q10b, leading to potential error), and performed a complex prediction/metrics calculation instead of the simple fit comparison requested. Deducted 2 points for ProcessFidelity and OutputAccuracy."
39,21,21,"The student demonstrated a good understanding of the tidymodels workflow components (recipes, models, workflows). However, significant points were lost due to deviations from the specific resampling strategy (using CV instead of Bootstrap) and ignoring specific parameter requirements (strata, grid size, unnesting). Ensure you follow the exact variable names and resampling methods specified in the rubric.",2,2,3,3,3,2,2,1,2,1,"Code executes `skimr::skim(dat)` correctly. However, the rubric requires using the pipe operator `|>` to pass data to the function (e.g., `dat |> skimr::skim()`). The student used direct argument passing. Deducted 1 pt for CodeExecution/ProcessFidelity regarding the specific syntax requirement.","The student correctly sets the seed and creates the split. However, the rubric explicitly requires using `strata = 'Sale_Price'` in `initial_split`. The student omitted this parameter. Deducted 1 pt for OutputAccuracy/ProcessFidelity.","The student correctly creates the recipe with the specified formula, applies `step_log`, `step_other`, `step_dummy`, `step_center`, and `step_scale` in a logical order, and preps the recipe. The use of `all_predictors()` for centering/scaling is acceptable as it includes the numeric predictors required. Code and process are faithful to the rubric.","The student correctly defines three models: `lm_mod_base` with lm engine, `lm_mod_glmnet` with glmnet engine and tuned penalty/mixture, and `lm_mod_rforest` with ranger engine and tuned min_n/trees. All required functions and parameters are present.","The student correctly calls `parsnip::translate()` on all three model objects (`lm_mod_base`, `lm_mod_glmnet`, `lm_mod_rforest`). The process and output expectations are met.","The student sets the seed and calls `bootstraps()`. However, the rubric specifies using default parameters. The student explicitly set `times = 25`, which deviates from the 'default parameters' instruction. Deducted 1 pt for ProcessFidelity.","The student creates the workflow set. However, the rubric requires using `tidyr::unnest()` on the info column to examine contents. The student only selected the columns (`dplyr::select(wflow_id, info)`) but did not unnest them. Deducted 1 pt for CodeExecution/ProcessFidelity.","The student's code is significantly divergent from the rubric. The rubric requires updating `all_workflows` with `workflow_map` using `train_resamples` (bootstrap) and `grid = 5`. The student redefined the workflow set, used `vfold_cv` instead of bootstrap, used `grid = 10`, and created a new variable `all_workflows_res`. While the final unnesting/filtering logic is similar, the core process (using bootstrap resamples and updating the original variable) is incorrect. Deducted 2 pts for ProcessFidelity and CodeExecution.",The student calls `rank_results` but on `all_workflows_res` (their custom CV object) rather than `all_workflows` (the bootstrap workflow set expected from Ex8). The rubric expects consistency with Ex8. Deducted 1 pt for ProcessFidelity/OutputAccuracy due to using the wrong input object.,"The student extracts a workflow and finalizes it. However, the parameters used (`mtry`, `min_n`) and the workflow ID (`base_ranger`) are based on their custom CV process, not the bootstrap process specified in the rubric. Additionally, the finalization code has a syntax error (missing `%>%` or pipe before `tibble::tibble`). The comparison of fits is present but based on incorrect prior steps. Deducted 2 pts for ProcessFidelity and CodeExecution."
40,20,20,"The student demonstrated a good understanding of the individual components (recipes, models, EDA) in the early exercises. However, significant points were lost in the later exercises (Q8-Q10) due to deviating from the required workflow structure, using incorrect resampling methods (vfold instead of bootstrap), and failing to follow the specific code chaining instructions. Ensure you use the variables and objects created in previous steps as instructed.",2,2,3,3,3,2,2,1,1,1,"Code executes `skimr::skim(dat)` correctly. However, the rubric requires using the pipe operator `|>` to pass data to the function (e.g., `dat |> skimr::skim()`). The student used direct argument passing. Deducted 1 point for ProcessFidelity.","Code correctly sets seed and creates splits. However, the rubric explicitly requires using `strata = 'Sale_Price'` in `initial_split`. The student omitted this parameter. Deducted 1 point for OutputAccuracy/ProcessFidelity.","Code correctly creates the recipe with the specified formula, applies `step_log`, `step_other`, `step_dummy`, `step_center`, and `step_scale` in a logical order, and preps the recipe. All required functions are present.","Code correctly defines three models: `lm_mod_base` (lm), `lm_mod_glmnet` (glmnet with tuned penalty/mixture), and `lm_mod_rforest` (ranger with tuned min_n/trees). All required functions and parameters are present.",Code correctly calls `parsnip::translate()` on all three model objects. Process and output requirements are met.,"Code sets seed and calls `bootstraps()`. However, the rubric specifies using default parameters. The student explicitly set `times = 25`, which deviates from the 'default parameters' instruction. Deducted 1 point for ProcessFidelity.","Code creates the workflow set. However, the rubric requires using `tidyr::unnest()` on the info column to examine contents. The student only selected the columns (`dplyr::select(wflow_id, info)`) without unnesting. Deducted 1 point for CodeExecution/ProcessFidelity.","The student did not follow the required process. Instead of updating `all_workflows` and then chaining the specific dplyr/tidyr verbs as requested, they redefined the workflow set, used `vfold_cv` instead of the bootstrap samples from Ex6, and used a different variable name (`all_workflows_res`). The specific chain of `select`, `unnest`, `filter`, `group_by`, `arrange`, `slice` was not applied to the `all_workflows` object as instructed. Deducted 2 points for ProcessFidelity and CodeExecution.","Code calls `rank_results` but on the wrong object (`all_workflows_res` instead of `all_workflows`) and includes extra, unnecessary code for manual comparison not requested by the rubric. The core requirement is to run the function on the workflow set from Ex8. Deducted 2 points for ProcessFidelity and CodeExecution.","The student did not follow the required process. They redefined the recipe and models, used `vfold_cv` instead of the bootstrap samples, and extracted a different workflow ID (`base_ranger` vs expected `base_forest` or similar based on Ex8 results). The finalization and fitting steps were overly complex and deviated from the simple `fit()` calls on `ames_train` and `ames_test` requested. Deducted 2 points for ProcessFidelity and CodeExecution."
41,20,20,"The student demonstrated a good understanding of the basic tidy modeling workflow (recipes, models, translation). However, significant points were lost in the later exercises due to deviating from the specific instructions regarding variable names (`all_workflows` vs `all_workflows_res`), resampling methods (bootstrap vs vfold), and parameter specifications. Ensure you follow the exact variable names and function arguments requested in the rubric.",2,2,3,3,3,2,2,1,1,1,"Code executes and uses `skimr::skim()`, but fails to use the pipe operator `|>` as required by the rubric. The conclusion about missing data is correct.","Code structure is correct (set.seed, initial_split, training/testing), but the `strata = 'Sale_Price'` parameter is missing from `initial_split`, which is required for OutputAccuracy.",Recipe is created with the correct formula and steps. `prep()` and `tidy()` are used. The order of steps is acceptable for the rubric's criteria.,All three models are defined correctly with appropriate engines and tunable parameters (`tune()`). `set_mode` is present where necessary.,`parsnip::translate()` is correctly applied to all three model objects.,"Bootstrap samples are created, but the student explicitly set `times = 25` instead of using the default parameters as instructed ('You can leave the parameters set to their defaults').","Workflow set is created, but the student did not use `tidyr::unnest()` on the info column to examine contents as required. They only selected columns. Additionally, they redefined models/recipes in this block which is redundant but not strictly penalized if the workflow set is valid.","The student did not update the `all_workflows` variable with `workflow_map` results as instructed. Instead, they created a new variable `all_workflows_res` using `vfold_cv` instead of the bootstrap samples from Ex6. The subsequent unnesting/filtering code is present but operates on the wrong object/context.",The student ran `rank_results` but on their custom `all_workflows_res` object rather than the `all_workflows` object updated in Ex8. The comparison logic is convoluted and does not follow the simple verification step requested.,"The student extracted a workflow and finalized it, but used incorrect parameters (`mtry` instead of `trees`/`min_n` as specified in rubric for the best model) and did not fit the model on both training and test data using the `fit()` function on the workflow object directly as shown in the solution. The MSE ratio calculation is also inconsistent with the expected output."
42,20,20,"The student demonstrated a good understanding of the initial steps (EDA, splitting, recipe creation, and model specification). However, significant deviations occurred in the later exercises. Specifically, the student switched from bootstrap resampling to cross-validation in Exercise 8, which broke the workflow chain for Exercises 9 and 10. Additionally, some specific rubric requirements like using pipes in Q1, stratification in Q2, and unnesting in Q7 were missed. Review the resampling methods and ensure strict adherence to the variable names and functions specified in the rubric.",2,2,3,3,3,2,2,1,1,1,"Code executes `skimr::skim(dat)` correctly. However, the rubric requires using the pipe operator `|>` to pass data to the function (e.g., `dat |> skimr::skim()`). The student used direct argument passing. Deducted 1 point for ProcessFidelity.","Code correctly sets seed and creates splits. However, the rubric explicitly requires using `strata = 'Sale_Price'` in `initial_split`. The student omitted this parameter. Deducted 1 point for OutputAccuracy/ProcessFidelity.","Code correctly creates the recipe with the specified formula, applies `step_log`, `step_other`, `step_dummy`, `step_center`, and `step_scale`, and preps the recipe. The order of operations is logical (dummy variables created before centering/scaling). All criteria met.","Code correctly defines three models: `lm_mod_base` (lm engine), `lm_mod_glmnet` (glmnet engine with tuned penalty/mixture), and `lm_mod_rforest` (ranger engine with tuned min_n/trees). All required functions and parameters are present.","Code correctly calls `parsnip::translate()` on all three model objects (`lm_mod_base`, `lm_mod_glmnet`, `lm_mod_rforest`). Process fidelity and output accuracy are met.","Code sets seed and calls `bootstraps()`. However, the rubric specifies using default parameters. The student explicitly set `times = 25`. While functionally similar, this deviates from the 'default parameters' instruction in ProcessFidelity. Deducted 1 point.","Code creates `all_workflows` using `workflow_set`. However, the rubric requires using `tidyr::unnest()` on the info column to examine contents. The student only selected the columns (`dplyr::select(wflow_id, info)`) but did not unnest them. Deducted 1 point for ProcessFidelity/OutputAccuracy.","The student did not follow the required workflow. Instead of updating `all_workflows` with `workflow_map` using `train_resamples` (bootstrap) as specified in the prompt, they redefined models, used `vfold_cv` (cross-validation) instead of bootstrap, and created a new variable `all_workflows_res`. The subsequent unnesting/filtering code operated on this incorrect object. Significant deviation from ProcessFidelity and CodeExecution requirements.",The student ran `rank_results` but on the incorrect object `all_workflows_res` (from Q8) rather than the updated `all_workflows` as implied by the lab flow. The comparison logic is convoluted and does not directly verify consistency with the *correct* Exercise 8 results. Deducted points for ProcessFidelity.,"The student extracted a workflow and finalized it, but the parameters (`mtry`, `min_n`) were hardcoded guesses rather than derived from the tuning results. The final comparison code is overly complex and deviates from the simple `fit()` on train/test sets requested. The calculated ratio is also inconsistent with the expected ~12% difference. Deducted points for ProcessFidelity and OutputAccuracy."
43,19,19,"The student demonstrated understanding of the basic tidyverse modeling workflow in early exercises (Q1-Q6). However, significant deviations occurred in later exercises (Q7-Q10), where the student redefined variables, changed resampling methods (CV instead of bootstrap), and altered model parameters, failing to follow the specific process fidelity requirements of the rubric.",2,2,3,3,3,2,1,1,1,1,"Code executes `skimr::skim(dat)` correctly. However, the rubric requires using the pipe operator `|>` to pass data to the function (e.g., `dat |> skimr::skim()`). The student used direct argument passing. Deducted 1 point for ProcessFidelity.","Code correctly sets seed and creates splits. However, the rubric explicitly requires using `strata = 'Sale_Price'` in `initial_split`. The student omitted this parameter. Deducted 1 point for OutputAccuracy/ProcessFidelity.","Code correctly creates the recipe with the specified formula and steps (`step_log`, `step_other`, `step_dummy`, `step_center`, `step_scale`). It also preps and tidies the recipe. All criteria met.","Code correctly defines three models: `lm_mod_base` (lm), `lm_mod_glmnet` (glmnet with tune), and `lm_mod_rforest` (ranger with tune). All required functions and parameters are present.",Code correctly calls `parsnip::translate()` on all three model objects. Output accuracy is assumed based on correct code structure.,"Code sets seed and calls `bootstraps()`. However, the rubric specifies using default parameters. The student explicitly set `times = 25`, which deviates from the 'default parameters' instruction. Deducted 1 point for ProcessFidelity.","Code creates `all_workflows` but fails to unnest the `info` column as required by the rubric (`tidyr::unnest(info)`). Instead, it only selects columns. Deducted 2 points for missing required transformation.","The student redefined models and workflows with different parameters (e.g., `mixture = 1` instead of `tune()`, `vfold_cv` instead of `bootstraps`) and used a different variable name (`all_workflows_res`). The code does not follow the expected process of updating the existing `all_workflows` variable with the specific pipeline requested. Significant deviation from ProcessFidelity.",Code calls `rank_results` but on the modified `all_workflows_res` object rather than the standard `all_workflows`. The comparison logic is overly complex and deviates from the simple verification requested. Deducted points for ProcessFidelity.,The student extracted a workflow but used incorrect parameters in `finalize_workflow` (syntax error in template usage) and re-ran the entire modeling pipeline with different settings. The final ratio calculation is present but based on a non-standard workflow. Deducted points for ProcessFidelity and OutputAccuracy.
44,18,17,"The student demonstrates understanding of individual functions but fails to maintain the workflow continuity required by the lab. Exercises 7-10 redefine variables and parameters instead of building on previous steps, leading to process fidelity deductions. Syntax errors in Ex10 and deviation from specific parameter requirements (strata, pipe operator) also reduced the score.",2,2,2,3,3,2,1,1,1,1,"Code executes `skimr::skim(dat)` correctly, but fails to use the pipe operator `|>` as required by the rubric. The conclusion about missing data is correct.","Code correctly sets seed and creates splits using `rsample` functions. However, it omits the `strata = 'Sale_Price'` parameter required by the rubric for stratified sampling.","Recipe structure is mostly correct, but `step_center` and `step_scale` are applied to `all_predictors()` instead of `all_numeric_predictors()`. This is incorrect because dummy variables created by `step_dummy` should not be centered/scaled in this context, and the rubric specifies numeric predictors.","All three models are correctly specified with the appropriate engines and tunable parameters (`penalty`, `mixture`, `min_n`, `trees`). `set_mode` is included for the random forest model.",Correctly calls `parsnip::translate()` on all three model objects to display their templates.,"Code creates bootstrap samples, but explicitly sets `times = 25`. The rubric requires using default parameters (which is 25, but the rubric says 'leave parameters set to their defaults', implying no explicit argument should be passed if possible, or at least the rubric checks for default usage. More critically, the rubric expects `rsample::bootstraps(ames_train)` without extra arguments. The student's code is functionally similar but deviates from the 'default parameters' instruction by explicitly setting it. I will deduct 1 point for not strictly following 'leave parameters set to their defaults' by adding an argument, although the value is the default. Actually, looking closer, the rubric says 'default number of resamples'. The student used 25. This is the default. However, the rubric check says 'Code must call... with default parameters'. Adding `times=25` is technically not using the default *call* signature, even if the value is default. I'll give 2 points.","The workflow set is created, but the models are redefined with different parameters (e.g., `mixture = 1` instead of `tune()`, `trees = 1000` instead of `tune()`). This deviates significantly from the expected process of using the models defined in Ex4. Additionally, the unnesting step only selects columns but does not fully unnest the `info` column to show contents as requested.","The student redefines the entire workflow set and tuning process from scratch, using `vfold_cv` instead of the bootstrap samples from Ex6, and changing model parameters. This violates the process fidelity of building upon previous exercises. The final extraction code is correct in structure but operates on a different object than expected.","The code calls `rank_results` but on a different object (`all_workflows_res`) created in the previous exercise, not the `all_workflows` object expected from the standard workflow. The comparison logic is also overly complex and deviates from the simple comparison requested.",The student redefines the recipe and models again. The `finalize_workflow` call has a syntax error (missing comma or incorrect structure with `tibble`). The final comparison calculates MSE ratio manually rather than using the OOB errors from the ranger model directly as implied by the solution template. The process is disjointed from previous exercises.
45,20,20,"The student demonstrated understanding of individual components (recipes, models, translation) in early exercises. However, significant points were lost in later exercises (Q8-Q10) due to redefining variables and workflows instead of chaining from previous steps, and using different resampling methods (CV vs Bootstrap) than specified. Code structure in Q10b was also syntactically flawed.",2,2,3,3,3,2,2,1,1,1,"Code executes `skimr::skim(dat)` correctly. However, the rubric requires using the pipe operator `|>` to pass data to the function (e.g., `dat |> skimr::skim()`). The student used direct argument passing. Deducted 1 point for ProcessFidelity.","Code correctly sets seed and creates splits. However, the rubric explicitly requires using `strata = 'Sale_Price'` in `initial_split`. The student omitted this parameter. Deducted 1 point for OutputAccuracy/ProcessFidelity.","Code correctly creates the recipe with the specified formula, applies `step_log`, `step_other`, `step_dummy`, `step_center`, and `step_scale`, and preps the recipe. The order of operations is logical (dummy creation before scaling). All criteria met.","Code correctly defines three models: `lm_mod_base` (lm engine), `lm_mod_glmnet` (glmnet engine with tuned penalty/mixture), and `lm_mod_rforest` (ranger engine with tuned min_n/trees). All required functions and parameters are present.","Code correctly calls `parsnip::translate()` on all three model objects (`lm_mod_base`, `lm_mod_glmnet`, `lm_mod_rforest`). Output accuracy is assumed based on correct code structure.","Code sets seed and calls `bootstraps()`. However, the rubric specifies using default parameters. The student explicitly set `times = 25`. While not necessarily 'wrong', it deviates from the 'default parameters' instruction in ProcessFidelity. Deducted 1 point.","Code creates `all_workflows` using `workflow_set`. However, the rubric requires using `tidyr::unnest()` on the info column to examine contents. The student only selected the columns (`dplyr::select(wflow_id, info)`) but did not unnest them. Deducted 1 point for ProcessFidelity/OutputAccuracy.","The student did not use the `all_workflows` variable created in Q7. Instead, they redefined the recipe, models, and workflow set from scratch, using different parameters (e.g., `mixture = 1` instead of `tune()`, `vfold_cv` instead of `train_resamples`). This violates ProcessFidelity significantly. The final unnesting/filtering code is structurally correct, but the input data is inconsistent with previous exercises. Deducted 2 points.","Code calls `rank_results` but on a variable `all_workflows_res` which was redefined in Q8 with different parameters (CV folds instead of bootstrap, different model specs). The rubric expects comparison to results from Exercise 8 (which should have used the bootstrap workflow set). The process is inconsistent with the lab flow. Deducted 2 points.","The student redefined the entire workflow again in Q10c. They extracted `base_ranger` (correct ID likely), but the `finalize_workflow` call in Q10b is syntactically incorrect (missing comma/argument structure). In Q10c, they fit the model and calculated MSE ratio, but the process involved re-running the entire tuning pipeline with different parameters (CV instead of bootstrap) and skipping steps in the recipe. The final ratio calculation is present, but the workflow fidelity is very low. Deducted 2 points."
46,21,21,"The student demonstrated a good understanding of the tidymodels syntax for recipes and model specifications (Ex3, Ex4, Ex5). However, there were significant deviations in the workflow management exercises (Ex7-Ex10), particularly in failing to update the main workflow variable as instructed and using non-standard resampling methods. Attention to specific parameter requirements (like stratification in Ex2) and following the exact variable names/flows would improve the score.",2,2,3,3,3,2,2,1,2,1,"Code executes `skimr::skim(dat)` correctly. However, the rubric requires using the pipe operator `|>` to pass data to the function (e.g., `dat |> skimr::skim()`). The student used direct argument passing. Deducted 1 point for ProcessFidelity.","Code correctly sets seed and creates splits. However, the rubric specifies using `strata = 'Sale_Price'` in `initial_split`. The student omitted this parameter. Deducted 1 point for OutputAccuracy/ProcessFidelity.","Code correctly creates the recipe with the specified formula, applies `step_log`, `step_other`, `step_dummy`, `step_center`, and `step_scale` in a logical order, and preps the recipe. All required functions are present.","Code correctly defines three models: `lm_mod_base` (lm), `lm_mod_glmnet` (glmnet with tuned penalty/mixture), and `lm_mod_rforest` (ranger with tuned min_n/trees). All required functions and parameters are present.",Code correctly calls `parsnip::translate()` on all three model objects. Process and output requirements are met.,"Code sets seed and calls `bootstraps()`. However, the rubric specifies using default parameters. The student explicitly set `times = 25`. While functionally similar, this deviates from the strict 'default parameters' instruction. Deducted 1 point for ProcessFidelity.","Code creates the workflow set. However, the rubric requires using `tidyr::unnest()` on the info column to examine contents. The student only selected the columns (`dplyr::select(wflow_id, info)`) without unnesting. Deducted 1 point for CodeExecution/ProcessFidelity.","The student did not update the `all_workflows` variable as required by the rubric ('update the variable all_workflows with the result'). Instead, they created a new variable `all_workflows_res` and used a different resampling method (vfold_cv instead of the bootstrap samples from Ex6). The subsequent unnesting/filtering code is syntactically correct but operates on the wrong object/context relative to the lab flow. Deducted 2 points for ProcessFidelity and OutputAccuracy.","Code calls `rank_results` correctly. However, the rubric expects a comparison to Exercise 8 results. Since the student's Ex8 was non-standard, the comparison is weak, but the core function call is present. Deducted 1 point for ProcessFidelity regarding the comparison context.","The student extracted a workflow and finalized it. However, the rubric specifies extracting the 'base_forest' workflow and finalizing with specific parameters (trees=1, min_n=11) derived from the standard lab flow. The student used 'base_ranger' and different parameters. Furthermore, the code for comparing fits is overly complex and deviates significantly from the expected simple `fit()` calls on train/test data. Deducted 2 points for ProcessFidelity and OutputAccuracy."
47,19,18,"The student demonstrated understanding of the basic tidyverse modeling workflow but deviated significantly from the specific instructions in later exercises. Key issues include omitting stratification in data splitting, failing to unnest workflow info as requested, and rewriting code blocks instead of chaining operations on existing objects. Early exercises were completed well.",2,2,3,3,3,2,1,1,1,1,"Code executes `skimr::skim(dat)` correctly. However, the rubric requires using the pipe operator `|>` to pass data to the function (e.g., `dat |> skimr::skim()`). The student used direct argument passing. Deducted 1 point for ProcessFidelity.","Code correctly sets seed and creates splits. However, the rubric explicitly requires using `strata = 'Sale_Price'` in `initial_split`. The student omitted this parameter. Deducted 1 point for OutputAccuracy/ProcessFidelity.","Code correctly creates the recipe with the specified formula, applies `step_log`, `step_other`, `step_dummy`, `step_center`, and `step_scale`, and preps the recipe. The order of operations is logical (dummy creation before centering/scaling is acceptable if all_predictors is used, though all_numeric_predictors is safer; however, the student's approach works for the given variables). Full points awarded.","Code correctly defines three models: `lm_mod_base` with lm engine, `lm_mod_glmnet` with glmnet engine and tuned penalty/mixture, and `lm_mod_rforest` with ranger engine and tuned min_n/trees. Full points awarded.",Code correctly calls `parsnip::translate()` on all three model objects. Full points awarded.,"Code sets seed and calls `bootstraps()`. However, the rubric specifies using default parameters. The student explicitly set `times = 25`. While not strictly 'incorrect' in a vacuum, it deviates from the 'default parameters' instruction in the rubric's ProcessFidelity check. Deducted 1 point.","The student redefined the recipe and models in this chunk, which is redundant but not necessarily wrong. However, the rubric requires using `tidyr::unnest()` on the info column to examine contents. The student only selected the columns (`dplyr::select(wflow_id, info)`) but did not unnest them. Deducted 2 points for missing required function and output accuracy.","The student completely rewrote the workflow setup, using `vfold_cv` instead of the bootstrap samples created in Ex6, and changed model specifications (e.g., `mtry` instead of `trees` for tuning in some places, or fixed values). The rubric requires updating `all_workflows` with `workflow_map` using the previously created resamples. The student's code does not follow the expected process fidelity of chaining operations on the existing `all_workflows` object as instructed. Deducted 2 points.","The student ran `rank_results` but on a different object (`all_workflows_res`) created in the previous chunk, not the `all_workflows` object updated in Ex8 as implied by the workflow. The rubric expects consistency with Ex8. The code is present but disconnected from the previous steps. Deducted 2 points.","The student extracted a workflow and finalized it, but the parameters used (`mtry`, `min_n`) and the workflow ID (`base_ranger`) do not match the specific instructions to extract `base_forest` and use `trees` and `min_n` as specified in the rubric's OutputAccuracy check. The code is overly complex and deviates from the expected simple extraction and fitting process. Deducted 2 points."
48,21,21,"The student demonstrated a good understanding of the individual components (recipes, models, translation) in the early exercises. However, significant points were lost in the later exercises (7-10) due to deviating from the prescribed workflow variables, redefining models with different parameters/names, and failing to use the bootstrap samples as instructed. The code in the final exercises was overly complex and contained syntax errors in the finalization step.",2,2,3,3,3,2,2,1,2,1,"Code executes `skimr::skim(dat)` correctly. However, the rubric requires using the pipe operator `|>` to pass data to the function (e.g., `dat |> skimr::skim()`). The student used direct argument passing. Deducted 1 point for ProcessFidelity.","The code correctly sets the seed and creates the split. However, it is missing the `strata = 'Sale_Price'` parameter required by the rubric for the `initial_split` function. Deducted 1 point for OutputAccuracy/ProcessFidelity.","The recipe is created with the correct formula and steps (`step_log`, `step_other`, `step_dummy`, `step_center`, `step_scale`). The order is logical (dummy variables created before centering/scaling). `prep()` and `tidy()` are used. Full marks.","Three models are created correctly: `lm_mod_base` (lm engine), `lm_mod_glmnet` (glmnet engine with tuned penalty/mixture), and `lm_mod_rforest` (ranger engine with tuned min_n/trees). Full marks.",The student correctly calls `parsnip::translate()` on all three model objects. Full marks.,"The student sets the seed and calls `bootstraps()`. However, they explicitly set `times = 25`, whereas the rubric specifies using 'default parameters'. While not a critical error, it deviates from the strict process fidelity of using defaults. Deducted 1 point.","The workflow set is created. However, the student redefined the models and recipe in this chunk, changing the model names (e.g., `lm` instead of `base`, `ranger` instead of `forest`) and parameters (e.g., `mtry` instead of `trees` for tuning in some places, or fixed values). More importantly, the second code chunk only selects `wflow_id` and `info` but does NOT unnest the `info` column as required by the rubric (`tidyr::unnest(info)`). Deducted 1 point for missing unnest step.","The student completely rewrote the workflow setup, using `vfold_cv` instead of the bootstrap samples created in Ex6, and changed model specifications. While the final dplyr chain for extracting metrics is syntactically correct, the process fidelity is low because it does not use the `all_workflows` variable updated by the provided `workflow_map` code block (which used bootstraps). The rubric expects the student to work with the result of the provided map. Deducted 2 points for significant deviation from the expected workflow variable and resampling method.","The student calls `rank_results` but on their custom `all_workflows_res` object (from Ex8 deviation) rather than the standard `all_workflows`. The code is complex and includes extra steps not requested. It does verify consistency with their own Ex8 results, but the process is not faithful to the simple instruction 'Run the code below'. Deducted 1 point for complexity/deviation.","The student extracted a workflow and finalized it. However, they used `best_params` which was not defined in the chunk (syntax error in `finalize_workflow` call: `tibble::tibble(...)` is passed as an argument but `best_params` is the first arg). They also re-ran the entire tuning process in Ex10c instead of using the finalized workflow from Ex10b. The ratio calculation is present but based on a convoluted and partially broken workflow. Deducted 2 points for code errors and lack of process fidelity."
49,20,20,"The student demonstrated a good understanding of the individual components (recipes, models, translation) in the early exercises. However, significant deviations occurred in the later exercises (Ex8-Ex10), where the student redefined variables, used different resampling methods (vfold instead of bootstrap), and failed to follow the specific variable naming and workflow update instructions. This led to a loss of points for process fidelity in the final third of the lab.",2,2,3,3,3,2,2,1,1,1,"Code executes `skimr::skim(dat)` correctly. However, the rubric requires using the pipe operator `|>` to pass data to the function (e.g., `dat |> skimr::skim()`). The student used direct argument passing. Deducted 1 pt for ProcessFidelity.","Code correctly sets seed and creates splits. However, the rubric explicitly requires using `strata = 'Sale_Price'` in `initial_split`. The student omitted this parameter. Deducted 1 pt for OutputAccuracy/ProcessFidelity.","Code correctly creates the recipe with the specified formula, applies `step_log`, `step_other`, `step_dummy`, `step_center`, and `step_scale`, and preps the recipe. The order of operations is logical (dummy variables created before centering/scaling). Full points awarded.","Code correctly defines three models: `lm_mod_base` (lm engine), `lm_mod_glmnet` (glmnet engine with tuned penalty/mixture), and `lm_mod_rforest` (ranger engine with tuned min_n/trees). Full points awarded.",Code correctly calls `parsnip::translate()` on all three model objects. Full points awarded.,"Code sets seed and calls `bootstraps()`. However, the rubric specifies using default parameters. The student explicitly set `times = 25`, which deviates from the 'default parameters' instruction. Deducted 1 pt for ProcessFidelity.","Code creates the workflow set. However, the rubric requires using `tidyr::unnest()` on the info column to examine contents. The student only selected the columns (`dplyr::select(wflow_id, info)`) but did not unnest them. Deducted 1 pt for ProcessFidelity/OutputAccuracy.","The student did not follow the required process. Instead of updating `all_workflows` with `workflow_map` using the bootstrap resamples from Ex6, they redefined the recipe, models, and workflow set, used `vfold_cv` instead of bootstraps, and assigned results to a new variable `all_workflows_res`. The subsequent unnesting/filtering code was applied to this new variable, not the updated `all_workflows` as required. Significant deviation from ProcessFidelity.","The student ran `rank_results` but on the incorrect object (`all_workflows_res` from Ex8 deviation) and performed extra unnecessary steps (pivoting, selecting best ID manually). The rubric expects a simple call to `rank_results` on `all_workflows` to compare with Ex8. The process fidelity is low due to the carry-over error from Ex8 and added complexity.","The student extracted a workflow and finalized it, but used incorrect parameters (`mtry` instead of `min_n`/`trees` as specified in the rubric's expected best params for the base_forest model) and did not fit the model on both training and test data using the `fit()` function on the workflow object as required. The final comparison logic was overly complex and deviated from the simple `fit()` and MSE ratio calculation expected. Deducted points for ProcessFidelity and OutputAccuracy."
50,20,20,"The student demonstrated good understanding of basic recipe and model specification (Ex3, Ex4, Ex5). However, significant deviations occurred in later exercises. Specifically, Ex8 and Ex9 ignored the required bootstrap resamples from Ex6, instead creating new cross-validation folds and altering model parameters. This broke the workflow continuity required by the rubric. Ex10 contained syntax errors with undefined variables. Ensure you follow the specific variable names and resampling methods prescribed in each step.",2,2,3,3,3,2,2,1,1,1,"Code executes `skimr::skim(dat)` correctly. However, the rubric requires using the pipe operator `|>` to pass data to the function (e.g., `dat |> skimr::skim()`). The student used direct argument passing. Deducted 1 point for ProcessFidelity.","Code correctly sets seed and creates splits. However, the rubric explicitly requires using `strata = 'Sale_Price'` in `initial_split`. The student omitted this parameter. Deducted 1 point for OutputAccuracy/ProcessFidelity.","Code correctly creates the recipe with the specified formula, applies `step_log`, `step_other`, `step_dummy`, `step_center`, and `step_scale`, and preps the recipe. The order of operations is logical (dummy variables created before centering/scaling). All criteria met.","Code correctly defines three models: `lm_mod_base` (lm engine), `lm_mod_glmnet` (glmnet engine with tuned penalty/mixture), and `lm_mod_rforest` (ranger engine with tuned min_n/trees). All required functions and parameters are present.","Code correctly calls `parsnip::translate()` on all three model objects (`lm_mod_base`, `lm_mod_glmnet`, `lm_mod_rforest`). Output accuracy is assumed based on correct code structure.","Code sets seed and calls `bootstraps()`. However, the rubric specifies using default parameters. The student explicitly set `times = 25`. While not strictly 'incorrect' in a vacuum, it deviates from the 'default parameters' instruction in the rubric's ProcessFidelity check. Deducted 1 point.","Code creates `all_workflows` using `workflow_set`. However, the rubric requires unnesting the `info` column to examine contents. The student only selected `wflow_id` and `info` but did not call `tidyr::unnest(info)`. Deducted 1 point for ProcessFidelity/OutputAccuracy.","The student completely rewrote the workflow setup, using `vfold_cv` instead of the required `train_resamples` (bootstrap) from Ex6, and changed model specifications (e.g., `mtry` instead of `trees` for tuning, fixed `trees=1000`). This violates ProcessFidelity significantly. The final unnesting/filtering code is structurally correct, but the input data and models do not match the lab's required workflow. Deducted 2 points.",Code calls `rank_results` but on `all_workflows_res` (the student's custom CV object) rather than `all_workflows` (the workflow set object expected by the rubric). The rubric expects comparison to Ex8 results which were based on the bootstrap workflow set. The student's approach is inconsistent with the lab's required workflow. Deducted 2 points.,"The student extracted a workflow and finalized it, but used `best_params` which was not defined in the provided code chunk (syntax error/missing variable). Also, the rubric expects fitting on `ames_train` and `ames_test` using the finalized workflow directly. The student's code is overly complex, re-defines recipes/models, and contains undefined variables (`best_params`). Deducted 2 points for CodeExecution and ProcessFidelity."
