Run,Total,Model_Total,OverallComment,Q1,Q2,Q3,Q4,Q5,Q6,Q7,Q8,Q9,Q10,Q1_feedback,Q2_feedback,Q3_feedback,Q4_feedback,Q5_feedback,Q6_feedback,Q7_feedback,Q8_feedback,Q9_feedback,Q10_feedback
1,25,25,"The student completed most exercises correctly, particularly the modeling and workflow mapping sections. Points were deducted for missing specific parameters in data splitting (strata), incorrect recipe step ordering/parameters, and using arbitrary tuning parameters in the final model instead of the optimized ones. Ensure pipe operators are used where specified and check rubric details for required arguments.",2,2,1,3,3,3,3,3,3,2,"Code executes `skimr::skim(dat)` correctly. However, the rubric requires using the pipe operator `|>` to pass data to the function (e.g., `dat |> skimr::skim()`). The student used direct argument passing. Markdown conclusion is correct.","Code correctly sets seed and creates splits. However, the rubric specifies using `strata = 'Sale_Price'` in `initial_split`, which is missing from the student's code. Process fidelity is otherwise good.","The recipe structure is present, but there are significant issues. 1) The rubric requires `base = exp(1)` for `step_log`, which is missing. 2) The order of steps is incorrect; `step_center` and `step_scale` are applied after `step_dummy`, which may scale dummy variables incorrectly or fail depending on implementation details, whereas the rubric implies centering/scaling numeric predictors before or separately. 3) The final line `recipes::prep(norm_recipe ) %>% broom::tidy()` is not assigned to a variable or printed in a way that clearly shows the prep step as part of the workflow definition in the same block, and the pipe chain for the recipe definition itself is broken (missing pipe before prep). The code as written will likely error or not produce the intended tidy output in the same chunk.","All three models are correctly specified with the right engines and tunable parameters (`penalty`, `mixture`, `min_n`, `trees`). `set_mode` is included for the random forest model.",Code correctly calls `parsnip::translate()` on all three model objects.,Code correctly sets seed and creates bootstrap samples using `rsample::bootstraps()` on the training data.,"Code correctly creates the workflow set with the specified recipe and models, and unnests the info column.","Code correctly maps the workflow, unnests results and metrics, filters for rmse, groups by wflow_id, arranges by estimate, and slices the first row.",Code correctly calls `workflowsets::rank_results()` with the specified parameters.,"The student correctly extracts the workflow and fits it. However, the rubric expects specific best parameters (`trees = 1, min_n = 11`) derived from the tuning process. The student used arbitrary values (`min_n = 5, trees = 500`). Additionally, the student manually calculated MSE using predictions, whereas the rubric implies using the fit objects' OOB errors or standard metrics. The manual calculation is a valid approach but deviates from the expected 'ProcessFidelity' of using the fit objects directly as shown in the solution template."
2,25,27,"The student completed most exercises correctly, particularly the modeling and workflow mapping sections. Points were deducted primarily for missing the pipe operator in Ex1, missing stratification in Ex2, and structural errors in the recipe definition in Ex3. The final model parameters in Ex10 did not align with the expected best-fit values.",2,2,1,3,3,3,3,3,3,2,"Code executes `skimr::skim(dat)` correctly, but the rubric requires using the pipe operator `|>` to pass data to the function. Markdown correctly identifies no missing data.","Code sets seed and creates splits correctly. However, the rubric specifies using `strata = 'Sale_Price'` in `initial_split`, which is missing from the student's code.","Code structure is incorrect. The `recipes::prep()` call is not chained to the recipe definition (missing `%>%` or `|>` before `prep`). Additionally, `step_center` and `step_scale` are applied to `all_predictors()` instead of `all_numeric_predictors()`, which may cause errors with dummy variables created earlier.",All three models are defined correctly with appropriate engines and tunable parameters (`tune()`). `set_mode` is explicitly set for the random forest model.,Code correctly calls `parsnip::translate()` on all three model objects.,Code correctly sets seed and creates bootstrap samples using `rsample::bootstraps()` on the training data.,Workflow set is created correctly with the recipe and models. The info column is unnested for examination as required.,"Code correctly unnests results and metrics, filters for rmse, groups by workflow ID, arranges by estimate, and slices the best row.",Code correctly calls `workflowsets::rank_results()` with the specified parameters.,"The workflow is extracted and finalized. However, the parameters used for finalization (`min_n = 5, trees = 500`) do not match the 'best' parameters implied by the solution (trees=1, min_n=11) or the output of Ex8. The manual MSE calculation is complex and deviates from the simpler comparison expected in the rubric."
3,25,25,"The student completed most exercises correctly, particularly the modeling and workflow setup. Points were lost primarily due to missing specific parameters in data splitting (Ex2), syntax errors and incorrect selector usage in the recipe (Ex3), and deviations from the expected process in the final model evaluation (Ex10). Ensure pipe operators are used where required and check parameter values against previous exercise outputs.",2,2,1,3,3,3,3,3,3,2,"Code executes `skimr::skim(dat)` correctly. However, the rubric requires using the pipe operator `|>` to pass data to the function (e.g., `dat |> skimr::skim()`). The student used direct argument passing. Deducted 1 point for ProcessFidelity.","Code correctly sets seed and creates splits. However, the `initial_split` call is missing the `strata = 'Sale_Price'` parameter required by the rubric for OutputAccuracy. Deducted 1 point.","The recipe structure is present but has significant issues. 1) Missing pipe `%>%` before `recipes::prep()`, causing a syntax error in the final line. 2) `step_center` and `step_scale` use `all_predictors()` which includes the outcome `Sale_Price` (should be `all_numeric_predictors()`). 3) Order of operations is suboptimal (scaling after dummy creation is okay, but scaling outcome is wrong). Deducted 2 points for ProcessFidelity and OutputAccuracy.",All three models are correctly specified with appropriate engines and tunable parameters (`tune()`). Code is syntactically correct and follows the expected process.,Correctly calls `parsnip::translate()` on all three model objects. Code is present and correct.,Correctly sets seed and creates bootstrap samples using `rsample::bootstraps()` on the training data. Code is present and correct.,"Correctly creates the workflow set with the recipe and models, and unnests the info column. Code is present and correct.","Correctly maps the tuning function, unnests results, filters for rmse, groups, arranges, and slices. Code is present and correct.",Correctly calls `workflowsets::rank_results()` with the specified parameters. Code is present and correct.,"The student correctly extracts the workflow and fits it. However, the `finalize_workflow` parameters (`min_n = 5, trees = 500`) do not match the 'best' parameters implied by the solution template (`trees = 1, min_n = 11`) or the typical output of the previous exercises. Additionally, the student manually calculated MSE instead of using the OOB errors directly available in the fit objects, which is a deviation from the expected process. Deducted 1 point for OutputAccuracy/ProcessFidelity."
4,25,25,"The student completed most of the lab exercises correctly, particularly the modeling and workflow mapping sections. Points were deducted primarily for missing specific parameters in the data split (strata) and recipe (log base), incorrect piping syntax in EDA, and using incorrect finalization parameters in the last exercise. Ensure all rubric-specific arguments are included in function calls.",2,2,1,3,3,3,3,3,3,2,"Code executes `skimr::skim(dat)` correctly and answers the missing data question. However, the rubric requires using the pipe operator `|>` to pass data to the function (e.g., `dat |> skimr::skim()`), which is missing here.","The code correctly sets the seed and creates the split. However, it is missing the `strata = 'Sale_Price'` parameter in `initial_split()`, which is required by the rubric for OutputAccuracy.","The recipe structure is present, but there are significant issues. 1) The `base = exp(1)` argument is missing from `step_log()`. 2) The code uses `all_predictors()` for centering/scaling, which may include the outcome if not careful, though `step_log` is applied first. 3) Most critically, the final line `recipes::prep(norm_recipe ) %>% broom::tidy()` is not chained to the recipe definition above it (missing `%>%` or assignment), meaning the prep/tidy step is likely not executed as part of the workflow or is syntactically disconnected in the provided snippet.","All three models are correctly specified with the appropriate engines and tunable parameters (`tune()`). The `set_mode` is explicitly set for the random forest, and implicitly correct for others via default or engine context.",The `parsnip::translate()` function is correctly called on all three model objects.,The seed is set and `rsample::bootstraps()` is correctly applied to the training data.,"The `workflow_set` is correctly created with the recipe and models, and the `info` column is unnested for examination.","The code correctly maps the tuning function, unnests results, filters for RMSE, groups by workflow ID, and selects the best row.",The `rank_results` function is correctly called with the specified parameters.,"The workflow extraction and finalization are present. However, the parameters used for finalization (`min_n = 5, trees = 500`) do not match the 'best' parameters implied by the solution template (`trees = 1, min_n = 11`) or the typical output of the previous exercises. Additionally, the student manually calculated MSE using `predict()` and `log()`, whereas the rubric expects comparing the OOB prediction errors directly from the fitted model objects or using the standard ratio calculation provided in the solution."
5,,,"Error: lexical error: invalid char in json text.
           missing explicit `set_mode(""regression"")` but `linear_reg` 
                     (right here) ------^
",,,,,,,,,,,,,,,,,,,,
6,25,25,"The student completed most exercises correctly, particularly the modeling and workflow mapping sections. Points were deducted for missing the pipe operator in Ex1, missing stratification in Ex2, syntax errors in the recipe definition in Ex3, and incorrect parameter finalization in Ex10. Ensure code syntax is robust and parameters match the tuning results.",2,2,1,3,3,3,3,3,3,2,"Code executes `skimr::skim(dat)` correctly, but the rubric requires using the pipe operator `|>` to pass data to the function. Markdown conclusion is correct.","Code structure is correct (set.seed, initial_split, training/testing), but the `initial_split` call is missing the required `strata = 'Sale_Price'` parameter specified in the rubric.","The recipe creation has a syntax error: the pipe chain ends with `step_scale`, but `recipes::prep(norm_recipe)` is on a new line without a pipe or assignment, causing it to not be part of the chain or assigned correctly. Additionally, `step_center` and `step_scale` use `all_predictors()` instead of `all_numeric_predictors()`, which may cause issues with dummy variables created earlier.","All three models are defined correctly with appropriate engines and tunable parameters. `lm_mod_base` and `lm_mod_glmnet` implicitly set mode to regression via engine, which is acceptable.",Code correctly calls `parsnip::translate()` on all three model objects.,Code correctly sets seed and creates bootstrap samples using `rsample::bootstraps()` on the training data.,Workflow set is created correctly with the recipe and models. The info column is unnested for examination as required.,"Code correctly unnests results and metrics, filters for rmse, groups by workflow ID, arranges by estimate, and slices the first row.",Code correctly calls `workflowsets::rank_results()` with the specified parameters.,"The workflow extraction and finalization are present. However, the finalization parameters (`min_n = 5, trees = 500`) do not match the 'best' parameters implied by the solution (trees=1, min_n=11) or the typical output of the previous exercises. The manual MSE calculation is valid but the parameter selection is incorrect based on the rubric's expectation of using the best-fit parameters from Ex8."
7,25,25,"The student completed most exercises with correct code structure and function usage. Points were deducted primarily for missing the `strata` parameter in Ex2, incorrect recipe syntax/order in Ex3, and using incorrect finalization parameters in Ex10. The workflow and modeling steps were generally well-executed.",2,2,1,3,3,3,3,3,3,2,"Code executes `skimr::skim(dat)` correctly, but the rubric requires using the pipe operator `|>` to pass data to the function. The markdown conclusion 'No' is correct.","Code structure is correct (set.seed, initial_split, training/testing). However, the `initial_split` call is missing the `strata = 'Sale_Price'` parameter required by the rubric.","The recipe steps are present but the order is incorrect (centering/scaling after dummy creation can be problematic, and log transform should typically be earlier or handled carefully). More critically, the code block is syntactically invalid in R because the pipe chain ends without assigning to `norm_recipe` before the separate `recipes::prep(norm_recipe)` line, and `step_*` functions are not prefixed with `recipes::` which may cause issues if not loaded explicitly in that scope (though `tidymodels` is loaded). The rubric expects a single piped workflow or correct assignment. The missing pipe to `prep` and `tidy` in the main assignment block is a significant process fidelity error.","All three models are created correctly with the specified engines and tunable parameters (`tune()`). `set_mode` is included for the random forest, and implied for others via default or explicit setting.",Code correctly calls `parsnip::translate()` on all three model objects.,Code correctly sets seed and creates bootstrap samples using `rsample::bootstraps()` on the training data.,Workflow set is created correctly with the recipe and models. The info column is unnested for examination.,"The workflow map is executed (code provided in template). The subsequent dplyr/tidyr pipeline correctly unnests results, filters for rmse, groups, arranges, and slices.",Code correctly calls `workflowsets::rank_results()` with the specified parameters.,"The workflow extraction and finalization are present. However, the parameters used for finalization (`min_n = 5, trees = 500`) do not match the 'best' parameters implied by the solution (trees=1, min_n=11) or the results from Ex8. Additionally, the student calculates MSE manually rather than using the OOB errors directly from the fit objects as suggested by the solution template, leading to potential inaccuracies in the ratio calculation."
8,25,25,"The student completed most of the lab exercises correctly, particularly the modeling and workflow mapping sections. Points were deducted primarily for missing specific parameters in the data split (strata), incorrect ordering of recipe steps (centering/scaling after dummy creation), and using incorrect finalization parameters in the last exercise. Ensure pipe operators are used as requested in Ex1.",2,2,1,3,3,3,3,3,3,2,"Code executes `skimr::skim(dat)` correctly and answers the missing data question. However, the rubric requires using the pipe operator `|>` to pass data to the function (e.g., `dat |> skimr::skim()`), which is missing here.","The code correctly sets the seed and creates the split. However, it is missing the `strata = 'Sale_Price'` parameter in `initial_split`, which is required by the rubric for OutputAccuracy.","The recipe structure is present, but there are significant issues. The `step_log` is missing the `base = exp(1)` argument. More critically, `step_center` and `step_scale` are applied to `all_predictors()` *after* `step_dummy`, which will incorrectly center/scale the dummy variables created in the previous step. The rubric expects centering/scaling numeric predictors before creating dummies or using `all_numeric_predictors()`. Also, `recipes::prep` is called on the object but not assigned or piped correctly in the final line structure shown.","All three models are defined correctly with the appropriate engines and tunable parameters (`penalty`, `mixture`, `min_n`, `trees`). `set_mode` is included for the random forest model.",The `parsnip::translate()` function is correctly applied to all three model objects.,The seed is set and `rsample::bootstraps()` is correctly applied to the training data.,"The workflow set is created correctly with the recipe and models, and the info column is unnested for examination.","The code correctly unnests results and metrics, filters for rmse, groups by workflow ID, arranges by estimate, and slices the best row.",The `workflowsets::rank_results()` function is called with the correct parameters.,"The workflow is extracted and finalized. However, the parameters used for finalization (`min_n = 5, trees = 500`) do not match the 'best' parameters implied by the solution template (`trees = 1, min_n = 11`) or the typical output of the previous exercises. Additionally, the student manually calculates MSE using `predict` and `log`, whereas the rubric expects comparing the OOB prediction errors directly from the fitted model objects or using the standard ratio calculation provided in the solution context."
9,25,25,"The student completed most exercises with correct function calls and workflows. Points were deducted primarily for missing the `strata` parameter in data splitting, incorrect pipe usage in EDA, syntax errors in the recipe preparation step, and using incorrect finalization parameters in the last exercise. Ensure code syntax is valid and parameters match the rubric specifications.",2,2,1,3,3,3,3,3,3,2,"Code executes `skimr::skim(dat)` correctly. However, the rubric requires using the pipe operator `|>` to pass data to the function (e.g., `dat |> skimr::skim()`). The student used direct argument passing. Markdown conclusion is correct.","Code structure for splitting data is correct (`set.seed`, `initial_split`, `training`, `testing`). However, the `initial_split` call is missing the `strata = 'Sale_Price'` parameter required by the rubric for OutputAccuracy.","The recipe steps are present but the order is incorrect (centering/scaling after dummy creation can be problematic, though often accepted, the rubric specifies a specific order). More critically, the code block is syntactically invalid: the pipe chain ends with `step_scale`, but the next line `recipes::prep(norm_recipe ) %>% broom::tidy()` is not connected to the previous chain nor assigned to a variable, causing an error or unintended behavior. The rubric requires `prep` and `tidy` to be used correctly.",All three models are defined correctly with appropriate engines and tunable parameters (`tune()`). The process fidelity is met.,Code correctly calls `parsnip::translate()` on all three model objects. Process and output accuracy are met.,Code correctly sets seed and creates bootstrap samples using `rsample::bootstraps()` on the training data. Process and output accuracy are met.,Workflow set is created correctly with the recipe and models. The `info` column is unnested for examination. Process and output accuracy are met.,"The code correctly maps `workflow_map`, unnests results and metrics, filters for 'rmse', groups by `wflow_id`, arranges by estimate, and slices the first row. Process and output accuracy are met.",Code correctly calls `workflowsets::rank_results` with the specified parameters. Process and output accuracy are met.,"The workflow extraction and finalization are present. However, the parameters used in `finalize_workflow` (`min_n = 5, trees = 500`) do not match the 'best' parameters implied by the rubric/solution (`trees = 1, min_n = 11` or similar derived from Ex8). Additionally, the student manually calculated MSE ratio instead of using the OOB errors directly from the fit objects as implied by the solution template, leading to potential inaccuracy in the final comparison step."
10,25,25,"The student demonstrated a good understanding of the tidymodels workflow, particularly in model specification and workflow mapping. Points were lost primarily due to syntax errors in the recipe creation (Q3), missing stratification in data splitting (Q2), and incorrect parameter selection/finalization in the last exercise (Q10). Ensure pipe operators are used consistently and check rubric requirements for specific parameters like stratification.",2,2,1,3,3,3,3,3,3,2,"Code executes `skimr::skim(dat)` correctly. However, the rubric requires using the pipe operator `|>` to pass data to the function (e.g., `dat |> skimr::skim()`). The student used direct argument passing. Markdown conclusion is correct.","Code structure for splitting data is correct. However, the `initial_split` call is missing the `strata = 'Sale_Price'` parameter required by the rubric for OutputAccuracy. Process fidelity is met.","Code contains syntax errors: missing pipe operator `%>%` before `recipes::prep()`, causing the prep step to not be chained correctly. Additionally, `step_center` and `step_scale` are applied to `all_predictors()` instead of `all_numeric_predictors()`, which may cause issues with dummy variables created earlier. The order of steps is also slightly off compared to the solution (log transform should typically be on outcome, but centering/scaling all predictors including dummies is incorrect practice).","All three models are defined correctly with appropriate engines and tunable parameters (`tune()`). `lm_mod_base` uses `lm`, `lm_mod_glmnet` uses `glmnet` with penalty/mixture, and `lm_mod_rforest` uses `ranger` with min_n/trees.",Code correctly calls `parsnip::translate()` on all three model objects. Output accuracy is assumed based on correct code structure.,Code correctly sets seed and creates bootstrap samples using `rsample::bootstraps()` on the training data. Process and output criteria are met.,Workflow set is created correctly with the recipe and three models. The info column is unnested for examination. All criteria met.,"Code correctly maps `workflow_map`, unnests results and metrics, filters for 'rmse', groups by workflow ID, arranges by estimate, and slices the first row. Process fidelity is high.",Code correctly calls `workflowsets::rank_results()` with the specified parameters. Output comparison is implied by the code execution.,"The workflow extraction and finalization are present. However, the parameters used in `finalize_workflow` (min_n = 5, trees = 500) do not match the 'best' parameters identified in the solution (trees = 1, min_n = 11) or likely the output of Q8. Additionally, the student manually calculated MSE ratio instead of using the OOB errors directly from the fit objects as implied by the solution structure, though the code is functional. Deduction for incorrect parameter selection and deviation from expected output verification method."
11,25,25,"The student completed most of the lab exercises correctly, particularly the modeling and workflow mapping sections. Points were deducted primarily for missing specific parameters in the data split (strata), incorrect ordering of recipe steps (scaling dummies), and using incorrect final parameters for the best model. Ensure you follow the specific function arguments and process steps outlined in the rubric.",2,2,1,3,3,3,3,3,3,2,"Code executes `skimr::skim(dat)` correctly and answers the missing data question. However, the rubric requires using the pipe operator `|>` to pass data to the function (e.g., `dat |> skimr::skim()`), which is missing here.","The code correctly sets the seed and creates the split. However, it is missing the `strata = 'Sale_Price'` parameter in `initial_split()`, which is required by the rubric for OutputAccuracy.","The recipe structure is present, but there are significant issues. The `step_log` is missing the `base = exp(1)` argument. More critically, `step_center` and `step_scale` are applied to `all_predictors()` *after* `step_dummy`, which will incorrectly center/scale the dummy variables created from nominal predictors. The rubric specifies centering/scaling numeric predictors. Also, the final prep/tidy step is not properly chained or assigned.","All three models are correctly specified with the appropriate engines and tunable parameters (`penalty`, `mixture`, `min_n`, `trees`). The `set_mode` is explicitly set for the random forest, and implicitly correct for others.",The code correctly calls `parsnip::translate()` on all three model objects as required.,The code correctly sets the seed and creates bootstrap samples using `rsample::bootstraps()` on the training data.,"The workflow set is correctly created with the recipe and models, and the info column is unnested for examination.","The code correctly maps the tuning function, unnests results, filters for RMSE, groups by workflow ID, arranges by estimate, and slices the best row.",The code correctly calls `workflowsets::rank_results()` with the specified parameters.,"The workflow extraction and finalization are present. However, the parameters used in `finalize_workflow` (`min_n = 5, trees = 500`) do not match the 'best' parameters identified in the solution key (`trees = 1, min_n = 11`) or the typical output of the previous exercises. Additionally, the student manually calculated MSE using `predict` and `log` transformations, whereas the rubric expects using the `fit` objects' OOB errors directly or comparing the fitted models as shown in the solution template."
12,25,25,"The student completed most exercises with correct function usage and workflow structure. Points were deducted for missing the pipe operator in Q1, missing stratification in Q2, syntax errors in the recipe prep in Q3, and likely incorrect finalization parameters in Q10. The modeling and tuning workflows (Q4-Q9) were executed well.",2,2,1,3,3,3,3,3,3,2,"Code executes `skimr::skim(dat)` correctly. However, the rubric requires using the pipe operator `|>` to pass data to the function (e.g., `dat |> skimr::skim()`). The student used direct argument passing. Markdown conclusion is correct.","Code structure for splitting data is correct (`set.seed`, `initial_split`, `training`, `testing`). However, the `initial_split` call is missing the `strata = 'Sale_Price'` parameter required by the rubric for OutputAccuracy.","The recipe steps are present but the order is incorrect (centering/scaling after dummy creation can be problematic, though less critical than missing steps). More importantly, the code block has a syntax error: `recipes::prep(norm_recipe ) %>% broom::tidy()` is not chained to the recipe definition above it (missing `%>%` or pipe at the end of the recipe definition). This breaks the workflow fidelity.","All three models are defined correctly with appropriate engines and tunable parameters (`tune()`). The `lm_mod_base` is missing `set_mode` but `linear_reg` defaults to regression, and the rubric focuses on presence of functions and tunable params. The code is functionally correct.",Code correctly calls `parsnip::translate()` on all three model objects.,Code correctly sets seed and creates bootstrap samples using `rsample::bootstraps()` on the training data.,Workflow set is created correctly with the recipe and models. The info column is unnested for examination as required.,"The code correctly maps `workflow_map`, unnests results and metrics, filters for rmse, groups by wflow_id, arranges by estimate, and slices the first row. The logic matches the rubric requirements.",Code correctly calls `workflowsets::rank_results()` with the specified parameters.,"The student extracts the correct workflow (`base_forest`) and fits it. However, the `finalize_workflow` parameters (`min_n = 5, trees = 500`) appear to be hardcoded guesses rather than derived from the previous tuning results (which would likely differ). Additionally, the student manually calculates MSE ratio instead of using the OOB errors directly from the fit objects as implied by the solution template, though the manual calculation is a valid alternative if correct. The primary deduction is for likely incorrect finalization parameters not tied to the specific tuning output."
13,25,25,"The student completed most of the lab successfully, particularly the modeling and workflow mapping sections. Points were lost primarily due to missing specific parameters (strata in split, base in log transform), syntax errors in the recipe pipeline, and using incorrect finalization parameters. Ensure all rubric-specific arguments are included in function calls.",2,2,1,3,3,3,3,3,3,2,"Code executes `skimr::skim(dat)` correctly. However, the rubric requires using the pipe operator `|>` to pass data to the function (e.g., `dat |> skimr::skim()`). The student used direct argument passing. Deducted 1 pt for ProcessFidelity.","Code correctly sets seed and creates splits. However, the `initial_split` call is missing the `strata = 'Sale_Price'` parameter required by the rubric for OutputAccuracy. Deducted 1 pt.","The recipe structure is present, but there are significant issues. 1) The `step_log` is missing `base = exp(1)` as required. 2) The order of steps is incorrect (centering/scaling after dummy creation is acceptable, but the rubric specifies a specific order and `step_other` before `step_dummy` is good, but `step_center`/`step_scale` should likely be on numeric predictors before dummies or handled carefully; the main issue is the missing `base` argument and the fact that `recipes::prep()` is called on the object but the pipeline syntax is broken (missing `%>%` before `recipes::prep`). The code will likely error or not produce the expected tidy output correctly due to syntax error in the pipe chain.","All three models are defined correctly with the correct engines and tunable parameters (`penalty`, `mixture`, `min_n`, `trees`). `set_mode` is included for the random forest. Full points.",Code correctly calls `parsnip::translate()` on all three model objects. Full points.,Code correctly sets seed and creates bootstrap samples using `rsample::bootstraps()` on the training data. Full points.,"Code correctly creates the workflow set with the recipe and models, and unnests the info column. Full points.","Code correctly maps the workflow, unnests results and metrics, filters for rmse, groups, arranges, and slices. Full points.",Code correctly calls `workflowsets::rank_results()` with the specified parameters. Full points.,"The student extracts the correct workflow and finalizes it. However, the parameters used for finalization (`min_n = 5, trees = 500`) do not match the 'best' parameters implied by the rubric/solution (`trees = 1, min_n = 11` or similar derived from Ex8). Additionally, the student manually calculates MSE ratio instead of using the OOB errors directly from the fit objects as implied by the solution structure, though the logic is sound. Deducted 1 pt for incorrect parameter values in finalization."
14,25,25,"The student completed most exercises correctly, particularly the modeling and workflow setup. Points were deducted for missing specific arguments in EDA and data splitting, incorrect recipe step arguments/order, and using arbitrary parameters for model finalization instead of the tuned best parameters. Ensure all rubric-specific arguments (like `strata` and `base`) are included.",2,2,1,3,3,3,3,3,3,2,"Code executes `skimr::skim(dat)` correctly, but the rubric requires using the pipe operator `|>` to pass data to the function. Markdown correctly identifies no missing data.","Code sets seed and creates splits correctly. However, the rubric specifies using `strata = 'Sale_Price'` in `initial_split`, which is missing from the student's code.","The recipe structure is present, but there are significant process errors. The `step_log` is missing `base = exp(1)`. The order of steps is incorrect (dummy variables created before centering/scaling, which may affect numeric handling depending on implementation, but more critically, `step_center` and `step_scale` use `all_predictors()` instead of `all_numeric_predictors()` as implied by standard practice to avoid errors with nominal variables if not handled carefully, though `step_dummy` converts them. The main issue is the missing `base` argument for log transform and potential syntax error in the final line `recipes::prep(norm_recipe ) %>% broom::tidy()` which is not assigned or piped from the recipe definition properly in a single flow as requested.","All three models are defined correctly with appropriate engines and tunable parameters (`tune()`). `set_mode` is explicitly set for the random forest, and implicitly correct for others or explicitly set in some cases. The code follows the expected process.",Code correctly calls `parsnip::translate()` on all three model objects. The process and output expectations are met.,Code correctly sets seed and creates bootstrap samples using `rsample::bootstraps()` on the training data. Process and output are correct.,"Code correctly creates the workflow set with the recipe and models, and unnests the info column. Process and output are correct.","Code correctly maps the tuning function, unnests results, filters for rmse, groups, arranges, and slices. The process follows the rubric exactly.",Code correctly calls `workflowsets::rank_results()` with the specified parameters. Process and output are correct.,"The student extracts the correct workflow and finalizes it. However, the parameters used for finalization (`min_n = 5, trees = 500`) do not match the 'best' parameters typically derived from the tuning process (which were `min_n = 11, trees = 1` in the solution key, or whatever the student's specific tuning output yielded). The rubric requires finalizing with the *best* parameters. Additionally, the student calculates MSE manually rather than using the OOB errors directly available in the ranger fit object, which is a deviation from the expected process, though the logic is sound. Deduction for incorrect parameter values in finalization."
15,25,25,"The student completed most exercises correctly, particularly the modeling and workflow setup. Points were deducted for missing specific arguments in the EDA and data splitting steps, incorrect recipe step ordering/arguments, and a non-standard approach to calculating model performance metrics in the final exercise. Ensure all rubric-specific parameters (like `strata` and `base`) are included.",2,2,1,3,3,3,3,3,3,2,"Code executes `skimr::skim(dat)` correctly, but the rubric requires using the pipe operator `|>` to pass data to the function. Markdown correctly identifies no missing data.","Code sets seed and creates splits correctly. However, the rubric specifies using `strata = 'Sale_Price'` in `initial_split`, which is missing from the student's code.","The recipe structure is present, but there are significant process errors. The `step_log` is missing the `base = exp(1)` argument specified in the rubric. The order of steps is incorrect (centering/scaling after dummy creation may scale dummy variables differently than intended, and log transform should typically precede centering/scaling of the outcome). The `prep` and `tidy` are chained incorrectly without assignment or proper piping in the final line.","All three models are created correctly with the specified engines and tunable parameters (`penalty`, `mixture`, `min_n`, `trees`). `set_mode` is included for the random forest model.",Code correctly calls `parsnip::translate()` on all three model objects.,Code correctly sets the seed and creates bootstrap samples using `rsample::bootstraps()` on the training data.,"Code correctly creates the workflow set with the recipe and models, and unnests the info column for examination.","Code correctly maps the tuning function, unnests results, filters for rmse, groups by workflow ID, arranges by estimate, and slices the best row.",Code correctly calls `workflowsets::rank_results()` with the specified parameters.,"The workflow extraction and finalization are present. However, the student manually calculates MSE using `predict` and `log` transformations instead of using the standard `fit` output metrics or the specific OOB error values mentioned in the rubric solution. The parameters used for finalization (min_n=5, trees=500) may not match the 'best' parameters derived from the tuning grid if the grid size was small (grid=5), but the process of extracting and finalizing is followed."
16,25,25,"The student completed most of the lab exercises with correct function calls and workflows. Points were deducted primarily for missing specific parameters in Ex2 (strata), syntax/ordering issues in Ex3 (recipe prep), and incomplete/finalized parameters in Ex10. Ensure pipe operators are used where specified and that tuning parameters are derived from the actual model output.",2,2,1,3,3,3,3,3,3,2,"Code executes `skimr::skim(dat)` correctly, but the rubric requires using the pipe operator `|>` to pass data to the function. The markdown conclusion 'No' is correct.","Code structure is correct (set.seed, initial_split, training/testing). However, the `initial_split` call is missing the `strata = 'Sale_Price'` parameter required by the rubric for OutputAccuracy.","The recipe steps are present but the order is incorrect (centering/scaling after dummy creation can be problematic, and log transform should typically be earlier or handled carefully). More critically, the code block has a syntax error: `recipes::prep(norm_recipe ) %>% broom::tidy()` is not chained to the recipe definition above it (missing `%>%` or assignment), so the prep/tidy step will likely fail or not execute as intended in a single flow.","All three models are defined correctly with the appropriate engines and tunable parameters (`tune()`). `set_mode` is explicitly set for the random forest, and implicitly correct for others.",Code correctly calls `parsnip::translate()` on all three model objects.,Code correctly sets seed and creates bootstrap samples using `rsample::bootstraps()` on the training data.,Workflow set is created correctly with the recipe and models. The info column is unnested for examination.,"The workflow map is executed (code present). The subsequent dplyr/tidyr pipeline correctly unnests results, filters for rmse, groups, arranges, and slices to find the best metrics.",Code correctly calls `workflowsets::rank_results()` with the specified parameters.,"The workflow extraction and finalization are present. However, the parameters used in `finalize_workflow` (min_n=5, trees=500) appear to be hardcoded guesses rather than the actual best parameters derived from the tuning results in Ex8 (which would typically be read from the output). Additionally, the final markdown question asking for the ratio is left blank."
17,25,25,"The student completed most of the lab exercises correctly, particularly the modeling and workflow mapping sections. Points were deducted primarily for missing specific parameters in the data split (strata), incorrect selector usage in the recipe (all_predictors vs all_numeric_predictors), and not using the pipe operator in the EDA step. The final model evaluation used manual calculations that deviated from the expected workflow.",2,2,1,3,3,3,3,3,3,2,"Code executes `skimr::skim(dat)` correctly and answers the missing data question. However, the rubric requires using the pipe operator `|>` to pass data to the function (e.g., `dat |> skimr::skim()`), which was not used.","The code correctly sets the seed and creates the split. However, it is missing the `strata = 'Sale_Price'` parameter in `initial_split`, which is required by the rubric for OutputAccuracy.","The recipe structure is present, but there are significant issues. The `step_log` is missing the `base = exp(1)` argument specified in the rubric. More critically, `step_center` and `step_scale` are applied to `all_predictors()` instead of `all_numeric_predictors()`, which will cause errors or incorrect processing for nominal variables before dummy creation. The pipe chain is also broken (missing `%>%` before `recipes::prep`). Only partial credit for attempting the workflow.","All three models are correctly specified with the appropriate engines and tunable parameters (`penalty`, `mixture`, `min_n`, `trees`). The code follows the expected process.",The code correctly calls `parsnip::translate()` on all three model objects as required.,The code correctly sets the seed and creates bootstrap samples using `rsample::bootstraps()` on the training data.,"The workflow set is correctly created with the recipe and models, and the info column is unnested for examination.","The code correctly maps the tuning function, unnests results, filters for RMSE, groups by workflow ID, and selects the best row per group.",The code correctly calls `workflowsets::rank_results()` with the specified parameters.,"The workflow extraction and finalization are present. However, the parameters used in `finalize_workflow` (`min_n = 5, trees = 500`) do not match the 'best' parameters implied by the previous exercises (typically derived from the tuning output). Additionally, the student manually calculated MSE using `predict` and `log` transformations rather than using the standard `fit` output metrics or the ratio provided in the solution template, leading to potential inconsistency with the expected '12% higher' conclusion."
18,25,25,"The student completed most of the lab exercises correctly, particularly the modeling and workflow mapping sections. Points were deducted primarily for missing specific parameters in the data split (strata), incorrect ordering of recipe steps (centering/scaling after dummy creation), and using incorrect finalization parameters in the last exercise. Ensure pipe operators are used where specified and check recipe step order carefully.",2,2,1,3,3,3,3,3,3,2,"Code executes `skimr::skim(dat)` correctly and answers the missing data question. However, the rubric requires using the pipe operator `|>` to pass data to the function (e.g., `dat |> skimr::skim()`), which is missing here.","The code correctly sets the seed and creates the split. However, it is missing the `strata = 'Sale_Price'` parameter in `initial_split`, which is required by the rubric for OutputAccuracy.","The recipe structure is present, but there are significant issues. The `step_log` is missing the `base = exp(1)` argument. More critically, `step_center` and `step_scale` are applied to `all_predictors()` *after* `step_dummy`, which will incorrectly center/scale the dummy variables created from nominal predictors. The rubric expects centering/scaling numeric predictors before creating dummies or using `all_numeric_predictors()`. Also, the final prep/tidy step is not properly chained.","All three models are correctly specified with the appropriate engines and tunable parameters (`penalty`, `mixture`, `min_n`, `trees`). The `set_mode` is explicitly set for the random forest, and implicitly correct for others.",The code correctly calls `parsnip::translate()` on all three model objects as required.,The code correctly sets the seed and creates bootstrap samples using `rsample::bootstraps()` on the training data.,"The workflow set is correctly created with the recipe and models, and the info column is unnested for examination.","The code correctly maps the tuning function, unnests results, filters for rmse, groups by workflow ID, arranges by estimate, and slices the best row.",The code correctly calls `workflowsets::rank_results()` with the specified parameters.,"The workflow extraction and finalization are present. However, the parameters used in `finalize_workflow` (`min_n = 5, trees = 500`) do not match the 'best' parameters implied by the solution (trees=1, min_n=11) or the results from Ex8. Additionally, the student manually calculated MSE using `predict` and `log` transformations, whereas the rubric expects comparing the OOB prediction errors directly from the fitted model objects or using the standard ratio calculation provided in the solution context."
19,25,25,"The student completed most of the lab exercises with correct syntax for model specification and workflow management. Points were deducted primarily for missing specific parameters in data splitting (strata), incorrect recipe step ordering and arguments, and using incorrect finalization parameters in the last exercise. Ensure strict adherence to the specified function arguments and process order in future labs.",2,2,1,3,3,3,3,3,3,2,"Code executes `skimr::skim(dat)` correctly and answers the missing data question. However, the rubric requires using the pipe operator `|>` to pass data to the function (e.g., `dat |> skimr::skim()`), which is missing here.","The code correctly sets the seed and creates the split. However, it is missing the `strata = 'Sale_Price'` parameter required by the rubric for the `initial_split` function.","The recipe structure is present, but there are significant process errors. The `step_log` is missing the `base = exp(1)` argument. The order of steps is incorrect (centering/scaling should generally happen after dummy creation or on specific selectors, and `step_other` should likely precede `step_dummy` to handle pooling before encoding). Additionally, `recipes::prep()` is called outside the pipe chain, breaking the workflow fidelity.","All three models are correctly specified with the appropriate engines and tunable parameters (`penalty`, `mixture`, `min_n`, `trees`). The `set_mode` is explicitly set for the random forest, and implied for others via engine defaults or explicit setting.",The code correctly calls `parsnip::translate()` on all three model objects as required.,The code correctly sets the seed and creates bootstrap samples using `rsample::bootstraps()` on the training data.,"The workflow set is correctly created with the recipe and models, and the info column is unnested for examination.","The code correctly maps the tuning function, unnests results, filters for RMSE, groups by workflow ID, and selects the best row per group.",The code correctly calls `workflowsets::rank_results()` with the specified parameters.,"The workflow extraction and finalization are present. However, the parameters used for finalization (`min_n = 5, trees = 500`) do not match the 'best' parameters identified in the solution key (`trees = 1, min_n = 11`) or the typical output of the previous exercises. Additionally, the student manually calculated MSE ratios instead of using the OOB errors directly from the fitted model objects as implied by the solution template."
20,25,25,"The student demonstrated a good understanding of the tidymodels workflow, particularly in model specification, workflow sets, and tuning. Points were deducted primarily for missing the pipe operator in Ex1, omitting stratification in Ex2, and significant syntax/logic errors in the recipe preparation in Ex3. Ex10 was penalized for deviating from the expected method of comparing model fits.",2,2,1,3,3,3,3,3,3,2,"Code executes `skimr::skim(dat)` correctly, but the rubric requires using the pipe operator `|>` to pass data to the function. Markdown correctly identifies no missing data.","Code sets seed and creates splits correctly. However, the rubric specifies using `strata = 'Sale_Price'` in `initial_split`, which is missing from the student's code.","The recipe structure is incomplete. The student failed to pipe the steps into the `prep()` function (missing `%>%` before `recipes::prep`). Additionally, `step_center` and `step_scale` were applied to `all_predictors()` instead of `all_numeric_predictors()`, which is incorrect after dummy variables are created.",All three models are defined correctly with appropriate engines and tunable parameters (`tune()`). The workflow follows the expected process.,Code correctly calls `parsnip::translate()` on all three model objects as required.,Code correctly sets the seed and creates bootstrap samples using `rsample::bootstraps()` on the training data.,Workflow set is created correctly with the recipe and models. The `info` column is unnested for examination as required.,"The pipeline correctly unnests results and metrics, filters for RMSE, groups by workflow ID, arranges by estimate, and slices the best row.",Code correctly calls `workflowsets::rank_results()` with the specified parameters to compare results.,"The workflow extraction and finalization are present. However, the student manually calculated MSE using `predict()` and `log()` transformations instead of using the fitted model objects' built-in metrics or the expected simple comparison. The specific parameters used (min_n=5, trees=500) may not match the 'best' parameters derived from the tuning grid in Ex8, leading to potential output inaccuracy regarding the 'best' model performance."
21,25,25,"The student completed most of the lab exercises correctly, particularly the modeling and workflow mapping sections. Points were lost primarily in the early data preparation steps (Ex1, Ex2, Ex3) due to missing specific parameters (strata, pipe operator, log base) and incorrect recipe chaining. Exercise 10 also lost points for using incorrect finalization parameters and a non-standard method for calculating error ratios.",2,2,1,3,3,3,3,3,3,2,"Code executes `skimr::skim(dat)` correctly. However, the rubric requires using the pipe operator `|>` to pass data to the function (e.g., `dat |> skimr::skim()`). The student used direct argument passing. Deducted 1 point for ProcessFidelity.","Code correctly sets seed and creates splits. However, the `initial_split` call is missing the `strata = 'Sale_Price'` parameter required by the rubric for OutputAccuracy. Deducted 1 point.","The recipe structure is present, but there are significant issues. 1) The `step_log` is missing `base = exp(1)` as required. 2) The order of steps is incorrect (centering/scaling after dummy creation can be problematic, but more importantly, the rubric specifies a specific order). 3) The final line `recipes::prep(norm_recipe ) %>% broom::tidy()` is not chained to the recipe definition above it (missing `%>%` or assignment), meaning the prep/tidy step likely fails or doesn't execute as part of the workflow. Deducted 2 points for ProcessFidelity and OutputAccuracy.",All three models are correctly specified with the appropriate engines and tunable parameters (`tune()`). Code execution and process fidelity are met.,Correctly calls `parsnip::translate()` on all three model objects. Code execution and process fidelity are met.,Correctly sets seed and creates bootstrap samples using `rsample::bootstraps()` on the training data. Code execution and process fidelity are met.,"Correctly creates the workflow set with the recipe and models, and unnests the info column. Code execution and process fidelity are met.","Correctly maps the workflow, unnests results/metrics, filters for rmse, groups, arranges, and slices. Code execution and process fidelity are met.",Correctly calls `workflowsets::rank_results()` with the required parameters. Code execution and process fidelity are met.,"The student correctly extracts the workflow and fits it. However, the `finalize_workflow` parameters (`min_n = 5, trees = 500`) do not match the 'best' parameters implied by the solution (which were `trees = 1, min_n = 11` based on the provided solution template). Additionally, the student manually calculated MSE using `predict` and `log`, whereas the rubric expects the OOB prediction errors from the fit objects directly. Deducted 1 point for OutputAccuracy/ProcessFidelity regarding parameter selection and method."
22,25,25,"The student completed most of the lab exercises correctly, particularly the modeling and workflow setup. Points were deducted for missing specific parameters in data splitting and recipe steps, incorrect ordering of recipe steps affecting dummy variables, and using incorrect final parameters for the best model. Ensure pipe operators are used as requested and verify parameter values from tuning results.",2,2,1,3,3,3,3,3,3,2,"Code executes `skimr::skim(dat)` correctly and answers the missing data question. However, the rubric requires using the pipe operator `|>` to pass data to the function (e.g., `dat |> skimr::skim()`), which is missing here.","The code correctly sets the seed and creates the split. However, it is missing the `strata = 'Sale_Price'` parameter in `initial_split()`, which is required by the rubric for OutputAccuracy.","The recipe structure is present, but there are significant issues. The `step_log` is missing `base = exp(1)`. More critically, `step_center` and `step_scale` are applied to `all_predictors()` *after* `step_dummy`, which will incorrectly center/scale the dummy variables created from nominal predictors. The rubric expects centering/scaling numeric predictors before dummy creation or using `all_numeric_predictors()`. Also, `recipes::prep()` is called outside the pipe chain in a way that might not assign the prepped recipe to `norm_recipe` as intended for subsequent steps.","All three models are correctly specified with the appropriate engines and tunable parameters (`penalty`, `mixture`, `min_n`, `trees`). `set_mode` is included for the random forest model.",The code correctly calls `parsnip::translate()` on all three model objects.,The code correctly sets the seed and creates bootstrap samples using `rsample::bootstraps()` on the training data.,"The workflow set is correctly created with the recipe and models, and the info column is unnested for examination.","The code correctly maps the tuning function, unnests results, filters for RMSE, groups by workflow ID, and selects the best row.",The code correctly calls `workflowsets::rank_results()` with the specified parameters.,"The workflow extraction and finalization are present. However, the parameters used in `finalize_workflow` (`min_n = 5, trees = 500`) do not match the 'best' parameters typically derived from the tuning process (which were `min_n = 11, trees = 1` in the solution). Additionally, the student manually calculated MSE using `predict()` and `log()`, whereas the rubric expects comparing the OOB prediction errors directly from the fitted model objects or using the standard ratio calculation provided in the solution context."
23,25,25,"The student completed most exercises correctly, particularly the modeling and workflow setup. Points were lost primarily due to missing the `strata` parameter in data splitting, syntax errors in the recipe piping, and deviations from the expected process in the final model evaluation. Ensure pipe operators are used as specified and check parameter requirements carefully.",2,2,1,3,3,3,3,3,3,2,"Code executes `skimr::skim(dat)` correctly. However, the rubric requires using the pipe operator `|>` to pass data to the function (e.g., `dat |> skimr::skim()`). The student used direct argument passing. Deducted 1 point for ProcessFidelity.","Code correctly sets seed and creates splits. However, the `initial_split` call is missing the `strata = 'Sale_Price'` parameter required by the rubric for OutputAccuracy. Deducted 1 point.","The recipe creation has significant issues. 1) Missing pipe `%>%` before `recipes::prep()`, causing a syntax error or incorrect execution flow. 2) `step_center` and `step_scale` are applied to `all_predictors()` instead of `all_numeric_predictors()`, which is incorrect after dummy variables are created (dummies are numeric but shouldn't be centered/scaled in the same way or order as specified in the solution template). 3) The order of steps (log, other, dummy, center, scale) differs from the solution template (center, scale, log, other, dummy), though the rubric emphasizes correct functions. The syntax error in piping to prep is a major CodeExecution/ProcessFidelity failure.","All three models are created correctly with the specified engines and tunable parameters (`tune()`). `lm_mod_base` uses `lm`, `lm_mod_glmnet` uses `glmnet` with penalty/mixture, and `lm_mod_rforest` uses `ranger` with min_n/trees. Full points.",Code correctly calls `parsnip::translate()` on all three model objects. Full points.,Code correctly sets seed and creates bootstrap samples using `rsample::bootstraps()` on `ames_train`. Full points.,"Code correctly creates the workflow set with the recipe and three models, and unnests the info column. Full points.","Code correctly maps `workflow_map`, unnests results and metrics, filters for rmse, groups by wflow_id, arranges by estimate, and slices the first row. Full points.",Code correctly calls `workflowsets::rank_results` with the specified parameters. Full points.,"The student correctly extracts the workflow and finalizes it. However, the parameters used for finalization (`min_n = 5, trees = 500`) do not match the 'best' parameters implied by the solution template (`trees = 1, min_n = 11`) or the results from Ex8 (which would depend on the specific run, but the rubric expects consistency with Ex8). More critically, the student manually calculates MSE using `predict` and `log` transformations, whereas the rubric expects comparing the OOB prediction errors directly from the fitted objects or using the standard tidymodels workflow. The manual calculation is a deviation from the expected process fidelity. Deducted 1 point for ProcessFidelity/OutputAccuracy mismatch with expected workflow."
24,25,25,"The student completed most exercises correctly, particularly the modeling and workflow setup. Points were deducted for missing specific parameters in data splitting and recipe steps, incorrect ordering of recipe steps affecting numeric/nominal handling, and deviations in the final model evaluation process. Ensure pipe operators are used where specified and check parameter requirements carefully.",2,2,1,3,3,3,3,3,3,2,"Code executes `skimr::skim(dat)` correctly and answers the missing data question. However, the rubric requires using the pipe operator `|>` to pass data to the function (e.g., `dat |> skimr::skim()`), which is missing here.","The code correctly sets the seed and creates the split. However, it is missing the `strata = 'Sale_Price'` parameter in `initial_split`, which is required by the rubric for OutputAccuracy.","The recipe structure is present, but there are significant issues. The `step_log` is missing the `base = exp(1)` argument. More critically, `step_center` and `step_scale` are applied to `all_predictors()` *after* `step_dummy`, which will incorrectly center/scale the dummy variables created from nominal predictors. The rubric expects centering/scaling numeric predictors before dummy creation or using `all_numeric_predictors()`. Also, `recipes::prep` is called outside the pipe chain in a way that doesn't assign the prepped recipe back to `norm_recipe` for subsequent steps, though the tidy output is generated.","All three models are correctly specified with the appropriate engines and tunable parameters (`penalty`, `mixture`, `min_n`, `trees`). The `set_mode` is explicitly set for the random forest, and implicitly correct for others.",The `parsnip::translate()` function is correctly applied to all three model objects.,The seed is set and `rsample::bootstraps()` is correctly called on the training data.,"The `workflow_set` is correctly created with the recipe and models, and the `info` column is unnested for examination.","The workflow map is executed, and the subsequent dplyr/tidyr pipeline correctly unnests results, filters for rmse, groups, arranges, and slices to find the best metrics.",The `rank_results` function is correctly called with the specified parameters.,"The workflow is extracted and finalized. However, the parameters used for finalization (`min_n = 5, trees = 500`) do not match the 'best' parameters identified in the solution/rubric context (`min_n = 11, trees = 1` or similar based on the specific run). Additionally, the student manually calculates MSE using `predict` and `log` transformations, whereas the rubric expects comparing the OOB prediction errors directly from the fitted model objects or using the standard ratio calculation provided in the solution. The manual calculation is a valid approach but deviates from the expected process fidelity of using the model's internal metrics or the specific ratio value mentioned."
25,25,25,"The student completed most exercises correctly, particularly the modeling and workflow setup. Points were deducted primarily for missing specific parameters in the data split (strata), incorrect ordering of recipe steps (centering/scaling after dummy creation), and using incorrect finalization parameters in the last exercise. Ensure pipe operators are used where specified and check recipe step order carefully.",2,2,1,3,3,3,3,3,3,2,"Code executes `skimr::skim(dat)` correctly and answers the missing data question. However, the rubric requires using the pipe operator `|>` to pass data to the function (e.g., `dat |> skimr::skim()`), which is missing here.","The code correctly sets the seed and creates the split. However, it is missing the `strata = 'Sale_Price'` parameter in `initial_split`, which is required by the rubric for OutputAccuracy.","The recipe structure is present, but there are significant issues. The `step_log` is missing the `base = exp(1)` argument. More critically, `step_center` and `step_scale` are applied to `all_predictors()` *after* `step_dummy`, which will incorrectly center/scale the dummy variables created in the previous step. The rubric expects centering/scaling numeric predictors before creating dummies or using `all_numeric_predictors()`. Also, the final prep/tidy step is not chained correctly (missing pipe).","All three models are created correctly with the appropriate engines and tunable parameters (`penalty`, `mixture`, `min_n`, `trees`). The `set_mode` is explicitly set for the random forest, and implicitly correct for others.",The `parsnip::translate()` function is correctly called on all three model objects.,The code correctly sets the seed and creates bootstrap samples using `rsample::bootstraps()` on the training data.,"The workflow set is created correctly with the recipe and models, and the info column is unnested for examination.","The code correctly maps the tuning function, unnests results, filters for RMSE, groups by workflow ID, arranges by estimate, and slices the best row.",The `workflowsets::rank_results()` function is called correctly with the specified parameters.,"The workflow extraction and finalization are present. However, the parameters used in `finalize_workflow` (`min_n = 5, trees = 500`) do not match the 'best' parameters implied by the solution template (`trees = 1, min_n = 11`) or the results from Ex8. Additionally, the student manually calculates MSE using `predict` and `log` transformations rather than using the OOB errors directly from the fitted model objects as shown in the solution, leading to potential inaccuracies in the ratio calculation."
26,25,25,"The student completed most exercises correctly, particularly the modeling and workflow mapping sections. Points were lost primarily in Exercise 1 (missing pipe operator), Exercise 2 (missing stratification), and Exercise 3 (incorrect selectors and chaining syntax). Exercise 10 had minor deviations in parameter selection and calculation method.",2,2,1,3,3,3,3,3,3,2,"Code executes `skimr::skim(dat)` correctly. However, the rubric requires using the pipe operator `|>` to pass data to the function (e.g., `dat |> skimr::skim()`). The student used direct argument passing. Deducted 1 point for ProcessFidelity.","Code correctly sets seed and creates splits. However, the `initial_split` call is missing the `strata = 'Sale_Price'` parameter required by the rubric for OutputAccuracy. Deducted 1 point.","The recipe structure is present, but there are significant issues. 1) The code is not properly chained into the `norm_recipe` assignment (missing `%>%` before `recipes::prep`). 2) `step_center` and `step_scale` are applied to `all_predictors()` instead of `all_numeric_predictors()`, which is incorrect after dummy variables are created. 3) The order of steps (log, other, dummy, center/scale) is acceptable, but the selector error is critical. Deducted 2 points for ProcessFidelity and OutputAccuracy.",All three models are correctly specified with the right engines and tunable parameters (`tune()`). Code execution and process fidelity are met.,Correctly calls `parsnip::translate()` on all three model objects. Code execution and process fidelity are met.,Correctly sets seed and creates bootstrap samples using `rsample::bootstraps()` on the training data. Code execution and process fidelity are met.,"Correctly creates the workflow set with the recipe and models, and unnests the info column. Code execution and process fidelity are met.","Correctly maps the workflow, unnests results and metrics, filters for rmse, groups, arranges, and slices. Code execution and process fidelity are met.",Correctly calls `workflowsets::rank_results()` with the specified parameters. Code execution and process fidelity are met.,"The student correctly extracts the workflow and fits it. However, the `finalize_workflow` parameters (`min_n = 5, trees = 500`) do not match the 'best' parameters implied by the solution (trees=1, min_n=11) or the typical output of the previous exercises. Additionally, the student manually calculated MSE ratio instead of using the OOB errors directly from the fit objects as implied by the solution template. Deducted 1 point for OutputAccuracy/ProcessFidelity regarding parameter selection and method."
27,25,25,"The student completed most exercises correctly, particularly the modeling and workflow mapping sections. Points were deducted primarily for missing the `strata` parameter in the train/test split, syntax errors in the recipe definition (Ex3), and using incorrect final parameters in Ex10. Ensure pipe operators are used as specified in Ex1.",2,2,1,3,3,3,3,3,3,2,"Code executes `skimr::skim(dat)` correctly, but the rubric requires using the pipe operator `|>` to pass data to the function. The markdown conclusion 'No' is correct.","Code structure is correct (set.seed, initial_split, training/testing). However, the `initial_split` call is missing the `strata = 'Sale_Price'` parameter required by the rubric for OutputAccuracy.","The recipe creation has a syntax error: the pipe chain ends with `step_scale`, but `recipes::prep(norm_recipe)` is on a new line without a pipe or assignment, causing it to not be part of the chain or assigned correctly. Additionally, `step_center` and `step_scale` use `all_predictors()` instead of `all_numeric_predictors()`, which may cause issues with dummy variables created earlier. The order of steps (log, other, dummy, center, scale) is generally acceptable, but the code execution fails due to syntax.",All three models are created correctly. `lm_mod_base` uses lm engine. `lm_mod_glmnet` uses glmnet with tuned penalty/mixture. `lm_mod_rforest` uses ranger with tuned min_n/trees. `set_mode` is present where needed.,Code correctly calls `parsnip::translate()` on all three model objects.,Code correctly sets seed and creates bootstrap samples using `rsample::bootstraps()` on `ames_train`.,"Code correctly creates `all_workflows` with the specified recipe and models, and unnests the info column.","Code correctly maps `workflow_map`, unnests results and metrics, filters for rmse, groups by wflow_id, arranges by estimate, and slices the first row.",Code correctly calls `workflowsets::rank_results` with the required parameters.,"The workflow extraction and finalization are present. However, the parameters used in `finalize_workflow` (min_n = 5, trees = 500) do not match the 'best' parameters implied by the solution (trees = 1, min_n = 11) or the results from Ex8. The MSE calculation logic is overly complex and manually computes log-differences, whereas the rubric expects a simpler comparison of OOB errors or direct fit objects. The ratio calculation is present but based on potentially incorrect parameters."
28,25,25,"The student completed most exercises correctly, particularly the modeling and workflow setup. Points were lost primarily in Exercise 1 (missing pipe operator), Exercise 2 (missing stratification), and Exercise 3 (recipe syntax and parameter errors). Exercise 10 had minor issues with parameter selection and complexity of error calculation.",2,2,1,3,3,3,3,3,3,2,"Code executes `skimr::skim(dat)` correctly. However, the rubric requires using the pipe operator `|>` to pass data to the function (e.g., `dat |> skimr::skim()`). The student used direct argument passing. Deducted 1 point for ProcessFidelity.","Code correctly sets seed and creates splits. However, the `initial_split` call is missing the `strata = 'Sale_Price'` parameter required by the rubric for OutputAccuracy. Deducted 1 point.","The recipe structure is present, but there are significant issues. 1) The `step_log` is missing `base = exp(1)` as required. 2) The order of steps is incorrect (centering/scaling after dummy creation can be problematic, but more importantly, the rubric specifies a specific order). 3) The final line `recipes::prep(norm_recipe ) %>% broom::tidy()` is not chained to the recipe definition above it (missing `%>%` or assignment), meaning the prep/tidy step likely fails or doesn't execute as part of the workflow. Deducted 2 points for ProcessFidelity and OutputAccuracy.",All three models are correctly specified with the appropriate engines and tunable parameters (`tune()`). Code execution and process fidelity are met.,Correctly calls `parsnip::translate()` on all three model objects. Process and output accuracy are met.,Correctly sets seed and creates bootstrap samples using `rsample::bootstraps()` on the training data. Process and output accuracy are met.,"Correctly creates the workflow set with the recipe and models, and unnests the info column. Process and output accuracy are met.","Correctly maps the tuning function, unnests results, filters for rmse, groups, arranges, and slices. Process and output accuracy are met.",Correctly calls `workflowsets::rank_results()` with the required parameters. Process and output accuracy are met.,"The student correctly extracts the workflow and fits it. However, the `finalize_workflow` parameters (`min_n = 5, trees = 500`) do not match the 'best' parameters implied by the solution template (`trees = 1, min_n = 11`) or the results from Ex8. Additionally, the calculation of MSE is manual and complex, whereas the rubric expects a simpler comparison of OOB errors. Deducted 1 point for OutputAccuracy regarding parameter selection and simplicity."
29,25,25,"The student completed most of the lab exercises correctly, particularly the modeling and workflow setup. Points were deducted primarily for missing specific parameters in the data split (strata), incorrect ordering of recipe steps (centering/scaling after dummy creation), and using incorrect finalization parameters in the last exercise. Ensure pipe operators are used where specified and check recipe step order carefully.",2,2,1,3,3,3,3,3,3,2,"Code executes `skimr::skim(dat)` correctly and answers the missing data question. However, the rubric requires using the pipe operator `|>` to pass data to the function (e.g., `dat |> skimr::skim()`), which is missing here.","The code correctly sets the seed and creates the split. However, it is missing the `strata = 'Sale_Price'` parameter in `initial_split`, which is required by the rubric for OutputAccuracy.","The recipe structure is present, but there are significant issues. The `step_log` is missing the `base = exp(1)` argument. More critically, `step_center` and `step_scale` are applied to `all_predictors()` *after* `step_dummy`, which will incorrectly center/scale the dummy variables created in the previous step. The rubric expects centering/scaling numeric predictors before creating dummies or using `all_numeric_predictors()`.","All three models are correctly specified with the appropriate engines and tunable parameters (`penalty`, `mixture`, `min_n`, `trees`). The `set_mode` is explicitly set for the random forest, and implicitly correct for the others.",The code correctly calls `parsnip::translate()` on all three model objects as required.,The code correctly sets the seed and creates bootstrap samples using `rsample::bootstraps()` on the training data.,"The workflow set is correctly created with the recipe and models, and the info column is unnested for examination.","The code correctly maps the tuning function, unnests the results, filters for RMSE, groups by workflow ID, and selects the best row per group.",The code correctly calls `workflowsets::rank_results()` with the specified parameters.,"The workflow extraction and finalization are present. However, the parameters used for finalization (`min_n = 5, trees = 500`) do not match the 'best' parameters identified in the solution/rubric context (`trees = 1, min_n = 11`). Additionally, the student manually calculated MSE ratios instead of using the OOB errors directly from the fitted objects as implied by the rubric's focus on OOB prediction errors."
30,25,25,"The student completed most exercises with correct syntax and workflow structure. Points were deducted primarily for missing specific parameters (strata in split, base in log transform), incorrect piping syntax in Ex1, and incorrect parameter selection/finalization in Ex10. Ensure strict adherence to rubric-specified parameters and function arguments.",2,2,1,3,3,3,3,3,3,2,"Code executes `skimr::skim(dat)` correctly and answers the missing data question. However, the rubric requires using the pipe operator `|>` to pass data to the function (e.g., `dat |> skimr::skim()`), which is missing here. Deducted 1 point for ProcessFidelity.","The code correctly sets the seed, creates the split, and extracts training/test sets. However, the `initial_split` call is missing the `strata = 'Sale_Price'` parameter required by the rubric for OutputAccuracy. Deducted 1 point.","The recipe structure is present, but there are significant issues. 1) The `step_log` is missing `base = exp(1)` as required. 2) The order of steps is incorrect (centering/scaling after dummy creation can be problematic, but more importantly, the rubric specifies a specific order). 3) The final line `recipes::prep(norm_recipe ) %>% broom::tidy()` is not chained to the recipe definition above it (missing `%>%` or assignment), meaning the prep/tidy step likely fails or doesn't execute as intended in the single block. Deducted 2 points for ProcessFidelity and OutputAccuracy.","All three models are created correctly with the specified engines and tunable parameters (`penalty`, `mixture`, `min_n`, `trees`). Code execution and process fidelity are met.",The `parsnip::translate()` function is correctly applied to all three model objects. Code execution and process fidelity are met.,The seed is set and `rsample::bootstraps()` is called on `ames_train` correctly. Code execution and process fidelity are met.,The `workflow_set` is created with the correct recipe and models. The `info` column is unnested for examination. Code execution and process fidelity are met.,"The workflow map is executed (code present). The subsequent dplyr/tidyr pipeline correctly unnests results, filters for rmse, groups by wflow_id, arranges by estimate, and slices the first row. Code execution and process fidelity are met.","The `workflowsets::rank_results()` function is called with the correct parameters (`rank_metric = 'rmse'`, `select_best = TRUE`). Code execution and process fidelity are met.","The workflow is extracted and finalized. However, the parameters used in `finalize_workflow` (`min_n = 5, trees = 500`) do not match the 'best' parameters implied by the solution (trees=1, min_n=11) or the results from Ex8. Additionally, the student manually calculated MSE using `predict` and `log` transformations rather than using the OOB errors directly from the fitted model objects as suggested by the solution template's simplicity. Deducted 1 point for OutputAccuracy/ProcessFidelity regarding parameter selection and method."
31,25,25,"The student completed most exercises correctly, particularly the modeling and workflow setup. Points were deducted for missing the pipe operator in Ex1, missing stratification in Ex2, syntax/ordering issues in Ex3, and deviations in the final model evaluation in Ex10. Ensure code follows the specific syntactic requirements (like piping) and parameter specifications (like stratification) outlined in the rubric.",2,2,1,3,3,3,3,3,3,2,"Code executes `skimr::skim(dat)` correctly and answers the missing data question. However, the rubric requires using the pipe operator `|>` to pass data to the function (e.g., `dat |> skimr::skim()`), which is missing here.","The code correctly sets the seed and creates the split. However, it is missing the `strata = 'Sale_Price'` parameter in `initial_split`, which is required by the rubric for OutputAccuracy.","The recipe structure is present, but there are significant issues. 1) The `step_log` is missing `base = exp(1)`. 2) The order of steps is incorrect (centering/scaling should generally happen after dummy creation or be specific to numeric predictors, but here `all_predictors` is used after dummies, which is okay, but `step_log` on the outcome is usually done early). 3) Most critically, the code block ends with `recipes::prep(norm_recipe ) %>% broom::tidy()` but this line is not chained to the recipe definition above it (missing `%>%` or assignment), meaning the prep/tidy step likely fails or doesn't execute as intended in a single flow. Also, `step_center` and `step_scale` use `all_predictors()` which includes the outcome if not careful, though here outcome is log transformed. The main issue is the syntax error in chaining the prep step.","All three models are correctly specified with the appropriate engines and tunable parameters (`tune()`). The `set_mode` is explicitly set for the random forest, and implicitly correct for others or set via engine defaults. This meets all criteria.","The code correctly calls `parsnip::translate()` on all three model objects (`lm_mod_base`, `lm_mod_glmnet`, `lm_mod_rforest`). This meets all criteria.",The code correctly sets the seed and creates bootstrap samples using `rsample::bootstraps()` on the training data. This meets all criteria.,The workflow set is correctly created with the recipe and three models. The `info` column is correctly unnested for examination. This meets all criteria.,"The code correctly maps the tuning function, unnests results and metrics, filters for RMSE, groups by workflow ID, arranges by estimate, and slices the best row. This meets all criteria.",The code correctly calls `workflowsets::rank_results()` with the specified parameters. This meets all criteria.,"The workflow is extracted and finalized. However, the parameters used for finalization (`min_n = 5, trees = 500`) do not match the 'best' parameters typically found in this lab's solution (which are often `min_n = 11, trees = 1` or similar depending on the specific run, but the rubric expects consistency with Ex8 results). More importantly, the student calculates the MSE ratio manually using `predict` and `log` transformations, whereas the rubric expects the comparison of OOB prediction errors directly from the fitted objects or a specific ratio value. The manual calculation is a valid approach but deviates from the expected 'ProcessFidelity' of simply fitting and comparing. The grade is reduced because the specific parameters used for finalization might not align with the 'best' identified in Ex8 if the student's Ex8 results were different, and the manual MSE calculation is extra work not strictly required by the rubric's 'ProcessFidelity' check which looks for `fit` on train/test."
32,25,25,"The student completed most of the lab exercises correctly, particularly the modeling and workflow mapping sections. Points were deducted primarily for missing specific parameters in the data split and recipe steps, and for using incorrect best-fit parameters in the final model evaluation. Ensure all rubric-specific arguments (like `strata` and `base`) are included.",2,2,1,3,3,3,3,3,3,2,"Code executes `skimr::skim(dat)` correctly and answers the missing data question. However, the rubric requires using the pipe operator `|>` to pass data to the function (e.g., `dat |> skimr::skim()`), which is missing here.","The code correctly sets the seed and creates the split. However, it is missing the `strata = 'Sale_Price'` parameter in `initial_split`, which is required by the rubric for OutputAccuracy.","The recipe structure is present, but there are significant issues. The `step_log` is missing the `base = exp(1)` argument specified in the rubric. More critically, `step_center` and `step_scale` are applied to `all_predictors()` instead of `all_numeric_predictors()`, which will fail or produce incorrect results after dummy variables are created. The code also lacks the `recipes::prep()` call on the recipe object itself before tidying, as the pipe chain is broken.","All three models are correctly specified with the appropriate engines and tunable parameters (`penalty`, `mixture`, `min_n`, `trees`). The `set_mode` is explicitly set for the random forest, and implied for others.",The code correctly calls `parsnip::translate()` on all three model objects as required.,The code correctly sets the seed and creates bootstrap samples using `rsample::bootstraps()` on the training data.,"The workflow set is correctly created with the recipe and models, and the info column is unnested for examination.","The code correctly maps the tuning function, unnests results, filters for RMSE, groups by workflow ID, and selects the best row per group.",The code correctly calls `workflowsets::rank_results()` with the specified parameters.,"The workflow extraction and finalization are present. However, the parameters used for finalization (`min_n = 5, trees = 500`) do not match the 'best' parameters identified in the solution/rubric context (`trees = 1, min_n = 11`). Additionally, the student manually calculated MSE using predictions rather than extracting the OOB error directly from the fitted model objects, which is less robust and deviates from the expected process."
33,25,25,"The student completed most exercises with correct syntax and workflow logic. Points were deducted for missing the pipe operator in Q1, missing stratification in Q2, syntactic issues in the recipe pipeline in Q3, and using incorrect finalization parameters in Q10. Ensure you follow the specific parameter requirements and code structure guidelines in future labs.",2,2,1,3,3,3,3,3,3,2,"Code executes `skimr::skim(dat)` correctly, but the rubric requires using the pipe operator `|>` to pass data to the function. The markdown conclusion is correct.","Code structure is correct (set.seed, initial_split, training/testing), but the `initial_split` call is missing the `strata = 'Sale_Price'` parameter required by the rubric.","The recipe steps are present but the order is incorrect (centering/scaling after dummy creation can be problematic, and log transform should typically be earlier or handled carefully). More critically, the code block is syntactically invalid in R because the pipe chain ends without assigning to `norm_recipe` before the `prep` call, and `prep` is not piped from the recipe definition correctly in a single flow as expected. The rubric expects a clean pipeline.","All three models are defined correctly with appropriate engines and tunable parameters (`tune()`). `set_mode` is explicitly set for the random forest, and implied for others via engine defaults or explicit setting.",Code correctly calls `parsnip::translate()` on all three model objects.,Code correctly sets seed and creates bootstrap samples using `rsample::bootstraps()` on the training data.,Workflow set is created correctly with the recipe and models. The info column is unnested for examination.,"The workflow map is executed (code provided in template). The subsequent dplyr/tidyr pipeline correctly unnests results, filters for rmse, groups, arranges, and slices to find the best metric.",Code correctly calls `workflowsets::rank_results()` with the specified parameters.,"The workflow extraction and finalization are present. However, the parameters used for finalization (`min_n = 5, trees = 500`) do not match the 'best' parameters identified in the solution key (`trees = 1, min_n = 11`) or the typical output of the previous exercise. The rubric requires finalizing with the *best* parameters found. Additionally, the student manually calculated MSE ratio instead of using the OOB errors directly from the fit objects as implied by the solution structure, though the code is functional."
34,25,25,"The student completed most of the lab exercises correctly, particularly the modeling and workflow setup. Points were deducted primarily for missing specific parameters in the data split (strata), incorrect recipe step ordering and syntax, and using incorrect finalization parameters in the last exercise. Ensure pipe operators are used where specified and verify parameter values against previous exercise outputs.",2,2,1,3,3,3,3,3,3,2,"Code executes `skimr::skim(dat)` correctly and answers the missing data question. However, the rubric requires using the pipe operator `|>` to pass data to the function (e.g., `dat |> skimr::skim()`), which is missing here.","The code correctly sets the seed and creates the split. However, it is missing the `strata = 'Sale_Price'` parameter in `initial_split()`, which is required by the rubric for OutputAccuracy.","The recipe structure is present, but there are significant issues. 1) The `step_log` is missing `base = exp(1)`. 2) The order of steps is incorrect (centering/scaling before dummy variables creates issues with factor columns). 3) The `prep()` call is not chained properly (missing `%>%` before `recipes::prep`). 4) `all_predictors()` is used instead of `all_numeric_predictors()` for centering/scaling, which may cause errors or unintended behavior on nominal variables.","All three models are correctly specified with the appropriate engines and tunable parameters (`penalty`, `mixture`, `min_n`, `trees`). The code follows the expected process.",The code correctly calls `parsnip::translate()` on all three model objects as required.,The code correctly sets the seed and creates bootstrap samples using `rsample::bootstraps()` on the training data.,"The workflow set is correctly created with the recipe and models, and the info column is unnested for examination.","The code correctly maps the tuning function, unnests results, filters for RMSE, groups by workflow ID, and selects the best row per group.",The code correctly calls `workflowsets::rank_results()` with the specified parameters.,"The workflow extraction and finalization are present. However, the parameters used for finalization (`min_n = 5, trees = 500`) do not match the 'best' parameters identified in the solution/rubric context (`min_n = 11, trees = 1` or similar from Ex8). Additionally, the student manually calculated MSE instead of using the OOB errors directly from the fit objects, which deviates from the expected process fidelity."
35,25,25,"The student completed most exercises correctly, particularly the modeling and workflow setup. Points were deducted primarily for missing specific parameters (strata in split, base in log transform), incorrect piping syntax in EDA, and a broken code flow in the recipe preparation. Exercise 10 used manual MSE calculation instead of the expected workflow fit comparison.",2,2,1,3,3,3,3,3,3,2,"Code executes `skimr::skim(dat)` correctly and answers the missing data question. However, the rubric requires using the pipe operator `|>` to pass data to the function (e.g., `dat |> skimr::skim()`), which is missing here.","The code correctly sets the seed and creates the split. However, it is missing the `strata = 'Sale_Price'` parameter in `initial_split`, which is required by the rubric for OutputAccuracy.","The recipe structure is present, but there are significant issues. The `step_log` is missing the `base = exp(1)` argument specified in the rubric. The order of steps is incorrect (centering/scaling should generally happen after dummy creation or on numeric predictors specifically, but here `all_predictors` is used after dummies, which is okay, but `step_log` should likely be earlier or handled carefully). Most critically, the code block ends with `recipes::prep(norm_recipe ) %>% broom::tidy()` but this line is not chained to the recipe definition above it (missing `%>%` or pipe connection), meaning the prep/tidy step likely fails or doesn't execute as intended in a single flow. Also, `step_center` and `step_scale` use `all_predictors()` which includes the outcome if not careful, though `all_numeric_predictors()` is preferred. The main deduction is for the broken pipe/execution flow and missing log base.","All three models are correctly defined with the appropriate engines and tunable parameters (`penalty`, `mixture`, `min_n`, `trees`). The `set_mode` is explicitly set for the random forest, and implicitly correct for others or set via engine defaults. This meets all criteria.","The code correctly calls `parsnip::translate()` on all three model objects (`lm_mod_base`, `lm_mod_glmnet`, `lm_mod_rforest`). This meets all criteria.",The code correctly sets the seed and creates bootstrap samples using `rsample::bootstraps()` on the training data. This meets all criteria.,The workflow set is correctly created with the recipe and models. The `info` column is correctly unnested using `tidyr::unnest()`. This meets all criteria.,"The code correctly maps the tuning function, unnests results and metrics, filters for 'rmse', groups by workflow ID, arranges by estimate, and slices the first row. This meets all criteria.",The code correctly calls `workflowsets::rank_results()` with the specified parameters. This meets all criteria.,"The workflow is extracted and finalized. However, the parameters used in `finalize_workflow` (`min_n = 5, trees = 500`) do not match the 'best' parameters typically found in the solution (trees=1, min_n=11) or the results from Q8. Additionally, the student manually calculates MSE using `predict` and `log` transformations, whereas the rubric expects using the `fit` objects' OOB errors or standard performance metrics directly. The manual calculation is a valid approach but deviates from the expected process fidelity of using the fitted workflow objects directly for comparison."
36,25,25,"The student completed most of the lab exercises correctly, particularly the modeling and workflow mapping sections. Points were deducted primarily for missing specific parameters in the data split (strata), incorrect ordering of recipe steps (scaling dummies), and using arbitrary parameters for the final model instead of the tuned best parameters. Ensure pipe operators are used where specified and check recipe step order carefully.",2,2,1,3,3,3,3,3,3,2,"Code executes `skimr::skim(dat)` correctly and answers the missing data question. However, the rubric requires using the pipe operator `|>` to pass data to the function (e.g., `dat |> skimr::skim()`), which is missing here.","The code correctly sets the seed and creates the split. However, it is missing the `strata = 'Sale_Price'` parameter in `initial_split`, which is required by the rubric for OutputAccuracy.","The recipe structure is present, but there are significant issues. The `step_log` is missing `base = exp(1)`. More critically, `step_center` and `step_scale` are applied to `all_predictors()` *after* `step_dummy`, which will incorrectly center/scale the dummy variables created from nominal predictors. The rubric expects centering/scaling numeric predictors before dummy creation or using `all_numeric_predictors()`. Also, `recipes::prep()` is called on the object but not assigned or piped correctly in the final line structure shown.","All three models are correctly specified with the appropriate engines and tunable parameters (`penalty`, `mixture`, `min_n`, `trees`). `set_mode` is included for the random forest.",The code correctly calls `parsnip::translate()` on all three model objects.,The code correctly sets the seed and creates bootstrap samples using `rsample::bootstraps()` on the training data.,"The workflow set is correctly created with the recipe and models, and the info column is unnested for examination.","The code correctly maps the tuning function, unnests results, filters for RMSE, groups by workflow ID, arranges by estimate, and slices the best row.",The code correctly calls `workflowsets::rank_results()` with the specified parameters.,"The workflow extraction and finalization are present. However, the parameters used in `finalize_workflow` (`min_n = 5, trees = 500`) do not match the 'best' parameters typically derived from the tuning process (which usually yields higher tree counts and specific min_n values like 11 in the solution). Additionally, the student manually calculates MSE using `predict` and `log` transformations rather than using the standard `fit` output metrics or the ratio provided in the solution context, leading to potential inaccuracies in the final comparison metric."
37,25,25,"The student completed most exercises correctly, particularly the modeling and workflow setup. Points were lost primarily due to missing specific parameters (strata in split, base in log transform), incorrect ordering of recipe steps (centering/scaling after dummy creation), and using incorrect final parameters for the best model. Ensure strict adherence to the specified function arguments and recipe step order.",2,2,1,3,3,3,3,3,3,2,"Code executes `skimr::skim(dat)` correctly and answers the missing data question. However, the rubric requires using the pipe operator `|>` to pass data to the function (e.g., `dat |> skimr::skim()`), which was not used.","The code correctly sets the seed and creates the split. However, it is missing the `strata = 'Sale_Price'` parameter in `initial_split()`, which is required by the rubric for OutputAccuracy.","The recipe structure is present, but there are significant issues. The `step_log` is missing the `base = exp(1)` argument. More critically, `step_center` and `step_scale` are applied to `all_predictors()` *after* `step_dummy`, which will incorrectly center/scale the dummy variables created in the previous step. The rubric expects centering/scaling numeric predictors before dummy creation or using `all_numeric_predictors()`. Also, `recipes::prep()` is called outside the pipe chain in a way that doesn't assign the prepped recipe to a variable for examination via `broom::tidy()` as intended by the workflow.",All three models are correctly specified with the appropriate engines and tunable parameters (`tune()`). The `lm_mod_base` and `lm_mod_glmnet` implicitly default to regression mode or are sufficient for the rubric's check on function calls.,The code correctly calls `parsnip::translate()` on all three model objects.,The code correctly sets the seed and creates bootstrap samples using `rsample::bootstraps()` on the training data.,"The workflow set is correctly created with the recipe and models, and the info column is unnested for examination.","The code correctly maps the tuning function, unnests results, filters for RMSE, groups by workflow ID, and selects the best row.",The code correctly calls `workflowsets::rank_results()` with the specified parameters.,"The workflow extraction and finalization are present. However, the parameters used in `finalize_workflow` (`min_n = 5, trees = 500`) do not match the 'best' parameters implied by the solution (trees=1, min_n=11) or the results from Ex8. Additionally, the calculation of the MSE ratio is overly complex and manually computed rather than using the OOB errors directly from the fitted objects as suggested by the solution template, though the logic is sound. Deduction for incorrect parameter values in finalization."
38,25,25,"The student completed most of the lab exercises correctly, particularly the modeling and workflow setup. Points were lost primarily due to missing specific parameters in the data split (strata), incorrect piping syntax in the EDA step, and syntax/ordering issues in the recipe definition. The final model parameters did not align with the expected best-fit values from the tuning step.",2,2,1,3,3,3,3,3,3,2,"Code executes `skimr::skim(dat)` correctly and answers the missing data question. However, the rubric requires using the pipe operator `|>` to pass data to the function (e.g., `dat |> skimr::skim()`), which is missing here. Deducted 1 point for ProcessFidelity.","The code correctly sets the seed and creates the split. However, it is missing the `strata = 'Sale_Price'` parameter in `initial_split()`, which is required by the rubric for OutputAccuracy. Deducted 1 point.","The recipe structure is present, but there are significant issues. 1) The `step_log` is missing `base = exp(1)`. 2) The order of steps is incorrect (centering/scaling should generally happen after dummy creation or be carefully ordered; here `step_center`/`scale` are applied to `all_predictors` after dummies, which is okay, but `step_log` is first). 3) Most critically, the code block ends with `recipes::prep(norm_recipe ) %>% broom::tidy()` but this line is not part of the pipe chain from the recipe definition (missing `%>%` before `recipes::prep` or incorrect assignment). The rubric requires chaining prep and tidy. The syntax error in the pipe chain prevents correct execution as intended. Deducted 2 points for ProcessFidelity and OutputAccuracy.",All three models are correctly defined with the appropriate engines and tunable parameters (`tune()`). The code follows the expected process.,The `translate()` function is correctly applied to all three model objects.,The seed is set and `bootstraps()` is correctly called on the training data.,"The workflow set is correctly created with the recipe and models, and the info column is unnested for examination.","The code correctly maps the tuning function, unnests results, filters for rmse, groups, arranges, and slices to find the best metrics.",The `rank_results` function is correctly called with the specified parameters.,"The workflow is extracted and finalized. However, the parameters used in `finalize_workflow` (`min_n = 5, trees = 500`) do not match the 'best' parameters typically derived from the previous steps (which usually involve specific tuned values like `min_n=11, trees=1` or similar depending on the grid). The rubric expects the parameters to be derived from the previous exercise's best results. Additionally, the manual MSE calculation is complex and prone to error compared to the standard `fit` output inspection. Deducted 1 point for OutputAccuracy regarding parameter consistency."
39,25,25,"The student completed most exercises correctly, particularly the modeling and workflow setup. Points were lost primarily due to missing specific parameters in data splitting (Ex2), syntactic errors in the recipe preparation (Ex3), and incorrect parameter selection for the final model (Ex10). Ensure pipe operators are used where specified and verify syntax in chained operations.",2,2,1,3,3,3,3,3,3,2,"Code executes `skimr::skim(dat)` correctly. However, the rubric requires using the pipe operator `|>` to pass data to the function (e.g., `dat |> skimr::skim()`). The student used direct argument passing. Deducted 1 point for ProcessFidelity.","Code correctly sets seed and creates splits. However, the `initial_split` call is missing the `strata = 'Sale_Price'` parameter required by the rubric for OutputAccuracy. Deducted 1 point.","The recipe steps are present but the order is incorrect (centering/scaling after dummy creation can be problematic, though less critical than missing steps). More importantly, the code block is syntactically invalid: the pipe chain ends with `step_scale`, but the next line `recipes::prep(norm_recipe ) %>% broom::tidy()` is not connected to the previous chain nor assigned to a variable, causing an error or no output. Deducted 2 points for CodeExecution and ProcessFidelity.",All three models are correctly specified with appropriate engines and tunable parameters (`tune()`). `set_mode` is explicitly set for the random forest and implicitly handled for others. Full points.,Code correctly calls `parsnip::translate()` on all three model objects. Full points.,Code correctly sets seed and creates bootstrap samples using `rsample::bootstraps()` on the training data. Full points.,Workflow set is correctly created with the recipe and models. The info column is unnested for examination. Full points.,"The workflow map is executed (provided in template). The subsequent code correctly unnests results, filters for rmse, groups by wflow_id, arranges by estimate, and slices the best row. Full points.",Code correctly calls `workflowsets::rank_results()` with the specified parameters. Full points.,"The workflow is extracted and finalized. However, the parameters used for finalization (`min_n = 5, trees = 500`) do not match the 'best' parameters typically derived from the tuning process (which usually yields higher tree counts and specific min_n values like 11 in the solution). Additionally, the student manually calculated MSE ratio instead of using the OOB errors directly from the fit objects as implied by the solution structure. Deducted 1 point for OutputAccuracy/ProcessFidelity regarding parameter selection."
40,25,25,"The student completed most exercises correctly, particularly the modeling and workflow setup. Points were deducted for missing the pipe operator in Ex1, missing stratification in Ex2, incorrect ordering of recipe steps in Ex3, and using non-optimal parameters/manual calculations in Ex10. Ensure recipe steps are ordered correctly (numeric scaling before dummy creation) and follow the specific parameter requirements in the rubric.",2,2,1,3,3,3,3,3,3,2,"Code executes `skimr::skim(dat)` correctly and answers the missing data question. However, the rubric requires using the pipe operator `|>` to pass data to the function (e.g., `dat |> skimr::skim()`), which is missing here.","The code correctly sets the seed and creates the split. However, it is missing the `strata = 'Sale_Price'` parameter in `initial_split`, which is required by the rubric for OutputAccuracy.","The recipe structure is present, but there are significant issues. The `step_log` is missing `base = exp(1)`. More critically, `step_center` and `step_scale` are applied to `all_predictors()` *after* `step_dummy`, which will incorrectly center/scale the dummy variables created from nominal predictors. The rubric expects centering/scaling numeric predictors before dummy creation or using `all_numeric_predictors()`. Also, `recipes::prep()` is called outside the pipe chain in a way that doesn't assign the prepped recipe to `norm_recipe` properly for subsequent steps.","All three models are created correctly with the appropriate engines and tunable parameters (`penalty`, `mixture`, `min_n`, `trees`). `set_mode` is explicitly set for the random forest, and implied for others.",The `parsnip::translate()` function is correctly applied to all three model objects.,The seed is set and `rsample::bootstraps()` is correctly applied to the training data.,"The workflow set is created correctly with the recipe and models, and the info column is unnested for examination.","The code correctly maps the tuning function, unnests results, filters for RMSE, groups by workflow ID, and selects the best row.",The `workflowsets::rank_results()` function is called with the correct parameters.,"The workflow is extracted and finalized. However, the parameters used for finalization (`min_n = 5, trees = 500`) do not match the 'best' parameters typically found in this lab's solution (often `min_n=11, trees=1` or similar depending on the grid). Additionally, the student manually calculates MSE using `predict` and `log` transformations, whereas the rubric expects comparing the OOB prediction errors directly from the fitted model objects or using the standard ratio calculation provided in the solution template. The manual calculation is a valid approach but deviates from the expected process fidelity of using the model's built-in metrics or the specific ratio calculation shown in the solution."
41,25,25,"The student demonstrated a good understanding of the tidymodels workflow, particularly in model specification and workflow mapping. Points were deducted primarily for syntax errors in the recipe creation (Ex3), missing stratification in data splitting (Ex2), and using incorrect final parameters for the best model (Ex10). Ensure code is syntactically valid and parameters match the tuning results.",2,2,1,3,3,3,3,3,3,2,"Code executes `skimr::skim(dat)` correctly, but the rubric requires using the pipe operator `|>` to pass data to the function. The markdown conclusion is correct.","Code structure is correct (set.seed, initial_split, training/testing), but the `initial_split` call is missing the required `strata = 'Sale_Price'` parameter specified in the rubric.","The recipe steps are present but the order is incorrect (centering/scaling after dummy creation can be problematic, and log transform should typically be earlier or handled carefully). More critically, the code block is syntactically invalid R code (missing pipe or assignment between the recipe definition and the `prep` call), meaning it will not execute as written.","All three models are correctly specified with the appropriate engines and tunable parameters (`tune()`). The `set_mode` is explicitly set for the random forest, and implied/default for others which is acceptable.",Correctly calls `parsnip::translate()` on all three model objects.,Correctly sets seed and creates bootstrap samples using `rsample::bootstraps()` on the training data.,"Correctly creates the workflow set with the recipe and models, and unnests the info column to examine the structure.","Correctly maps the tuning function, unnests results, filters for rmse, groups by workflow ID, and selects the best row per group.",Correctly calls `workflowsets::rank_results()` with the specified parameters.,"The workflow extraction and finalization are present. However, the parameters used for finalization (`min_n = 5, trees = 500`) do not match the 'best' parameters identified in the solution/rubric context (`min_n = 11, trees = 1` or similar from Ex8). Additionally, the student manually calculated MSE ratio instead of using the OOB errors directly from the fit objects as implied by the rubric's focus on OOB prediction errors."
42,25,25,"The student completed most of the lab exercises correctly, particularly the modeling and workflow mapping sections. Points were deducted primarily for missing specific parameters in the data split (strata), incorrect ordering of recipe steps (centering/scaling after dummy creation), and using incorrect final parameters for the best model. Ensure pipe operators are used where specified and verify parameter values against the tuning results.",2,2,1,3,3,3,3,3,3,2,"Code executes `skimr::skim(dat)` correctly and answers the missing data question. However, the rubric requires using the pipe operator `|>` to pass data to the function (e.g., `dat |> skimr::skim()`), which is missing here.","The code correctly sets the seed and creates the split. However, it is missing the `strata = 'Sale_Price'` parameter in `initial_split()`, which is required by the rubric for OutputAccuracy.","The recipe structure is present, but there are significant issues. The `step_log` is missing `base = exp(1)`. More critically, `step_center` and `step_scale` are applied to `all_predictors()` *after* `step_dummy`, which will incorrectly center/scale the dummy variables created in the previous step. The rubric expects centering/scaling numeric predictors before dummy creation or specifically on numeric predictors. Also, `recipes::prep()` is called outside the pipe chain in a way that might not assign the prepped recipe to `norm_recipe` as intended by the variable assignment syntax shown.","All three models are correctly specified with the appropriate engines and tunable parameters (`penalty`, `mixture`, `min_n`, `trees`). `set_mode` is included for the random forest model.",The code correctly calls `parsnip::translate()` on all three model objects.,The code correctly sets the seed and creates bootstrap samples using `rsample::bootstraps()` on the training data.,"The workflow set is correctly created with the recipe and models, and the info column is unnested for examination.","The code correctly maps the tuning function, unnests results, filters for RMSE, groups by workflow ID, arranges by estimate, and slices the best row.",The code correctly calls `workflowsets::rank_results()` with the specified parameters.,"The workflow extraction and finalization are present. However, the parameters used in `finalize_workflow` (`min_n = 5, trees = 500`) do not match the 'best' parameters implied by the solution template (`trees = 1, min_n = 11`) or the results from Ex8. Additionally, the student manually calculates MSE using `predict` and `log` transformations, whereas the rubric expects comparing the OOB prediction errors directly from the fitted model objects or using the standard ratio calculation provided in the solution context."
43,25,25,"The student completed most exercises correctly, particularly the modeling and workflow mapping sections. Points were deducted primarily for missing specific arguments in the EDA and data splitting steps (pipe operator, stratification), incorrect recipe step arguments/selectors, and a non-standard approach to evaluating final model performance in Exercise 10.",2,2,1,3,3,3,3,3,3,2,"Code executes `skimr::skim(dat)` correctly, but the rubric requires using the pipe operator `|>` to pass data to the function. Markdown correctly identifies no missing data.","Code sets seed and creates splits correctly. However, the rubric specifies using `strata = 'Sale_Price'` in `initial_split`, which is missing from the student's code.","The recipe structure is present, but there are significant process errors. The `step_log` is missing the `base = exp(1)` argument specified in the rubric. The order of steps is incorrect (centering/scaling after dummy creation may scale dummy variables unintentionally if not careful, though `all_predictors` is used). Most critically, the code block is syntactically invalid in R because the pipe chain ends without assigning to `norm_recipe` before the `prep` call, or rather, the `prep` call is not piped from the recipe definition correctly in a single flow as expected by the 'ProcessFidelity' check for a single step or correct variable assignment. The student defines `norm_recipe` but then calls `prep` on it in a separate statement that isn't assigned or piped correctly in the context of the previous block's end. Actually, looking closely: `norm_recipe <- ... step_scale(...)`. Then `recipes::prep(norm_recipe) %>% broom::tidy()`. This is valid R code. However, the rubric expects `step_log` with `base=exp(1)`. The student used default base. Also, the rubric expects `step_center` and `step_scale` on numeric predictors, student used `all_predictors` which includes dummies if they were created before. The order in student code: log, other, dummy, center, scale. This centers/scales dummies. Rubric solution centers/scales numeric predictors *before* dummies or uses `all_numeric_predictors`. The student's approach is technically a valid recipe but deviates from the specific 'ProcessFidelity' of using `all_numeric_predictors` for centering/scaling as implied by the solution template and rubric checks for 'correct order'. Deducting for missing `base` argument and incorrect selector for centering/scaling.","All three models are created correctly with the specified engines and tunable parameters (`penalty`, `mixture`, `min_n`, `trees`). `set_mode` is included for the random forest model.",Code correctly calls `parsnip::translate()` on all three model objects.,Code correctly sets seed and creates bootstrap samples using `rsample::bootstraps()` on the training data.,"Code correctly creates the workflow set with the recipe and models, and unnests the info column to examine the structure.","Code correctly maps the tuning function, unnests results, filters for rmse, groups by workflow ID, and selects the best estimate.",Code correctly calls `workflowsets::rank_results()` with the specified parameters.,"The workflow extraction and finalization are present. However, the student manually calculated MSE using `predict` and `log` transformations, whereas the rubric expects the use of `fit()` on the workflow and comparing the resulting OOB errors directly from the model objects (as shown in the solution). The manual calculation is prone to error and deviates from the expected 'ProcessFidelity' of using the tidymodels workflow fit objects directly."
44,25,25,"The student completed most of the lab exercises correctly, particularly the modeling and workflow setup. Points were lost primarily due to missing specific parameters in the data split (strata) and recipe (log base), incorrect pipe usage in EDA, and using incorrect finalization parameters in the last exercise. Ensure all rubric-specific arguments are included in function calls.",2,2,1,3,3,3,3,3,3,2,"Code executes `skimr::skim(dat)` correctly. However, the rubric requires using the pipe operator `|>` to pass data to the function (e.g., `dat |> skimr::skim()`). The student used direct argument passing. Deducted 1 pt for ProcessFidelity.","Code correctly sets seed and creates splits. However, the `initial_split` call is missing the `strata = 'Sale_Price'` parameter required by the rubric for OutputAccuracy. Deducted 1 pt.","The recipe structure is present, but there are significant issues. 1) The `step_log` is missing `base = exp(1)` as required. 2) The order of steps is incorrect (centering/scaling after dummy creation can be problematic, but more importantly, the rubric specifies centering/scaling numeric predictors, while the student used `all_predictors()` which includes the outcome if not careful, though here it's likely just predictors. The main issue is the missing `base` argument and the fact that `recipes::prep()` is called on the object but the pipeline syntax is broken (missing `%>%` before `recipes::prep`). The code will likely error or not produce the expected tidy output correctly. Deducted 2 pts for ProcessFidelity and OutputAccuracy.","All three models are created correctly with the specified engines and tunable parameters (`penalty`, `mixture`, `min_n`, `trees`). Code execution and process fidelity are met.",The `parsnip::translate()` function is correctly applied to all three model objects. Output accuracy is expected to be correct given the previous step.,Code correctly sets seed and creates bootstrap samples using `rsample::bootstraps()` on the training data. Process and output are correct.,The `workflow_set` is created correctly with the recipe and models. The `info` column is unnested for examination. All criteria met.,"The code correctly maps `workflow_map`, unnests results, filters for 'rmse', groups by `wflow_id`, arranges by estimate, and slices the first row. Process and output criteria are met.","The `rank_results` function is called with the correct parameters (`rank_metric = 'rmse'`, `select_best = TRUE`). Process and output criteria are met.","The student correctly extracts the workflow and finalizes it. However, the parameters used for finalization (`min_n = 5, trees = 500`) do not match the 'best' parameters implied by the rubric/solution (`trees = 1, min_n = 11` or similar from Ex8). Additionally, the student manually calculates MSE ratio instead of using the OOB errors directly from the fit objects as implied by the solution structure, though the logic is sound. Deducted 1 pt for OutputAccuracy regarding the specific parameter values and method of comparison."
45,25,25,"The student completed most of the lab exercises correctly, particularly the modeling and workflow mapping sections. Points were deducted primarily for missing specific parameters in the data split (strata), incorrect ordering/scoping of recipe steps (centering/scaling dummies), and using incorrect final parameters for the best model. Ensure pipe operators are used where specified and check recipe step order carefully.",2,2,1,3,3,3,3,3,3,2,"Code executes `skimr::skim(dat)` correctly and answers the missing data question. However, the rubric requires using the pipe operator `|>` to pass data to the function (e.g., `dat |> skimr::skim()`), which is missing here.","The code correctly sets the seed and creates the split. However, it is missing the `strata = 'Sale_Price'` parameter in `initial_split`, which is required by the rubric for OutputAccuracy.","The recipe structure is present, but there are significant issues. The `step_log` is missing `base = exp(1)`. More critically, `step_center` and `step_scale` are applied to `all_predictors()` *after* `step_dummy`, which will incorrectly center/scale the dummy variables created from nominal predictors. The rubric expects centering/scaling numeric predictors before dummy creation or using `all_numeric_predictors()`. Also, the final prep/tidy step is not properly chained or assigned.","All three models are correctly specified with the appropriate engines and tunable parameters (`penalty`, `mixture`, `min_n`, `trees`). The `set_mode` is explicitly set for the random forest, and implied for others via engine defaults or explicit setting.",The code correctly calls `parsnip::translate()` on all three model objects as required.,The code correctly sets the seed and creates bootstrap samples using `rsample::bootstraps()` on the training data.,"The workflow set is correctly created with the recipe and models, and the info column is unnested for examination.","The code correctly maps the tuning function, unnests results, filters for RMSE, groups by workflow ID, arranges by estimate, and slices the best row.",The code correctly calls `workflowsets::rank_results` with the specified parameters.,"The workflow extraction and finalization are present. However, the parameters used in `finalize_workflow` (`min_n = 5, trees = 500`) do not match the 'best' parameters typically derived from the tuning process (which usually yields `min_n=11, trees=1` or similar based on the solution key). Additionally, the student manually calculates MSE using `predict` and `log` transformations, whereas the rubric expects comparing the OOB prediction errors directly from the fitted model objects or using the standard ratio calculation provided in the solution."
46,25,25,"The student completed most exercises with correct syntax and workflow structure. Points were deducted primarily for missing the `strata` parameter in the data split, incorrect recipe step ordering/syntax in Ex3, and using incorrect finalization parameters in Ex10. The pipe operator usage in Ex1 was also missing.",2,2,1,3,3,3,3,3,3,2,"Code executes `skimr::skim(dat)` correctly, but the rubric requires using the pipe operator `|>` to pass data to the function. The markdown conclusion 'No' is correct.","Code structure is correct (set.seed, initial_split, training/testing). However, the `initial_split` call is missing the `strata = 'Sale_Price'` parameter required by the rubric for OutputAccuracy.","The recipe steps are present but the order is incorrect (centering/scaling after dummy creation can be problematic, and log transform should typically be earlier or handled carefully). More critically, the code block is syntactically invalid in R because the pipe chain ends without assigning to `norm_recipe` before the separate `recipes::prep(norm_recipe)` line, which will cause an error if `norm_recipe` isn't assigned. The rubric requires correct process fidelity.",All three models are created correctly with the specified engines and tunable parameters (`tune()`). The code is syntactically correct and follows the expected process.,The `parsnip::translate()` function is correctly applied to all three model objects. The process and output expectations are met.,The code correctly sets the seed and creates bootstrap samples using `rsample::bootstraps()` on the training data. The process fidelity is high.,The workflow set is created correctly with the recipe and models. The `tidyr::unnest(info)` step is included to examine the structure. All criteria are met.,"The code correctly maps `workflow_map`, unnests results and metrics, filters for 'rmse', groups by `wflow_id`, arranges by estimate, and slices the first row. The process is faithful to the rubric.","The `workflowsets::rank_results()` function is called with the correct parameters (`rank_metric = 'rmse'`, `select_best = TRUE`). The code is present and correct.","The workflow extraction and finalization are present. However, the parameters used in `finalize_workflow` (min_n=5, trees=500) do not match the 'best' parameters implied by the solution (trees=1, min_n=11) or the results from Q8. Additionally, the student manually calculated MSE ratio instead of using the OOB errors directly from the fit objects as implied by the solution template, though the code is functional. Deducted for incorrect parameter values in finalization."
47,25,25,"The student completed most exercises correctly, demonstrating a good understanding of the tidymodels workflow. Points were deducted primarily for missing specific arguments in Ex1 (pipe operator) and Ex2 (strata), incorrect recipe steps/arguments in Ex3, and using incorrect finalization parameters in Ex10. Ensure you follow the specific function arguments and parameter values requested in the rubric.",2,2,1,3,3,3,3,3,3,2,"Code executes `skimr::skim(dat)` correctly and answers the missing data question. However, the rubric requires using the pipe operator `|>` to pass data to the function (e.g., `dat |> skimr::skim()`), which is missing here.","The code correctly sets the seed and creates the split. However, it is missing the `strata = 'Sale_Price'` parameter required by the rubric for the `initial_split` function.","The recipe structure is present, but there are significant process errors. The `step_log` is missing the `base = exp(1)` argument. The order of steps is incorrect (centering/scaling should generally happen after dummy creation or on numeric predictors specifically, but here `all_predictors` is used after dummies which is okay, but `step_log` should be on the outcome). Most critically, the code fails to assign the prepped recipe to a variable or chain it correctly for examination; `recipes::prep(norm_recipe) %>% broom::tidy()` is a separate statement that doesn't update `norm_recipe` in the pipeline context intended by the starter template's single-block structure, and `step_center/scale` are applied to `all_predictors` which includes the outcome if not careful, though `all_numeric_predictors` is safer. The main deduction is for missing `base` in log and potential pipeline assignment issues.",All three models are created correctly. `lm_mod_base` uses lm engine. `lm_mod_glmnet` uses glmnet with tuned penalty/mixture. `lm_mod_rforest` uses ranger with tuned min_n/trees. `set_mode` is used where appropriate.,The `parsnip::translate()` function is correctly called on all three model objects.,The code correctly sets the seed and creates bootstrap samples using `rsample::bootstraps()` on the training data.,The workflow set is created correctly with the recipe and three models. The `info` column is unnested for examination.,"The code correctly maps `tune_grid` (via `workflow_map`), unnests results and metrics, filters for rmse, groups by workflow ID, arranges by estimate, and slices the best row.","The `workflowsets::rank_results()` function is called with the correct parameters (`rank_metric = 'rmse'`, `select_best = TRUE`).","The workflow is extracted and finalized. However, the parameters used for finalization (`min_n = 5, trees = 500`) do not match the 'best' parameters typically found in this lab's solution (which are usually `min_n = 11, trees = 1` or similar depending on the grid). The rubric expects the best parameters from Ex8. Additionally, the student calculates MSE manually rather than using the OOB errors directly from the fit objects as implied by the solution template, though the logic is sound. Deduction for incorrect parameter values."
48,25,25,"The student completed most exercises correctly, particularly the modeling and workflow mapping sections. Points were deducted for missing specific arguments in the EDA pipe, stratification in data splitting, and log transformation base in the recipe. Exercise 10 deviated from the expected process by manually calculating MSE instead of using the fit object's OOB metrics.",2,2,1,3,3,3,3,3,3,2,"Code executes `skimr::skim(dat)` correctly, but the rubric requires using the pipe operator `|>` to pass data to the function. Markdown correctly identifies no missing data.","Code sets seed and creates splits correctly. However, the rubric specifies using `strata = 'Sale_Price'` in `initial_split`, which is missing from the student's code.","The recipe structure is present, but there are significant process errors. The `step_log` is missing the `base = exp(1)` argument specified in the rubric. The order of steps is incorrect (centering/scaling after dummy creation may scale dummy variables incorrectly depending on interpretation, but more critically, the rubric expects specific order). The `prep` call is not chained properly in the assignment block (it's a separate statement not assigned to `norm_recipe` in the pipeline flow shown, or rather, the pipeline ends at `step_scale` and `prep` is called separately but not assigned back or piped correctly in the variable definition context). Most importantly, the rubric requires `step_log` with `base=exp(1)`.","All three models are created correctly with the specified engines and tunable parameters (`penalty`, `mixture`, `min_n`, `trees`). `set_mode` is used where appropriate.",Code correctly calls `parsnip::translate()` on all three model objects.,Code correctly sets seed and creates bootstrap samples using `rsample::bootstraps()` on the training data.,Workflow set is created correctly with the recipe and models. The info column is unnested for examination.,"Code correctly maps `workflow_map`, unnests results and metrics, filters for rmse, groups by workflow ID, arranges by estimate, and slices the best row.",Code correctly calls `workflowsets::rank_results` with the specified parameters.,"The workflow extraction and finalization are present. However, the student manually calculates MSE using `predict` and `log` transformations, whereas the rubric expects using the `fit` objects' OOB prediction errors directly (as shown in the solution). The manual calculation is a valid alternative but deviates from the 'Process Fidelity' of using the built-in OOB metrics from the ranger engine via the fit object. Also, the final ratio is not explicitly stated in the markdown text as required."
49,25,25,"The student completed most exercises with correct syntax and workflow structure. Points were deducted primarily for missing specific parameters in Ex1 (pipe operator) and Ex2 (strata), incorrect ordering of recipe steps in Ex3, and using incorrect final parameters/manual MSE calculation in Ex10 instead of following the prescribed process.",2,2,1,3,3,3,3,3,3,2,"Code executes `skimr::skim(dat)` correctly and answers the missing data question. However, the rubric requires using the pipe operator `|>` to pass data to the function (e.g., `dat |> skimr::skim()`), which is missing here.","The code correctly sets the seed and creates the split, training, and test sets. However, it is missing the `strata = 'Sale_Price'` parameter in `initial_split()`, which is required by the rubric for OutputAccuracy.","The recipe structure is present, but there are significant issues. The `step_log` is missing the `base = exp(1)` argument. More critically, `step_center` and `step_scale` are applied to `all_predictors()` *after* `step_dummy`, which will incorrectly center/scale the dummy variables created from nominal predictors. The rubric expects centering/scaling numeric predictors before creating dummies or using `all_numeric_predictors()`. Also, `recipes::prep()` is called on the object but not assigned or piped correctly in the final line structure shown.",All three models are correctly specified. `lm_mod_base` uses lm engine. `lm_mod_glmnet` uses glmnet with `penalty` and `mixture` tuned. `lm_mod_rforest` uses ranger with `min_n` and `trees` tuned. `set_mode` is included for the random forest.,"The code correctly calls `parsnip::translate()` on all three model objects (`lm_mod_base`, `lm_mod_glmnet`, `lm_mod_rforest`). Process fidelity is met.",The code correctly sets the seed and creates bootstrap samples using `rsample::bootstraps()` on the training data. Process fidelity is met.,The workflow set is correctly created with the recipe and three models. The `info` column is correctly unnested using `tidyr::unnest()`. Process fidelity is met.,"The code correctly maps `workflow_map`, unnests results and metrics, filters for 'rmse', groups by `wflow_id`, arranges by `.estimate` descending, and slices the first row. Process fidelity is met.",The code correctly calls `workflowsets::rank_results()` with the specified parameters. Process fidelity is met.,"The workflow extraction and finalization are present. However, the parameters used in `finalize_workflow` (`min_n = 5, trees = 500`) do not match the 'best' parameters implied by the solution template (`trees = 1, min_n = 11`) or the results from Ex8. Additionally, the student manually calculates MSE using `predict` and `log` transformations, whereas the rubric expects comparing the OOB prediction errors directly from the fitted model objects (`training_fit` and `testing_fit`) to get the specific ratio mentioned in the rubric."
50,25,25,"The student completed most of the lab exercises correctly, particularly the modeling and workflow set creation. Points were lost primarily due to missing specific parameters (strata in split, base in log transform), incorrect code chaining in the recipe step, and using incorrect finalization parameters for the best model. Ensure all rubric-specific parameters are included in future submissions.",2,2,1,3,3,3,3,3,3,2,"Code executes `skimr::skim(dat)` correctly and answers the missing data question. However, the rubric requires using the pipe operator `|>` to pass data to the function (e.g., `dat |> skimr::skim()`), which is missing here. Deducted 1 point for ProcessFidelity.","The code correctly sets the seed and creates the split. However, it is missing the `strata = 'Sale_Price'` parameter in `initial_split()`, which is required by the rubric for OutputAccuracy. Deducted 1 point.","The recipe structure is present, but there are significant issues. 1) The `step_log` is missing `base = exp(1)`. 2) The order of steps is incorrect (centering/scaling should generally happen after dummy creation or on numeric predictors specifically, but here `all_predictors` is used after dummies, which is okay, but `step_log` on the outcome is fine). 3) Most critically, the code block ends with `recipes::prep(norm_recipe ) %>% broom::tidy()` but this line is not chained to the recipe definition above it (missing `%>%` or pipe from the previous block). The rubric requires a single step process or correct chaining. The separation breaks the workflow fidelity. Deducted 2 points for ProcessFidelity and OutputAccuracy.",All three models are created correctly with the appropriate engines and tunable parameters (`tune()`). The code follows the expected process.,The `translate()` function is correctly applied to all three model objects.,The seed is set and `bootstraps()` is called on the training data correctly.,"The workflow set is created with the correct recipe and models, and the info column is unnested for examination.","The code correctly unnests results, filters for rmse, groups by workflow ID, arranges by estimate, and slices the first row.",The `rank_results` function is called with the correct parameters.,"The workflow is extracted and finalized. However, the parameters used for finalization (`min_n = 5, trees = 500`) do not match the 'best' parameters typically found in this lab's solution (which are usually `min_n = 11, trees = 1` or similar based on the tuning grid). The rubric expects the best parameters from Exercise 8. Additionally, the student manually calculates MSE ratio instead of using the OOB errors directly from the fit objects as implied by the solution template, though the manual calculation is a valid approach if correct. The primary deduction is for using incorrect finalization parameters."
