Run,Total,OverallComment,Q1,Q2,Q3,Q4,Q5,Q6,Q7,Q8,Q9,Q10,Q1_feedback,Q2_feedback,Q3_feedback,Q4_feedback,Q5_feedback,Q6_feedback,Q7_feedback,Q8_feedback,Q9_feedback,Q10_feedback
1,24,"You completed all exercises with generally correct use of tidymodels, recipes, parsnip, rsample, and workflowsets, and your code is mostly well structured. The main deductions are for not using the exact workflows requested in the rubric (e.g., missing strata in the split, not using unnest in Q8, and deviating from the specified finalization process in Q10). Tightening your adherence to the prescribed functions and pipelines would bring this to full credit.",2,2,3,3,3,3,2,1,3,2,"You correctly used skimr on dat and stated there is no missing data. However, the rubric requires using the pipe operator (dat |> skimr::skim()) in a single step without reassigning or extra steps; adjust to match that workflow exactly.","You set the seed, used initial_split, training, and testing, and created ames_train/ames_test with a 75% split, which is good. You omitted the required strata = 'Sale_Price' argument in initial_split, so the process is slightly off the rubric.","You created norm_recipe with the correct formula, log-transformed Sale_Price, pooled Neighborhood, created dummies, and normalized numeric predictors, then prepped and examined it. This matches the required steps and intent, even though you used step_normalize instead of separate center/scale.","All three models are specified correctly: a basic linear_reg with lm engine, a glmnet model with penalty and mixture set to tune(), and a rand_forest with trees and min_n set to tune(), all in regression mode. This fully matches the rubric.","You applied parsnip::translate() to each of lm_mod_base, lm_mod_glmnet, and lm_mod_rforest, which is exactly what was required to inspect the model templates.","You set the seed and created train_resamples using rsample::bootstraps(ames_train), producing the expected bootstrap resampling object. This fully matches the rubric.","You correctly built all_workflows with workflowsets::workflow_set using the recipe and three models, and then examined its structure. However, you unnested the info column with unnest_wider(info) instead of tidyr::unnest(info) as specified, so the process slightly diverges from the expected workflow.","You correctly used workflow_map to tune the workflows and then summarized results with collect_metrics and dplyr, which is a valid approach. However, the rubric explicitly expects a pipeline using select, tidyr::unnest on result and .metrics, filter(.metric == 'rmse'), group_by, arrange(desc(.estimate)), and slice(1); your code does not follow that structure or use unnest, so only partial credit is appropriate.","You called workflowsets::rank_results(all_workflows, rank_metric = 'rmse', select_best = TRUE) as required. While you did not show an explicit comparison in text, the main required function call and process are present.","You extracted the 'base_forest' workflow, obtained best parameters with select_best, finalized the workflow, and fit models on train and test data, then computed an MSE ratio. However, you rebuilt a new workflow instead of directly finalizing and fitting the extracted base_forest workflow as in the rubric, and your reported ratio differs from the expected approximate value, so some process/accuracy points are lost."
2,24,"You completed most of the required steps, including recipes, model specifications, workflow sets, tuning, and final model comparison, and your code is generally well structured. The main issues are small deviations from the specified workflows (e.g., missing strata in the split, not using the exact unnest pipeline in Exercise 8, and rebuilding the final workflow) and one install.packages() call left in the document. For future labs, follow the exact function arguments and pipelines in the rubric and remove any package installation code before submission.",2,2,3,3,3,3,2,1,3,2,"You correctly used skimr on dat and stated there is no missing data. However, the rubric requires using the pipe operator (dat |> skimr::skim()) in a single step without reassigning or loading inside the chunk; adjust to match that workflow exactly.","You set the seed, used initial_split, training, and testing, and created ames_train/ames_test with a 75/25 split. You omitted the strata = 'Sale_Price' argument, so the split does not fully match the specified process.","You created norm_recipe with the correct formula, log-transformed Sale_Price, pooled Neighborhood, created dummies, and normalized numeric predictors, then prepped and examined it. This matches the required steps and order closely enough for full credit.","All three models are specified correctly with linear_reg and rand_forest, appropriate engines (lm, glmnet, ranger), regression mode, and tunable parameters (penalty, mixture, min_n, trees) using tune::tune(). This fully meets the modeling requirements.","You applied parsnip::translate() to each of lm_mod_base, lm_mod_glmnet, and lm_mod_rforest, which is exactly what was requested to inspect the engine-specific templates.","You set the seed and created train_resamples with rsample::bootstraps(ames_train), producing the expected bootstrap resampling object. This matches the required process.","You correctly built all_workflows with workflow_set using norm_recipe and the three models, and then examined the info structure. However, you included an install.packages() call inside the chunk, which violates the lab instructions and counts as a discretionary penalty.","You correctly used workflow_map to tune across workflows and then summarized results, but you relied on collect_metrics() and slice_min(mean) instead of the specified unnest/select/filter/arrange/slice pipeline. This diverges from the required workflow and does not show the tuned parameters in the requested structure.","You called workflowsets::rank_results(all_workflows, rank_metric = 'rmse', select_best = TRUE) as required. While you did not explicitly describe the comparison, the core code matches the rubric.","You extracted the 'base_forest' workflow, selected best parameters with select_best, finalized the workflow, and fit on training and test data, then computed an MSE ratio. However, you rebuilt a new workflow instead of directly using finalize_workflow on the extracted workflow and your reported ratio does not match the expected approximate value."
3,24,"Most core tidymodels steps—recipes, model specifications, workflow sets, resampling, and tuning—are implemented correctly and show good understanding. Points were mainly lost where the rubric required very specific arguments or workflows (e.g., stratified split, exact unnest pipeline, and fixed best-parameter values). Review the instructions for matching the expected process exactly, even when alternative approaches are also valid.",2,2,3,3,3,3,2,1,3,2,"You correctly used skimr on dat and noted no missing data, but the rubric expected using the pipe operator (dat |> skimr::skim()) in a single step without reloading dat or attaching the package.","You set the seed, used initial_split, training, and testing with a 75% split, but did not include strata = 'Sale_Price' in initial_split as required.","Recipe uses the correct formula, log-transforms Sale_Price, pools Neighborhood, creates dummies, and normalizes numeric predictors; you prep and inspect with broom::tidy, matching the expected process and transformations.","All three parsnip models are specified correctly with appropriate engines and regression mode, and penalty/mixture and min_n/trees are set to tune(), satisfying the rubric.","You applied parsnip::translate() to each of the three model objects, which matches the required workflow and will show the correct engine-specific templates.","You set the seed and created train_resamples with rsample::bootstraps(ames_train), producing the expected bootstrap resampling object.","You correctly built all_workflows with workflow_set and then examined the info structure, but used unnest_wider(info) instead of tidyr::unnest(info) as specified in the rubric.","You correctly used workflow_map and extracted best rmse per workflow, but did not follow the requested unnest/select/filter/arrange/slice pipeline and used collect_metrics/slice_min instead, so the process does not match the rubric.","You called workflowsets::rank_results(all_workflows, rank_metric = 'rmse', select_best = TRUE) as required; comparison to Q8 is implied even though not discussed in text.","You extracted and finalized the base_forest workflow and fit on train and test, but you redefined data and recipe and did not explicitly use the specified parameter values (trees = 1, min_n = 11) or report the target MSE ratio from the rubric."
4,24,"Most core tidymodels steps (recipes, models, workflowsets, resampling, and tuning) are implemented correctly, showing good understanding of the workflow. Points were mainly lost where the rubric required very specific arguments or pipelines (e.g., stratified split, exact unnesting sequence, and using the finalized workflow directly). Review the rubric’s required function calls and argument patterns to align your code more closely with the expected process in future labs.",2,2,3,3,3,3,2,1,3,2,"You correctly used skimr on dat and noted no missing data, but the rubric expected using the pipe operator (dat |> skimr::skim()) in a single step without reloading dat or extra objects.","You used set.seed and initial_split/training/testing with a 0.75 split, but did not include strata = 'Sale_Price', which is required for full credit.","Recipe uses the correct formula, log-transforms Sale_Price, pools Neighborhood, creates dummies, and normalizes numeric predictors; you also prepped and examined it with broom::tidy, matching the expected process.","All three parsnip models are specified correctly with appropriate engines, regression mode, and tunable parameters (penalty/mixture for glmnet, min_n/trees for ranger).","You applied parsnip::translate() to each of the three model objects, which matches the required workflow and will show the correct templates.","You set the seed and created train_resamples with rsample::bootstraps(ames_train), producing the expected bootstrap resampling object.","You correctly built all_workflows with workflow_set and then examined its structure, but you unnested info with unnest_wider instead of tidyr::unnest(info) as specified in the rubric.","You used workflow_map and extracted best rmse values, but did not follow the required unnesting pipeline (select, unnest, filter, group_by, arrange, slice) and used collect_metrics/slice_min instead, so the process does not match the rubric.","You called workflowsets::rank_results(all_workflows, rank_metric = 'rmse', select_best = TRUE) as required; comparison to Q8 is implied even though not explicitly discussed.","You extracted and finalized the base_forest workflow and fit on train/test data, but you rebuilt a new workflow and recipe rather than directly finalizing and fitting the extracted workflow as described, and your reported MSE ratio differs from the expected value."
5,24,"You completed all exercises and demonstrated a solid understanding of tidymodels workflows, recipes, models, and resampling. Most required functions and objects are present and used appropriately, with a few deviations from the exact processes requested (notably in the split stratification, unnesting workflow results, and final model comparison). Tightening adherence to the specified pipelines and arguments would bring this very close to full credit.",2,2,3,3,3,3,2,1,3,2,"You correctly used skimr on dat and noted no missing data, but the rubric expected using the pipe operator (dat |> skimr::skim()) in a single step without reloading dat or attaching the package.","You used set.seed, initial_split, training, and testing with a 75% split, but you omitted the required strata = 'Sale_Price' argument in initial_split.","Your recipe uses the correct formula, log-transforms Sale_Price, pools Neighborhood, creates dummies, and normalizes numeric predictors; you also prep and examine it, matching the expected process and transformations.","All three parsnip models are specified correctly with appropriate engines, regression mode, and tunable parameters (penalty/mixture for glmnet, min_n/trees for ranger), matching the rubric.","You applied parsnip::translate() to each of the three model objects, which is exactly what was required to inspect the underlying templates.","You set the seed and created train_resamples with rsample::bootstraps(ames_train), producing the expected bootstrap resampling object.","You correctly built all_workflows with workflow_set and then examined its structure, but you used unnest_wider(info) instead of unnest(info) as in the expected workflow; functionally similar but not exactly following the rubric’s process.","You correctly used workflow_map and extracted best rmse per workflow, but you did not follow the specified unnest/select/filter/arrange/slice pipeline and used collect_metrics/slice_min instead, so process fidelity is off even though the goal is met.","You called workflowsets::rank_results with all_workflows, rank_metric = 'rmse', and select_best = TRUE as required; comparison to Q8 is implied even if not discussed in text.","You extracted and finalized the base_forest workflow and fit on train and test data, but you rebuilt a new workflow and recipe rather than directly finalizing and fitting the extracted workflow, and your reported MSE ratio differs from the expected approximate value."
6,24,"Most core tidymodels components—recipes, parsnip models, workflowsets, resampling, and tuning—are implemented correctly, showing good understanding of the workflow. Points were mainly lost where the rubric required very specific arguments or function chains (e.g., strata in initial_split, exact unnesting and dplyr pipeline in Q8, and the prescribed finalization/fitting pattern in Q10). Review those rubric-specified steps to better align your code with the expected process in future labs.",2,2,3,3,3,3,2,1,3,2,"You correctly used skimr on dat and noted no missing data, but the rubric expects using the pipe operator (dat |> skimr::skim()) in a single step without reloading dat or extra objects.","You used set.seed, initial_split, training, and testing with a 0.75 prop, but you omitted the required strata = 'Sale_Price' argument in initial_split.","Recipe uses the correct formula, logs Sale_Price, pools Neighborhood, creates dummies, and normalizes numeric predictors; you prep and inspect with broom::tidy, matching the expected process and transformations.","All three parsnip models are specified correctly with appropriate engines, regression mode, and tunable parameters (penalty/mixture for glmnet, min_n/trees for ranger).","You applied parsnip::translate() to each of the three model objects, which matches the required workflow and will show the correct engine-specific templates.","You set the seed and created train_resamples with rsample::bootstraps(ames_train), producing the expected bootstrap resampling object.","You correctly built all_workflows with workflow_set and included the recipe and three models; however, you unnested info with unnest_wider instead of tidyr::unnest(info) as specified in the rubric.","You used workflow_map and correctly filtered for rmse and grouped by wflow_id, but you relied on collect_metrics and slice_min(mean) instead of the required select/unnest/filter/arrange/ slice pipeline, and you minimized mean rather than arranging by .estimate as described.","You called workflowsets::rank_results(all_workflows, rank_metric = 'rmse', select_best = TRUE) as required; comparison to Q8 is implied even though not explicitly discussed.","You extracted the base_forest workflow, used select_best and finalize_workflow, and fit on train and test; however, you rebuilt a new workflow instead of directly finalizing the extracted one and your reported MSE ratio does not match the expected approximate value."
7,25.5,"Your lab shows solid understanding of tidymodels workflows, recipes, model specification, and resampling. Most exercises are complete and technically correct, with only minor deviations from the exact processes requested in the rubric (notably stratification in the split, the specific unnest pipeline in Q8, and the fixed best parameters in Q10). To improve, focus on matching the prescribed arguments and step order more closely when the instructions are very specific.",2.5,2,3,3,3,3,2.5,1.5,3,2,"You correctly used skimr on dat and answered that there is no missing data. However, the rubric expected use of the pipe operator (dat |> skimr::skim()) in a single step without reloading dat; minor process deviation.","You used set.seed and initial_split/training/testing with a 0.75 split, which is good. You omitted strata = 'Sale_Price', so the split is not stratified as required by the rubric.","You created norm_recipe with the correct formula, log-transformed Sale_Price, pooled Neighborhood, created dummies, and normalized numeric predictors, then prepped and examined with broom::tidy. This matches the required transformations and workflow.","All three parsnip models are specified correctly: lm with lm engine, glmnet with penalty and mixture set to tune(), and ranger random forest with min_n and trees set to tune(), all in regression mode.","You applied parsnip::translate() to each of the three model objects, which is exactly what was required to inspect the engine-specific templates.","You set the seed and created train_resamples using rsample::bootstraps(ames_train), producing the expected bootstrap resampling object.","You correctly built all_workflows with workflow_set using the recipe and three models, and then examined the structure by selecting wflow_id and info and unnesting. This meets the intent, though the rubric specifically mentioned unnest(info) rather than unnest_wider(info).","You correctly used workflow_map to tune and then summarized results with collect_metrics and dplyr, but the rubric expected a pipeline unnesting result and .metrics, filtering rmse, grouping, arranging, and slicing. Your approach is valid but does not follow the specified unnest-based workflow or use .estimate directly.","You called workflowsets::rank_results(all_workflows, rank_metric = 'rmse', select_best = TRUE) as required. Although you did not explicitly describe the comparison, the core code matches the rubric.","You extracted the 'base_forest' workflow and finalized it using select_best on rmse, then fit models on train and test and computed an MSE ratio. However, the rubric expected directly finalizing with trees = 1 and min_n = 11 and a ratio around 0.1146; your implementation deviates from the specified parameters and reported ratio."
8,25.5,"Your lab shows solid understanding of tidymodels workflows, recipes, model specification, and resampling. Most required functions and objects are present and used correctly, with only a few process deviations (notably in stratified splitting, the specific unnesting workflow in Exercise 8, and the exact finalization procedure in Exercise 10). To improve, align more closely with the prescribed steps in the rubric, especially around stratification, unnesting workflowset results, and reproducing the specified best-model parameters and comparison.",2.5,2,3,3,3,3,2.5,1.5,3,2,"You correctly used skimr on dat and answered that there is no missing data. However, the rubric expected use of the pipe operator (dat |> skimr::skim()) in a single step without reloading dat; minor process deviation.","You used set.seed, initial_split, training, and testing with a 0.75 prop, which is good. You omitted strata = 'Sale_Price', so the split is not stratified as required by the rubric.","You created norm_recipe with the correct formula, log-transformed Sale_Price, pooled Neighborhood, created dummies, and normalized numeric predictors, then prepped and examined with broom::tidy. This matches the required steps and order.","All three models are specified correctly with linear_reg and rand_forest, appropriate engines (lm, glmnet, ranger), regression mode, and tunable parameters for glmnet (penalty, mixture) and forest (min_n, trees).","You applied parsnip::translate() to each of the three model objects, which is exactly what was required to inspect the engine-specific templates.","You set the seed and created train_resamples using rsample::bootstraps(ames_train), producing the expected bootstrap resampling object.","You correctly built all_workflows with workflow_set using the recipe and three models, and examined structure by selecting wflow_id and info then unnesting. The rubric expected unnest(info) directly, but your approach still reveals workflow details; minor process deviation.","You correctly used workflow_map and then summarized results with collect_metrics, filtering for rmse and grouping by wflow_id. However, this does not follow the specified unnesting workflow (select, unnest result, unnest .metrics, arrange by .estimate) and uses slice_min on mean instead of arranging by .estimate as described.","You called workflowsets::rank_results(all_workflows, rank_metric = 'rmse', select_best = TRUE) as required. Although you did not show an explicit comparison narrative, the core code step is present and correct.","You extracted the 'base_forest' workflow, used extract_workflow_set_result and finalize_workflow with best parameters, and then fit models on train and test and computed an MSE ratio. However, you rebuilt a new workflow with a different recipe and did not explicitly set trees = 1 and min_n = 11 as in the rubric, so the final model configuration and reported ratio differ from the expected process."
9,24,"Most core tidymodels steps—recipes, model specs, workflow sets, resampling, tuning, and ranking—are implemented correctly, showing good understanding of the workflow. Points were mainly lost for not using the exact splitting and unnesting processes requested, deviating from the specified dplyr/tidyr pipeline in Exercise 8, and some inconsistencies in the final model workflow and reported performance ratio. Review the rubric’s required arguments and workflows to align your code more closely with the expected process in future labs.",2,2,3,3,3,3,2,1,3,2,"You correctly used skimr on dat and noted no missing data, but the rubric expects using the pipe operator (dat |> skimr::skim()) in a single step without reloading dat or extra objects.","You set the seed, used initial_split, training, and testing with a 0.75 prop, but you omitted the required strata = 'Sale_Price' argument in initial_split.","Recipe uses the correct formula, logs Sale_Price, pools Neighborhood, creates dummies, and normalizes numeric predictors; you also prep and inspect with broom::tidy, matching the expected process and transformations.","All three parsnip models are specified correctly with appropriate engines and regression mode, and penalty/mixture and min_n/trees are set to tune(), satisfying the rubric.","You applied parsnip::translate() to each of the three model objects, which is exactly what was required to inspect the underlying templates.","You set the seed and created train_resamples with rsample::bootstraps(ames_train), producing the expected bootstrap resampling object.","You correctly built all_workflows with workflow_set and then examined its structure, but you used unnest_wider(info) instead of unnest(info) as specified; also, including install.packages() inside the chunk is discouraged.","You correctly used workflow_map and extracted best rmse per workflow, but you did not follow the requested dplyr/tidyr unnest/select/filter/arrange/slice pipeline and used collect_metrics/slice_min instead, so process fidelity and expected output structure are only partially met.","You called workflowsets::rank_results(all_workflows, rank_metric = 'rmse', select_best = TRUE) as required; comparison to Q8 is implied even though not discussed in text.","You extracted the base_forest workflow, used select_best and finalize_workflow, and fit on train/test and computed an MSE ratio; however, you rebuilt a new workflow instead of directly finalizing and fitting the extracted one, and your reported ratio does not match the expected approximate value."
10,25.5,"You completed all exercises with generally correct use of tidymodels, recipes, parsnip, rsample, and workflowsets, and your code is mostly well structured. The main issues are missing stratification in the data split, deviating from the specified unnesting workflow in Exercise 8, and not following the exact finalize-and-fit pattern (and expected ratio) in Exercise 10. Tightening adherence to the requested workflows and avoiding extra install.packages calls will bring your work fully in line with the rubric.",2.5,2,3,3,3,3,2.5,1.5,3,2,"You correctly used skimr on dat and answered that there is no missing data. However, the rubric expected using the pipe operator (dat |> skimr::skim()) in a single step without reloading dat or attaching skimr with library().","You set the seed and used initial_split, training, and testing with a 0.75 prop, which is good. However, you omitted the strata = 'Sale_Price' argument, so the split does not follow the specified stratified process.","Your recipe uses the correct formula, log-transforms Sale_Price, pools Neighborhood, creates dummies, and normalizes numeric predictors, then preps and inspects with broom::tidy(). This matches the required steps and order closely enough for full credit.","All three models are specified correctly with linear_reg and rand_forest, appropriate engines (lm, glmnet, ranger), regression mode, and tunable parameters for glmnet (penalty, mixture) and forest (min_n, trees).","You applied parsnip::translate() to each of the three model objects, which is exactly what was required to inspect the engine-specific templates.","You set the seed and created train_resamples with rsample::bootstraps(ames_train), producing the expected bootstrap resampling object with default settings.","You correctly built all_workflows with workflow_set using the recipe and three models, and then examined the structure by selecting wflow_id and info and unnesting. The only issue is the unnecessary install.packages('glmnet') call, which is discouraged in the lab instructions.","You correctly used workflow_map to tune across workflows and then summarized results with collect_metrics, filtering for rmse and grouping by wflow_id. However, this does not follow the requested unnesting workflow (select, unnest result, unnest .metrics, arrange by .estimate) and uses slice_min on a non-specified 'mean' column, so the process and output structure differ from the rubric.","You called workflowsets::rank_results(all_workflows, rank_metric = 'rmse', select_best = TRUE) as required; comparison to Q8 is described in comments, which is sufficient for this exercise.","You extracted the 'base_forest' workflow, obtained best parameters with extract_workflow_set_result + select_best, finalized the workflow, and fit on train and test data, then computed an MSE ratio. However, you rebuilt a new workflow instead of directly using the finalized one, and your reported ratio (0.9737) does not match the expected ~0.1146, so the process and accuracy are only partially aligned with the rubric."
11,25,"Most core tidymodels steps—recipes, model specifications, workflowsets, tuning, and ranking—are implemented correctly. Main deductions are for missing stratification in the split, not following the specified unnesting workflow in Exercise 8, and some deviations from the expected finalization/fitting process and ratio in Exercise 10. Cleaning up install.packages calls and aligning more closely with the requested pipelines would further improve the submission.",3,2,3,3,3,3,2,1,3,2,"Correct use of skimr::skim on dat with direct piping not used, but this still satisfies the requirement; missingness is correctly identified as none.","Correct use of set.seed, initial_split, training, and testing with 75% split, but you omitted the required strata = 'Sale_Price' argument.","Recipe uses the correct formula, log-transforms Sale_Price, pools Neighborhood, creates dummies, and normalizes numeric predictors; prep and tidy are correctly applied.","All three parsnip models are correctly specified with appropriate engines, regression mode, and tunable parameters penalty/mixture and min_n/trees.",parsnip::translate is correctly called on each of the three model objects to reveal engine-specific templates.,"You correctly set the seed and created train_resamples with rsample::bootstraps(ames_train), matching the expected bootstrap resampling process.","workflowsets::workflow_set is correctly used with the recipe and three models, and you unnest the info column; however, you included an install.packages call inside the chunk, which is discouraged and may cause execution issues.","You correctly used workflow_map and tuned the workflows, but you did not follow the requested unnest/select/filter/arrange/slice pipeline and instead used collect_metrics with slice_min on a nonstandard 'mean' column, so the process and output structure do not match the rubric.","workflowsets::rank_results is correctly called with all_workflows, rank_metric = 'rmse', and select_best = TRUE as required.","You correctly extract the 'base_forest' workflow, finalize it with best parameters, and fit on train and test data, but you rebuild a new workflow rather than using the finalized one and your reported MSE ratio does not match the expected approximate value."
12,25,"Most core tidymodels and workflowsets steps are implemented correctly, including recipes, model specifications, resampling, and workflow mapping. Main issues are omission of stratification in the split, deviation from the specified unnesting workflow in Exercise 8, and a final performance ratio that does not align with the expected result. Cleaning up install.packages calls and more closely following the requested pipelines would further improve the submission.",3,2,3,3,3,3,2,1,3,2,Used skimr::skim on dat with no extra intermediate objects and correctly noted no missing data.,"Correct use of set.seed, initial_split, training, and testing with 75% split, but missing the required strata = 'Sale_Price' argument.","Recipe uses the correct formula, logs Sale_Price, pools Neighborhood, creates dummies, and normalizes numeric predictors; recipe is prepped and examined with broom::tidy.","All three parsnip models are correctly specified with appropriate engines, regression mode, and tunable parameters penalty/mixture and min_n/trees.",parsnip::translate is correctly applied to each of the three model objects to reveal engine-specific templates.,Seed is set and rsample::bootstraps is correctly called on ames_train to create a bootstrap resampling object.,"workflowsets::workflow_set is correctly built with the recipe and three models, and info is unnested; however, an unnecessary install.packages call remains in the code.","workflow_map is used and rmse metrics are extracted and grouped, but the required unnesting pipeline and column selection are not followed, and slice_min on 'mean' deviates from the specified process.","workflowsets::rank_results is correctly called with all_workflows, rank_metric = 'rmse', and select_best = TRUE as required.","Correctly extracts the 'base_forest' workflow, uses select_best and finalize_workflow, and fits on train and test; however, the reported MSE ratio does not match the expected approximate value from the rubric."
13,25,"Most core tidymodels steps—splitting, recipes, model specs, workflow sets, tuning, and ranking—are implemented correctly and clearly. The main issues are omission of stratification in the split, deviation from the requested unnesting workflow in Exercise 8, and not using the specified best-parameter values and ratio in Exercise 10. Cleaning up minor process mismatches and following the exact pipelines from the instructions would bring this to full credit.",3,2,3,3,3,3,2,1,3,2,Used skimr::skim on dat with direct piping not required; EDA is correct and the markdown correctly notes no missing data.,"Correct use of set.seed and initial_split/training/testing with 75% split, but missing the required strata = 'Sale_Price' argument.","Recipe uses the correct formula, logs Sale_Price, pools Neighborhood, creates dummies, and normalizes numeric predictors; prep and tidy are shown appropriately.","All three parsnip models are specified with correct engines, regression mode, and tunable parameters (penalty/mixture for glmnet, min_n/trees for ranger).",parsnip::translate is correctly applied to each of the three model objects to reveal engine-specific templates.,set.seed(8740) is called and rsample::bootstraps is used on ames_train to create a bootstrap resampling object as required.,"workflowsets::workflow_set is correctly built with the recipe and three models, and info is unnested; however, including install.packages inside the chunk is poor practice and not needed.","workflow_map is used and rmse is filtered, but the solution relies on collect_metrics instead of the specified select/unnest/filter/group_by/arrange/slice pipeline and uses mean rather than .estimate, so the process and output structure do not match the rubric.","workflowsets::rank_results is called with all_workflows, rank_metric = 'rmse', and select_best = TRUE as specified; comparison to Q8 is implied.","extract_workflow, finalize_workflow, and fit are all used and base_forest is targeted, but the best parameters are obtained programmatically rather than set to trees = 1 and min_n = 11, and the reported MSE ratio does not match the expected value."
14,25,"Most core tidymodels steps—recipes, model specifications, workflow sets, resampling, tuning, and ranking—are implemented correctly and clearly. The main issues are omission of stratification in the split and not following the exact unnesting and summarizing pipeline requested in Exercise 8, plus some divergence from the reference final model behavior. Tightening adherence to the specified workflows and arguments would bring this very close to full credit.",3,2,3,3,3,3,2,1,3,2,Used skimr::skim on dat with direct piping not required; EDA is correct and the markdown correctly notes no missing data.,"Used set.seed and rsample::initial_split/training/testing with 75% split, but omitted strata = 'Sale_Price', so the process is slightly off the rubric.","Recipe uses the correct formula, log-transforms Sale_Price, pools Neighborhood, creates dummies, and normalizes numeric predictors; prep and tidy are shown, matching the expected preprocessing.","All three parsnip models are specified correctly with appropriate engines, regression mode, and tunable parameters penalty/mixture and min_n/trees.","parsnip::translate is applied to each of the three model objects, correctly showing the underlying templates.","set.seed(8740) is called and rsample::bootstraps is used on ames_train to create train_resamples, matching the expected bootstrap process.","workflowsets::workflow_set is correctly created with the recipe and three models; info is examined via unnest_wider(info) instead of unnest(info), which is acceptable but slightly deviates from the specified method.","workflow_map is used appropriately, but the subsequent code uses collect_metrics and slice_min(mean) rather than the required select/unnest/filter/group_by/arrange/slice pipeline, so process fidelity and expected output structure are not met.","workflowsets::rank_results is called with all_workflows, rank_metric = 'rmse', and select_best = TRUE as required; comparison to Q8 is implied though not discussed in detail.","Correctly extracts and finalizes the 'base_forest' workflow and fits models on training and test data, but the final workflow reconstruction and reported MSE ratio differ from the provided target behavior."
15,24,"Most core tidymodels concepts are implemented correctly: recipes, model specifications, workflow sets, resampling, and tuning are all present and largely correct. The main issues are small deviations from the specified processes (e.g., missing strata in the split, not following the exact unnesting pipeline in Q8, and rebuilding the workflow in Q10) and one in-chunk install. Tightening adherence to the requested workflows and removing install.packages() calls will bring this to full credit.",2,2,3,3,3,3,2,1,3,2,"You correctly used skimr on dat and stated there is no missing data. However, the rubric required using the pipe operator (dat |> skimr::skim()) in a single step without reloading dat; minor process deviation costs 1 point.","You set the seed, used initial_split, training, and testing, and created 75/25 splits. You omitted the strata = 'Sale_Price' argument, so the split is not stratified as required, costing 1 point on process/accuracy.","You created norm_recipe with the correct formula, log-transformed Sale_Price, pooled Neighborhood, created dummies, and normalized numeric predictors, then prepped and examined with broom::tidy. This matches the required transformations and workflow.","All three models are specified correctly: linear_reg with lm engine, glmnet with penalty and mixture set to tune(), and rand_forest with min_n and trees set to tune(), all in regression mode. This fully matches the rubric.","You applied parsnip::translate() to each of lm_mod_base, lm_mod_glmnet, and lm_mod_rforest, which is exactly what was required to inspect the model templates.","You set the seed and created train_resamples using rsample::bootstraps(ames_train), producing the expected bootstrap resampling object. This aligns with the rubric’s process and output expectations.","You correctly built all_workflows with workflow_set using the recipe and three models and then examined the info column. However, you included an install.packages() call inside the chunk, which violates the lab instructions and incurs a discretionary penalty.","You correctly used workflow_map to tune across workflows and focused on rmse, but you did not follow the specified unnest/select/filter/arrange/slice pipeline and instead used collect_metrics() and slice_min(mean), which does not match the required process or output structure. Partial credit for tuning and filtering by rmse.","You called workflowsets::rank_results(all_workflows, rank_metric = 'rmse', select_best = TRUE) as required. While you did not explicitly describe the comparison, the core code matches the rubric.","You extracted the 'base_forest' workflow, used select_best with rmse, and finalized the workflow, then fit on train and test and computed an MSE ratio. However, you rebuilt a new workflow instead of directly finalizing and fitting the extracted one, and your reported ratio differs from the expected approximate value, so 1 point is deducted for process/accuracy."
16,25.5,"Your lab shows solid understanding of tidymodels workflows, recipes, model specification, and resampling. Most exercises follow the intended structure, with only minor deviations (e.g., missing strata in the split, different unnesting approach in Q8, and a more complex finalization in Q10). To improve, align more closely with the requested functions/arguments (especially for splitting, unnesting metrics, and finalizing workflows) and avoid unnecessary install.packages calls in the analysis document.",2.5,2,3,3,3,3,2.5,1.5,3,2,"You correctly used skimr on dat and answered that there is no missing data. However, the rubric expected using the pipe operator (dat |> skimr::skim()) in a single step without reloading dat or extra objects.","You set the seed, used initial_split, training, and testing, and created ames_train/ames_test with a 75% split. However, you omitted strata = 'Sale_Price', which was required for full credit.","Your recipe uses the correct formula, log-transforms Sale_Price, pools Neighborhood, creates dummies, and normalizes numeric predictors. You prep the recipe and examine it with broom::tidy, matching the expected process and transformations.","All three models are specified correctly with linear_reg and rand_forest, appropriate engines (lm, glmnet, ranger), regression mode, and tunable parameters (penalty, mixture, min_n, trees) using tune::tune().","You applied parsnip::translate() to each of lm_mod_base, lm_mod_glmnet, and lm_mod_rforest, which matches the required workflow and will show the three engine-specific templates.","You set the seed and created train_resamples with rsample::bootstraps(ames_train), storing it in the correct variable. This matches the expected bootstrap resampling process.","You correctly built all_workflows with workflow_set using norm_recipe and the three models, and then examined the info structure (via unnest_wider). The only issue is the unnecessary install.packages('glmnet') call, which is discouraged but does not affect the workflow logic.","You correctly used workflow_map to tune across workflows and then summarized rmse per wflow_id. However, the rubric expected a dplyr/tidyr pipeline unnesting result and .metrics and arranging by .estimate; instead you used collect_metrics and slice_min on mean, which deviates from the specified process and ordering.","You called workflowsets::rank_results(all_workflows, rank_metric = 'rmse', select_best = TRUE) as required. While you did not explicitly show the comparison to Q8 in text, the core code and process match the rubric.","You extracted the 'base_forest' workflow, obtained best parameters with select_best, and finalized the workflow, then fit on train and test and computed an MSE ratio. However, you rebuilt a new workflow instead of directly using finalize_workflow(best_model_workflow) as in the rubric, and your reported ratio (0.9737) does not match the expected ~0.1146, so the process and output only partially align."
17,25,"Most core tidymodels steps—recipes, model specifications, workflow sets, resampling, and ranking—are implemented correctly and show good understanding of the workflow. Points were lost mainly for not using stratified splitting, deviating from the specified unnesting pipeline in Exercise 8, and not matching the expected final model configuration and performance comparison. Review the rubric’s exact process requirements (especially for splitting, unnesting metrics, and finalizing/using the best workflow) to align your code more closely with the intended workflow next time.",3,2,3,3,3,3,2,1,3,2,Used skimr::skim on dat with direct piping-equivalent call and correctly noted no missing data; process and output match expectations.,"Used set.seed and rsample::initial_split/training/testing with 75% split, but omitted strata = 'Sale_Price', so the split does not fully follow the specified process.","Recipe uses the correct formula, log-transforms Sale_Price, pools Neighborhood, creates dummies, and normalizes numeric predictors; prep and broom::tidy are used appropriately.","All three parsnip models are correctly specified with appropriate engines, regression mode, and tunable parameters penalty/mixture and min_n/trees.",parsnip::translate is correctly applied to each of the three model objects to reveal engine-specific templates.,set.seed(8740) is called and rsample::bootstraps is applied to ames_train to create a bootstrap resampling object as required.,"workflowsets::workflow_set is correctly created with the recipe and three models, and the info column is examined via unnest_wider; however, including install.packages inside the chunk is poor practice and unnesting is not done exactly as in the template.","workflow_map is used and best metrics are extracted, but the required dplyr/tidyr pipeline (select, unnest, filter, group_by, arrange, slice) is not followed, and the code relies on collect_metrics with a different column structure than specified.","workflowsets::rank_results is correctly called with all_workflows, rank_metric = 'rmse', and select_best = TRUE, matching the required usage.","extract_workflow, finalize_workflow, and fit are all used and training/testing fits are created, but the workflow id differs from the template and the reported MSE ratio does not match the expected approximate value."
18,25,"Most core tidymodels concepts are implemented correctly, including recipes, model specifications, workflowsets, resampling, and tuning. The main issues are minor deviations from the specified process (e.g., missing strata in the split, different unnesting/metrics workflow in Q8, and not using the exact final parameters and ratio requested in Q10). Tightening adherence to the exact argument specifications and transformation pipelines in the rubric would bring this to full credit.",3,2,3,3,3,3,2,1,3,2,Used skimr::skim on dat with direct piping not required; EDA is correct and the markdown correctly notes no missing data.,"Correct use of set.seed, initial_split, training, and testing with 75% split, but missing the required strata = 'Sale_Price' argument.","Recipe uses the correct formula, logs Sale_Price, pools Neighborhood, creates dummies, and normalizes numeric predictors; prep and tidy are shown, matching the expected preprocessing.","All three parsnip models are specified correctly with appropriate engines, regression mode, and tunable parameters penalty/mixture and min_n/trees.",parsnip::translate is correctly applied to each of the three model objects to reveal engine-specific templates.,set.seed(8740) is called and rsample::bootstraps is used on ames_train to create a bootstrap resampling object as required.,"workflowsets::workflow_set is correctly created with the recipe and three models; info is examined via unnest_wider, though the rubric expected unnest(info) directly, which is a minor deviation.","workflow_map is used appropriately, but instead of the specified select/unnest/filter/group_by/arrange/slice pipeline, collect_metrics and slice_min(mean) are used; this departs from the required workflow and column structure.","workflowsets::rank_results is called with all_workflows, rank_metric = 'rmse', and select_best = TRUE as specified; comparison to Q8 is implied.","extract_workflow, finalize_workflow, and fit are all used and the base_forest workflow is targeted, but the student redefines data splits and recipe and does not explicitly use the specified trees = 1, min_n = 11; the reported MSE ratio differs from the expected value."
19,24,"Most core tidymodels steps—recipes, model specifications, workflow sets, resampling, and tuning—are implemented correctly, showing good understanding of the workflow. Points were lost mainly where the rubric required very specific arguments or pipelines (e.g., using strata in initial_split, the exact unnesting sequence in Exercise 8, and reusing the finalized workflow in Exercise 10). Review the provided solution patterns and rubric details to align your process more closely with the expected workflows and to avoid extra install.packages() calls in submitted code.",2,2,3,3,3,3,2,1,3,2,"You correctly used skimr on dat and noted no missing data, but the rubric expected using the pipe operator (dat |> skimr::skim()) in a single step without reloading dat or extra objects.","You used set.seed, initial_split, training, and testing with a 0.75 prop, but did not include strata = 'Sale_Price' as required for the split.","Recipe uses the correct formula, logs Sale_Price, pools Neighborhood, creates dummies, and normalizes numeric predictors, then preps and inspects with broom::tidy; this matches the expected process and transformations.","All three parsnip models are specified correctly with appropriate engines, regression mode, and tunable parameters (penalty/mixture for glmnet, min_n/trees for ranger).","You applied parsnip::translate() to each of the three model objects, which is exactly what was required to inspect the engine-specific templates.","You set the seed and created train_resamples using rsample::bootstraps(ames_train), producing the expected bootstrap resampling object.","You correctly built all_workflows with workflow_set and then examined its structure, but you included an install.packages() call (which should be removed) and unnested info with unnest_wider instead of the simpler unnest(info) expected in the rubric.","You correctly used workflow_map and extracted best rmse per workflow, but you did not follow the specified unnest/select/filter/arrange/slice pipeline and used collect_metrics/slice_min instead, so the process does not match the rubric.","You called workflowsets::rank_results(all_workflows, rank_metric = 'rmse', select_best = TRUE) as required; comparison to Q8 is implied even though not discussed in text.","You extracted and finalized the base_forest workflow and fit it on train and test data, but you rebuilt a new workflow/recipe in Q10c rather than directly using the finalized workflow from earlier, and the reported MSE ratio does not match the expected approximate value."
20,25.5,"You completed all exercises and demonstrated a solid understanding of recipes, parsnip models, workflowsets, and tuning. Most required functions and objects are present and used appropriately. To improve, align more closely with the specified workflows in the rubric (e.g., using strata in splits, the exact unnesting pipeline in Q8, and directly finalizing/fitting the selected workflow in Q10) and avoid unnecessary deviations from the requested process.",2.5,2,3,3,3,3,2.5,1.5,3,2,"You correctly used skimr on dat and answered that there is no missing data. However, the rubric expected using the pipe operator (dat |> skimr::skim()) in a single step without reloading dat or extra objects.","You set the seed, used initial_split, training, and testing, and created ames_train/ames_test with a 75% split. You omitted strata = 'Sale_Price', which was required, so the process is slightly off.","Your recipe uses the correct formula, log-transforms Sale_Price, pools Neighborhood, creates dummies, and normalizes numeric predictors, then preps and inspects with broom::tidy. This matches the required transformations and workflow.","All three models are specified correctly with linear_reg and rand_forest, appropriate engines (lm, glmnet, ranger), regression mode, and tunable parameters (penalty, mixture, min_n, trees) using tune::tune().","You applied parsnip::translate() to each of lm_mod_base, lm_mod_glmnet, and lm_mod_rforest, which is exactly what was required to inspect the model templates.","You set the seed and created train_resamples with rsample::bootstraps(ames_train), producing the expected bootstrap resampling object with default settings.","You correctly built all_workflows with workflow_set using the recipe and three models, and then examined the structure by selecting wflow_id and info and unnesting info. This meets the intent, though the rubric specifically mentioned unnest(info) rather than unnest_wider(info).","You correctly used workflow_map to tune across workflows and then summarized results with collect_metrics and dplyr, but the rubric required a specific unnesting pipeline (select, unnest result, unnest .metrics, filter rmse, group_by, arrange, slice). Your approach is valid but does not follow the requested workflow or show the tuned parameters in the specified columns.","You called workflowsets::rank_results(all_workflows, rank_metric = 'rmse', select_best = TRUE) as required. Although you did not explicitly show the comparison to Q8, the core code and process are correct.","You extracted the 'base_forest' workflow, used extract_workflow_set_result and finalize_workflow with best parameters, and then fit models on training and test data and computed an MSE ratio. However, you rebuilt a new workflow instead of directly finalizing and fitting the extracted one, and your reported ratio differs from the expected approximate value, so the process and output are only partially aligned with the rubric."
21,20,"You implemented most of the core tidymodels workflow correctly, including recipes, model specifications, bootstraps, and workflowsets. The main gaps are in strictly following the requested arguments (e.g., strata in the split) and the exact data-manipulation pipeline for examining workflow results in Exercise 8. Tightening alignment with the specified functions and steps will bring your work fully in line with the rubric.",3,2,3,3,3,3,2,1,,,Used skimr::skim() correctly on dat via skim(dat); process and conclusion about no missing data are appropriate.,"Correct use of set.seed(), initial_split(), training(), and testing() with 75% split, but missing the required strata = 'Sale_Price' argument.","Recipe uses the correct formula, logs Sale_Price, pools Neighborhood, creates dummies, and normalizes numeric predictors; prep and tidy are shown, matching the expected preprocessing.","All three parsnip models are specified correctly with appropriate engines, regression mode, and tunable parameters penalty/mixture and min_n/trees.","parsnip::translate() is applied to each of the three model objects, correctly showing the underlying engine-specific templates.",set.seed(8740) is used and rsample::bootstraps() is called on ames_train to create a bootstrap resampling object as required.,"workflowsets::workflow_set() is used correctly with the recipe and three models; however, the info column is unnested with unnest_wider() instead of tidyr::unnest(), which does not fully match the specified process.","workflow_map() is used appropriately, but the subsequent code relies on collect_metrics() and slice_min() rather than the required select/unnest/filter/group_by/arrange/slice pipeline, and it minimizes a non-existent 'mean' column instead of arranging by .estimate.",,
22,20,"Most core tidymodels steps (recipes, models, bootstraps, workflow_set, and workflow_map) are implemented correctly, and the EDA and preprocessing are solid. The main issues are missing stratification in the train/test split and deviations from the specified unnesting and ranking workflow in Exercises 7 and especially 8. Tightening those steps to match the rubric (using strata in initial_split and unnesting result/.metrics with arrange on .estimate) would bring this to full credit.",3,2,3,3,3,3,2,1,,,"Used skimr correctly with dat |> skim(), no extra intermediates, and correctly noted no missing data.","Correct use of set.seed(), initial_split(), training(), and testing() with 75% split, but missing the required strata = 'Sale_Price' argument.","Recipe uses the correct formula, log-transforms Sale_Price, pools Neighborhood, creates dummies, and normalizes numeric predictors; prep and tidy are shown, and the process is appropriate even though step_normalize is used instead of separate center/scale steps.","All three models are specified with linear_reg/rand_forest, correct engines and regression mode, and penalty/mixture and min_n/trees are set to tune() as required.","parsnip::translate() is applied to each of the three model objects, correctly following the expected workflow.",set.seed(8740) is called and rsample::bootstraps() is used on ames_train to create train_resamples as specified.,"workflow_set() is correctly created with the recipe and three models, but the info column is unnested with unnest_wider() instead of tidyr::unnest(), which does not fully match the expected process.","workflow_map() is used appropriately, but instead of unnesting result and .metrics and arranging by .estimate, the solution uses collect_metrics() and slice_min() on a non-existent 'mean' column, so the required unnesting workflow and metric selection are not followed.",,
23,20,"Most core tidymodels steps (recipes, models, bootstraps, workflow_set, and tuning) are implemented correctly and show good understanding of the workflow. Points were mainly lost where the rubric required specific arguments (e.g., strata in initial_split) or specific dplyr/tidyr pipelines (Exercises 7–8). Review the exact function signatures and unnesting/metric-selection steps described in the lab instructions to align more closely with the expected process.",3,2,3,3,3,3,2,1,,,"Used skimr correctly with dat |> skim(), no extra intermediates, and correctly noted no missing data.","Correct use of set.seed, initial_split, training, and testing with 75% split, but missing the required strata = 'Sale_Price' argument.","Recipe uses the correct formula, logs Sale_Price, pools Neighborhood, creates dummies, and normalizes numeric predictors; prep and tidy are used appropriately.","All three parsnip models are specified correctly with appropriate engines, regression mode, and tunable parameters penalty/mixture and min_n/trees.",parsnip::translate() is applied to each of the three model objects as required to inspect engine-specific templates.,Random seed is set and rsample::bootstraps() is called on ames_train to create a bootstrap resampling object as expected.,"workflow_set is created correctly with the recipe and three models, but the info column is unnested with unnest_wider() instead of tidyr::unnest(), which does not fully match the specified process.","workflow_map is used, but the subsequent code relies on collect_metrics() and slice_min() rather than the required select, unnest, filter, group_by, arrange, and slice workflow; it also minimizes mean instead of arranging by .estimate as specified.",,
24,20,"You implemented most of the required tidymodels workflow correctly, including recipes, model specifications, bootstraps, and workflowsets. The main gaps are missing stratification in the train/test split and not following the exact unnesting and ranking workflow requested in Exercises 7 and 8. Tightening those steps to match the rubric’s expected process would bring this very close to full credit.",3,2,3,3,3,3,2,1,,,"Used skimr correctly with dat |> skim(), no extra intermediates, and correctly noted no missing data.","Correct use of set.seed, initial_split, training, and testing with 75% split, but missing the required strata = 'Sale_Price' argument.","Recipe uses the correct formula, logs Sale_Price, pools Neighborhood, creates dummies, and normalizes numeric predictors; prep and tidy are shown, matching the expected preprocessing.","All three parsnip models are specified correctly with appropriate engines, regression mode, and tunable parameters for glmnet and ranger.",parsnip::translate() is applied to each of the three model objects as required to inspect engine-specific templates.,set.seed(8740) is called and rsample::bootstraps() is used on ames_train to create a bootstrap resampling object with default settings.,"workflowsets::workflow_set() is used correctly with the recipe and three models, but the info column is unnested with unnest_wider() instead of tidyr::unnest(), which partially diverges from the specified process.","workflow_map() is used appropriately, but the subsequent code relies on collect_metrics() and slice_min() rather than unnesting result and .metrics, filtering rmse, arranging by .estimate, and slicing the top row as specified.",,
25,20,"Most core tidymodels components (recipes, models, resampling, workflowsets) are implemented correctly, and the code is generally well structured. The main gaps are in strictly following the specified arguments (e.g., strata in the split) and the exact data-manipulation workflow requested for examining workflow results. Tightening alignment with the prescribed dplyr/tidyr pipelines in later exercises would improve rubric compliance.",3,2,3,3,3,3,2,1,,,"Used skimr correctly with dat |> skim(), no extra intermediates, and correctly noted no missing data.","Correct use of set.seed, initial_split, training, and testing with 75% split, but missing the required strata = 'Sale_Price' argument.","Recipe uses the correct formula, logs Sale_Price, pools Neighborhood, creates dummies, and normalizes numeric predictors; prep and tidy are shown appropriately.","All three parsnip models are specified with correct engines, regression mode, and tunable parameters (penalty/mixture for glmnet, min_n/trees for ranger).",parsnip::translate() is applied to each of the three model objects as required to reveal engine-specific templates.,set.seed(8740) is called and rsample::bootstraps() is used on ames_train to create a bootstrap resampling object.,"workflow_set is correctly created with the recipe and three models, but the info column is unnested with unnest_wider() instead of tidyr::unnest(), which does not match the specified process.","workflow_map is used and rmse is filtered, but the solution relies on collect_metrics() and slice_min() rather than the required select/unnest/filter/group_by/arrange/slice pipeline, and it minimizes mean instead of arranging by .estimate as specified.",,
26,20,"Most core tidymodels steps (recipes, models, resampling, workflowsets) are implemented correctly and show good understanding of the workflow. Points were mainly lost where the rubric required very specific arguments (e.g., strata in initial_split) or specific dplyr/tidyr pipelines that were not followed. Review the exact function signatures and unnesting/metric-selection steps to align more closely with the expected process.",3,2,3,3,3,3,2,1,,,"Used skimr correctly with dat |> skim(), no extra intermediate objects, and correctly noted no missing data.","Correct use of set.seed and initial_split/training/testing with 75% split, but missing the required strata = 'Sale_Price' argument.","Recipe uses the correct formula, log-transforms Sale_Price, pools Neighborhood, creates dummies, and normalizes numeric predictors; prep and tidy are shown, and the process/order are appropriate.","All three parsnip models are specified with correct engines, regression mode, and tunable parameters (penalty/mixture for glmnet, min_n/trees for ranger).",parsnip::translate() is applied to each of the three model objects as required to reveal engine-specific templates.,Random seed is set and rsample::bootstraps() is called on ames_train to create a bootstrap resampling object as specified.,"workflow_set is correctly created with the recipe and three models, but the info column is unnested with unnest_wider() instead of tidyr::unnest(), which does not fully match the expected workflow examination.","workflow_map is used and rmse is filtered, but the solution relies on collect_metrics() and slice_min() rather than the specified select/unnest/filter/group_by/arrange/slice pipeline, and uses a non-existent 'mean' column instead of .estimate.",,
27,25,"Most core tidymodels steps—splitting, recipe creation, model specification, workflowsets, tuning, and ranking—are implemented correctly and demonstrate good understanding. The main issues are omission of stratification in the split, not following the exact unnesting workflow in Exercise 8, and deviating from the prescribed finalize-and-fit process in Exercise 10. Tightening adherence to the requested workflows and avoiding install.packages() inside analysis chunks will align your work more closely with the rubric.",3,2,3,3,3,3,2,1,3,2,Used skimr::skim() correctly on dat with a direct call and noted no missing data; matches expected workflow and output description.,"Used set.seed(8740), rsample::initial_split(), training(), and testing() with a 0.75 split, but omitted the required strata = 'Sale_Price' argument.","Recipe uses the correct formula, log-transforms Sale_Price, pools Neighborhood, creates dummies, and normalizes numeric predictors; prep() and broom::tidy() are used appropriately, satisfying the intended preprocessing even though step_normalize is used instead of separate center/scale steps.","All three parsnip models are specified correctly with set_engine() and set_mode('regression'); glmnet and ranger models have penalty/mixture and min_n/trees set to tune(), matching the required model setup.","parsnip::translate() is applied to each of lm_mod_base, lm_mod_glmnet, and lm_mod_rforest as required to inspect engine-specific templates.","set.seed(8740) is called and rsample::bootstraps() is used on ames_train to create train_resamples, matching the expected bootstrap resampling process.","workflowsets::workflow_set() is used with the recipe and three models, and the info column is examined via tidyr::unnest_wider(); however, there is an unnecessary install.packages() call inside the chunk, which is discouraged and merits a small penalty.","workflow_map() is used with appropriate arguments, but instead of unnesting result and .metrics with select/unnest/filter/arrange/slice, the solution uses collect_metrics() and slice_min(), which does not follow the specified unnesting workflow and uses a different column (mean) than .estimate.","workflowsets::rank_results(all_workflows, rank_metric = 'rmse', select_best = TRUE) is called exactly as required; comparison to Q8 is implied though not discussed in detail, which is acceptable.","extract_workflow('base_forest'), select_best(), and finalize_workflow() are used, and training/test fits plus an MSE ratio are computed; however, the workflow is rebuilt with a new recipe rather than directly finalizing and fitting the extracted base_forest workflow as specified, and the reported ratio differs from the expected reference."
28,20,"Most core tidymodels steps (recipes, models, resampling, workflowsets, and tuning) are implemented correctly and show good understanding of the workflow. Points were lost mainly where the rubric required very specific arguments (e.g., strata in initial_split) or a particular dplyr/tidyr pipeline that was replaced with an alternative approach. Review the rubric’s exact function calls and column names (e.g., .estimate vs. mean) to align your code more closely with the expected solutions.",3,2,3,3,3,3,2,1,,,"Used skimr correctly with dat |> skim(), no extra intermediates, and correctly noted no missing data.","Correct use of set.seed, initial_split, training, and testing with 75% split, but missing the required strata = 'Sale_Price' argument.","Recipe uses the correct formula, log-transforms Sale_Price, pools Neighborhood, creates dummies, and normalizes numeric predictors; prep and tidy are used appropriately.","All three parsnip models are specified with correct engines, regression mode, and tunable parameters penalty/mixture and min_n/trees.",parsnip::translate() is applied to each of the three model objects as required to reveal engine-specific templates.,set.seed(8740) is called and rsample::bootstraps() is used on ames_train to create a bootstrap resampling object.,"workflow_set is correctly created with the recipe and three models, but the info column is unnested with unnest_wider() instead of tidyr::unnest(), which does not fully match the expected workflow.","workflow_map is used, but the subsequent code relies on collect_metrics() and slice_min() rather than the specified select/unnest/filter/group_by/arrange/slice pipeline, and it minimizes a non-existent 'mean' column instead of arranging by .estimate.",,
29,20,"Most core tidymodels steps (recipes, models, resampling, workflowsets, and tuning) are implemented correctly and show good understanding of the workflow. Points were mainly lost where the rubric required specific arguments (e.g., strata in initial_split) or specific data-manipulation steps (unnest vs. collect_metrics, arranging by .estimate). Review the exact function arguments and chaining patterns requested in the lab instructions to align more closely with the expected process.",3,2,3,3,3,3,2,1,,,"Used skimr correctly with dat |> skim(), no extra intermediates, and correctly noted no missing data.","Correct use of set.seed, initial_split, training, and testing with 75% split, but missing the required strata = 'Sale_Price' argument.","Recipe uses the correct formula, logs Sale_Price, pools Neighborhood, creates dummies, and normalizes numeric predictors; prep and tidy are shown, matching the expected preprocessing.","All three parsnip models are specified with correct engines, regression mode, and tunable parameters (penalty/mixture for glmnet, min_n/trees for ranger).",parsnip::translate() is applied to each of the three model objects as required to inspect engine-specific templates.,Random seed is set and rsample::bootstraps() is called on ames_train to create a bootstrap resampling object with default settings.,"workflow_set is correctly created with the recipe and three models, but the info column is unnested with unnest_wider() rather than tidyr::unnest(), which does not fully match the specified process.","workflow_map is used appropriately, but the subsequent summarization relies on collect_metrics() and slice_min() instead of the requested select/unnest/filter/group_by/arrange/ slice workflow, and it minimizes a non-existent 'mean' column rather than arranging by .estimate.",,
30,25,"Most core tidymodels components—recipes, model specifications, resampling, workflowsets, and ranking—are implemented correctly. The main issues are omission of stratification in the split, deviation from the requested unnesting workflow in Exercise 8, and some unnecessary complexity/rebuilding in the final model workflow. Cleaning up install.packages() calls and aligning more closely with the specified processes would further improve the submission.",3,2,3,3,3,3,2,1,3,2,"Used skimr correctly with dat |> skim(), no extra intermediates, and correctly noted no missing data.","Correct use of set.seed, initial_split, training, and testing with 75% split, but missing the required strata = 'Sale_Price' argument.","Recipe uses the correct formula, logs Sale_Price, pools Neighborhood, creates dummies, and normalizes numeric predictors; prep and tidy are used appropriately.","All three parsnip models are specified correctly with appropriate engines, regression mode, and tunable parameters for glmnet and ranger.",parsnip::translate() is applied to each of the three model objects as required to reveal engine-specific templates.,set.seed(8740) is called and rsample::bootstraps() is used on ames_train to create a bootstrap resampling object.,"workflow_set is created correctly with the recipe and three models, and info is unnested; however, including install.packages() inside the chunk is poor practice and earns a small penalty.","workflow_map is used, but instead of unnesting result and .metrics and arranging by .estimate, the solution uses collect_metrics() and slice_min() on a non-existent 'mean' column, so the specified workflow and output structure are not followed.","Correctly calls workflowsets::rank_results(all_workflows, rank_metric = 'rmse', select_best = TRUE) as required.","Correctly extracts and finalizes the base_forest workflow and fits to train and test data, but the final workflow is rebuilt rather than directly using finalize_workflow, and the reported performance ratio does not match the expected value."
31,25.5,"Your lab shows solid understanding of tidymodels workflows, recipes, model specification, and resampling. Most exercises follow the intended process closely, with only minor deviations (e.g., missing stratification in the split, slightly different EDA and workflow inspection steps). The main areas to tighten are adhering exactly to the requested pipelines in Exercises 2 and 8 and reusing the finalized workflow consistently in Exercise 10 so that your performance comparison matches the specified procedure.",2.5,2,3,3,3,3,2.5,1.5,3,2,"You correctly used skimr on dat and noted no missing data. However, the rubric expected using the pipe operator (dat |> skimr::skim()) in a single step without reloading dat or attaching the package.","You set the seed, used initial_split, training, and testing with a 75% split, which matches most of the required process. You omitted the strata = 'Sale_Price' argument, so the split is not stratified as specified.","Your recipe uses the correct formula, log-transforms Sale_Price, pools Neighborhood, creates dummies, and normalizes numeric predictors, then preps and tidies the recipe. This matches the required steps and intent, even though you used step_normalize instead of separate center/scale steps.","All three models are specified correctly with linear_reg and rand_forest, appropriate engines (lm, glmnet, ranger), regression mode, and tunable parameters (penalty, mixture, min_n, trees) using tune::tune(). This fully matches the rubric.","You applied parsnip::translate() to each of the three model objects, which is exactly what was required to inspect the engine-specific templates.","You set the seed and created train_resamples with rsample::bootstraps(ames_train), producing the correct bootstrap resampling object with default settings.","You correctly built all_workflows with workflow_set using the base recipe and three models, and then examined the info column (using unnest_wider instead of unnest). This meets the intent, though the rubric expected tidyr::unnest(info) specifically and you included an unnecessary install.packages() call.","You correctly used workflow_map and then summarized results with collect_metrics and dplyr, but the rubric required unnesting the result and .metrics columns and arranging by .estimate within a single pipeline. Your code filters on rmse and groups by wflow_id but uses slice_min(mean) instead of arranging by .estimate and does not follow the specified unnest/select workflow.","You called workflowsets::rank_results(all_workflows, rank_metric = 'rmse', select_best = TRUE) as required. While you did not explicitly describe the comparison, the code matches the rubric’s expectations.","You extracted the 'base_forest' workflow, obtained best parameters with select_best, and finalized the workflow, then fit to train and test and computed an MSE ratio. However, you rebuilt a new workflow with a different recipe and did not use the finalized workflow directly, and your reported ratio differs from the expected approximate value, so the process and output do not fully align with the rubric."
32,24,"You demonstrated solid understanding of tidymodels workflows, recipes, model specification, resampling, and workflowsets, and most core steps are present and syntactically correct. The main issues are missing stratification in the split, not following the exact unnesting pipeline in Exercise 8, and some deviations from the expected finalization/fitting workflow in Exercise 10. Tightening your adherence to the requested processes (especially for metrics extraction and avoiding install.packages in analysis chunks) will help you reach full credit in future labs.",2,2,3,3,3,3,2,1,3,2,"You correctly used skimr on dat and noted no missing data, but the rubric expected using the pipe operator (dat |> skimr::skim()) in a single step without reloading dat or attaching the package.","You set the seed and used initial_split, training, and testing with a 0.75 prop, but you omitted strata = 'Sale_Price', which was required for full credit.","Your recipe uses the correct formula, log-transforms Sale_Price, pools Neighborhood, creates dummies, and normalizes numeric predictors; you then prep and examine it with broom::tidy, matching the expected process.","All three models are specified correctly with linear_reg and rand_forest, appropriate engines (lm, glmnet, ranger), regression mode, and tunable parameters using tune::tune for penalty, mixture, min_n, and trees.","You applied parsnip::translate() to each of the three model objects, which matches the required workflow and would yield the correct engine-specific templates.","You set the seed and created train_resamples with rsample::bootstraps(ames_train), producing the expected bootstrap resampling object.","You correctly built all_workflows with workflow_set and then unnested the info column (via unnest_wider), but including install.packages('glmnet') inside the chunk is poor practice and not needed per instructions.","You used workflow_map appropriately, but instead of unnesting result and .metrics with select/unnest/filter/arrange/slice as specified, you relied on collect_metrics and slice_min on a nonstandard 'mean' column, so the process and output do not match the rubric.","You called workflowsets::rank_results(all_workflows, rank_metric = 'rmse', select_best = TRUE) exactly as required; comparison to Q8 is implied in your comment.","You correctly extracted the 'base_forest' workflow, used select_best and finalize_workflow, and fit on training and test data, but you rebuilt a separate workflow and recipe instead of directly finalizing and fitting the extracted workflow, and your reported MSE ratio differs from the expected value."
33,25.5,"Your lab shows a solid grasp of tidymodels workflows, recipes, model specification, and resampling. Most exercises follow the intended process closely, with only minor deviations (e.g., missing stratification in the split, different summarization approach in Q8, and some extra complexity in Q10). To improve, align more strictly with the requested arguments and workflows, and avoid including install.packages calls in your submitted code.",2.5,2,3,3,3,3,2,1.5,3,2.5,"You correctly used skimr on dat and noted no missing data. However, the rubric expected using the pipe operator (dat |> skimr::skim()) in a single step without reloading dat or attaching the package.","You set the seed, used initial_split, and created ames_train/ames_test with a 75/25 split, but you omitted the strata = 'Sale_Price' argument, which was required for full credit.","Your recipe uses the correct formula, log-transforms Sale_Price, pools Neighborhood, creates dummies, and normalizes numeric predictors, then preps and inspects with broom::tidy; this matches the expected process and transformations.","All three models are specified correctly with linear_reg and rand_forest, appropriate engines (lm, glmnet, ranger), regression mode, and tunable parameters penalty/mixture and min_n/trees using tune::tune().","You applied parsnip::translate() to each of the three model objects, which is exactly what was required to inspect the engine-specific templates.","You set the seed and created train_resamples with rsample::bootstraps(ames_train), producing the expected bootstrap resampling object.","You correctly built all_workflows with workflow_set using the recipe and three models and then unnested the info column. However, including install.packages(""glmnet"") inside the chunk is poor practice and would incur a small penalty per the instructions.","You correctly used workflow_map and then summarized results, but you relied on collect_metrics instead of the requested sequence of select/unnest/filter/group_by/arrange/slice, and you minimized by a 'mean' column rather than arranging by .estimate as specified.","You called workflowsets::rank_results(all_workflows, rank_metric = 'rmse', select_best = TRUE) as required; comparison to Q8 is described in comments, which is sufficient for this exercise.","You extracted the base_forest workflow, selected best parameters with select_best, finalized the workflow, and fit to train/test and computed an MSE ratio. The workflow reconstruction in Q10c is more complex than needed and deviates from the exact parameter values in the key, but the overall process is essentially correct."
34,20,"You demonstrated a solid grasp of tidymodels workflows, recipes, model specification, and resampling, and most core steps are present and reasonable. The main deductions are for missing stratification in the split, not following the exact unnesting/arrange pattern in Exercise 8, and a minor penalty for including install.packages in the workflow chunk. Tightening adherence to the specified arguments and workflows will bring you to full credit on future labs.",2.5,2,3,3,3,3,2,1.5,,,"You correctly used skimr on dat and noted no missing data. However, the rubric expected using the pipe operator (dat |> skimr::skim()) in a single step without reloading dat or attaching the package.","You set the seed and used initial_split, training, and testing with a 75% split, but you omitted the strata = 'Sale_Price' argument, which was required for full credit.","Your recipe uses the correct formula, log-transforms Sale_Price, pools Neighborhood, creates dummies, and normalizes numeric predictors, and you prep and examine it with broom::tidy; this matches the expected process and transformations.","All three models are specified correctly with linear_reg and rand_forest, appropriate engines (lm, glmnet, ranger), regression mode, and tunable parameters penalty/mixture and min_n/trees using tune::tune().","You applied parsnip::translate() to each of the three model objects, which is exactly what was required to inspect the engine-specific templates.","You set the seed and created train_resamples with rsample::bootstraps(ames_train), producing the expected bootstrap resampling object.","You correctly built all_workflows with workflow_set using the recipe and three models and then unnested the info column. However, including install.packages(""glmnet"") inside the chunk is poor practice and would incur a small discretionary penalty.","You used workflow_map and then summarized results, but you relied on collect_metrics instead of unnesting result and .metrics as specified, and you minimized a 'mean' column rather than arranging by .estimate; this partially matches the intent but not the exact workflow or column usage.",,
35,25.5,"Your lab shows a solid grasp of tidymodels workflows, recipes, model specification, and resampling. Most exercises follow the intended process, with only minor deviations (e.g., missing stratification in the split and using collect_metrics instead of explicit unnesting). For full credit in future labs, pay close attention to the exact arguments and workflows requested in the rubric, especially around stratification, unnesting nested tibbles, and reusing finalized workflows directly.",2.5,2,3,3,3,3,2.5,1.5,3,2,"You correctly used skimr on dat and noted no missing data. However, the rubric expected using the pipe operator (dat |> skimr::skim()) in a single step without reloading dat or attaching the package.","You set the seed and used initial_split, training, and testing with a 75% split, but you omitted the strata = 'Sale_Price' argument, so the split is not stratified as required.","Your recipe uses the correct formula, log-transforms Sale_Price, pools Neighborhood, creates dummies, and normalizes numeric predictors, and you prep and examine it with broom::tidy; this matches the expected process and transformations.","All three models are specified correctly with linear_reg and rand_forest, appropriate engines (lm, glmnet, ranger), regression mode, and tunable parameters penalty/mixture and min_n/trees using tune::tune().","You applied parsnip::translate() to each of the three model objects, which is exactly what was required to inspect the engine-specific templates.","You set the seed and created train_resamples with rsample::bootstraps(ames_train), producing the expected bootstrap resampling object.","You correctly built all_workflows with workflow_set using the recipe and three models, and you examined the info structure, though you used unnest_wider(info) instead of unnest(info); this still reveals the workflow details but slightly diverges from the expected call.","You correctly used workflow_map and then summarized results with collect_metrics and dplyr, but the rubric asked specifically to unnest result and .metrics and then filter/group/arrange/slice; your code does not follow that unnest-based workflow or use arrange(desc(.estimate)).","You called workflowsets::rank_results(all_workflows, rank_metric = 'rmse', select_best = TRUE) as required; comparison to Q8 is described in comments, which is sufficient for this exercise.","You correctly extracted the 'base_forest' workflow, used select_best and finalize_workflow, and then fit models on train and test data and computed an MSE ratio. However, you rebuilt a new workflow instead of directly finalizing and fitting the extracted one, and your reported ratio does not match the expected approximate value."
36,25,"You completed all exercises with generally correct use of tidymodels, recipes, parsnip, rsample, and workflowsets. Most core workflows and function calls are present and reasonable. To improve, align more closely with the specified processes (e.g., strata in splits, exact unnesting steps in Exercise 8, and reusing the finalized workflow in Exercise 10) and avoid including install.packages() calls in solution chunks.",2.5,2,3,3,3,3,2,1.5,3,2,"You correctly used skimr on dat and noted no missing data. To fully match the rubric, use the pipe operator (dat |> skimr::skim()) and avoid reloading dat inside this chunk.","You set the seed, used initial_split, training, and testing with a 0.75 prop, which is good. However, you omitted the strata = 'Sale_Price' argument, so the split does not fully follow the specified process.","Your recipe uses the correct formula, log-transforms Sale_Price, pools Neighborhood, creates dummies, and normalizes numeric predictors, then preps and tidies the recipe. This matches the required steps and order.","All three models are specified correctly with linear_reg and rand_forest, appropriate engines and regression mode, and penalty/mixture and min_n/trees set to tune. This fully meets the modeling requirements.","You applied parsnip::translate() to each of the three model objects, which is exactly what was requested to inspect the engine-specific templates.","You set the seed and created train_resamples with rsample::bootstraps(ames_train), producing the correct bootstrap resampling object.","You correctly built all_workflows with workflow_set using the recipe and three models and then unnested the info column. However, including install.packages(""glmnet"") inside the chunk is poor practice and would incur a small discretionary penalty.","You correctly used workflow_map and then summarized results, but you relied on collect_metrics() instead of unnesting result and .metrics as specified, and you minimized by a 'mean' column rather than arranging by .estimate. This partially meets the intent but not the exact workflow in the rubric.","You called workflowsets::rank_results(all_workflows, rank_metric = 'rmse', select_best = TRUE) as required. Although you did not show the comparison in text, the core code matches the rubric.","You extracted the base_forest workflow, used select_best with rmse, finalized the workflow, and fit to train and test data, then computed an MSE ratio. However, you rebuilt a separate workflow and recipe instead of directly finalizing and fitting the extracted workflow, and the reported ratio does not match the expected value."
37,25,"Your lab shows solid understanding of tidymodels workflows, recipes, model specification, and resampling, and most required functions are used correctly. The main issues are small deviations from the specified processes (missing stratification, different unnesting approach in Q8, and rebuilding the workflow in Q10) and one in-chunk install. Tightening alignment with the requested workflows and avoiding install.packages in solution code will bring this to full credit.",2.5,2,3,3,3,3,2,1.5,3,2,"You correctly used skimr on dat and noted no missing data. However, the rubric expected using the pipe operator (dat |> skimr::skim()) in a single step without reloading dat or attaching the package.","You set the seed and used initial_split, training, and testing with a 75% split, but you omitted the strata = 'Sale_Price' argument, so the split is not stratified as required.","Your recipe uses the correct formula, log-transforms Sale_Price, pools Neighborhood, creates dummies, and normalizes numeric predictors, and you prep and examine it with broom::tidy; this matches the expected process and transformations.","All three models are specified correctly with linear_reg and rand_forest, appropriate engines (lm, glmnet, ranger), regression mode, and tunable parameters penalty/mixture and min_n/trees using tune::tune().","You applied parsnip::translate() to each of the three model objects, which is exactly what was required to inspect the engine-specific templates.","You set the seed and created train_resamples with rsample::bootstraps(ames_train), producing the expected bootstrap resampling object.","You correctly built all_workflows with workflow_set using the recipe and three models and then unnested the info column. However, including install.packages(""glmnet"") inside the chunk is poor practice and would incur a discretionary penalty.","You correctly used workflow_map and then summarized results, but you relied on collect_metrics instead of unnesting result and .metrics as specified, and you minimized a 'mean' column rather than arranging by .estimate as in the rubric.","You called workflowsets::rank_results(all_workflows, rank_metric = 'rmse', select_best = TRUE) as required; comparison to Q8 is implicit but the core code is correct.","You extracted the base_forest workflow, used select_best and finalize_workflow appropriately, and fit models on train and test. However, you rebuilt a separate workflow instead of directly finalizing and fitting the extracted one, and your reported performance ratio does not match the expected approximate value."
38,19,"You completed most of the lab with appropriate use of tidymodels, recipes, parsnip models, resampling, and workflowsets. The main issues are small deviations from the specified process (e.g., missing strata in the split, different summarization in Exercise 8) and one in-chunk install. Focusing on following the exact workflow steps in the rubric will help align your solutions more closely with expectations.",2,2,3,3,3,3,2,1,,,"You correctly used skimr on dat and noted no missing data, but the rubric expected using the pipe operator (dat |> skimr::skim()) in a single step without reloading dat or attaching the package.","You set the seed and used initial_split, training, and testing with a 75% split, but you omitted the required strata = 'Sale_Price' argument in initial_split.","Your recipe uses the correct formula, log-transforms Sale_Price, pools Neighborhood, creates dummies, and normalizes numeric predictors; you then prep and examine it with broom::tidy, matching the expected process and transformations.","All three models are specified correctly with linear_reg and rand_forest, appropriate engines and regression mode, and penalty/mixture and min_n/trees set to tune, satisfying the rubric requirements.","You applied parsnip::translate() to each of lm_mod_base, lm_mod_glmnet, and lm_mod_rforest, which matches the expected workflow and will show the three engine-specific templates.","You set the seed and created train_resamples with rsample::bootstraps(ames_train), producing the expected bootstrap resampling object.","You correctly built all_workflows with workflow_set using the recipe and three models and then unnested the info column; however, including install.packages(""glmnet"") inside the chunk is poor practice and would incur a small discretionary penalty.","You correctly used workflow_map and tuned the workflows, but instead of unnesting result and .metrics and arranging by .estimate as specified, you used collect_metrics() and slice_min(mean), which deviates from the required process and output structure.",,
39,25,"You completed all exercises with generally correct use of tidymodels, recipes, parsnip, rsample, and workflowsets, and your code shows a solid understanding of the workflow. Most deductions were for not following the exact specified process (e.g., missing strata in the split, different unnesting approach in Q8, and re-building the workflow in Q10) and a minor penalty for including install.packages in the workflow chunk. Tightening adherence to the requested pipelines and avoiding package installation inside analysis chunks will help you reach full credit in future labs.",2.5,2,3,3,3,3,2,1.5,3,2,"You correctly used skimr on dat and noted no missing data. However, the rubric expected using the pipe operator (dat |> skimr::skim()) in a single step without reloading dat or attaching the package.","You set the seed and used initial_split, training, and testing with a 75% split, but you omitted the strata = 'Sale_Price' argument, which was required for full credit.","Your recipe uses the correct formula, log-transforms Sale_Price, pools Neighborhood, creates dummies, and normalizes numeric predictors, then preps and tidies the recipe. This matches the required process and transformations.","All three models are specified correctly with linear_reg and rand_forest, appropriate engines (lm, glmnet, ranger), regression mode, and tunable parameters penalty/mixture and min_n/trees using tune::tune().","You applied parsnip::translate() to each of the three model objects, which is exactly what was required to inspect the engine-specific templates.","You set the seed and created train_resamples with rsample::bootstraps(ames_train), producing the expected bootstrap resampling object.","You correctly built all_workflows with workflow_set using the recipe and three models and then examined the info structure. However, including install.packages('glmnet') inside the chunk is poor practice and would incur a small discretionary penalty.","You correctly used workflow_map and then summarized results, but you relied on collect_metrics instead of the specified sequence of select, unnest(result), unnest(.metrics), and arranged by .estimate. Also, you minimized by a 'mean' column rather than explicitly ordering .estimate as described.","You called workflowsets::rank_results(all_workflows, rank_metric = 'rmse', select_best = TRUE) as required; comparison to Q8 is implicit but acceptable for this rubric.","You used extract_workflow, finalize_workflow, and fit on training and test data, and computed a test/train MSE ratio. However, you redefined data and recipes instead of directly finalizing and fitting the extracted 'base_forest' workflow as in the expected process, and your reported ratio differs from the target value."
40,20.5,"You demonstrated a solid understanding of tidymodels workflows, recipes, models, and resampling, and most core steps are present and correctly structured. The main gaps are in strictly following the specified arguments (e.g., strata in initial_split) and the exact unnesting and summarization process requested in Exercise 8. Tightening those details to match the rubric instructions will bring your work fully in line with expectations.",2.5,2,3,3,3,3,2.5,1.5,,,"You correctly used skimr on dat and noted no missing data. To fully match the rubric, use the pipe operator (dat |> skimr::skim()) and avoid reloading dat inside this chunk.","You set the seed, used initial_split, training, and testing with a 75% split, which is good. However, you omitted strata = 'Sale_Price', which was required for full credit.","Your recipe uses the correct formula, log-transforms Sale_Price, pools Neighborhood, creates dummies, and normalizes numeric predictors, and you prep and examine it with broom::tidy. This fully meets the expected process.","All three models are specified correctly with linear_reg and rand_forest, appropriate engines and regression mode, and penalty/mixture and min_n/trees set to tune. This matches the rubric requirements.","You applied parsnip::translate() to each of the three model objects, which is exactly what was required to inspect the engine-specific templates.","You set the seed and created train_resamples with rsample::bootstraps(ames_train), producing the correct bootstrap resampling object.","You correctly built all_workflows with workflow_set using the recipe and three models, and you examined the info structure via unnest_wider. For full credit, the rubric expected tidyr::unnest(info) directly, but your approach still inspects the info column.","You correctly used workflow_map and then summarized results, but you relied on collect_metrics and slice_min(mean) instead of the specified select/unnest/filter/group_by/arrange/slice workflow on the nested result and .metrics columns. This partially meets the intent but not the exact process.",,
41,20,"Most core tidymodels steps (recipes, models, workflowsets, resampling, and tuning) are implemented correctly, showing good understanding of the workflow. Points were mainly lost where the rubric required very specific arguments (e.g., strata in initial_split) or a particular sequence of dplyr/tidyr operations that you replaced with alternative, partially equivalent code. Review the instructions for Exercises 2, 7, and especially 8 to align more closely with the expected functions and argument patterns.",3,2,3,3,3,3,2,1,,,Used skimr correctly with skim(dat) on the dat object and clearly stated there is no missing data; process and output match expectations.,"Correctly used set.seed, initial_split, training, and testing with a 0.75 split, but omitted the required strata = 'Sale_Price' argument.","Recipe uses the correct formula, logs Sale_Price, pools Neighborhood, creates dummies, and normalizes numeric predictors; prep and tidy are used appropriately and the step order is reasonable.","All three parsnip models are specified correctly with appropriate engines, regression mode, and tunable parameters (penalty/mixture for glmnet, min_n/trees for ranger).","parsnip::translate() is applied to each of the three model objects, correctly showing the underlying engine-specific templates.",set.seed(8740) is called and rsample::bootstraps() is used on ames_train to create a bootstrap resampling object as required.,"workflowsets::workflow_set() is used correctly with the recipe and three models, but the info column is unnested with unnest_wider() instead of tidyr::unnest(), which partially diverges from the specified process.","workflow_map() is used appropriately, but the subsequent analysis uses collect_metrics() and slice_min() rather than the requested select/unnest/filter/arrange/ slice pipeline, and it minimizes mean instead of arranging by .estimate; this only partially matches the required workflow.",,
42,20,"Most core tidymodels steps—recipes, model specifications, resampling, workflow sets, and tuning—are implemented correctly and show good understanding. The main deductions are for omitting stratification in the train/test split and not following the exact unnesting and summarization workflow requested in Exercises 7 and 8. Tightening alignment with the specified arguments and data-wrangling steps would bring this to full credit.",3,2,3,3,3,3,2,1,,,Used skimr correctly on dat with a direct call and correctly noted no missing data; process and output match expectations.,"Correct use of set.seed, initial_split, training, and testing with 75% split, but missing the required strata = 'Sale_Price' argument.","Recipe uses the correct formula, log-transforms Sale_Price, pools Neighborhood, creates dummies, and normalizes numeric predictors; prep and tidy are used appropriately.","All three parsnip models are specified with correct engines, regression mode, and tunable parameters for glmnet and ranger.","parsnip::translate is applied to each of the three model objects, correctly showing the underlying templates.",set.seed(8740) is called and rsample::bootstraps is used on ames_train to create a bootstrap resampling object as required.,"workflow_set is correctly created with the recipe and three models, but the info column is unnested with unnest_wider rather than the expected simple unnest; functionality is fine but deviates slightly from the specified process.","workflow_map is used correctly, but instead of unnesting result and .metrics with select/unnest/filter/arrange/slice, collect_metrics and slice_min(mean) are used; this departs from the requested workflow and column structure.",,
43,25,"You completed nearly all parts of the lab with appropriate use of tidymodels, recipes, parsnip, rsample, and workflowsets. Most core workflows and model specifications are correct, and your code is generally well structured. To improve, align more closely with the requested processes (e.g., stratified splits, specific unnesting steps, and finalization details) and avoid including install.packages() calls in solution chunks.",2.5,2,3,3,3,3,2,1.5,3,2,"You correctly used skimr on dat and noted no missing data. To fully match the rubric, use the pipe operator (dat |> skimr::skim()) and avoid reloading dat inside this chunk.","You set the seed and used initial_split, training, and testing with a 0.75 prop, which is good. However, you omitted strata = 'Sale_Price', so the split is not stratified as required.","Your recipe uses the correct formula, log-transforms Sale_Price, pools Neighborhood, creates dummies, and normalizes numeric predictors, and you prep and tidy it. This fully satisfies the required preprocessing steps.","All three models are specified correctly with linear_reg and rand_forest, appropriate engines and regression mode, and penalty/mixture and min_n/trees set to tune(). This matches the expected model setup.","You applied parsnip::translate() to each of the three model objects, which is exactly what was required to inspect the engine-specific templates.","You set the seed and created train_resamples with rsample::bootstraps(ames_train), producing the correct bootstrap resampling object.","You correctly built all_workflows with workflow_set using the recipe and three models and then examined the info structure. However, including install.packages(""glmnet"") inside the chunk is poor practice and would incur a small discretionary penalty.","You correctly used workflow_map to tune and then summarized results, but you relied on collect_metrics() instead of the specified unnesting workflow and used slice_min(mean) rather than arranging by .estimate and slicing. This partially meets the process but does not follow the rubric’s exact steps.","You called workflowsets::rank_results(all_workflows, rank_metric = 'rmse', select_best = TRUE) as required; comparison to Q8 is implicit but the core code is correct.","You extracted the base_forest workflow, selected best parameters with select_best, and finalized the workflow, then fit on train and test and computed an MSE ratio. However, you rebuilt a new workflow with a different recipe and did not explicitly fix trees = 1 and min_n = 11 as in the reference, so the process and reported ratio deviate from the expected solution."
44,25,"Most exercises are completed with appropriate use of tidymodels, recipes, parsnip, rsample, and workflowsets, and the overall workflow from EDA through model tuning is clear. A few steps diverge from the specified process (not stratifying the split, different unnesting approach, and using collect_metrics instead of the requested unnest pipeline), and the final model parameters/ratio do not match the reference solution. Tightening adherence to the exact arguments and workflows in the rubric would bring this to full credit.",3,2,3,3,3,3,2,1,3,2,Used skimr correctly with skim(dat) on the dat object and noted no missing data; process and output match expectations.,"Correct use of set.seed and initial_split/training/testing with 75% split, but you omitted the required strata = 'Sale_Price' argument, so the process is slightly off.","Recipe uses the correct formula, log-transforms Sale_Price, pools Neighborhood, creates dummies, and normalizes numeric predictors; you prep and inspect with broom::tidy, satisfying all criteria.","All three parsnip models are specified correctly with appropriate engines, modes, and tunable parameters (penalty/mixture for glmnet, min_n/trees for ranger).","parsnip::translate is applied to each of the three model objects, correctly showing the underlying templates.","You set the seed and create train_resamples with rsample::bootstraps(ames_train), producing the expected bootstrap resampling object.","workflow_set is created correctly with the recipe and three models, but you unnested the info column using unnest_wider rather than tidyr::unnest(info) as specified; structure is still examined, but process deviates slightly.","You correctly use workflow_map and extract best rmse per workflow, but you rely on collect_metrics and slice_min(mean) instead of the requested select/unnest/filter/arrange/slice pipeline, and you minimize mean rather than arranging by .estimate; process and output differ from the rubric.","rank_results is called with all_workflows, rank_metric = 'rmse', and select_best = TRUE as required; this matches the expected workflow comparison step.","You correctly extract the base_forest workflow, finalize it using select_best parameters, and fit on train and test data, but you do not explicitly set trees = 1 and min_n = 11 as in the key and your reported MSE ratio differs from the expected value."
45,19,"You completed most of the required steps and demonstrated a solid understanding of recipes, model specification, resampling, and workflowsets. The main deductions are for not following some of the exact processes requested in the rubric (e.g., using strata in the split, specific unnesting steps in Exercises 7–8). For future labs, pay close attention to the exact functions and workflows specified, even if alternative approaches are also valid in practice.",2,2,3,3,3,3,2,1,,,"You correctly used skimr on dat and noted no missing data, but the rubric expected using the pipe operator (dat |> skimr::skim()) in a single step without reloading dat or attaching the package.","You set the seed, used initial_split, training, and testing with a 75% split, but you omitted the required strata = 'Sale_Price' argument in initial_split.","Your recipe uses the correct formula, log-transforms Sale_Price, pools Neighborhood, creates dummies, and normalizes numeric predictors; you then prep and examine it with broom::tidy, matching the expected process.","All three models are specified correctly with linear_reg and rand_forest, appropriate engines and regression mode, and penalty/mixture and min_n/trees set to tune(), satisfying the rubric.","You applied parsnip::translate() to each of lm_mod_base, lm_mod_glmnet, and lm_mod_rforest, which is exactly what was required.","You set the seed and created train_resamples with rsample::bootstraps(ames_train), producing the expected bootstrap resampling object.","You correctly built all_workflows with workflow_set and then examined its structure, but you used unnest_wider(info) instead of tidyr::unnest(info) as specified in the rubric.","You correctly used workflow_map and tuned the models, but instead of unnesting result and .metrics and arranging by .estimate as requested, you used collect_metrics() and slice_min(mean), which does not follow the specified workflow or output structure.",,
46,25,"Most exercises are completed with correct use of tidymodels, recipes, parsnip, rsample, and workflowsets, showing a solid grasp of the workflow. The main issues are omission of stratification in the train/test split and not following the exact unnesting and ranking pipeline requested in Exercise 8, plus a different final parameter choice and MSE ratio in Exercise 10. Tightening alignment with the specified arguments and data-processing steps would bring this to full credit.",3,2,3,3,3,3,2,1,3,2,"Used skimr correctly with dat |> skim(), and clearly stated there is no missing data; matches expected workflow.","Correct use of set.seed and initial_split/training/testing with 75% split, but missing the required strata = 'Sale_Price' argument.","Recipe uses the correct formula, log-transforms Sale_Price, pools Neighborhood, creates dummies, and normalizes numeric predictors; prep and tidy are used appropriately.","All three parsnip models are specified correctly with appropriate engines, regression mode, and tunable parameters for glmnet and ranger.","parsnip::translate() is applied to each of the three model objects, correctly showing the underlying templates.",set.seed(8740) is called and rsample::bootstraps() is used on ames_train to create a bootstrap resampling object as required.,"workflow_set is correctly created with the recipe and three models, but the info column is unnested with unnest_wider() instead of tidyr::unnest(), which partially diverges from the specified process.","workflow_map() is used appropriately, but the subsequent analysis relies on collect_metrics() and slice_min(mean) rather than the required select/unnest/filter/arrange/slice pipeline, and it minimizes mean instead of ordering by .estimate; this only partially matches the rubric.","workflowsets::rank_results() is called with all_workflows, rank_metric = 'rmse', and select_best = TRUE as specified.","Correctly extracts the 'base_forest' workflow, selects best parameters, finalizes, and fits on train and test; however, it does not explicitly use the given trees = 1, min_n = 11 configuration and the reported MSE ratio differs from the expected reference."
47,25,"Most exercises are completed with correct use of tidymodels, recipes, parsnip, rsample, and workflowsets, showing a solid grasp of the workflow. The main issues are omission of stratification in the split, deviation from the requested unnesting pipeline in Exercise 8, and not matching the specified parameter values and expected performance comparison in Exercise 10. Tightening adherence to the exact arguments and data-manipulation steps in the rubric would bring this to full credit.",3,2,3,3,3,3,2,1,3,2,Used skimr::skim on dat with a direct call and correctly noted no missing data; process and output match the rubric.,"Used set.seed and rsample::initial_split/training/testing with 75% split, but omitted the required strata = 'Sale_Price' argument.","Recipe uses the correct formula, logs Sale_Price, pools Neighborhood, creates dummies, and normalizes numeric predictors; prep and tidy are shown and the step order is appropriate.","All three parsnip models are correctly specified with appropriate engines, regression mode, and tunable parameters penalty/mixture and min_n/trees.",parsnip::translate is correctly applied to each of the three model objects to inspect engine-specific templates.,set.seed(8740) is called and rsample::bootstraps is used on ames_train to create a bootstrap resampling object as required.,"workflowsets::workflow_set is correctly built with the recipe and three models, but the info column is unnested with unnest_wider instead of tidyr::unnest, which partially diverges from the expected process.","workflow_map is used appropriately, but the subsequent code relies on workflowsets::collect_metrics and slice_min(mean) instead of the specified select/unnest/filter/group_by/arrange/slice workflow and uses a non-rubric column name, so process and output structure do not fully match.","Correctly calls workflowsets::rank_results with all_workflows, rank_metric = 'rmse', and select_best = TRUE as specified.","Correctly extracts the 'base_forest' workflow, uses select_best and finalize_workflow, and fits on train/test, but does not use the specified fixed parameters (trees = 1, min_n = 11) and the reported MSE ratio differs from the expected benchmark."
48,22,"You completed all exercises with generally correct use of tidymodels, recipes, parsnip models, workflowsets, and resampling. Most core workflows and function calls are present and reasonable. To improve, align more closely with the specified processes (e.g., using strata in splits, unnesting result/.metrics as directed, and avoiding install.packages in analysis code) and ensure final model finalization and evaluation follow the exact workflow from the rubric.",2.5,2,3,3,3,3,2,1.5,3,2,"You correctly used skimr on dat and noted no missing data. To fully match the rubric, use the pipe operator (dat |> skimr::skim()) and avoid reloading dat inside this chunk.","You set the seed, used initial_split, training, and testing with a 0.75 prop, which is good. However, you omitted the strata = 'Sale_Price' argument, so the split does not fully follow the specified process.","Your recipe uses the correct formula, log-transforms Sale_Price, pools Neighborhood, creates dummies, and normalizes numeric predictors, then preps and tidies the recipe. This matches the required steps and order.","All three models are specified correctly with linear_reg and rand_forest, appropriate engines and regression mode, and penalty/mixture and min_n/trees set to tune(). This fully meets the modeling requirements.","You applied parsnip::translate() to each of the three model objects, which is exactly what was requested to inspect the engine-specific templates.","You set the seed and created train_resamples with rsample::bootstraps(ames_train), producing the correct bootstrap resampling object.","You correctly built all_workflows with workflow_set using the recipe and three models and then examined the info structure. However, including install.packages('glmnet') inside the chunk is poor practice and would incur a small penalty.","You correctly used workflow_map and then summarized results, but you relied on collect_metrics() instead of unnesting result and .metrics as specified, and you minimized by a 'mean' column rather than arranging by .estimate. This partially meets the intent but not the exact workflow in the rubric.","You called workflowsets::rank_results(all_workflows, rank_metric = 'rmse', select_best = TRUE) as required; comparison to Q8 is described in comments, which is sufficient for this exercise.","You extracted the base_forest workflow, selected best parameters, finalized the workflow, and fit on train and test data, then computed a test/train MSE ratio. However, you rebuilt a separate workflow with a new recipe instead of directly finalizing and fitting the extracted workflow, and your reported ratio differs from the expected value."
49,22.5,"Your lab shows a solid understanding of tidymodels workflows, recipes, model specification, and resampling. Most core steps are present and correctly structured, especially in preprocessing, model creation, and workflow/rank_results usage. To improve, align more closely with the specified processes (e.g., using strata in splits, the exact unnesting pipeline in Exercise 8, and reusing the finalized workflow in Exercise 10) and avoid including install.packages calls inside analysis chunks.",2.5,2,3,3,3,3,2.5,1.5,3,2,"You correctly used skimr on dat and noted no missing data. However, the rubric expected using the pipe operator (dat |> skimr::skim()) in a single step without reloading dat or attaching skimr; minor process deviation.","You set the seed, used initial_split, and created ames_train/ames_test with a 75% split, which is good. The split is missing strata = 'Sale_Price', which is required by the rubric, so process/output are slightly off.","You created norm_recipe with the correct formula, log-transformed Sale_Price, pooled Neighborhood, created dummies, and normalized numeric predictors, then prepped and examined with broom::tidy. This matches the required steps and order.","All three models are specified correctly: linear_reg with lm engine, glmnet with penalty and mixture tuned, and rand_forest with min_n and trees tuned, all in regression mode. This fully matches the rubric.","You applied parsnip::translate() to each of the three model objects, which is exactly what was required to inspect the engine-specific templates.","You set the seed and created train_resamples with rsample::bootstraps(ames_train), storing it in the correct variable. This matches the expected process and output structure.","You built all_workflows with workflow_set using norm_recipe and the three models, and then examined the info structure via unnest_wider, which is acceptable. The extra install.packages('glmnet') inside the chunk is unnecessary and poor practice, so a small penalty is applied.","You correctly used workflow_map and then summarized performance, but you relied on collect_metrics() and slice_min(mean) instead of the specified sequence of select, unnest(result), unnest(.metrics), filter(.metric == 'rmse'), group_by, arrange(desc(.estimate)), and slice(1). This meets the goal conceptually but diverges from the required workflow and column usage.","You called workflowsets::rank_results(all_workflows, rank_metric = 'rmse', select_best = TRUE) as required. The comparison to Q8 is implicit but the core code matches the rubric.","You extracted the 'base_forest' workflow, used select_best with rmse, and finalized the workflow, then fit to train and test and computed an MSE ratio. However, you rebuilt a new workflow with a different recipe and did not use the finalized workflow directly, and the reported ratio does not match the expected approximate value, so process/output are partially misaligned."
50,22,"Most core tidymodels steps—recipes, model specifications, workflow sets, resampling, and tuning—are implemented correctly and show good understanding. Points were lost mainly for missing strata in the split, deviating from the requested unnest-based workflow in Exercise 8, including an install.packages call in the workflow chunk, and not matching the specified parameter values/ratio in Exercise 10. Review the rubric instructions closely, especially around required arguments and the exact data-manipulation pipeline they ask you to demonstrate.",3,2,3,3,3,3,2,1,3,2,Used skimr correctly with skim(dat) on the dat object and noted no missing data; process and output match expectations.,"Correct use of set.seed and initial_split/training/testing with 75% split, but you omitted the required strata = 'Sale_Price' argument.","Recipe uses the correct formula, log-transforms Sale_Price, pools Neighborhood, creates dummies, and normalizes numeric predictors; prep and tidy are used appropriately.","All three parsnip models are specified correctly with appropriate engines, regression mode, and tunable parameters penalty/mixture and min_n/trees.","parsnip::translate() is applied to each of the three model objects, correctly showing the underlying engine-specific templates.","You set the seed and created train_resamples with rsample::bootstraps(ames_train), producing the expected bootstrap resampling object.","workflow_set is correctly built with the recipe and three models and you examine the info structure, but including install.packages('glmnet') inside the chunk is poor practice and not allowed per instructions.","You correctly use workflow_map and then summarize with collect_metrics and filtering for rmse, but this does not follow the requested unnest/select/arrange/slice workflow and uses mean instead of .estimate, so the process and output structure differ from the rubric.","You call workflowsets::rank_results with all_workflows, rank_metric = 'rmse', and select_best = TRUE as required; comparison to Q8 is implied.","You correctly extract the 'base_forest' workflow, obtain best parameters with select_best, finalize the workflow, and fit on train/test; however, you do not explicitly use the specified trees = 1, min_n = 11 values and your reported MSE ratio differs from the expected benchmark."
