Run,Total,OverallComment,Q1,Q2,Q3,Q4,Q5,Q6,Q7,Q8,Q9,Q10,Q1_feedback,Q2_feedback,Q3_feedback,Q4_feedback,Q5_feedback,Q6_feedback,Q7_feedback,Q8_feedback,Q9_feedback,Q10_feedback
1,19,"You demonstrated a solid understanding of tidymodels workflows, recipes, and workflowsets, and most exercises follow the intended structure. The main deductions are for small but important deviations from the specified arguments (e.g., missing strata, default bootstrap settings) and not strictly following the exact workflow/IDs and parameters requested in the rubric. Tightening those details and aligning more closely with the provided process would bring this to full credit.",1,2,3,2,3,2,2,3,2,1,"You used skimr::skim() on dat, but did not use the pipe operator to pass dat into skim() as required, and you created/used dat separately. The missing-data conclusion is correct, but process fidelity is off.","You correctly used set.seed(8740), initial_split, training, and testing with a 0.75 prop, but you omitted the required strata = 'Sale_Price' argument. Add stratification on Sale_Price to fully match the rubric.","Your recipe uses the correct formula, log-transforms Sale_Price, pools Neighborhood, creates dummies, and then centers/scales predictors, and you prep and tidy it. This matches the expected steps and order closely enough.","You defined the three models with correct engines and tuning parameters, but you did not explicitly set mode = 'regression' for the lm and glmnet models as expected. Add set_mode('regression') to fully align with the rubric.","You correctly called parsnip::translate() on each of the three model objects, which is exactly what was required for this exercise.","You set the seed and created a bootstrap object from ames_train, but you did not namespace bootstraps() with rsample:: and you changed the default resample count by specifying times = 25. Use rsample::bootstraps(ames_train) with defaults for full credit.","You correctly built a workflow_set with the recipe and three models, but you only selected the info column instead of unnesting it as requested. Use tidyr::unnest(info) to inspect the workflow structure.","You created a workflow_set, tuned with workflow_map, and then unnested result and .metrics, filtered for rmse, grouped by wflow_id, arranged by .estimate, and sliced the top row. This matches the required workflow even though you used a separate object name.","You used rank_results(all_workflows_res, rank_metric = 'rmse', select_best = TRUE) and compared results, but the rubric expected rank_results(all_workflows, ...). The overall comparison logic is sound, but stick to the specified object for full alignment.","You attempted to extract and finalize the best workflow and compare train/test performance, but there are issues: extract_workflow('base_ranger') does not match your IDs, finalize_workflow is mis-specified in Q10b, and you did not use the specified best parameters (trees = 1, min_n = 11). The extended Q10c workflow is conceptually correct but diverges from the rubric’s specific process and parameter values."
2,21,"You completed all exercises and generally followed the tidymodels workflow, including recipes, models, workflow sets, tuning, and ranking. Most steps are structurally correct, but there are a few rubric-specific misses (e.g., missing strata in the split, not unnesting info, minor model specification issues, and an incorrect/syntactically broken finalize_workflow step). Tightening those details and aligning IDs/parameters with the provided template would bring this to full credit.",2,2,3,2,3,3,2,3,3,1,"You correctly used skimr::skim on dat and stated there is no missing data, but the rubric expected using the pipe operator (dat |> skimr::skim()) in a single step without extra objects or checks.","You set the seed and used rsample::initial_split, training(), and testing(), but you omitted strata = 'Sale_Price', which was required for the specified 75% stratified split.","Your recipe uses the correct formula, applies log to Sale_Price, pools Neighborhood, creates dummies, and then centers/scales predictors, and you prep and tidy the recipe; this matches the required transformations and workflow.","You created three parsnip models with appropriate engines and tuning parameters, but you did not explicitly set mode = 'regression' for the first two models and used unqualified tune(), which is slightly off the expected explicit parsnip::tune() usage.","You correctly called parsnip::translate() on each of the three model objects, which matches the expected process and would show the three engine-specific templates.",You set the seed and created a bootstrap resampling object from ames_train using bootstraps(); specifying times = 25 is acceptable and matches the intended workflow.,"You built a workflow_set with the recipe and three models correctly, but you only selected the info column instead of unnesting it with tidyr::unnest(info) as required to examine the workflow structure.","You used workflow_map on the workflow set, then selected wflow_id and result, unnested result and .metrics, filtered for rmse, grouped by wflow_id, arranged by .estimate, and sliced the top row, which matches the required process even though you stored results in all_workflows_res.","You called workflowsets::rank_results with all_workflows_res, rank_metric = 'rmse', and select_best = TRUE and compared these to your earlier results, which aligns with the rubric’s expectations.","You attempted to extract, finalize, and fit the best workflow and computed a test/train MSE ratio, but the extract_workflow call uses 'base_ranger' instead of 'base_forest', the finalize_workflow code in Q10b is syntactically incorrect, and the reported ratio does not match the expected approximate value."
3,19,"You completed all exercises and generally followed the tidymodels workflow, including recipes, parsnip models, workflowsets, tuning, and performance comparison. Most deductions are for small deviations from the specified arguments (e.g., missing strata, base in log, default bootstrap settings), naming/ID mismatches, and not fully matching the requested unnesting and best-model configuration. Tightening alignment with the provided solution structure and rubric (especially in Exercises 2, 7, and 10) would bring this to full credit.",1,2,2,2,3,2,2,2,2,1,"You used skimr::skim() on dat, but did not use the pipe operator to pass dat into skim() as required, and you created/used dat separately from the earlier definition. The missing-data conclusion is correct.","You correctly used set.seed() and rsample::initial_split(), training(), and testing(), and created ames_train/ames_test with a 75% split. However, you omitted the required strata = 'Sale_Price' argument.","You created norm_recipe with the correct formula and included step_log, step_other, step_dummy, centering, and scaling, then prepped and tidied it. To fully match the rubric, you should explicitly set base = exp(1) in step_log and ensure centering/scaling are applied only to numeric predictors (all_numeric_predictors()).","You defined three parsnip models and correctly tuned penalty/mixture and min_n/trees, and set the ranger model to regression mode. However, you did not set mode = 'regression' for the lm and glmnet models, and you used bare tune() instead of parsnip::tune(), which is less explicit per the rubric.","You correctly called parsnip::translate() on each of the three model objects, which matches the expected workflow and will display the appropriate engine-specific templates.","You set the seed and created a bootstrap object from ames_train, which satisfies the main goal. To fully align with the rubric, you should explicitly call rsample::bootstraps() and avoid adding extra arguments (times = 25) when the instructions specify default parameters.","You built a workflow_set with the base recipe and three models, and inspected wflow_id and info. However, you did not unnest the info column as required, and your model names (lm, glmnet, ranger) differ from the expected base/glmnet/forest naming in the rubric.","You correctly updated all_workflows via workflow_map, then unnested result and .metrics, filtered for rmse, grouped by wflow_id, arranged by .estimate, and sliced the top row. However, you rebuilt recipes/models/workflows instead of using the existing all_workflows object, and your code structure diverges from the simpler select/unnest chain requested.","You used workflowsets::rank_results() with rank_metric = 'rmse' and select_best = TRUE and compared results, which meets the core requirement. The additional custom comparison code is fine but not necessary and slightly obscures the direct comparison to Exercise 8.","In Q10c you correctly used extract_workflow(), finalize_workflow(), and fit() on training and test data and computed a test/train MSE ratio, which matches the intended workflow. However, Q10a uses a non-existent workflow id ('base_ranger'), Q10b has a syntax error (best_params and tibble call), and your chosen best parameters/ratio do not match the specified base_forest workflow with trees = 1, min_n = 11."
4,21,"Your lab shows a solid grasp of tidymodels workflows, recipes, model specification, and workflowsets, and you completed all exercises with mostly correct code and reasoning. Most deductions are for small deviations from the specified arguments (e.g., missing strata, not unnesting info, or not following the exact workflow/IDs requested) rather than conceptual misunderstandings. For future labs, focus on matching the requested function arguments and output inspection steps exactly, and clean up redundant or conflicting code chunks so the workflow is clearer and more reproducible.",2,2,3,2,3,3,2,3,2,2,"You correctly used skimr::skim on dat and stated there is no missing data, but the rubric expected using the pipe operator (dat |> skimr::skim()) in a single step without extra objects or checks.","You set the seed and used rsample::initial_split, training(), and testing(), but you omitted strata = 'Sale_Price', which was required for the stratified 75/25 split.","Your recipe uses the correct formula, log-transforms Sale_Price, pools Neighborhood, creates dummies, and then centers/scales predictors; you also prep and examine it with broom::tidy, matching the required process and transformations.","You created three parsnip models and used tune() for the appropriate parameters, but you did not explicitly set mode = 'regression' for the first two models and did not namespace tune(), which slightly departs from the expected specification.","You correctly called parsnip::translate() on each of the three model objects, which matches the required workflow and will show the appropriate engine-specific templates.",You set the seed and created a bootstrap resampling object from ames_train using bootstraps(); specifying times = 25 is acceptable and meets the intent of creating default-style bootstrap samples.,"You built a workflow_set with the recipe and three models correctly, but you only selected the info column instead of unnesting it with tidyr::unnest(info) as required to examine the workflow structure.","You used workflow_map on the workflow set, then selected wflow_id and result, unnested result and .metrics, filtered for rmse, grouped by wflow_id, arranged by .estimate, and sliced the top row, which matches the required process even though you used a separate all_workflows_res object.","You correctly used workflowsets::rank_results(all_workflows_res, rank_metric = 'rmse', select_best = TRUE) and compared results, but the rubric expected rank_results to be called directly on all_workflows; your extra comparison code is fine but not necessary.","You ultimately extracted the best workflow, finalized it with select_best parameters, and fit on both training and test data, but earlier code chunks contain errors (misplaced finalize_workflow call and best_params) and you did not match the specified base_forest workflow or the expected MSE ratio."
5,25,"Your lab shows a solid grasp of tidymodels workflows, recipes, model specification, and workflowsets, and you completed all exercises with mostly correct code and reasoning. Most deductions are for small deviations from the specified process (e.g., missing stratification, not unnested info, minor syntax issues) rather than conceptual misunderstandings. For future labs, focus on matching the requested arguments and steps exactly and cleaning up redundant or inconsistent code chunks.",2,2,3,2,3,3,2,3,3,2,"You correctly used skimr::skim on dat and stated there is no missing data. However, the rubric required using the pipe operator (dat |> skimr::skim()) in a single step without extra objects or checks; you created dat separately and added anyNA, so process fidelity is slightly off.","You set the seed, used rsample::initial_split, and created ames_train and ames_test with a 75% split, which matches most of the required process. You omitted the strata = 'Sale_Price' argument, so the split does not fully match the specified stratified process.","Your recipe uses the correct formula, applies step_log to Sale_Price, pools Neighborhood with step_other, creates dummies, and then centers and scales predictors, and you prep and examine it with broom::tidy. This matches the required transformations and workflow, even though you did not explicitly set base = exp(1).","You created three parsnip models and used linear_reg, rand_forest, set_engine, and tune() for the appropriate parameters. However, you did not explicitly set mode = 'regression' for the first two models, and the glmnet model is named differently than in the template, so the setup is slightly off the expected process.","You correctly called parsnip::translate() on each of the three model objects, which is exactly what was required to inspect the engine-specific templates.","You set the seed and created a bootstrap resampling object from ames_train using bootstraps(), which matches the expected process; specifying times = 25 is acceptable and still produces a valid bootstrap object.","You built a workflow_set with the recipe and three models and stored it in all_workflows, which is correct. However, you did not unnest the info column as requested; you only selected it, so the examination of the workflow structure is incomplete.","You used workflow_map on the workflow set, then selected wflow_id and result, unnested result and .metrics, filtered for rmse, grouped by wflow_id, arranged by .estimate, and sliced the top row. This matches the required workflow and would yield the best rmse per workflow.","You used workflowsets::rank_results with all_workflows_res, rank_metric = 'rmse', and select_best = TRUE, and compared these results to your earlier tuning, which aligns with the rubric’s expectations.","You ultimately identified a best workflow, finalized it with select_best parameters, fit on training and test data, and computed an MSE ratio, which matches the intended workflow. However, earlier Q10 code chunks contain syntax errors (finalize_workflow line) and use a different workflow id than specified in the rubric, so the process is not cleanly implemented throughout."
6,25,"Most exercises are completed with appropriate use of tidymodels, workflowsets, and rsample, and you generally follow the intended workflows. The main deductions are for missing strata in the split, not fully matching the expected unnesting in Exercise 7, and some deviations or minor syntax issues in the model specification and finalization steps. Tightening those details to align exactly with the rubric would bring this to full credit.",2,2,3,2,3,3,2,3,3,2,"You correctly used skimr::skim on dat and stated there is no missing data, but the rubric expected using the pipe operator (dat |> skimr::skim()) in a single step without extra objects or checks.","You used set.seed and rsample::initial_split plus training/testing correctly with a 75% split, but you omitted the required strata = 'Sale_Price' argument in initial_split.","Your recipe uses the correct formula, applies log to Sale_Price, pools Neighborhood, creates dummies, centers and scales predictors, and you prep and tidy it; this matches the required transformations and workflow.","You defined the three models with the right parsnip functions and engines and tuned parameters, but you did not explicitly set mode = 'regression' for the first two models as in the expected process.","You correctly called parsnip::translate() on each of the three model objects, matching the expected workflow and outputs.",You set the seed and created a bootstrap resampling object from ames_train using bootstraps(); specifying times = 25 is acceptable and meets the intent of creating multiple bootstrap samples.,"You built a workflow_set with the base recipe and three models correctly, but you only selected the info column instead of unnesting it with tidyr::unnest(info) as required to examine the structure.","You mapped tuning over the workflow set (into all_workflows_res) and then correctly unnested result and .metrics, filtered for rmse, grouped by wflow_id, arranged by .estimate, and sliced the top row per group.","You used workflowsets::rank_results with all_workflows_res, rank_metric = 'rmse', and select_best = TRUE and compared these to your earlier tuning results, which matches the expected process.","You ultimately identified a best workflow, finalized it with select_best parameters, and compared train/test performance, but earlier code chunks have syntax issues (finalize_workflow line) and you did not follow the specified base_forest workflow and fixed parameter values from the rubric."
7,21,"You demonstrated a solid grasp of tidymodels workflows, recipes, models, and workflowsets, and most exercises follow the intended structure. The main issues are small deviations from the specified arguments (e.g., missing strata, mode) and incomplete or incorrect steps in the later workflow/selection tasks, especially in Exercise 10. Tightening alignment with the exact instructions and simplifying your workflow mapping and ranking code will help ensure full credit in future labs.",2,2,3,2,3,3,2,3,2,1,"You correctly used skimr::skim on dat and stated there is no missing data, but you did not use the pipe operator (|>) as specified and added extra steps beyond the single-pipe workflow.","You set the seed and used rsample::initial_split, training(), and testing(), but you omitted strata = 'Sale_Price', so the split does not fully match the required process.","Your recipe uses the correct formula, log-transforms Sale_Price, pools Neighborhood, creates dummies, centers and scales predictors, and you prep and tidy the recipe; this matches the required transformations and workflow.","You created three parsnip models with appropriate engines and tuning parameters, but you did not explicitly set mode = 'regression' for the first two models and used unqualified tune() instead of parsnip::tune(), which slightly departs from the expected specification.","You correctly called parsnip::translate() on each of the three model objects, which is exactly what was required for this exercise.",You set the seed and created a bootstrap resampling object from ames_train using bootstraps(); using times = 25 is acceptable and matches the intended process and output.,"You built a workflow_set with the base recipe and three models, but you did not unnest the info column as requested—only selecting wflow_id and info—so the examination of workflow structure is incomplete.","You used workflow_map on the workflow set and then correctly selected wflow_id and result, unnested result and .metrics, filtered for rmse, grouped by wflow_id, arranged by .estimate, and sliced the top row, matching the required workflow.","You used workflowsets::rank_results with rank_metric = 'rmse' and select_best = TRUE on all_workflows_res and compared results, but the code is more convoluted than needed and does not clearly show a direct comparison back to your explicit Q8 summary.","You attempted to extract and finalize a best workflow and compute train/test metrics, but there are syntax errors (finalize_workflow line) and inconsistency in workflow IDs; the required base_forest workflow and specified best parameters (trees = 1, min_n = 11) were not used, and the final ratio does not match the expected result."
8,25,"Your lab shows a solid grasp of tidymodels workflows, recipes, model specification, and workflowsets, and you completed all exercises with mostly correct code and reasoning. Most deductions are for small deviations from the specified arguments (e.g., missing strata, not unnesting info) or minor process mismatches. Tightening alignment with the exact requested functions/arguments and cleaning up redundant or erroneous code chunks would bring this to full credit.",2,2,3,2,3,3,2,3,3,2,"You correctly used skimr::skim on dat and answered about missing data, but did not use the pipe operator to pass dat into skim as specified, and you reloaded dat instead of using the earlier object.","You set the seed and used rsample::initial_split, training(), and testing(), but omitted the required strata = 'Sale_Price' argument in initial_split.","Your recipe uses the correct formula, applies log to Sale_Price, pools Neighborhood, creates dummies, and then centers/scales predictors, and you prep and tidy the recipe; this matches the expected process and transformations.","You created three parsnip models with appropriate engines and tunable parameters, but you did not explicitly set mode = 'regression' for the lm and glmnet models as in the expected workflow.","You correctly called parsnip::translate() on each of the three model objects, which matches the required process.",You set the seed and created a bootstrap resampling object from ames_train using bootstraps(); using times = 25 is acceptable and meets the intent of the exercise.,"You built a workflow_set with the recipe and three models correctly, but for examining structure you only selected the info column instead of unnesting it with tidyr::unnest(info) as required.","You mapped tuning over the workflow set (into all_workflows_res) and then unnested result and .metrics, filtered for rmse, grouped by wflow_id, arranged by .estimate, and sliced the top row, matching the specified workflow even though you used a separate res object.","You used workflowsets::rank_results with rank_metric = 'rmse' and select_best = TRUE on all_workflows_res and compared results, which aligns with the rubric requirements.","You ultimately extracted the best workflow, finalized it with best_params, fit on training and test data, and computed an MSE ratio, but earlier code chunks have errors (misplaced tibble in finalize_workflow) and you did not explicitly use the specified base_forest workflow or the given best parameters."
9,18,"You completed all exercises and generally followed the tidymodels workflow, including recipes, models, workflowsets, tuning, and evaluation. Most key functions are present, but there are several deviations from the specified processes (e.g., missing strata in splits, not unnesting info, rebuilding objects inconsistently, and some errors in the finalization step). Tightening alignment with the provided workflow (object names, arguments, and sequence) will help you earn full credit in future labs.",1,2,3,2,3,2,2,2,2,1,"You used skimr::skim() correctly, but did not use the pipe operator to pass dat into skim in a single step as required; also you redefined dat inside the chunk instead of using the provided object.","You set the seed and used initial_split(), training(), and testing() with a 0.75 prop, but you omitted the required strata = 'Sale_Price' argument.","Recipe uses the correct formula, applies log to Sale_Price, pools Neighborhood, creates dummies, centers and scales predictors, and preps then tidies the recipe; overall process and transformations match the rubric.","You correctly specified linear_reg and rand_forest models with appropriate engines and tunable parameters, but you did not set the mode for the base and glmnet models and did not explicitly use parsnip::tune(), which slightly diverges from the expected process.","You applied parsnip::translate() to each of the three model objects as required, which would display the underlying engine-specific templates.","You set the seed and created a bootstrap object from ames_train, but you did not namespace bootstraps() with rsample:: and added extra arguments and printing beyond the minimal expected process.","You correctly built a workflow_set with the recipe and three models, but you only selected the info column instead of unnesting it to show the workflow structure as requested.","You correctly unnested result and .metrics, filtered for rmse, grouped by wflow_id, arranged by .estimate, and sliced the top row, but you rebuilt the workflows and used a different resampling object name than specified, which diverges from the expected workflow_map on all_workflows.","You used rank_results() with rank_metric = 'rmse' and select_best = TRUE and compared results, but you operated on all_workflows_res instead of the all_workflows object specified in the rubric.","You eventually extracted, finalized, and fit a best workflow and computed a test/train MSE ratio, but earlier code chunks contain errors (misplaced tibble in finalize_workflow, wrong workflow id) and the chosen best model/parameters and ratio do not match the expected base_forest example."
10,23,"Most core tidymodels workflows—recipes, models, workflow_set, tuning, and ranking—are implemented correctly and show good understanding. Main deductions are for small but important deviations from the specified process (missing strata in the split, not unnesting info, minor inconsistencies in model mode setting and workflow IDs, and a malformed finalize_workflow call). Cleaning up these details and aligning more closely with the provided templates would bring this to full credit.",1,2,3,2,3,3,2,3,3,1,"You used skimr::skim() on dat, but did not use the pipe operator to pass dat into skim() as required; conclusion about no missing data is present.","You correctly used set.seed() and rsample::initial_split()/training()/testing(), but omitted the required strata = 'Sale_Price' argument in initial_split.","Recipe uses the correct formula, applies log to Sale_Price, pools Neighborhood, creates dummies, and then centers/scales predictors; prep and broom::tidy() are used appropriately.","You correctly specified the three parsnip models and tuned parameters, but did not explicitly set mode = 'regression' for the first two models as in the expected workflow.","parsnip::translate() is correctly called on each of the three model objects, matching the expected process.","You set the seed and created a bootstrap resampling object from ames_train using rsample::bootstraps(), which satisfies the requirements even with an explicit times argument.","You created a workflow_set with the base recipe and three models correctly, but did not unnest the info column as requested; you only selected it without tidyr::unnest().","You used workflow_map on the workflow set, then unnested result and .metrics, filtered for rmse, grouped by wflow_id, arranged by .estimate, and sliced the top row, matching the required workflow.","You used workflowsets::rank_results(all_workflows_res, rank_metric = 'rmse', select_best = TRUE) and compared results, which aligns with the rubric’s expectations.","You ultimately extract, finalize, and fit a best workflow on train and test data, but the earlier extract_workflow ID ('base_ranger') is inconsistent with your workflow IDs and the finalize_workflow call in Q10b is syntactically incorrect; the process is conceptually right but not cleanly implemented."
11,25,"Your lab shows a solid understanding of tidymodels workflows, recipes, model specification, and tuning, and most exercises follow the intended processes closely. A few items diverge from the exact rubric (e.g., missing strata in the split, not unnested info in Q7, and a syntax issue in Q10b), but the overall structure and reasoning are strong. Tightening up those details and matching the specified arguments and naming conventions would bring this to full credit.",2,2,3,2,3,3,2,3,3,2,"You correctly used skimr::skim on dat and stated there is no missing data, but the rubric expected using the pipe operator (dat |> skimr::skim()) in a single step without extra objects or checks.","You set the seed and used rsample::initial_split, training(), and testing(), but you omitted the required strata = 'Sale_Price' argument in initial_split, so the split process is not fully as specified.","Your recipe uses the correct formula, applies step_log to Sale_Price, pools Neighborhood with step_other, creates dummies, and then centers/scales predictors, and you prep and examine with broom::tidy; this matches the required transformations and workflow.","You created three parsnip models and used tune() for penalty/mixture and min_n/trees, but you did not explicitly set mode = 'regression' for the first two models and did not namespace tune(), which is slightly off from the expected fully explicit specification.","You correctly called parsnip::translate() on each of the three model objects, which matches the required process and would show the appropriate engine-specific templates.",You set the seed and created a bootstrap resampling object from ames_train using bootstraps(); using times = 25 is acceptable and meets the intent of creating default-style bootstrap samples.,"You built a workflow_set with the recipe and three models and inspected the info column, but you did not unnest(info) as requested, and your model names differ from the base/glmnet/forest naming used in the rubric (though functionally similar).","You used workflow_map on the workflow set, then selected wflow_id and result, unnested result and .metrics, filtered for rmse, grouped by wflow_id, arranged by .estimate, and sliced the top row, which matches the required workflow even though you stored results in all_workflows_res.","You called workflowsets::rank_results with rank_metric = 'rmse' and select_best = TRUE and compared/used the output alongside your Exercise 8 results, satisfying the rubric requirements.","You ultimately implemented a full workflow to identify the best model, finalize it with best_params, and compare train/test performance, but the earlier Q10b chunk has a syntax error (finalize_workflow(best_params) line followed by a stray tibble call), and you did not explicitly use the specified base_forest workflow or the given parameter values."
12,21,"You demonstrated a solid grasp of tidymodels workflows, recipes, models, and workflowsets, and most exercises include the right functions and general process. The main deductions are for small but important deviations from the specified arguments (e.g., missing strata, default parameters), naming/ID mismatches, and one syntactic error in finalize_workflow. Tightening alignment with the rubric’s exact specifications and cleaning up redundant or conflicting code blocks would bring this to full credit.",2,2,3,2,3,2,2,3,2,1,"You correctly used skimr::skim() on dat and stated there is no missing data, but the rubric expected using the pipe operator (dat |> skimr::skim()) in a single step without extra objects or checks.","You set the seed and used rsample::initial_split(), training(), and testing() with a 0.75 prop, but you omitted the required strata = 'Sale_Price' argument in initial_split.","Your recipe uses the correct formula, applies log to Sale_Price, pools Neighborhood, creates dummies, centers and scales predictors, and you prep and inspect with broom::tidy(); this matches the required process and transformations.","You created three parsnip models with appropriate engines and tuning parameters, but you did not explicitly set mode = 'regression' for the lm and glmnet models as expected in the rubric.","You correctly called parsnip::translate() on each of the three model objects, which is exactly what was required for examining the model templates.","You set the seed and used bootstraps() on ames_train to create a resampling object, but you did not namespace rsample::bootstraps() and you overrode the default by specifying times = 25 instead of using default parameters.","You built a workflow_set with the base recipe and three models and inspected its structure, but you did not unnest the info column as requested and your model names differ from the base/glmnet/forest naming used in the rubric.","You mapped workflow_map over the workflows, then selected wflow_id and result, unnested result and .metrics, filtered for rmse, grouped by wflow_id, arranged by .estimate, and sliced the top row; this matches the required workflow even though you used a separate all_workflows_res object.","You used workflowsets::rank_results() with rank_metric = 'rmse' and select_best = TRUE and compared results conceptually, but you applied it to all_workflows_res instead of all_workflows as specified and added extra, unnecessary code.","You attempted to extract a best workflow and finalize it, and in Q10c you showed a full tune–select–finalize–fit process, but the Q10b code is syntactically incorrect (finalize_workflow line) and you did not follow the rubric’s specific expectation of extracting 'base_forest' with fixed trees and min_n values."
13,21,"You demonstrated a solid grasp of tidymodels workflows, recipes, and workflowsets, and most exercises follow the intended structure. The main issues are small but important deviations from the rubric (e.g., missing strata in splits, not unnested info in Q7, and problems in the final model selection/finalization). Review the expected argument details and workflow IDs, and tighten up the finalization and evaluation steps for the best model.",2,2,3,2,3,2,2,3,2,1,"You correctly used skimr::skim() on dat and stated there is no missing data, but the rubric expected using the pipe operator (dat |> skimr::skim()) in a single step without extra objects or checks.","You set the seed and used rsample::initial_split(), training(), and testing() with a 0.75 split, but you omitted the required strata = 'Sale_Price' argument in initial_split.","Your recipe uses the correct formula, log-transforms Sale_Price, pools Neighborhood, creates dummies, and then centers/scales predictors; you prep and examine with broom::tidy(), matching the required process and transformations.","You defined three parsnip models with appropriate engines and tuning parameters, but you did not explicitly set mode = 'regression' for the lm and glmnet models as required by the rubric.","You correctly applied parsnip::translate() to each of the three model objects, which matches the expected workflow and would display the three engine-specific templates.","You set the seed and created a bootstrap object from ames_train, but you did not namespace rsample::bootstraps() and you overrode the default by specifying times = 25, which slightly departs from the expected process.","You built a workflow_set with the base recipe and three models and inspected its structure, but you did not unnest the info column as requested and your model names differ from the expected base/glmnet/forest labels.","You mapped tuning over the workflow set and then explicitly selected wflow_id and result, unnested result and .metrics, filtered for rmse, grouped, arranged by .estimate, and sliced the top row per group, fully matching the required workflow.","You used workflowsets::rank_results() with rank_metric = 'rmse' and select_best = TRUE and compared results conceptually, but you applied it to all_workflows_res instead of all_workflows as specified and added extra, unnecessary code.","You attempted to extract and finalize a best workflow and compare train/test performance, but the extract_workflow ID does not match the rubric’s 'base_forest', the finalize_workflow call is syntactically incorrect in Q10b, and the reported MSE ratio does not align with the expected value."
14,20,"You completed most of the required steps and demonstrated a solid understanding of recipes, models, workflowsets, and tuning. The main deductions were for missing or slightly incorrect arguments (e.g., strata in the split, explicit regression modes, rsample:: namespacing, and the final model extraction/finalization). Review the solution template and rubric to tighten up argument choices and fix the syntax issues in your final workflow code.",2,2,3,2,3,2,2,3,3,1,"You correctly used skimr::skim on dat and stated there is no missing data. However, the rubric expected using the pipe operator (dat |> skimr::skim()) in a single step without reassigning dat or adding extra checks.","You set the seed, used rsample::initial_split, and created ames_train and ames_test with prop = 0.75, but you omitted strata = 'Sale_Price', which was required for full credit.","Your recipe uses the correct formula, log-transforms Sale_Price, pools Neighborhood, creates dummies, and then centers/scales predictors, and you prep and tidy it. This matches the required steps and order closely enough for full credit.","You created the three models with the correct parsnip functions and engines, and tuned penalty/mixture and min_n/trees. However, you did not explicitly set mode = 'regression' for the first two models as required by the rubric.","You correctly called parsnip::translate() on each of the three model objects, which is exactly what was required.","You set the seed and created a bootstrap object from ames_train, but you did not namespace bootstraps with rsample:: and you overrode the default resample count with times = 25 instead of using defaults.","You built a workflow_set with the intended recipe and three models and inspected wflow_id and info, but you did not unnest(info) as requested, so the internal workflow details are not shown.","You used workflow_map on the workflow set, then selected wflow_id and result, unnested result and .metrics, filtered for rmse, grouped by wflow_id, arranged by .estimate, and sliced the top row, matching the required workflow even though you stored results in all_workflows_res.","You called workflowsets::rank_results with all_workflows_res, rank_metric = 'rmse', and select_best = TRUE and used it to compare models, which satisfies the rubric for this exercise.","You attempted to extract and finalize a best workflow and compare train/test performance, but there are syntax errors (finalize_workflow line), the specified workflow id differs from the rubric’s base_forest, and you do not clearly use the required trees = 1, min_n = 11 configuration, so the finalization and comparison are not aligned with the expected process."
15,22,"You demonstrated a solid grasp of tidymodels workflows, recipes, model specification, and tuning, and most exercises follow the intended process closely. The main issues are small deviations from the specified arguments (e.g., missing strata in the split, not unnested info in Q7) and some messy or incorrect code in Q10b. Cleaning up those inconsistencies and aligning more strictly with the provided specifications would bring this to full credit.",2,2,3,2,3,3,2,3,3,2,"You correctly used skimr::skim on dat and stated there is no missing data. However, you did not use the pipe operator to pass dat into skim in a single step as specified, and you redefined dat inside the chunk.","You set the seed and used rsample::initial_split, training(), and testing() with a 0.75 prop, which is mostly correct. You omitted the required strata = 'Sale_Price' argument in initial_split.","Your recipe uses the correct formula, applies step_log to Sale_Price, pools Neighborhood with step_other, creates dummies, and then centers/scales predictors, and you prep and tidy the recipe. This matches the required transformations and reasonable step order.","You correctly specified linear_reg and rand_forest models with appropriate engines and tunable parameters, and set_mode('regression') for the forest. However, you did not set the mode for the glmnet model and did not namespace tune(), which slightly departs from the expected parsnip usage.","You applied parsnip::translate() to each of the three model objects, which is exactly what was required to inspect the engine-specific templates.","You set the seed and created a bootstrap object from ames_train using bootstraps(), which satisfies the requirement even though you explicitly set times = 25 and added an extra preview.","You correctly built a workflow_set with the base recipe and three models and inspected the wflow_id and info columns. However, you did not unnest the info column as requested, so the internal workflow details are not shown.","You mapped workflow_map over the workflow set (into all_workflows_res) and then selected wflow_id and result, unnested result and .metrics, filtered for rmse, grouped by wflow_id, arranged by descending .estimate, and sliced the top row. This matches the required workflow and structure, even though you used a separate object name.","You used workflowsets::rank_results with all_workflows_res, rank_metric = 'rmse', and select_best = TRUE, and compared these results to your earlier tuning output, which aligns with the exercise intent.","You ultimately implemented a full workflow to identify the best model by RMSE, finalize it with select_best parameters, and compare train/test performance, reporting an MSE ratio. However, the earlier Q10b chunk has incorrect finalize_workflow syntax and an unused tibble, and you did not explicitly use the specified base_forest workflow or the given parameter values."
16,23,"You completed all exercises and generally followed the tidymodels workflow, including recipes, models, workflowsets, tuning, and evaluation. Most key functions are present and used in a reasonable way, but there are several deviations from the specified arguments (e.g., missing strata in the split, altered bootstrap defaults, different workflow IDs) and a syntax issue in Q10b. Review the rubric’s exact parameter requirements and clean up the finalize_workflow section so your best-model selection and comparison fully align with the intended solution.",2,2,3,2,3,2,2,3,3,1,"You correctly used skimr::skim on dat and stated there is no missing data. However, the rubric expected using the pipe operator (dat |> skimr::skim()) in a single step without reassigning dat or adding extra checks.","You set the seed and used rsample::initial_split, training(), and testing() with a 0.75 prop. However, you omitted the required strata = 'Sale_Price' argument in initial_split, so the split process is not fully correct per the rubric.","Your recipe uses the correct formula, log-transforms Sale_Price, pools Neighborhood, creates dummies, and then centers/scales predictors. You prep the recipe and examine it with broom::tidy(norm_recipe), which matches the required workflow and transformations.","You correctly specified a base linear_reg with lm and a random forest with ranger, and used tune() for penalty/mixture and min_n/trees. However, you did not explicitly set mode = 'regression' for the first two models and used unqualified tune() instead of parsnip::tune(), which slightly departs from the expected parsnip workflow.","You applied parsnip::translate() to each of the three model objects, which is exactly what was required to inspect the engine-specific templates.","You set the seed and created a bootstrap object from ames_train, which matches the intended process, but you did not namespace bootstraps() with rsample:: and changed the default parameters (times = 25) instead of using the default settings specified in the rubric.","You created a workflow_set with the base recipe and three models and then selected the wflow_id and info columns. However, the rubric expected tidyr::unnest(info) to inspect the structure, and your model list names (lm, glmnet, ranger) differ from the specified base/glmnet/forest naming.","You used workflow_map on the workflow set, then selected wflow_id and result, unnested result and .metrics, filtered for rmse, grouped by wflow_id, arranged by descending .estimate, and sliced the top row. This matches the required sequence and output structure, even though you stored results in all_workflows_res instead of overwriting all_workflows.","You called workflowsets::rank_results with all_workflows_res, rank_metric = 'rmse', and select_best = TRUE, and compared these rankings to your earlier tuning results, which aligns with the rubric’s expectations.","You attempted to extract a best workflow and finalize it, and in Q10c you correctly used extract_workflow, finalize_workflow, and fit on training and test data. However, Q10b contains a syntax error (finalize_workflow(best_params) followed by a stray tibble call), and you did not use the specified base_forest workflow or the given best parameters (trees = 1, min_n = 11), so the process and reported performance do not match the rubric."
17,21,"You completed all exercises and generally followed the tidymodels workflow, with especially strong work on the recipe and workflow mapping steps. Most deductions are for small deviations from the specified arguments (e.g., missing strata, different naming) and for some inconsistencies and errors in the final model selection and evaluation. Review the rubric’s exact function arguments and workflow ids, and double-check syntax when finalizing and fitting the best model.",2,2,3,2,3,2,2,3,2,1,"You correctly used skimr::skim on dat and stated there is no missing data, but the rubric expected using the pipe operator (dat |> skimr::skim()) in a single step without extra objects or checks.","You set the seed and used rsample::initial_split, training(), and testing() with a 0.75 split, but you omitted the required strata = 'Sale_Price' argument.","Your recipe uses the correct formula, logs Sale_Price, pools Neighborhood, creates dummies, centers and scales predictors, and you prep and examine it with broom::tidy; this matches the expected process and transformations.","You created three parsnip models with appropriate engines and tuning parameters, but you did not explicitly set mode = 'regression' for the lm and glmnet models as expected in the rubric.","You correctly applied parsnip::translate() to each of the three model objects, which is exactly what was required.","You set the seed and created bootstrap resamples from ames_train, but you did not namespace rsample::bootstraps and you changed the default by specifying times = 25 and adding extra inspection code.","You built a workflow_set with the intended recipe and three models, but your model names differ from the base/glmnet/forest naming in the rubric and you only selected the info column instead of unnesting it to inspect its contents.","You used workflow_map on the workflow set and then correctly selected wflow_id and result, unnested result and .metrics, filtered for rmse, grouped by wflow_id, arranged by .estimate, and sliced the top row, matching the required workflow.","You used workflowsets::rank_results with rank_metric = 'rmse' and select_best = TRUE and compared results, but you applied it to all_workflows_res instead of the original all_workflows object as specified.","You attempted to extract and finalize a best workflow and compare train/test performance, but there are syntax errors (finalize_workflow line), the workflow id does not match the rubric’s base_forest, and the specified best parameters and reported MSE ratio differ from the expected solution."
18,24,"You demonstrated a solid grasp of tidymodels workflows, recipes, model specification, and tuning, and most exercises follow the intended structure. The main issues are small deviations from the specified arguments (e.g., missing strata in the split, not unnested info in Q7) and a problematic finalize_workflow call and mismatch with the requested best-model setup in Q10. Tightening adherence to the exact rubric instructions and checking syntax in the finalization step would bring this to full credit.",2,2,3,2,3,3,2,3,3,1,"You correctly used skimr::skim on dat and stated there is no missing data, but the rubric expected using the pipe operator (dat |> skimr::skim()) in a single step without extra objects or checks.","You set the seed, used rsample::initial_split, and created ames_train and ames_test with a 75% split, but you omitted the required strata = 'Sale_Price' argument.","Your recipe uses the correct formula, logs Sale_Price, pools Neighborhood, creates dummies, centers and scales predictors, and you prep and examine it with broom::tidy; this matches the expected process and transformations.","You defined the three models with linear_reg, rand_forest, set_engine, and tuning parameters, but you did not explicitly set_mode('regression') for the lm and glmnet models and used unqualified tune() instead of parsnip::tune().","You correctly called parsnip::translate() on each of the three model objects, which would display the appropriate engine-specific templates.","You set the seed and created train_resamples with bootstraps(ames_train), which matches the expected bootstrap resampling process and output structure.","You built all_workflows with workflow_set using the recipe and three models, but you only selected the info column instead of unnesting it with tidyr::unnest(info) as required to examine the workflow structure.","You used workflow_map to tune, then selected wflow_id and result, unnested result and .metrics, filtered for rmse, grouped, arranged by .estimate, and sliced the top row per workflow, matching the required workflow and output.","You called workflowsets::rank_results with all_workflows_res, rank_metric = 'rmse', and select_best = TRUE and compared results, which aligns with the rubric’s expectations for ranking and comparison.","You attempted to extract a best workflow and finalize it, and later built a full tuning/finalization pipeline, but the finalize_workflow call in Q10b is syntactically incorrect and you did not clearly use the specified base_forest workflow or the given best parameters (trees = 1, min_n = 11)."
19,20,"You completed most exercises with generally correct use of tidymodels, recipes, parsnip, rsample, and workflowsets, and your code shows a solid grasp of the workflow. Most deductions are for not following the rubric’s exact arguments (e.g., strata in splits, names/IDs, default parameters) or minor syntax/mode issues. For future labs, focus on matching the specified function signatures and workflow steps exactly, and double-check finalization and extraction steps for model tuning and evaluation.",2,2,3,2,3,2,2,3,2,1,"You correctly used skimr::skim() on dat and stated there is no missing data, but the rubric expected using the pipe operator (dat |> skimr::skim()) in a single step without extra objects or checks.","You set the seed and used rsample::initial_split(), training(), and testing() with a 0.75 prop, but you omitted the required strata = 'Sale_Price' argument in initial_split.","Your recipe uses the correct formula, log-transforms Sale_Price, pools Neighborhood, creates dummies, and then centers/scales predictors; you also prep and tidy the recipe, matching the expected process and transformations.","You created three parsnip models with appropriate engines and tuning parameters, but you did not explicitly set mode = 'regression' for the lm and glmnet models as expected in the rubric.","You correctly called parsnip::translate() on each of the three model objects, which matches the required workflow and would display the appropriate templates.","You set the seed and created a bootstrap object from ames_train, but you did not namespace bootstraps() with rsample:: and you overrode the default resample count by specifying times = 25.","You built a workflow_set with the recipe and three models and examined its structure, but you did not unnest the info column as required and your model names differ from the base/glmnet/forest naming expected in the rubric.","You used workflow_map() on the workflow set, then selected wflow_id and result, unnested result and .metrics, filtered for rmse, grouped by wflow_id, arranged by .estimate, and sliced the top row, matching the specified process.","You used workflowsets::rank_results() with rank_metric = 'rmse' and select_best = TRUE and compared results, but you applied it to all_workflows_res instead of all_workflows as specified, and added extra, unnecessary complexity.","You attempted to extract and finalize a best workflow and compare train/test performance, but the extract_workflow ID does not match the rubric’s 'base_forest', the finalize_workflow call is syntactically incorrect in Q10b, and the reported MSE ratio and specific parameter values do not align with the expected example."
20,20,"You completed all exercises and generally followed the tidymodels workflow, including recipes, models, workflow sets, tuning, and evaluation. Most deductions are for small deviations from the specified arguments (e.g., missing strata, different workflow IDs, or not exactly matching the expected best model setup) and a couple of minor coding issues. Review the rubric details and aim to match the requested function arguments and object names more closely in future labs.",2,2,3,2,3,2,2,3,2,1,"You correctly used skimr::skim on dat and stated there is no missing data. However, the rubric expected using the pipe operator (dat |> skimr::skim()) in a single step without extra objects or checks.","You set the seed, used rsample::initial_split, and created ames_train and ames_test with a 75% split, but you omitted the required strata = 'Sale_Price' argument in initial_split.","Your recipe uses the correct formula, log-transforms Sale_Price, pools Neighborhood, creates dummies, and then centers/scales predictors, and you prep and examine it with broom::tidy(norm_recipe). This matches the required steps and order closely enough for full credit.","You defined the three models with linear_reg, rand_forest, set_engine, and used tune() for the appropriate parameters, and set_mode for the forest. However, you did not set_mode('regression') for the lm and glmnet models as expected by the rubric.","You correctly called parsnip::translate() on each of the three model objects, which is exactly what was required to inspect the engine-specific templates.","You set the seed and created a bootstrap object from ames_train, but you did not namespace bootstraps with rsample:: and you changed the default resample count by specifying times = 25 instead of using the default.","You created all_workflows with workflowsets::workflow_set using the recipe and three models, but your model names differ from the expected (lm/glmnet/ranger vs base/glmnet/forest) and you did not unnest the info column; you only selected it without tidyr::unnest().","You used workflow_map on the workflow set, then selected wflow_id and result, unnested result and .metrics, filtered for rmse, grouped by wflow_id, arranged by descending .estimate, and sliced the top row, matching the required workflow even though you stored results in all_workflows_res.","You used workflowsets::rank_results with rank_metric = 'rmse' and select_best = TRUE on all_workflows_res and compared results, which satisfies the main requirement, though the rubric expected rank_results(all_workflows) directly.","You eventually extract a best workflow, finalize it with best_params, and fit on training and test data, but earlier you incorrectly call finalize_workflow(best_params) with a stray tibble line, and you do not follow the specified base_forest workflow or the given best parameters (trees = 1, min_n = 11)."
21,21,"Most core tidymodels workflows—recipes, models, workflow sets, tuning, and ranking—are implemented correctly and show good understanding of the process. Points were mainly lost for small but important deviations from the rubric (missing strata in the split, not using defaults, incomplete unnesting, and some inconsistent or malformed code in the later exercises). Review the provided solution patterns and aim for cleaner, single-path code that exactly matches the specified arguments and functions.",2,2,3,2,3,2,2,3,3,2,"You correctly used skimr::skim on dat and stated no missing data, but the rubric expected using the pipe operator (dat |> skimr::skim()) in a single step without extra objects or checks.","You used set.seed and rsample::initial_split/training/testing with prop = 0.75, but you omitted strata = 'Sale_Price', which is required for full credit.","Recipe uses the correct formula, logs Sale_Price, pools Neighborhood, creates dummies, centers and scales predictors, and is prepped then examined with broom::tidy; this matches the required process and transformations.","You defined the three models with appropriate engines and tuning parameters, but did not explicitly set mode = 'regression' for the first two models as expected in the rubric/solution.","parsnip::translate() is correctly called on each of the three model objects, satisfying the required workflow and expected outputs.","You set the seed and created bootstrap resamples on ames_train, but used bootstraps(ames_train, times = 25) instead of the default parameters specified in the rubric.","You correctly created a workflow_set with the recipe and three models, but you only selected the info column instead of unnesting it with tidyr::unnest(info) as required to examine the structure.","You mapped tuning over the workflow set (into all_workflows_res) and then correctly unnested result and .metrics, filtered for rmse, grouped by wflow_id, arranged by .estimate, and sliced the top row per group.","You used workflowsets::rank_results(all_workflows_res, rank_metric = 'rmse', select_best = TRUE) and compared results, which aligns with the expected function usage and process.","You ultimately extracted the best workflow, finalized it with best_params, fit on train and test, and computed an MSE ratio, but earlier code chunks contain an incorrect extract_workflow ID and a malformed finalize_workflow call; stick to one clean, correct workflow using the specified best parameters."
22,21,"You completed all exercises and demonstrated a solid understanding of recipes, models, workflowsets, and tuning. Most required functions and objects are present, and your workflows are generally correct. To improve, align more closely with the specified arguments (e.g., strata in splits, default bootstrap settings) and the exact workflows/objects requested in the template, and avoid redundant or conflicting code chunks in later exercises.",2,2,3,2,3,2,2,2,3,2,"You correctly used skimr::skim() on dat and stated there is no missing data, but the rubric expected using the pipe operator (dat |> skimr::skim()) in a single step without extra objects or checks.","You set the seed, used rsample::initial_split(), and created ames_train and ames_test with prop = 0.75, but you omitted the required strata = 'Sale_Price' argument.","Your recipe uses the correct formula, log-transforms Sale_Price, pools Neighborhood, creates dummies, centers and scales predictors, and you prep and examine it with broom::tidy(); this matches the required process and transformations.","You defined the three models with appropriate engines and tuning parameters, but you did not explicitly set the mode for the base and glmnet models and used tune() without the parsnip:: prefix, which is slightly off the expected parsnip workflow.","You correctly called parsnip::translate() on each of the three model objects, which is exactly what was required.","You set the seed and created a bootstrap object from ames_train, but you did not namespace rsample::bootstraps() and changed the default resample count (times = 25) instead of using the default parameters.","You built a workflow_set with the recipe and three models correctly, but you only selected the info column instead of unnesting it with tidyr::unnest(info) as required to inspect the workflow structure.","You correctly updated all_workflows via workflow_map and then unnested result and .metrics, filtered for rmse, grouped by wflow_id, arranged by .estimate, and sliced the top row; however, you created a separate all_workflows_res object and did not follow the exact select/unnest sequence on all_workflows as in the template.","You used workflowsets::rank_results(all_workflows_res, rank_metric = 'rmse', select_best = TRUE) and compared it to your manual results, which aligns with the expected function usage and purpose.","You ultimately extracted a best workflow, finalized it with selected parameters, fit on training and test data, and computed a test/train MSE ratio, but earlier code chunks contain an incorrect finalize_workflow call (best_params plus a stray tibble) and you did not explicitly use the specified trees = 1, min_n = 11 configuration."
23,19,"Your lab shows a solid grasp of tidymodels workflows, recipes, models, and resampling, and most exercises include the key functions and reasonable code structure. The main deductions are for not following some rubric-specific details (e.g., strata in initial_split, exact workflow objects to operate on, and specific finalize_workflow usage). Review the solution template to align more closely with the expected processes and object names in future labs.",2,2,3,2,3,2,2,2,2,1,"You correctly used skimr::skim() on dat and stated there is no missing data, but the rubric expected using the pipe operator (dat |> skimr::skim()) in a single step without extra objects or checks.","You set the seed and used rsample::initial_split(), training(), and testing() with a 0.75 prop, but you omitted the required strata = 'Sale_Price' argument for a stratified split.","Your recipe uses the correct formula, log-transforms Sale_Price, pools Neighborhood, creates dummies, centers and scales predictors, and you prep and examine it with broom::tidy(); this matches the required steps and order closely enough.","You defined the three models with linear_reg() and rand_forest() and used tune() for the appropriate parameters, but you did not explicitly set_mode('regression') for the first two models as in the expected workflow.","You correctly called parsnip::translate() on each of the three model objects, which is exactly what was required for this exercise.","You set the seed and created bootstrap resamples from ames_train, but you did not use the fully qualified rsample::bootstraps() and you overrode the default resample count by specifying times = 25.","You created a workflow_set with the recipe and three models correctly, but you only selected the info column instead of unnesting it with tidyr::unnest(info) as requested to inspect the workflow structure.","You correctly unnested result and .metrics, filtered for rmse, grouped by wflow_id, arranged by .estimate, and sliced the top row, but you did this on a new all_workflows_res object with vfold_cv rather than on the tuned all_workflows from workflow_map as specified.","You used workflowsets::rank_results(all_workflows_res, rank_metric = 'rmse', select_best = TRUE) and compared results, but the rubric expected rank_results() to be called directly on all_workflows as in the provided pattern.","You eventually extract, finalize, and fit a best workflow and report a test/train MSE ratio, but the earlier Q10b chunk has incorrect finalize_workflow syntax, and you do not explicitly extract the 'base_forest' workflow with the specified fixed parameters (trees = 1, min_n = 11) as in the rubric."
24,20,"You demonstrated a solid grasp of tidymodels workflows, recipes, and workflowsets, and most exercises include the key functions and reasonable processes. The main issues are small deviations from the specified arguments (e.g., missing strata, not using the updated all_workflows) and some syntax/process problems in the final model selection and finalization. Focusing on matching the exact rubric steps and simplifying your workflow in Exercises 8–10 will help align your solutions more closely with expectations.",2,2,3,2,3,2,2,2,3,1,"You correctly used skimr::skim() on dat and stated there is no missing data, but the rubric expected using the pipe operator (dat |> skimr::skim()) in a single step without extra objects or checks.","You set the seed and used rsample::initial_split(), training(), and testing(), but you omitted strata = 'Sale_Price', which was required for the specified 75% stratified split.","Your recipe uses the correct formula, log-transforms Sale_Price, pools Neighborhood, creates dummies, centers and scales predictors, and you prep and tidy it; this matches the required steps and order closely enough.","You defined the three models with appropriate engines and tuned parameters, but you did not explicitly set the mode for the base and glmnet models and used tune() without the parsnip:: prefix, which slightly departs from the expected parsnip workflow.","You correctly called parsnip::translate() on each of the three model objects, which is exactly what was required.","You set the seed and created bootstrap resamples from ames_train, but you did not use the rsample:: namespace and changed the default parameters (times = 25) instead of relying on the default settings.","You created a workflow_set with the recipe and three models and inspected the info column, but you did not unnest(info) as requested, so the internal workflow structure is not fully shown.","You correctly unnested result and .metrics, filtered for rmse, grouped by wflow_id, arranged by .estimate, and sliced the top row, but you did this on a new object all_workflows_res rather than the all_workflows updated by workflow_map as specified.","You used workflowsets::rank_results(all_workflows_res, rank_metric = 'rmse', select_best = TRUE) and compared results, which aligns with the expected function usage and process.","You attempted to extract and finalize the best workflow and compare train/test performance, but there are syntax errors (finalize_workflow line) and you did not clearly use the specified base_forest workflow or the given best parameters; the overall process is more complex than required and partially incorrect."
25,19,"You demonstrated a solid grasp of tidymodels concepts, creating recipes, models, workflow sets, and resampling workflows that are mostly aligned with the lab goals. Most deductions are for not following the exact specified arguments (e.g., strata in initial_split, default bootstraps, unnest(info)) and for some inconsistencies in the final model selection/finalization steps. For future labs, focus on mirroring the requested function calls and parameters more closely and simplifying your workflow so it directly follows the provided instructions.",2,2,3,2,3,2,2,2,2,1,"You correctly used skimr::skim on dat and stated there is no missing data, but the rubric expected using the pipe operator (dat |> skimr::skim()) in a single step without extra objects or checks.","You set the seed and used rsample::initial_split, training(), and testing(), but you omitted strata = 'Sale_Price', which was required for the specified 75% stratified split.","Your recipe uses the correct formula, log-transforms Sale_Price, pools Neighborhood, creates dummies, centers and scales predictors, and you prep and examine it with broom::tidy; this matches the required process and transformations.","You defined the three models with appropriate engines and tuning parameters, but you did not explicitly set the mode for the base and glmnet models and used tune() without the parsnip:: prefix, which slightly departs from the expected parsnip workflow.","You correctly called parsnip::translate() on each of the three model objects, which is exactly what was required for this exercise.","You set the seed and created bootstrap resamples on ames_train, but you did not use the rsample:: namespace and changed the default parameters (times = 25) instead of relying on the default bootstraps() settings.","You created a workflow_set with the recipe and three models, but you only selected the info column instead of unnesting it with tidyr::unnest(info) as specified, so the structure is not fully examined per the rubric.","You correctly unnested result and .metrics, filtered for rmse, grouped by wflow_id, arranged by .estimate, and sliced the top row, but you rebuilt the workflows and used all_workflows_res instead of the provided all_workflows object, which diverges from the expected workflow_map-based process.","You used workflowsets::rank_results with rank_metric = 'rmse' and select_best = TRUE, but wrapped it in additional custom comparison code; the core requirement is met, though the extra complexity is unnecessary and not clearly tied back to Exercise 8.","You attempted to extract and finalize a best workflow and compare train/test performance, but the finalize_workflow call is syntactically incorrect in Q10b, and you did not explicitly use the specified base_forest workflow or the given best parameters (trees = 1, min_n = 11), so the process and expected comparison are not fully satisfied."
26,21,"You demonstrated a solid grasp of tidymodels workflows, recipes, and workflowsets, and most exercises follow the intended structure. The main issues are small deviations from the specified arguments (e.g., missing strata, default bootstrap settings) and some inconsistencies in the final model selection/finalization steps. Tightening alignment with the exact rubric instructions and cleaning up the Q10 finalize_workflow code would bring this to full credit.",2,2,3,2,3,2,2,3,3,1,"You correctly used skimr::skim() on dat and answered the missing-data question, but the rubric expected using the pipe (dat |> skimr::skim()) in a single step without extra objects or checks.","You set the seed and used initial_split(), training(), and testing(), but you omitted strata = 'Sale_Price', which was required for the specified 75% stratified split.","Your recipe uses the correct formula, log-transforms Sale_Price, pools Neighborhood, creates dummies, centers and scales predictors, and you prep and tidy it; this matches the required process and transformations.","You defined the three models with appropriate engines and tuning parameters, but you did not explicitly set mode = 'regression' for the first two models as in the rubric’s expected workflow.","You correctly called parsnip::translate() on each of the three model objects, which is exactly what was required.","You set the seed and created a bootstrap object on ames_train, but you did not namespace rsample::bootstraps() and changed defaults (times = 25) instead of using the default parameters as specified.","You created a workflow_set with the recipe and three models, but you only selected the info column instead of unnesting it with tidyr::unnest(info) to show the full workflow structure as required.","You used workflow_map(), then selected and unnested result and .metrics, filtered for rmse, grouped by wflow_id, arranged by .estimate, and sliced the top row, matching the required sequence of dplyr/tidyr operations.","You called workflowsets::rank_results(all_workflows_res, rank_metric = 'rmse', select_best = TRUE) and compared results, which aligns with the rubric’s expectations for this exercise.","You attempted to extract, finalize, and fit the best workflow, but the finalize_workflow call is syntactically incorrect in Q10b, and you did not clearly use the specified base_forest workflow or the given best parameters; this only partially matches the required process."
27,20,"You demonstrated a solid grasp of tidymodels workflows, recipes, and workflowsets, and most exercises include the key functions and steps requested. The main deductions are for small but important deviations from the specified process (e.g., missing stratification, not unnesting info, altering defaults, and some inconsistencies in the final model selection/finalization). Focusing on closely following the given workflow (object names, arguments, and namespaces) will help you fully align with the rubric in future labs.",2,2,3,2,3,2,2,2,3,1,"You correctly used skimr::skim() on dat and stated there is no missing data, but the rubric expected using the pipe operator (dat |> skimr::skim()) in a single step without extra objects or checks.","You set the seed and used rsample::initial_split(), training(), and testing(), but you omitted strata = 'Sale_Price', so the split does not fully match the specified process.","Your recipe uses the correct formula, log-transforms Sale_Price, pools Neighborhood, creates dummies, and then centers/scales predictors; you prep and inspect with broom::tidy(), matching the required steps and order closely enough.","You defined the three models with appropriate engines and tunable parameters, but you did not explicitly set the mode for the base and glmnet models and used tune() without the parsnip:: prefix, which slightly departs from the expected parsnip workflow.","You correctly called parsnip::translate() on each of the three model objects, which matches the required process and would show the three engine-specific templates.","You set the seed and created bootstrap samples from ames_train, but you did not use the rsample:: namespace and changed the default resample count (times = 25) instead of relying on defaults as specified.","You created a workflow_set with the recipe and three models correctly, but you only selected the info column instead of unnesting it, so the structure is not fully examined as requested.","You correctly unnested result and .metrics, filtered for rmse, grouped by wflow_id, arranged by .estimate, and sliced the top row, but you did this on a new all_workflows_res object rather than the all_workflows updated by workflow_map as in the prompt.","You used workflowsets::rank_results(all_workflows_res, rank_metric = 'rmse', select_best = TRUE) and compared results, which aligns with the required function usage and intended comparison to Exercise 8.","You attempted to extract and finalize the best workflow and then fit and compare train/test performance, but there are syntax issues (finalize_workflow line) and you did not use the specified base_forest workflow or the given best parameters; the overall process is more complex than required and partially incorrect."
28,21,"You demonstrated a solid grasp of tidymodels workflows, recipes, model specification, and workflowsets, and most exercises follow the intended structure. The main issues are small deviations from the specified arguments (e.g., missing strata, altered bootstrap defaults) and some inconsistencies or errors in the final model selection and finalization steps. Tightening adherence to the exact function arguments and IDs given in the instructions will help align your work fully with the rubric.",2,2,3,2,3,2,2,3,3,1,"You correctly used skimr::skim() on dat and stated there is no missing data, but the rubric expected using the pipe operator (dat |> skimr::skim()) in a single step without extra objects or checks.","You set the seed, used rsample::initial_split(), and created ames_train and ames_test, but you omitted strata = 'Sale_Price', so the split does not fully match the specified process.","Your recipe uses the correct formula, log-transforms Sale_Price, pools Neighborhood, creates dummies, centers and scales predictors, and you prep and examine it with broom::tidy(); this matches the required steps and order closely enough.","You defined the three models with appropriate engines and tuning parameters, but you did not explicitly set mode = 'regression' for the first two models and used tune() without the parsnip:: prefix, which slightly departs from the expected parsnip workflow.","You correctly called parsnip::translate() on each of the three model objects, which is exactly what was required.","You set the seed and created a bootstrap object from ames_train, but you did not namespace rsample::bootstraps() and changed the default resample count (times = 25) instead of using the default settings.","You built a workflow_set with the recipe and three models correctly, but you only selected the info column instead of unnesting it with tidyr::unnest(), so the structure of the workflows is not fully examined as requested.","You used workflow_map() on the workflow set, then selected wflow_id and result, unnested result and .metrics, filtered for rmse, grouped, arranged by .estimate, and sliced the top row per group, matching the required workflow even though you stored results in a separate object.","You called workflowsets::rank_results(all_workflows_res, rank_metric = 'rmse', select_best = TRUE) and compared results, which aligns with the rubric’s expectations for using rank_results on the tuned workflow set.","You attempted to extract, finalize, and fit the best workflow and computed a test/train MSE ratio, but the earlier extract_workflow call uses a non-existent ID, the finalize_workflow code is syntactically incorrect in Q10b, and the specified best parameters and ratio do not match the expected base_forest workflow with trees = 1 and min_n = 11."
29,19,"You demonstrated a solid grasp of tidymodels workflows, recipes, models, and workflowsets, and most exercises include the key functions and reasonable code structure. The main deductions are for not following some rubric-specific details (e.g., strata in splits, default bootstrap settings, unnesting info, and using the prescribed workflow/parameters in Q10). Review the solution template to align more closely with the expected processes and argument choices in future labs.",2,2,3,2,3,2,2,2,2,1,"You correctly used skimr::skim() on dat and stated there is no missing data, but the rubric expected using the pipe operator (dat |> skimr::skim()) in a single step without extra objects or checks.","You set the seed and used rsample::initial_split(), training(), and testing() with the correct prop, but you omitted the required strata = 'Sale_Price' argument in initial_split.","Your recipe uses the correct formula, applies log to Sale_Price, pools Neighborhood, creates dummies, centers and scales predictors, and you prep and examine it with broom::tidy(); this matches the required process and transformations.","You defined the three models with appropriate engines and tuning parameters, but you did not explicitly set the mode for the base and glmnet models and did not namespace tune(), which slightly departs from the expected parsnip workflow.","You correctly called parsnip::translate() on each of the three model objects, which is exactly what was required for this exercise.","You set the seed and created bootstrap resamples from ames_train, but you did not namespace bootstraps() with rsample:: and you changed the default number of resamples by specifying times = 25.","You created a workflow_set with the recipe and three models correctly, but you only selected the info column instead of unnesting it with tidyr::unnest(info) as requested to inspect the workflow structure.","You correctly updated all_workflows via workflow_map and then unnested result and .metrics, filtered for rmse, grouped by wflow_id, arranged by .estimate, and sliced the top row; however, you introduced a separate all_workflows_res object and extra CV setup rather than applying the operations directly to all_workflows as specified.","You used workflowsets::rank_results() with rank_metric = 'rmse' and select_best = TRUE and compared results, but you applied it to all_workflows_res instead of all_workflows as in the rubric, adding unnecessary extra steps.","You eventually extracted a best workflow, finalized it with selected parameters, and compared train/test performance, but the earlier Q10b chunk has incorrect finalize_workflow syntax, and you did not use the specified base_forest workflow or the given best parameters (trees = 1, min_n = 11), so the process does not fully match the expected workflow."
30,19,"You demonstrated a solid grasp of tidymodels workflows, recipes, and workflowsets, and most exercises include the key functions and general process. However, several steps diverge from the exact rubric requirements (e.g., missing strata in the split, not unnested info, using different objects than specified, and issues in finalizing the best model). Review the provided solution to align your workflow objects and parameter choices more closely with the lab instructions, and double-check syntax when finalizing and fitting the best model.",2,2,3,2,3,2,2,2,2,1,"You correctly used skimr::skim on dat and stated there is no missing data, but the rubric expected using the pipe operator (dat |> skimr::skim()) in a single step without extra objects or checks.","You set the seed and used rsample::initial_split, training(), and testing() with a 0.75 prop, but you omitted the required strata = 'Sale_Price' argument for a stratified split.","Your recipe uses the correct formula, log-transforms Sale_Price, pools Neighborhood, creates dummies, centers and scales predictors, and you prep and tidy it; this matches the required steps and order closely enough.","You defined the three models with linear_reg and rand_forest and used tune() for the appropriate parameters, but you did not explicitly set the mode for the base and glmnet models and did not namespace tune(), which is expected in the rubric.","You correctly called parsnip::translate() on each of the three model objects, which is exactly what was required.","You set the seed and created bootstrap resamples from ames_train, but you did not use the rsample:: prefix and changed the default parameters (times = 25) instead of relying on defaults as specified.","You created a workflow_set with the recipe and three models correctly, but you only selected the info column instead of unnesting it to show the workflow structure as requested.","You correctly unnested result and .metrics, filtered for rmse, grouped by wflow_id, arranged by .estimate, and sliced the top row, but you did this on a new all_workflows_res object rather than the all_workflows updated by workflow_map as in the instructions.","You used workflowsets::rank_results with rank_metric = 'rmse' and select_best = TRUE and compared results, but you applied it to all_workflows_res instead of the all_workflows object specified in the rubric.","You attempted to extract, finalize, and fit a best workflow and computed a test/train MSE ratio, but the extract_workflow call uses a non-matching ID, the finalize_workflow code is syntactically incorrect in Q10b, and the chosen parameters and ratio do not align with the specified best model configuration."
31,19,"You completed all exercises and generally followed the tidymodels workflow, with correct use of recipes, models, workflowsets, and tuning. Most deductions are for not matching the exact processes specified in the rubric (e.g., missing strata in the split, not unnesting info, rebuilding objects instead of reusing them, and an incorrect finalize_workflow call). Review the provided solution template and pay close attention to required arguments, object reuse, and function chaining to align more closely with the expected workflow in future labs.",2,2,3,2,3,2,2,2,2,1,"You correctly used skimr::skim() on dat and concluded no missing data, but did not use the pipe operator to pass dat into skim() as specified, and you reloaded dat inside the chunk instead of using the existing object.","You set the seed and used rsample::initial_split(), training(), and testing() with a 0.75 prop, but you omitted the required strata = 'Sale_Price' argument, so the split process is not fully correct per the rubric.","You created norm_recipe with the correct formula, applied step_log to Sale_Price, pooled Neighborhood with step_other, created dummies, centered and scaled predictors, and prepped then examined with broom::tidy(); this matches the required transformations and workflow.","You defined three parsnip models with appropriate engines and tuning parameters, but you did not explicitly set mode = 'regression' for the lm and glmnet models, and you used bare tune() instead of parsnip::tune(), which is less explicit than requested.","You correctly called parsnip::translate() on each of the three model objects, which is exactly what was required to inspect the engine-specific templates.","You set the seed and created a bootstrap object from ames_train, but you did not namespace bootstraps() with rsample:: and you overrode the default resample count by specifying times = 25, so the process does not fully match the expected default usage.","You built a workflow_set with the base recipe and three models and inspected the info column, but you did not unnest(info) as requested, so the structure of each workflow is not fully examined per the rubric.","You correctly unnested result and .metrics, filtered for rmse, grouped by wflow_id, arranged by .estimate, and sliced the top row, but you rebuilt the recipe, models, and workflow set instead of using the existing all_workflows object, and you operated on all_workflows_res rather than updating all_workflows as specified.","You used workflowsets::rank_results() with rank_metric = 'rmse' and select_best = TRUE and compared results, but you applied it to all_workflows_res instead of all_workflows as described in the rubric, and added extra, unnecessary complexity.","You attempted to extract and finalize a best workflow and then fit and compare train/test performance, but the finalize_workflow call is syntactically incorrect in Q10b, and you did not explicitly use the specified base_forest workflow or the given best parameters (trees = 1, min_n = 11), so the process and final model comparison do not align with the rubric."
32,20,"Your lab shows a solid grasp of tidymodels workflows, recipes, model specification, and tuning, and you generally follow the intended processes. Most deductions are for small deviations from the specified arguments (e.g., missing strata, non-default bootstrap settings) or incomplete inspection steps. Review the rubric details and ensure each exercise matches the requested function signatures and workflow exactly in future labs.",2,2,3,2,3,2,2,3,3,1,"You correctly used skimr::skim on dat and concluded no missing data, but the rubric expected using the pipe operator (dat |> skimr::skim()) in a single step without extra objects or checks.","You set the seed and used initial_split, training, and testing correctly with a 0.75 prop, but you omitted the required strata = 'Sale_Price' argument for a stratified split.","Your recipe uses the correct formula, applies log to Sale_Price, pools Neighborhood, creates dummies, and then centers/scales predictors, and you prep and examine it with broom::tidy; this matches the required process and transformations.","You defined three parsnip models with appropriate engines and tuning parameters, but you did not explicitly set mode = 'regression' for the lm and glmnet models as expected in the rubric.","You applied parsnip::translate() to each of the three model objects, which is exactly what was required to inspect the engine-specific templates.","You set the seed and created bootstrap resamples from ames_train, but you used bootstraps(ames_train, times = 25) instead of the default parameters specified in the rubric.","You correctly built a workflow_set with the recipe and three models, but you only selected the info column instead of unnesting it with tidyr::unnest(info) to show the workflow structure as required.","You mapped tuning over the workflow set (into all_workflows_res) and then selected, unnested result and .metrics, filtered for rmse, grouped by wflow_id, arranged by .estimate, and sliced the top row, matching the expected workflow even though you used a separate object name.","You used workflowsets::rank_results(all_workflows_res, rank_metric = 'rmse', select_best = TRUE) and compared results, which aligns with the rubric’s expectations for ranking and comparison.","You ultimately implemented a full workflow to select the best model, finalize it with best_params, and compare train/test performance with an MSE ratio, but the earlier Q10a/Q10b chunks contain errors (incorrect workflow id, malformed finalize_workflow call), so the process is only partially consistent with the specified base_forest example."
33,24,"Your lab shows a solid grasp of tidymodels workflows, recipes, model specification, and workflowsets, and you generally follow the intended processes. Most deductions are for small deviations from the specified arguments (e.g., missing strata, not unnesting info, or minor syntax/namespace issues). Review the rubric details and aim to match the exact function calls and arguments next time to secure full credit.",2,2,3,2,3,2,2,3,3,2,"You correctly used skimr::skim on dat and concluded no missing data, but did not use the pipe operator to pass dat into skim as specified, and you reloaded dat instead of using the existing object.","You set the seed and used initial_split, training, and testing with a 0.75 prop, but you omitted the required strata = 'Sale_Price' argument.","Recipe uses the correct formula, applies log to Sale_Price, pools Neighborhood, creates dummies, centers and scales predictors, and is prepped then examined with broom::tidy; this matches the expected process and transformations.","You defined three parsnip models with appropriate engines and tuning parameters, but you did not explicitly set mode = 'regression' for the lm and glmnet models, and you used bare tune() instead of parsnip::tune(), which is less explicit than requested.","You correctly called parsnip::translate() on each of the three model objects, which would display the underlying engine-specific templates.","You set the seed and created a bootstrap object from ames_train, but you did not namespace bootstraps with rsample:: and you overrode the default resample count by specifying times = 25.","You correctly built a workflow_set with the recipe and three models and inspected the info column, but you did not unnest(info) as requested to fully examine the workflow structure.","You mapped tuning over the workflow set, then selected and unnested result and .metrics, filtered for rmse, grouped by wflow_id, arranged by .estimate, and sliced the top row, matching the required workflow and output structure.","You used workflowsets::rank_results with all_workflows_res, rank_metric = 'rmse', and select_best = TRUE and compared results, which aligns with the expected use and interpretation.","You ultimately extracted the best workflow, finalized it with best_params, fit on training and test data, and computed a test/train MSE ratio, but earlier code chunks contain syntax errors (finalize_workflow line) and you did not explicitly use the specified trees = 1, min_n = 11 configuration."
34,19,"You completed all exercises and generally followed the tidymodels workflow, with correct use of recipes, models, workflowsets, and tuning in most places. The main deductions are for missing or slightly incorrect arguments (e.g., strata in the split, explicit regression modes), not fully following the specified objects (all_workflows vs. all_workflows_res), and some syntax/ID issues in the final model selection and finalization. Tightening those details and aligning more closely with the provided process would bring this to full credit.",2,2,3,2,3,2,2,2,2,1,"You correctly used skimr::skim() on dat and concluded no missing data, but you did not use the pipe operator (|>) to pass dat into skim(), and you re‑created dat inside the chunk instead of using the existing object as in the expected one‑step pipeline.","You set the seed and used rsample::initial_split(), training(), and testing() with prop = 0.75, but you omitted the required strata = 'Sale_Price' argument, so the split process is not fully as specified.","Your recipe uses the correct formula, applies step_log() to Sale_Price, pools Neighborhood with step_other(), creates dummies, and then centers and scales predictors, and you prep and examine it with broom::tidy(); this matches the required transformations and workflow.","You correctly specified a base linear_reg() with lm engine and a glmnet model with penalty and mixture set to tune(), and a rand_forest with min_n and trees tunable and ranger engine. However, you did not explicitly set mode = 'regression' for the first two models, which is expected for full credit.","You applied parsnip::translate() to each of the three model objects, which is exactly what was required to inspect the engine‑specific templates.","You set the seed and created a bootstrap object from ames_train, but you did not namespace bootstraps() with rsample:: and you overrode the default number of resamples by specifying times = 25, so the process is slightly off the rubric specification.","You built a workflow_set with the base recipe and three models and stored it in all_workflows, but your inspection only selects wflow_id and info without unnesting the info column as requested, so the structure is not fully examined per instructions.","You ultimately unnest result and .metrics, filter for rmse, group by wflow_id, arrange by .estimate, and slice(1), which matches the intended workflow, but you operate on all_workflows_res instead of the updated all_workflows object and include a lot of redefinition code beyond what was asked.","You used workflowsets::rank_results() with rank_metric = 'rmse' and select_best = TRUE on all_workflows_res and compared results, which satisfies the main requirement, though the rubric expected rank_results(all_workflows) directly and a simpler comparison to Q8.","You attempted to extract and finalize a best workflow and compare train/test performance, but the extract_workflow() call uses 'base_ranger' instead of 'base_forest', the finalize_workflow() syntax is incorrect in Q10b, and the specified best parameters and reported MSE ratio do not match the expected values."
35,19,"You completed all exercises and generally followed the tidymodels workflow, including recipes, models, workflowsets, tuning, and evaluation. Most core functions and steps are present, but there are several deviations from the specified arguments (e.g., missing strata in the split, altered bootstrap defaults) and some incomplete or inconsistent code (especially in Q7 and Q10). Tightening adherence to the exact rubric specifications and cleaning up redundant or conflicting code blocks would improve both correctness and clarity.",2,2,3,2,3,2,2,2,2,1,"You correctly used skimr::skim() on dat and concluded no missing data, but the rubric expected using the pipe operator (dat |> skimr::skim()) in a single step without extra objects or checks.","You set the seed and used rsample::initial_split(), training(), and testing() with prop = 0.75, but you omitted the required strata = 'Sale_Price' argument, so the split process is not fully correct per the rubric.","Your recipe uses the correct formula, log-transforms Sale_Price, pools Neighborhood, creates dummies, and then centers/scales predictors; you prep and inspect with broom::tidy(), matching the required steps and order closely enough.","You defined three parsnip models with appropriate engines and tuning parameters, but you did not explicitly set mode = 'regression' for the glmnet model and did not use parsnip::tune() with namespace, which slightly departs from the expected specification.","You correctly called parsnip::translate() on each of the three model objects, which matches the required workflow and will display the underlying templates.","You set the seed and created a bootstrap object from ames_train, but you did not namespace bootstraps() with rsample:: and you changed the defaults (times = 25 and extra inspection code) instead of using the default parameters as specified.","You built a workflow_set with the intended recipe and three models, but you changed model object names and did not unnest the info column (you only selected it), so the examination of the workflow structure is incomplete.","You ultimately unnest result and .metrics, filter for rmse, group by wflow_id, arrange by .estimate, and slice(1), which matches the required dplyr/tidyr workflow, but you redefined recipes/models/workflows and used a different object (all_workflows_res) than the one created by workflow_map in the prompt.","You used workflowsets::rank_results() with rank_metric = 'rmse' and select_best = TRUE and compared results, but you added extra, somewhat convoluted code; the core requirement is met though the process could be simpler and more directly tied to Exercise 8.","You attempted to extract a ranger workflow and finalize it, and in Q10c you correctly used extract_workflow(), finalize_workflow(), and fit() on train and test data, but Q10b has a syntax error (best_params and tibble call are inconsistent) and you did not use the specified base_forest workflow or the given best parameters; the reported MSE ratio also does not match the expected value."
36,21,"You completed all exercises and generally followed the tidymodels workflow, including recipes, models, workflowsets, tuning, and evaluation. Most key functions are present and used sensibly, but there are a few deviations from the specified arguments (e.g., missing strata, default bootstrap settings) and some structural issues (e.g., not unnesting info, inconsistent best-model extraction). Tightening alignment with the exact rubric steps and cleaning up redundant or inconsistent code blocks would improve your score.",2,2,3,2,3,2,2,3,3,2,"You correctly used skimr::skim on dat and concluded no missing data, but the rubric expected using the pipe operator (dat |> skimr::skim()) in a single step without extra objects or checks.","You set the seed and used rsample::initial_split, training(), and testing(), but you omitted strata = 'Sale_Price', so the split does not follow the specified stratified process.","Your recipe uses the correct formula, applies log to Sale_Price, pools Neighborhood, creates dummies, and then centers/scales predictors, and you prep and tidy the recipe; this matches the required transformations and workflow.","You defined the three models with appropriate engines and tuning parameters, but you did not explicitly set mode = 'regression' for the first two models and did not namespace tune(), which slightly diverges from the expected parsnip usage.","You correctly called parsnip::translate() on each of the three model objects, which matches the required workflow and will show the engine-specific templates.","You set the seed and created bootstrap resamples from ames_train, but you did not use the rsample:: prefix and changed the default parameters (times = 25), so the process is slightly off the specified default-based workflow.","You built a workflow_set with the base recipe and three models and inspected wflow_id and info, but you did not unnest(info) as required to show the full workflow structure.","You mapped tuning over the workflow set, then unnested result and .metrics, filtered for rmse, grouped by wflow_id, arranged by .estimate, and sliced the top row, which matches the required sequence even though you used a separate all_workflows_res object.","You used workflowsets::rank_results with rank_metric = 'rmse' and select_best = TRUE and compared these results to those from Exercise 8, satisfying the required function usage and comparison.","You ultimately extracted a best workflow, finalized it with selected parameters, fit on training and test data, and computed a test/train MSE ratio, but parts of your code are inconsistent with the rubric (different workflow id, parameters, and a malformed finalize_workflow call in Q10b)."
37,21,"You completed all exercises and demonstrated a solid grasp of recipes, parsnip models, workflowsets, and tuning, with most required functions present. The main deductions are for not strictly following the specified arguments (e.g., strata in splits, rsample::bootstraps defaults), not always using the exact objects/ids requested (all_workflows vs all_workflows_res, base_forest), and a syntax error in finalize_workflow. Tightening adherence to the given workflows and argument details will bring your work fully in line with the rubric.",2,2,3,2,3,2,2,2,2,1,"You correctly used skimr::skim() on dat and concluded no missing data, but you did not use the pipe operator to pass dat into skim() as specified, and you reloaded dat inside the chunk instead of using the existing object.","You set the seed and used initial_split(), training(), and testing() with prop = 0.75, but you omitted the required strata = 'Sale_Price' argument, so the split process is not fully as specified.","Your recipe uses the correct formula, applies log to Sale_Price, pools Neighborhood, creates dummies, and then centers/scales all predictors, and you prep and examine it with broom::tidy(); this matches the required transformations and workflow.","You correctly specified the three parsnip models and set engines, and used tune() for the appropriate parameters, but you did not explicitly set the mode for the lm and glmnet models as in the expected process.","You applied parsnip::translate() to each of the three model objects, which is exactly what was required to inspect the engine-specific templates.","You set the seed and created a bootstrap object from ames_train, but you did not namespace bootstraps() with rsample:: and you overrode the default resample count by specifying times = 25.","You created a workflow_set with the recipe and three models and inspected the wflow_id and info columns, but you did not unnest(info) as requested to show the full workflow structure.","You correctly unnested result and .metrics, filtered for rmse, grouped by wflow_id, arranged by .estimate, and sliced the top row, but you rebuilt the recipe, models, and workflow set instead of using the existing all_workflows object, and you worked with all_workflows_res rather than updating all_workflows as specified.","You used workflowsets::rank_results() with rank_metric = 'rmse' and select_best = TRUE and compared results, but you applied it to all_workflows_res instead of all_workflows as described in the rubric.","You attempted to extract and finalize a best workflow and then fit on train and test data, but the extract_workflow() call uses a non-matching id ('base_ranger'), the finalize_workflow() code is syntactically incorrect in Q10b, and you did not use the specified base_forest workflow or the given best parameters; the long alternative pipeline in Q10c shows the right general ideas but diverges from the required process and parameters."
38,19,"You completed all exercises and generally followed the intended tidymodels workflow, including recipes, models, workflowsets, tuning, and evaluation. Most key functions are present, but there are several process deviations (e.g., missing strata in the split, not unnested info, rebuilding workflow objects, and issues in finalizing the best model). Focusing on matching the exact workflow and arguments from the instructions will help you align more closely with the rubric in future labs.",2,2,3,2,3,2,2,2,2,1,"You correctly used skimr::skim on dat and concluded no missing data, but the rubric expected using the pipe operator (dat |> skimr::skim()) in a single step without extra objects or checks.","You set the seed and used rsample::initial_split, training(), and testing(), but you omitted strata = 'Sale_Price', which was required for the specified 75% stratified split.","Your recipe uses the correct formula, log-transforms Sale_Price, pools Neighborhood, creates dummies, centers and scales predictors, and you prep and examine it with broom::tidy; this matches the required process and transformations.","You defined the three models with appropriate engines and tuning parameters, but you did not explicitly set mode = 'regression' for the first two models as in the expected workflow.","You correctly called parsnip::translate() on each of the three model objects, which is exactly what was required.","You set the seed and created bootstrap resamples from ames_train, but you did not namespace rsample::bootstraps and you changed the default settings (times = 25) instead of using the default parameters as specified.","You created a workflow_set with the base recipe and three models, but you did not unnest the info column (only selected it), so the structure was not fully examined as required.","You correctly unnested result and .metrics, filtered for rmse, grouped by wflow_id, arranged by .estimate, and sliced the top row, but you rebuilt workflows and used all_workflows_res instead of the provided all_workflows object, deviating from the expected workflow_map-based process.","You used workflowsets::rank_results with rank_metric = 'rmse' and select_best = TRUE and compared results, but again relied on all_workflows_res rather than the original all_workflows, which is a minor process deviation.","You attempted to extract, finalize, and fit the best workflow and computed a test/train MSE ratio, but the extract_workflow call used a non-matching id, the finalize_workflow syntax is incorrect (best_params line is malformed), and the specified best parameters and ratio do not match the expected values."
39,21,"You completed all exercises and generally followed the tidymodels workflow, including recipes, models, workflow sets, tuning, and evaluation. Most key functions are present and used sensibly, but there are several rubric-specific mismatches (e.g., missing strata in the split, not unnested info, some finalize_workflow syntax issues). Review the provided solution to align more closely with the expected arguments, object names, and unnesting steps in future labs.",2,2,3,2,3,2,2,3,3,1,"You correctly used skimr::skim() on dat and concluded no missing data, but the rubric expected using the pipe operator (dat |> skimr::skim()) in a single step without extra objects or checks.","You set the seed and used rsample::initial_split(), training(), and testing() with prop = 0.75, but you omitted the required strata = 'Sale_Price' argument, so the split process is not fully correct per the rubric.","Your recipe uses the correct formula, log-transforms Sale_Price, pools Neighborhood, creates dummies, and then centers/scales predictors; you prep and examine with broom::tidy(), matching the required steps and order closely enough.","You defined three models with appropriate engines and tuning parameters, but you did not explicitly set mode = 'regression' for the glmnet model and the rubric expects all three models to have mode set via parsnip::set_mode().","You correctly called parsnip::translate() on each of the three model objects, which matches the expected workflow and output structure.","You set the seed and created bootstrap samples from ames_train, but you did not namespace bootstraps() with rsample:: and you changed the default resampling parameters (times = 25) instead of using the default settings.","You created a workflow_set with the recipe and three models, but you did not unnest the info column as required (you only selected it), so the examination of the workflow structure is incomplete.","You mapped tuning over the workflow set, then unnested result and .metrics, filtered for rmse, grouped by wflow_id, arranged by .estimate, and sliced the top row, which matches the required process even though you used a separate all_workflows_res object.","You used workflowsets::rank_results(all_workflows_res, rank_metric = 'rmse', select_best = TRUE) and compared results, which satisfies the required function usage and interpretation.","You eventually extract, finalize, and fit a best workflow and report a test/train MSE ratio, but the earlier Q10b chunk has incorrect finalize_workflow syntax and missing best_params definition, and you do not match the specified base_forest workflow or parameter values from the rubric."
40,19,"You completed all exercises and demonstrated a solid understanding of recipes, parsnip models, workflowsets, and tuning. Most core steps are present, but several answers diverge from the exact rubric expectations (e.g., missing strata in splits, not unnested info, rebuilding objects, and a syntax issue in Q10b). For future labs, focus on matching the specified function arguments, object names, and workflows more closely, and double-check that final code blocks are syntactically correct and directly follow the instructions.",2,2,3,2,3,2,2,2,2,1,"You correctly used skimr::skim on dat and concluded no missing data, but the rubric expected using the pipe operator (dat |> skimr::skim()) in a single step without extra objects or checks.","You set the seed and used rsample::initial_split, training(), and testing(), but you omitted the required strata = 'Sale_Price' argument, so the split process is not fully as specified.","Your recipe uses the correct formula, applies log to Sale_Price, pools Neighborhood, creates dummies, and then centers/scales predictors, and you prep and examine it with broom::tidy; this matches the required process and transformations.","You defined three parsnip models with appropriate engines and tuning parameters, but you did not explicitly set mode = 'regression' for the glmnet model, and you used bare tune() instead of parsnip::tune(), which is slightly off the expected specification.","You correctly called parsnip::translate() on each of the three model objects, which matches the required workflow and would display the appropriate templates.","You set the seed and created a bootstrap object from ames_train, but you did not namespace bootstraps() with rsample:: and changed the default resample count (times = 25), so the process is not exactly as specified.","You created a workflow_set with the base recipe and three models and inspected the info column, but you did not unnest(info) as requested, and model object names differ from the earlier lm_mod_* names expected in the rubric.","You ultimately unnest result and .metrics, filter for rmse, group by wflow_id, arrange by .estimate, and slice(1), which matches the intended analysis, but you rebuilt recipes/models/workflows and used all_workflows_res instead of updating all_workflows as specified.","You used workflowsets::rank_results with rank_metric = 'rmse' and select_best = TRUE and compared results, but you applied it to all_workflows_res rather than all_workflows as in the rubric, and the comparison to Exercise 8 is more indirect than requested.","You attempted to extract a best workflow, finalize it, and compare train/test performance, but the Q10b code has a syntax error (finalize_workflow line) and does not clearly use the specified base_forest workflow with trees = 1 and min_n = 11, so the process and final model comparison are only partially aligned with the rubric."
41,19,"You demonstrated a solid grasp of tidymodels workflows, recipes, models, and resampling, and most exercises include the key functions and reasonable code structure. The main issues are small deviations from the specified arguments (e.g., missing strata, not updating all_workflows) and some inconsistencies and errors in the final model selection/finalization steps. Tightening alignment with the exact rubric instructions and simplifying the Q10 workflow to match the template would improve your score and clarity.",2,2,3,2,3,2,2,2,2,1,"You correctly used skimr::skim() on dat and answered the missing-data question, but the rubric expected using the pipe operator (dat |> skimr::skim()) in a single step without extra objects or checks.","You used set.seed() and rsample::initial_split()/training()/testing() with a 75% split, but you omitted the required strata = 'Sale_Price' argument in initial_split.","Your recipe uses the correct formula, log-transforms Sale_Price, pools Neighborhood, creates dummies, and then centers/scales predictors; you prep and examine it with broom::tidy(), matching the expected process and transformations.","You defined the three models with the correct parsnip functions and engines and tuned parameters, but you did not explicitly set mode = 'regression' for the glmnet model as required by the rubric.","You correctly called parsnip::translate() on each of the three model objects, which matches the expected workflow and will show the appropriate engine-specific templates.","You set the seed and created bootstrap resamples from ames_train, but you did not namespace bootstraps() with rsample:: and you changed the defaults (times = 25) instead of using the default parameters as specified.","You correctly built a workflow_set with the base recipe and three models and inspected the info column, but you did not unnest(info) as requested, so the full workflow structure is not shown.","You correctly used workflow_map, then unnested result and .metrics, filtered for rmse, grouped by wflow_id, arranged by .estimate, and sliced the top row; however, you created a new all_workflows_res object instead of updating all_workflows as in the prompt.","You used workflowsets::rank_results() with rank_metric = 'rmse' and select_best = TRUE and compared results, but you applied it to all_workflows_res rather than directly to all_workflows as specified in the rubric.","You attempted to extract and finalize the best workflow and compare train/test performance, but there are syntax errors (finalize_workflow line), inconsistent use of all_workflows vs all_workflows_res, and you did not clearly use the specified base_forest workflow or the given best parameters; the overall process is more complex than required and partially incorrect."
42,19,"Your lab shows a solid grasp of tidymodels workflows, recipes, and workflowsets, and most exercises include the key functions and reasonable processes. A few items diverge from the specified rubric (e.g., missing strata in the split, not unnested info in Q7, and some inconsistencies in Q10), which cost points. Focusing on matching the exact arguments, objects, and steps requested in the instructions will help you capture full credit next time.",2,2,3,2,3,2,2,2,2,1,"You correctly used skimr::skim() on dat and concluded no missing data, but the rubric expected using the pipe operator (dat |> skimr::skim()) in a single step without extra objects or checks.","You used set.seed() and rsample::initial_split()/training()/testing() with a 75% split, but you omitted the required strata = 'Sale_Price' argument in initial_split.","Your recipe uses the correct formula, log-transforms Sale_Price, pools Neighborhood, creates dummies, and then centers/scales predictors, and you prep and examine it with broom::tidy(); this matches the expected process and transformations.","You defined the three models with the correct parsnip functions and tuned parameters, but you did not set mode = 'regression' for the lm and glmnet models as required by the rubric.","You correctly called parsnip::translate() on each of the three model objects, which is exactly what was required.","You set the seed and created bootstrap resamples from ames_train, but you did not explicitly use the rsample:: namespace and you changed the default parameters (times = 25) instead of relying on defaults as specified.","You created all_workflows with workflowsets::workflow_set() using the recipe and three models, but you did not unnest the info column (only selected it), so the structure examination step is incomplete.","You correctly mapped tuning over the workflow set and then unnested result and .metrics, filtered for rmse, grouped by wflow_id, arranged by .estimate, and sliced the top row; however, you used a separate all_workflows_res object and different resampling setup than the provided workflow_map call on all_workflows.","You used workflowsets::rank_results() with rank_metric = 'rmse' and select_best = TRUE and compared results, but you applied it to all_workflows_res instead of the all_workflows object specified in the rubric.","You eventually extract, finalize, and fit a best workflow and compute train/test MSE and their ratio, but the earlier Q10b chunk has incorrect finalize_workflow syntax, and you do not follow the specific expected process of extracting 'base_forest' with fixed trees and min_n values."
43,18,"Your lab shows a solid grasp of tidymodels workflows, recipes, and model tuning, and most required functions and steps are present. The main deductions are for small deviations from the specified process (e.g., missing strata in the split, not updating all_workflows, not unnesting info) rather than conceptual errors. For full credit in future labs, align more closely with the exact function arguments, object names, and workflow steps described in the rubric and template.",2,2,3,2,3,2,2,2,,,"You correctly used skimr::skim() on dat and concluded no missing data, but the rubric expected using the pipe operator (dat |> skimr::skim()) in a single step without extra objects or checks.","You used set.seed() and rsample::initial_split()/training()/testing() with a 75% split, but you omitted the required strata = 'Sale_Price' argument in initial_split.","Your recipe uses the correct formula, log-transforms Sale_Price, pools Neighborhood, creates dummies, and then centers/scales predictors; you also prep and inspect with broom::tidy(), matching the expected process.","You defined the three models with appropriate engines and tuning parameters, but you did not explicitly set mode = 'regression' for the first two models and did not use parsnip::tune() with namespace as in the rubric.","You correctly called parsnip::translate() on each of the three model objects, which is exactly what was required.","You set the seed and created bootstrap resamples from ames_train, but you did not use the rsample:: namespace and changed defaults by specifying times = 25 instead of relying on the default parameters.","You built a workflow_set with the recipe and three models correctly, but you only selected the info column instead of unnesting it with tidyr::unnest(info) as required to examine the workflow structure.","You correctly mapped tuning over the workflow set, unnested result and .metrics, filtered for rmse, grouped by wflow_id, arranged by .estimate, and sliced the top row; however, you created a new all_workflows_res object instead of updating all_workflows as specified.",,
44,20,"You completed most exercises with generally appropriate use of tidymodels, recipes, parsnip, rsample, and workflowsets, and your preprocessing and model-specification steps are largely correct. The main issues are small deviations from the specified arguments (e.g., missing strata, altered bootstrap defaults), not fully following the requested workflow structure (unnesting info, using all_workflows vs. all_workflows_res), and an incorrect/unfinished best-model finalization in Exercise 10. Tightening alignment with the provided process and fixing the Q10 workflow extraction/finalization would significantly improve your score.",2,2,3,2,3,2,2,3,2,1,"You correctly used skimr::skim() on dat and answered the missing-data question, but the rubric expected using the pipe operator (dat |> skimr::skim()) in a single step without extra objects or checks.","You set the seed and used rsample::initial_split(), training(), and testing() with a 0.75 prop, but you omitted the required strata = 'Sale_Price' argument.","Your recipe uses the correct formula, log-transforms Sale_Price, pools Neighborhood, creates dummies, centers and scales predictors, and you prep and tidy it; this matches the required process and transformations.","You defined the three models with appropriate engines and tuning parameters, but you did not explicitly set mode = 'regression' for the first two models as expected in the rubric/solution.","You correctly called parsnip::translate() on each of the three model objects, which is exactly what was required.","You set the seed and created bootstrap resamples from ames_train, but you did not namespace rsample::bootstraps() and changed the default resample count by specifying times = 25.","You created a workflow_set with the base recipe and three models and inspected wflow_id and info, but you did not unnest the info column as requested, and your model object names differ from those defined earlier in the lab.","You mapped workflow_map over the workflow set, then unnested result and .metrics, filtered for rmse, grouped by wflow_id, arranged by .estimate, and sliced the top row per group, matching the required workflow even though you used a separate all_workflows_res object.","You used workflowsets::rank_results() with rank_metric = 'rmse' and select_best = TRUE and compared results, but you applied it to all_workflows_res instead of all_workflows as specified and added extra, unnecessary complexity.","You attempted to extract and finalize a best workflow and compare train/test performance, but the extract_workflow() call uses a non-matching id, the finalize_workflow() code is syntactically incorrect in Q10b, and the parameters (trees = 1, min_n = 11) and resulting performance comparison do not match the specified solution."
45,19,"You completed all exercises and demonstrated a solid understanding of tidymodels workflows, recipes, models, and workflowsets. Most core steps (splits, recipe, models, bootstraps, workflow_set, tuning, and ranking) are present and largely correct, though you sometimes deviated from the exact rubric specifications (e.g., missing strata, not unnested info, rebuilding objects, and some messy finalization code). Tightening adherence to the requested arguments and object names, and simplifying Q8–Q10 to follow the provided patterns, would improve both clarity and alignment with the grading rubric.",2,2,3,2,3,2,2,2,2,1,"You correctly used skimr::skim() on dat and answered the missing-data question, but the rubric expected using the pipe operator (dat |> skimr::skim()) in a single step without extra objects or checks.","You set the seed and used rsample::initial_split(), training(), and testing(), but you omitted the required strata = 'Sale_Price' argument in initial_split, so the process is slightly off the rubric.","Your recipe uses the correct formula, log-transforms Sale_Price, pools Neighborhood, creates dummies, and then centers/scales predictors, and you prep and tidy the recipe; this matches the required steps and order closely enough for full credit.","You defined the three models with appropriate engines and tuning parameters, but you did not explicitly set the mode for the base and glmnet models, and you used bare tune() instead of parsnip::tune(), which is slightly off the specified process.","You correctly called parsnip::translate() on each of the three model objects, which matches the expected workflow and output structure.","You set the seed and created bootstrap resamples from ames_train, but you did not namespace bootstraps() with rsample:: and you changed the defaults (times = 25 and extra preview code) instead of using the default parameters as specified.","You correctly built a workflow_set with one recipe and three models and inspected its structure, but you did not unnest the info column as required (you only selected it), so the examination step is incomplete.","You performed the required unnesting, filtering for rmse, grouping, arranging, and slicing, but you rebuilt the workflows and used a separate all_workflows_res object instead of updating all_workflows as in the rubric; the core dplyr/tidyr chain is correct.","You used workflowsets::rank_results() with rank_metric = 'rmse' and effectively compared results, but you applied it to all_workflows_res rather than directly to all_workflows as specified, and added extra, unnecessary complexity.","You eventually extract, finalize, and fit a best workflow and report a test/train MSE ratio, but the earlier Q10a/Q10b code has errors (misplaced tibble, undefined best_params) and you do not follow the specific base_forest/trees=1,min_n=11 example; process is correct in spirit but messy and inconsistent with the rubric."
46,21,"You completed all exercises with generally correct use of tidymodels, recipes, parsnip, rsample, and workflowsets, and your tuning and model comparison workflows are well structured. Most deductions are for small deviations from the specified process (e.g., missing strata, not unnesting info, minor inconsistencies in model specification and finalization). Tightening alignment with the instructions and cleaning up redundant or conflicting code blocks would bring this to full credit.",1,2,3,2,3,2,2,3,3,1,"You used skimr::skim() on dat, but did not use the pipe operator as specified and added extra steps; the conclusion about no missing data is correct, but process fidelity is off.","You correctly used set.seed() and rsample::initial_split()/training()/testing(), but omitted the required strata = 'Sale_Price' argument, so the split process is slightly incomplete.","Your recipe uses the correct formula, log-transforms Sale_Price, pools Neighborhood, creates dummies, and then centers/scales predictors; you prep and inspect with broom::tidy(), matching the expected workflow.","You correctly specified linear_reg and rand_forest models with tuning parameters and engines, but did not set mode = 'regression' for the glmnet model and used bare tune() instead of parsnip::tune(), so the setup is slightly incomplete.","You applied parsnip::translate() to each of the three model objects as required, which would reveal the underlying engine-specific templates.","You set the seed and created bootstrap resamples from ames_train, but did not explicitly use rsample::bootstraps() and changed defaults (times = 25), so process fidelity is slightly off.","You correctly built a workflow_set with one recipe and three models and inspected wflow_id and info, but did not unnest(info) as requested, so the structure is not fully examined.","You mapped tuning over the workflow set (into all_workflows_res) and then correctly unnested result and .metrics, filtered for rmse, grouped by wflow_id, arranged by .estimate, and sliced the top row per group.","You used workflowsets::rank_results() with rank_metric = 'rmse' and select_best = TRUE and compared these rankings to your earlier tuning results, matching the intended workflow.","You eventually implement a full best-model selection, finalize_workflow, and train/test comparison pipeline in Q10c, but Q10a/b contain errors (wrong workflow id, malformed finalize_workflow call); overall the key functions and comparison are present but not cleanly aligned with the specified base_forest example."
47,20,"You demonstrated solid understanding of tidymodels workflows, recipes, and workflowsets, and most exercises include the correct functions and general process. The main deductions are for missing or altered arguments (e.g., strata in the split, explicit modes, rsample:: qualification) and for not exactly following the specified workflow in Exercises 7 and 10. Tightening adherence to the given instructions and simplifying to the requested steps would bring this closer to full credit.",2,2,3,2,3,2,2,3,3,1,"You correctly used skimr::skim() on dat and concluded no missing data, but the rubric expected using the pipe operator (dat |> skimr::skim()) in a single step without extra objects or checks.","You used set.seed() and rsample::initial_split()/training()/testing() with a 75% split, but you omitted the strata = 'Sale_Price' argument required by the rubric.","Your recipe uses the correct formula, applies log to Sale_Price, pools Neighborhood, creates dummies, then centers and scales predictors, and you prep and tidy the recipe; this matches the required process and transformations.","You defined the three models with appropriate engines and tuning parameters, but you did not explicitly set mode = 'regression' for the first two models as expected in the rubric.","You correctly called parsnip::translate() on each of the three model objects, satisfying the required workflow and outputs.","You set the seed and created bootstrap resamples of ames_train, but you did not use the fully qualified rsample::bootstraps() as specified and added extra arguments not required by the rubric.","You created a workflow_set with the base recipe and three models, but you did not unnest the info column (only selected it), so the structure examination step is incomplete.","You mapped tuning over the workflow set (into all_workflows_res) and then unnested result and .metrics, filtered for rmse, grouped by wflow_id, arranged by .estimate, and sliced the top row, matching the required process even though you used a separate object name.","You used workflowsets::rank_results(all_workflows_res, rank_metric = 'rmse', select_best = TRUE) and compared results, which aligns with the rubric’s expectations.","You eventually implemented a full workflow to select, finalize, and fit the best model on train and test data, but the earlier finalize_workflow call is syntactically incorrect, and you did not follow the specified extraction of 'base_forest' with fixed parameters; the process diverges from the rubric."
48,20,"Your lab shows a solid grasp of tidymodels workflows, recipes, model specification, and tuning, and most exercises follow the intended structure. Points were mainly lost where specific rubric details were missed (e.g., stratification in the split, explicit regression modes, unnesting info, and the exact finalize_workflow pattern). Review the rubric’s required arguments and object names to align your code more closely with the expected workflow in future labs.",2,2,3,2,3,2,2,3,3,1,"You correctly used skimr::skim() on dat and concluded no missing data, but the rubric expected using the pipe operator (dat |> skimr::skim()) in a single step without extra objects or checks.","You used set.seed() and rsample::initial_split()/training()/testing(), but you omitted the strata = 'Sale_Price' argument, so the split does not follow the specified stratified process.","Your recipe uses the correct formula, log-transforms Sale_Price, pools Neighborhood, creates dummies, and then centers/scales predictors; you also prep and inspect with broom::tidy(), matching the required process and transformations.","You defined the three models with appropriate engines and tuning parameters, but you did not explicitly set mode = 'regression' for the lm and glmnet models as required by the rubric’s expected workflow.","You correctly called parsnip::translate() on each of the three model objects, which is exactly what was requested.","You set the seed and created bootstrap resamples from ames_train, but you did not use the fully qualified rsample::bootstraps() and you overrode the default resample count by specifying times = 25.","You built a workflow_set with the base recipe and three models and inspected wflow_id and info, but you did not unnest(info) as requested, so the structure of each workflow is not fully shown.","You mapped tuning over the workflow set, then unnested result and .metrics, filtered for rmse, grouped by wflow_id, arranged by .estimate, and sliced the top row per group, matching the required workflow even though you used a separate all_workflows_res object.","You used workflowsets::rank_results(all_workflows_res, rank_metric = 'rmse', select_best = TRUE) and compared results, which aligns with the expected function usage and purpose.","You correctly extracted and finalized a best workflow and then refit and compared train/test performance, but the Q10b chunk has a syntax error (finalize_workflow line) and you did not follow the specified base_forest workflow and fixed parameter values from the rubric."
49,21,"Your lab shows a solid grasp of tidymodels workflows, recipes, model specification, and tuning, and you completed all exercises with mostly appropriate code. Most deductions are for small deviations from the specified process (e.g., missing strata, not unnested info, minor syntax/namespace issues) rather than conceptual misunderstandings. Tightening adherence to the exact requested arguments and workflow steps would bring this to full credit.",2,2,3,2,3,2,2,3,3,2,"You correctly used skimr::skim() on dat and concluded no missing data, but the rubric expected using the pipe operator (dat |> skimr::skim()) in a single step without extra objects or checks.","You used set.seed() and rsample::initial_split()/training()/testing(), but you omitted the strata = 'Sale_Price' argument, so the split process is not fully as specified.","Your recipe uses the correct formula, log-transforms Sale_Price, pools Neighborhood, creates dummies, and then centers/scales predictors; you prep and inspect with broom::tidy(), matching the required process and transformations.","You defined the three models with appropriate engines and tunable parameters, but you did not explicitly set_mode('regression') for the first two models and used bare tune() instead of parsnip::tune(), which is slightly off the expected specification.","You correctly called parsnip::translate() on each of the three model objects, which is exactly what was required to inspect the engine-specific templates.","You set the seed and created bootstrap resamples from ames_train, but you did not namespace rsample::bootstraps() and changed defaults (times = 25) instead of using the default parameters as specified.","You built a workflow_set with the base recipe and three models, but you did not unnest the info column (only selected it), so the examination of the workflow structure is incomplete.","You mapped tuning over the workflow set, then unnested result and .metrics, filtered for rmse, grouped by wflow_id, arranged by .estimate, and sliced the top row per group, matching the required workflow even though you used a separate all_workflows_res object.","You used workflowsets::rank_results(all_workflows_res, rank_metric = 'rmse', select_best = TRUE) and compared results, which aligns with the expected use of rank_results for model comparison.","You ultimately extracted the best workflow, finalized it with selected parameters, and fit on both training and test data, but earlier code chunks contain syntax errors (finalize_workflow line) and you did not use the specific base_forest workflow or the exact parameter values from the template, so the process is only partially aligned with the rubric."
50,19,"You completed all exercises and demonstrated a solid understanding of recipes, models, workflowsets, and tuning, with most required functions present. The main issues are small deviations from the specified processes (e.g., missing strata, not unnested info, rebuilding objects instead of reusing all_workflows, and a syntax error in Q10b). Tightening adherence to the given workflows and argument specifications would bring this to full credit.",2,2,3,2,3,2,2,2,2,1,"You correctly used skimr::skim() on dat and concluded no missing data, but did not use the pipe operator to pass dat into skim() as specified, and you created dat inside the chunk instead of using the existing object.","You set the seed and used initial_split(), training(), and testing() with a 0.75 split, but you omitted the required strata = 'Sale_Price' argument.","Your recipe uses the correct formula, log-transforms Sale_Price, pools Neighborhood, creates dummies, centers and scales predictors, and you prep and tidy it; the order is acceptable and matches the required transformations.","You defined the three models with appropriate engines and tuning parameters, but you did not explicitly set mode = 'regression' for the first two models and used bare tune() instead of parsnip::tune(), which slightly departs from the expected process.","You correctly called parsnip::translate() on each of the three model objects, which matches the expected workflow for examining model templates.","You set the seed and created bootstrap resamples from ames_train, but you did not namespace rsample::bootstraps() and overrode the default resample count by specifying times = 25.","You built a workflow_set with the base recipe and three models and inspected wflow_id and info, but you did not unnest(info) as requested, and your model object names differ from those defined earlier (lm_mod_glmnet vs glmnet_mod, etc.).","You correctly unnested result and .metrics, filtered for rmse, grouped by wflow_id, arranged by .estimate, and sliced the top row, but you rebuilt the workflows and used a separate all_workflows_res object instead of updating and using the provided all_workflows.","You used workflowsets::rank_results() with rank_metric = 'rmse' and select_best = TRUE and compared results, but you applied it to all_workflows_res rather than the all_workflows object specified in the instructions.","You eventually extracted a best workflow, finalized it with best_params, and fit/train/test and computed an MSE ratio, but the earlier Q10b chunk has a syntax error, you did not follow the specified base_forest workflow and fixed parameters, and your process is more complex than required."
