Run,Total,OverallComment,Q1,Q2,Q3,Q4,Q5,Q6,Q7,Q8,Q9,Q10,Q1_feedback,Q2_feedback,Q3_feedback,Q4_feedback,Q5_feedback,Q6_feedback,Q7_feedback,Q8_feedback,Q9_feedback,Q10_feedback
1,19,"Your lab shows solid understanding of tidymodels workflows, recipes, model specification, tuning, and evaluation. Most required functions and steps are present and logically structured. To improve, align more closely with the specified object names and step order, adhere strictly to the rubric parameters (e.g., select_best = TRUE, specific workflow IDs and tuning values), and keep your EDA conclusions consistent with the expected interpretation.",1,3,2,2,2,3,2,2,2,2,"You correctly used skimr::skim(), but did not use the pipe from dat to skim() as specified and your written conclusion about missing data contradicts the expected 'no missing data' statement.","You set the seed, used rsample::initial_split with prop = 0.75 and strata = Sale_Price, and correctly created ames_train and ames_test from data_split.","You created a recipe with the correct formula and included log transform, step_other, dummies, centering, and scaling, then prepped and tidied it. However, the order of steps does not match the expected sequence (center/scale numeric predictors before dummy creation), so process fidelity is slightly off.","You specified a linear_reg lm model, a glmnet model with tunable penalty and mixture, and a ranger random forest with tunable min_n and trees. However, the object names (glmnet_mod_tune, rf_mod_tune) do not match the expected lm_mod_glmnet and lm_mod_rforest, which may break later workflow expectations.","You correctly called parsnip::translate() on each of your three model objects, but again the models are not named as in the rubric (lm_mod_glmnet, lm_mod_rforest), which slightly reduces process fidelity relative to the template.","You set the seed and created train_resamples using rsample::bootstraps(ames_train), matching the expected process and output structure.","You built a workflow_set with a recipe and three models and then unnested the info structure, which meets the main goals. However, you used a different recipe (rec_base) and model names and unnested with unnest_wider(info) instead of unnest(info), so the structure does not exactly match the expected base recipe plus three models.","You used workflow_map to tune, then unnested metrics, filtered for rmse, grouped by wflow_id, arranged in descending order, and sliced the top row, which matches the intended workflow. The code is more complex than needed and uses collect_metrics instead of directly unnesting .metrics, but it still achieves the required result.","You called workflowsets::rank_results with all_workflows and rank_metric = 'rmse' and compared to your manual results, but you omitted select_best = TRUE as specified in the rubric.","You correctly used extract_workflow_set_result, select_best, extract_workflow, finalize_workflow, and fit to compare train/test performance and computed an MSE ratio, but you did not explicitly extract the 'base_forest' workflow or use the specified best parameters (trees = 1, min_n = 11), so the final model and ratio differ from the expected solution."
2,19,"Most core tidymodels steps are present and generally correct, including splitting, recipe creation, model specs, workflow sets, tuning, and performance comparison. The main deductions are for not strictly following the specified object names and exact workflows (e.g., recipe choice/order, model object names, and the specific base_forest workflow and parameters), and for a few deviations from the requested code patterns. Tightening alignment with the instructions and simplifying to the expected functions/objects would bring this to full credit.",1,3,2,2,2,3,2,2,2,2,You used skimr::skim() but did not pipe dat into skim (as required) and added extra NA-table code; also your written conclusion about missingness contradicts the expected 'no missing data'.,"Correct use of set.seed(8740), initial_split with prop = 0.75 and strata = Sale_Price, and proper creation of ames_train and ames_test.","You created and prepped a recipe with the correct formula and included log, step_other, dummy, centering, and scaling, but the order does not match the expected (center/scale numeric predictors before dummying) and you used all_predictors() instead of all_numeric_predictors().","You correctly specified a base linear_reg with lm engine, a glmnet model with tunable penalty and mixture, and a ranger random forest with tunable min_n and trees, but the object names (glmnet_mod_tune, rf_mod_tune) do not match the expected lm_mod_glmnet and lm_mod_rforest.","You called parsnip::translate() on each model, but again used glmnet_mod_tune and rf_mod_tune instead of the specified lm_mod_glmnet and lm_mod_rforest objects.","You correctly set the seed and created train_resamples using rsample::bootstraps(ames_train), matching the expected process and output.","You built a workflow_set with one recipe and three models and unnested the info-like structure, but you used a different recipe (rec_base) than the specified norm_recipe and unnested with unnest_wider(info) instead of unnest(info).","You used workflow_map (in a prior chunk) and then unnested metrics, filtered for rmse, grouped by wflow_id, and arranged in descending order; however, the code deviates from the expected select/unnest pattern and uses collect_metrics plus extra compatibility logic.","You correctly called workflowsets::rank_results(all_workflows, rank_metric = 'rmse') and compared to your manual results, but added extra score/mean handling beyond the simple expected call.","You used extract_workflow_set_result, select_best, finalize_workflow, and then fit models to train and test data and computed an MSE ratio, but you did not explicitly extract the 'base_forest' workflow or hard-code trees = 1 and min_n = 11 as specified."
3,20,"You completed all exercises with generally correct use of tidymodels, rsample, recipes, parsnip, and workflowsets, and your code shows a solid understanding of the modeling workflow. Most deductions are for not following the exact object names, step ordering, or parameter choices specified in the rubric and templates, and for adding extra complexity beyond what was asked. For future labs, align more closely with the provided process (names, arguments, and sequence) and keep your solutions as simple and template-driven as possible.",1,3,2,2,3,3,2,2,2,2,"You correctly used skimr::skim(), but did not use the pipe from dat to skim() as specified and your written conclusion about missing data contradicts the expected 'no missing data' result.","You set the seed, used rsample::initial_split with prop = 0.75 and strata = Sale_Price, and correctly created ames_train and ames_test from data_split.","You created a recipe with the correct formula and included log-transform, step_other, dummies, centering, and scaling, then prepped and tidied it. However, you log-transformed all outcomes without explicitly setting base = exp(1), and the order of steps (dummy then center/scale all predictors) does not match the expected numeric-predictor-only centering/scaling.","You specified a linear_reg lm model, a glmnet model with penalty and mixture tuned, and a rand_forest model with min_n and trees tuned, using set_engine and regression mode. However, the object names (glmnet_mod_tune, rf_mod_tune) do not match the expected lm_mod_glmnet and lm_mod_rforest, which may cause issues with later workflow_set usage per the template.","You correctly called parsnip::translate() on each of the three model specifications, satisfying the required workflow and expected outputs.","You set the seed and created train_resamples using rsample::bootstraps(ames_train), producing the expected bootstrap resampling object.","You built a workflow_set with a recipe and three models and then unnested the info column, but you used a different recipe (rec_base) and model names than specified and unnested with unnest_wider(info) instead of the simpler unnest(info) shown in the solution.","You used workflow_map to tune across workflows and then unnested metrics, filtered for rmse, grouped by wflow_id, and arranged in descending order, returning one row per workflow. However, your code deviates from the simpler select/unnest pattern in the template and adds extra compatibility logic, making it harder to see the tuned parameters in the expected columns.","You called workflowsets::rank_results with all_workflows and rank_metric = 'rmse' and compared to your Exercise 8 results, but you omitted select_best = TRUE and added extra transformation logic beyond what was requested.","You identified best RMSE configurations, extracted and finalized a workflow using select_best, and fit models on train and test data to compute an MSE ratio. However, you did not follow the exact expected process of extracting the 'base_forest' workflow with fixed parameters (trees = 1, min_n = 11), and your reported MSE ratio differs from the target value."
4,25,"Most of the required tidymodels workflow is present and correctly implemented, including splitting, recipe creation, model specs, workflow sets, tuning, and performance comparison. A few details diverge from the rubric (naming of model objects, exact recipe and workflow IDs, and the specific best-parameter values), and the EDA conclusion about missingness is inconsistent with expectations. Tightening alignment with the specified object names, recipe, and best-model parameters would bring this to full credit.",1,3,3,2,3,3,2,3,3,2,"You correctly used skimr, but did not use the pipe from dat to skim() as specified and your written conclusion about missing data contradicts the expected 'no missing data' statement.","You set the seed, used rsample::initial_split with prop = 0.75 and strata = Sale_Price, and correctly created ames_train and ames_test from data_split.","You created the recipe with the correct formula, applied log to the outcome, pooled Neighborhood, created dummies, centered and scaled predictors, and prepped/tidied the recipe in a reasonable order.","You correctly specified a base lm model, a glmnet model with tunable penalty and mixture, and a ranger random forest with tunable min_n and trees, but you did not name them exactly as lm_mod_glmnet and lm_mod_rforest as in the expected workflow.","You applied parsnip::translate() to each of the three model specifications, satisfying the required workflow and output intent.","You set the seed and created train_resamples using rsample::bootstraps(ames_train), matching the expected process and object type.","You built a workflow_set with one recipe and three models and examined its structure, but you used a different recipe than specified and unnested the info column with unnest_wider rather than the simpler unnest(info) shown in the rubric.","You used workflow_map to tune, then unnested metrics, filtered for rmse, grouped by wflow_id, arranged by .estimate descending, and sliced the top row per group, matching the required sequence of operations.","You called workflowsets::rank_results with all_workflows and rank_metric = 'rmse', and compared these results to those from Exercise 8, aligning with the expected process.","You correctly used extract_workflow_set_result, select_best, extract_workflow, finalize_workflow, and fit on train/test data, but you did not explicitly extract the 'base_forest' workflow or use the specified best parameters (trees = 1, min_n = 11), and your reported MSE ratio differs from the expected value."
5,24,"Your lab shows a solid grasp of tidymodels workflows, recipes, model specification, tuning, and evaluation. Most exercises follow the intended process and use the correct functions, with only minor deviations in object naming and some differences from the exact reference workflow in Q7 and Q10. To improve, align more closely with the specified object names and target workflow (especially for the best-model selection and final comparison) and ensure your written interpretations match the code output (e.g., missing data in Q1).",1,3,3,2,2,3,2,3,3,2,"You correctly used skimr::skim(), but did not use the pipe from dat to skim in a single step and your written conclusion about missing data contradicts the skim output (there is no missing data in this version).","You set the seed, used rsample::initial_split with prop = 0.75 and strata = Sale_Price, and correctly created ames_train and ames_test from data_split.","You created norm_recipe with the correct formula, applied step_log to the outcome, pooled Neighborhood with step_other, created dummies, and centered/scaled predictors, then prepped and tidied the recipe; the overall process and transformations match the requirements.","You specified a base linear_reg with lm and tuned glmnet and ranger models with penalty/mixture and min_n/trees, but the object names (glmnet_mod_tune, rf_mod_tune) do not match the expected lm_mod_glmnet and lm_mod_rforest, which may break later workflow expectations.","You called parsnip::translate() on each model, but again used glmnet_mod_tune and rf_mod_tune instead of the rubric-specified model object names, so the process is slightly off from the expected workflow.","You set the seed and created train_resamples with rsample::bootstraps(ames_train), matching the expected process and output structure.","You built a workflow_set with a recipe and three models and then unnested the info structure, but you used a different recipe (rec_base with many extra steps) and different model names and unnested with unnest_wider(info) instead of unnest(info) as in the template.","You used workflow_map to tune across workflows, then unnested metrics (via collect_metrics and map), filtered for rmse, grouped by wflow_id, arranged by .estimate descending, and sliced the top row per group, which satisfies the required workflow and output intent.","You called workflowsets::rank_results with all_workflows and rank_metric = 'rmse', and compared its top results to those from Exercise 8, matching the expected usage and interpretation.","You correctly used extract_workflow_set_result, select_best, extract_workflow, finalize_workflow, and fit on train/test data, but you did not explicitly extract the 'base_forest' workflow or fix parameters to trees = 1 and min_n = 11, and your reported MSE ratio differs from the expected reference value."
6,20,"You completed all exercises with generally correct use of tidymodels, rsample, recipes, parsnip, and workflowsets, and your code shows a solid understanding of the workflow. Most deductions are for not following the exact object names, step order, or specific parameter values requested in the rubric, and for a few mismatches with the expected textual conclusions. For future labs, align more closely with the provided templates and instructions, especially regarding naming, step order, and specified parameter values.",1,3,2,2,3,3,2,2,2,2,"You correctly used skimr, but did not use the pipe from dat to skim in a single step and concluded there IS missing data, which contradicts the expected no-missing-data result.","You set the seed, used rsample::initial_split with prop = 0.75 and strata = Sale_Price, and correctly created ames_train and ames_test from data_split.","You created a recipe with the correct formula and included log transform, step_other, dummies, centering, and scaling, then prepped and tidied it. However, the order differs from the expected (log, center/scale numeric predictors, then other, then dummies), and you used all_predictors instead of all_numeric_predictors for centering/scaling.","You specified a base linear_reg with lm engine and tuned glmnet and ranger models with penalty/mixture and min_n/trees, and used translate. However, the object names (glmnet_mod_tune, rf_mod_tune) do not match the expected lm_mod_glmnet and lm_mod_rforest, which may cause issues with later workflow code.","You correctly called parsnip::translate() on each of the three model specifications, satisfying the required workflow and expected outputs.","You set the seed and created train_resamples using rsample::bootstraps(ames_train), matching the expected process and object structure.","You created a workflow_set with a recipe and three models and unnested the info-like structure, but you used a different recipe (rec_base) and model names than specified, and unnested_wider(info) instead of unnest(info) as in the template.","You mapped tune_grid over all_workflows and then unnested metrics, filtered for rmse, grouped by wflow_id, and arranged in descending order, but the code deviates from the provided select/unnest pattern and adds extra compatibility logic not required by the rubric.","You used workflowsets::rank_results with all_workflows and rank_metric = 'rmse', but omitted select_best = TRUE and added extra comparison logic beyond what was requested.","You used extract_workflow_set_result, select_best, finalize_workflow, and fit models on train/test data and computed an MSE ratio, but you did not explicitly extract the 'base_forest' workflow or set trees = 1 and min_n = 11 as specified, and your reported ratio differs from the expected value."
7,24,"You completed all exercises with generally correct use of tidymodels, workflowsets, and tuning, and your code shows a solid understanding of the modeling workflow. Most deductions are for not following the exact object names or specific configurations required by the rubric (e.g., model variable names, base_forest workflow, and specified best parameters) and for a minor mismatch in the EDA and final performance comparison. Aligning more closely with the provided templates and rubric details will help you capture full credit in future labs.",1,3,3,2,2,3,2,3,3,2,"You used skimr::skim(), but did not pipe dat into skim() as required and added extra intermediate objects; also your written conclusion about missingness contradicts the expected 'no missing data' statement.","You correctly set the seed, used rsample::initial_split() with prop = 0.75 and strata = Sale_Price, and then created ames_train and ames_test with training() and testing().","You created norm_recipe with the correct formula, applied step_log to the outcome, pooled Neighborhood with step_other, created dummies, and centered/scaled predictors, then prepped and tidied the recipe; this matches the required process.","You specified a base linear_reg with lm engine, a glmnet linear_reg with penalty and mixture tuned, and a rand_forest with min_n and trees tuned, but the glmnet and forest models are not stored in variables named lm_mod_glmnet and lm_mod_rforest as specified in the rubric.","You correctly called parsnip::translate() on each model, but again used glmnet_mod_tune and rf_mod_tune instead of the rubric-specified lm_mod_glmnet and lm_mod_rforest objects.","You set the seed and created train_resamples with rsample::bootstraps(ames_train), which matches the expected bootstrap resampling process.","You built all_workflows with workflow_set() using a recipe and three models and then unnested the info structure, but the recipe and model objects differ from the norm_recipe / lm_mod_* naming and structure expected in the rubric.","You used workflow_map() to tune across workflows and then unnested metrics, filtered for rmse, grouped by wflow_id, arranged by .estimate descending, and sliced the top row per group, matching the required workflow.","You called workflowsets::rank_results(all_workflows, rank_metric = 'rmse') and compared its top rmse per workflow to your manual results from Q8, which satisfies the rubric.","You correctly used extract_workflow_set_result, select_best, extract_workflow, finalize_workflow, and then fit on train/test and computed the MSE ratio, but you did not explicitly extract the 'base_forest' workflow or use the specified trees = 1, min_n = 11 parameters, and your reported ratio differs from the expected value."
8,19,"You completed all exercises with generally correct use of tidymodels, recipes, workflowsets, and tuning, and your code shows a solid understanding of the workflow. Most deductions are for not following the exact object names, step ordering, or function arguments specified in the rubric (e.g., model names, rank_results arguments, and the specific best forest configuration). For future labs, pay close attention to the required naming and exact workflows in the instructions, and align your written interpretations (like missing data) with the expected conclusions.",1,3,2,2,2,3,2,2,2,2,"You correctly used skimr, but did not use the pipe from dat to skim() as specified and your written conclusion about missing data contradicts the expected 'no missing data' statement.","You set the seed, used initial_split with prop = 0.75 and strata = Sale_Price, and correctly created ames_train and ames_test from data_split.","You created a recipe with the correct formula and included log-transform, step_other, dummies, centering, and scaling, then prepped and tidied it. However, the order of steps does not match the expected (center/scale numeric predictors before dummy creation), so process fidelity is slightly off.","You specified a base linear_reg with lm engine, a glmnet model with penalty and mixture tuned, and a ranger random forest with min_n and trees tuned. However, the object names (glmnet_mod_tune, rf_mod_tune) do not match the expected lm_mod_glmnet and lm_mod_rforest, which breaks the prescribed workflow naming.","You correctly called parsnip::translate() on each model, but again used glmnet_mod_tune and rf_mod_tune instead of the expected lm_mod_glmnet and lm_mod_rforest, so the process does not align exactly with the rubric.","You set the seed, used rsample::bootstraps() on ames_train, and stored the result in train_resamples as required.","You created a workflow_set with a recipe and three models and then unnested the info structure, but you used a different recipe (rec_base) and model names and unnested with unnest_wider(info) instead of unnest(info), so the structure differs from the expected base/norm_recipe setup.","You used workflow_map to tune, then unnested metrics, filtered for rmse, grouped by wflow_id, and arranged by .estimate descending, selecting the top row. However, your code deviates from the exact select/unnest chain in the template and uses collect_metrics/map instead of unnesting result and .metrics directly.","You called workflowsets::rank_results with all_workflows and rank_metric = 'rmse', and compared to your manual results, but you did not set select_best = TRUE as specified in the rubric.","You extracted and finalized a best workflow using rank_results and select_best, and then fit models on train and test data and computed an MSE ratio. However, you did not explicitly extract the 'base_forest' workflow with trees = 1 and min_n = 11, and your reported MSE ratio differs from the expected value, so process and output do not fully match the rubric."
9,19,"You completed all exercises and demonstrated a solid grasp of tidymodels workflows, tuning, and evaluation. Most core functions and steps are present, but several answers diverge from the exact variable names, step order, or specific parameters required by the rubric. For full credit in future labs, align more closely with the specified object names and processes, and double-check written interpretations (e.g., missing data and best-model selection criteria).",1,3,2,2,2,3,2,2,2,2,You used skimr::skim() but did not pipe dat into skim (as required) and added extra intermediate objects; also your written conclusion about missingness contradicts the actual Ames data (which has no NAs per rubric).,"You correctly set the seed, used rsample::initial_split with prop = 0.75 and strata = Sale_Price, and created ames_train and ames_test from the split.","You created a recipe with the correct formula and included log transform, step_other, dummies, centering, and scaling, then prepped and tidied it. However, the order of steps does not match the expected process (centering/scaling should occur before dummy creation and only on numeric predictors).","You specified a base linear_reg with lm engine and tunable glmnet and ranger models with the correct tunable parameters, but you did not use the exact variable names requested (lm_mod_glmnet, lm_mod_rforest), which breaks the expected workflow linkage.","You correctly called parsnip::translate() on each model, but again the models are not named as in the rubric (lm_mod_glmnet, lm_mod_rforest), which may cause downstream inconsistency.","You set the seed and created train_resamples using rsample::bootstraps(ames_train), matching the expected process and output.","You built a workflow_set with a recipe and three models and unnested the info structure, but you did not use the specified norm_recipe and model variable names, and you unnested with unnest_wider(info) instead of unnest(info) as in the exemplar.","You mapped tune_grid over all_workflows and then unnested metrics, filtered for rmse, grouped by wflow_id, and arranged by .estimate descending, but you used collect_metrics/map instead of directly unnesting result and .metrics as described in the rubric.","You called workflowsets::rank_results with all_workflows and rank_metric = 'rmse', but omitted select_best = TRUE and added extra comparison logic beyond what was requested.","You correctly used extract_workflow_set_result, select_best, extract_workflow, finalize_workflow, and fit to compare train/test MSE, but you did not explicitly extract the 'base_forest' workflow or use the specified best parameters (trees = 1, min_n = 11), and your reported MSE ratio differs from the expected value."
10,24,"Most of the required tidymodels workflow is present and generally correct, including splitting, recipe creation, model specifications, workflow sets, tuning, and performance comparison. The main issues are deviations from the expected object names and specific configurations (e.g., base_forest with trees = 1, min_n = 11) and a non-piped skim call plus an incorrect missing-data conclusion. Aligning more closely with the provided template and rubric expectations would make your work easier to follow and fully compliant.",1,3,3,2,2,3,2,3,3,2,"You used skimr::skim(), but did not pipe dat into skim() as required and added extra intermediate objects; also your written conclusion about missingness contradicts the expected 'no missing data' statement.","You correctly set the seed, used rsample::initial_split() with prop = 0.75 and strata = Sale_Price, and created ames_train and ames_test from data_split.","You created norm_recipe with the correct formula, applied step_log to the outcome, pooled Neighborhood with step_other, created dummies, and centered/scaled predictors, then prepped and tidied the recipe; the overall preprocessing matches the required transformations.","You specified a base linear_reg with lm engine and tuned glmnet and ranger models with penalty/mixture and min_n/trees, but the tuned models are not stored in variables named lm_mod_glmnet and lm_mod_rforest as in the expected workflow.","You correctly called parsnip::translate() on each of your three model objects, but again the model variable names differ from the expected ones, which could cause issues when following the template strictly.","You set the seed and created train_resamples using rsample::bootstraps(ames_train), which matches the expected bootstrap resampling process.","You built a workflow_set with a recipe and three models and then unnested the info structure, but you used a different recipe (rec_base) and model names and unnested with unnest_wider(info) instead of unnest(info) as in the template.","You mapped tune_grid over all_workflows, then unnested metrics, filtered for rmse, grouped by wflow_id, arranged by .estimate descending, and sliced the top row per group, matching the required workflow even though you used collect_metrics instead of direct unnesting.","You used workflowsets::rank_results(all_workflows, rank_metric = 'rmse') and compared its top rmse results to those from Exercise 8, satisfying the ranking and comparison requirement.","You correctly used extract_workflow_set_result, select_best, extract_workflow, finalize_workflow, and fit on train/test data and reported an MSE ratio, but you did not explicitly extract the 'base_forest' workflow or use the specified trees = 1, min_n = 11 configuration."
11,22,"Most exercises are completed with correct use of tidymodels functions and workflows, including splitting, recipes, model specs, workflow sets, tuning, and ranking. The main issues are naming inconsistencies with the expected model objects, a contradictory statement about missing data in Q1, and not explicitly using the prescribed base_forest workflow and parameter values in Q10. Tightening alignment with the template object names and expected narrative answers would bring this closer to full credit.",1,3,3,2,3,3,2,3,3,2,"You correctly used skimr::skim on dat, but did not use the pipe operator as specified and your written conclusion about missing data contradicts the expected 'no missing data' result.","You set the seed, used rsample::initial_split with prop = 0.75 and strata = Sale_Price, and correctly created ames_train and ames_test from data_split.","You created norm_recipe with the correct formula, applied step_log to the outcome, pooled Neighborhood with step_other, created dummies, centered and scaled predictors, and then prepped and tidied the recipe; the overall preprocessing matches the required transformations.","You specified a base linear_reg with lm engine and tuned glmnet and ranger models with the correct tunable parameters, but you did not name the glmnet and ranger models as lm_mod_glmnet and lm_mod_rforest as in the expected workflow.","You applied parsnip::translate() to each of the three model specifications, which will display the underlying engine-specific templates as required.","You set the seed and created train_resamples using rsample::bootstraps(ames_train), producing the expected bootstrap resampling object.","You built all_workflows with workflow_set using a recipe and three models and then unnested the info structure, but you did not use the specific norm_recipe and model object names from earlier exercises, and you unnested with unnest_wider(info) instead of unnest(info) as shown in the template.","You updated all_workflows with workflow_map(tune_grid), then unnested metrics, filtered for rmse, grouped by wflow_id, arranged by .estimate in descending order, and sliced the top row per group, matching the required workflow.","You called workflowsets::rank_results with all_workflows and rank_metric = 'rmse', and compared these rankings to your Exercise 8 results by joining on wflow_id, which satisfies the comparison requirement.","You used extract_workflow_set_result, select_best, extract_workflow, and finalize_workflow to obtain a finalized workflow and then fit it on train and test data to compute an MSE ratio, but you did not explicitly extract the 'base_forest' workflow or hard-code the specified best parameters (trees = 1, min_n = 11), and your reported ratio differs from the expected value."
12,21,"You completed all exercises with generally correct use of tidymodels, rsample, recipes, parsnip, and workflowsets, and your tuning and evaluation workflows are coherent. Most deductions are for not following the exact object names or step order specified in the rubric and for a few mismatches with the expected narrative answers. For future labs, align more closely with the provided templates and rubric (names, step order, and specific parameter values) while keeping your code as concise as possible.",1,3,2,2,2,3,2,3,3,2,"You correctly used skimr::skim(), but did not use the pipe from dat to skim() as specified, added unnecessary extra EDA code, and your written answer about missing data contradicts the expected conclusion of no missing data.","You set the seed, used rsample::initial_split() with prop = 0.75 and strata = Sale_Price, and correctly created ames_train and ames_test from the split.","You created a recipe with the correct formula, applied log to the outcome, pooled Neighborhood, created dummies, and centered/scaled predictors, then prepped and tidied it. However, the order of steps does not match the expected (center/scale before dummying), so process fidelity is slightly off.","You specified a linear_reg lm model, a glmnet model with penalty and mixture tuned, and a rand_forest model with min_n and trees tuned, using set_engine and regression mode. However, the object names (glmnet_mod_tune, rf_mod_tune) do not match the expected lm_mod_glmnet and lm_mod_rforest, which may break later workflow expectations.","You correctly called parsnip::translate() on each model, but again used glmnet_mod_tune and rf_mod_tune instead of the specified lm_mod_glmnet and lm_mod_rforest, so the process does not fully align with the rubric’s expected objects.","You set the seed and created train_resamples with rsample::bootstraps(ames_train), matching the expected process and output structure.","You built a workflow_set with a recipe and three models and examined its structure, but you used rec_base and model names (lm, glmnet, ranger) instead of the specified norm_recipe and base/glmnet/forest labels, and unnested info with unnest_wider rather than unnest(info) as in the template.","You used workflow_map() to tune, then unnested metrics (via collect_metrics and map), filtered for rmse, grouped by wflow_id, arranged in descending .estimate, and sliced the top row, which satisfies the required workflow even if implemented slightly differently.","You called workflowsets::rank_results(all_workflows, rank_metric = 'rmse') and compared its top results to those from Exercise 8, matching the intended use and output comparison.","You correctly used extract_workflow_set_result, select_best, extract_workflow, finalize_workflow, and then fit a finalized workflow on train and test data and computed an MSE ratio, but you did not explicitly extract the 'base_forest' workflow or hard-code the specified best parameters (trees = 1, min_n = 11), and your reported ratio differs from the expected value."
13,24,"Your lab shows solid understanding of tidymodels workflows, tuning, and evaluation, and most exercises follow the intended functions and steps. The main issues are minor deviations from the specified object names/recipes and a few process mismatches (e.g., Q1 piping, Q3 step order, Q10 specific workflow/parameters). Tightening those details to match the instructions would bring this to full credit.",1,3,2,2,3,3,2,3,3,2,"You correctly used skimr::skim() on dat, but did not use the pipe operator and added extra intermediate objects; also your written answer about missing data contradicts the skim output. Simplify to dat |> skimr::skim() and conclude no missing data.","You set the seed, used rsample::initial_split() with prop = 0.75 and strata = Sale_Price, and then correctly created ames_train and ames_test with training() and testing(). This fully matches the expected workflow.","You created norm_recipe with the correct formula, log-transformed the outcome, pooled Neighborhood, created dummies, and centered/scaled predictors, then prepped and tidied the recipe. However, the order differs from the expected (center/scale numeric predictors before dummy creation), so process fidelity is slightly off.","You specified a base linear_reg with lm engine, a glmnet linear_reg with penalty and mixture tuned, and a ranger rand_forest with min_n and trees tuned, which is conceptually correct. However, the object names (glmnet_mod_tune, rf_mod_tune) do not match the requested lm_mod_glmnet and lm_mod_rforest, so the expected model variables are not all present.","You applied parsnip::translate() to each of the three model specifications, satisfying the requirement to inspect the engine-specific templates. This matches the expected process and outputs.","You set the seed to 8740 and created train_resamples with rsample::bootstraps(ames_train), storing it in the correct variable. This follows the expected workflow and produces the appropriate bootstrap object.","You built all_workflows with workflow_set() using a recipe and three models and then unnested the info column (via unnest_wider(info)), which satisfies the main goals. However, you used rec_base instead of the specified norm_recipe and changed model names, so the workflow set does not exactly match the expected structure.","You updated all_workflows with workflow_map(tune_grid, resamples = train_resamples, grid = 5) and then selected/unnested metrics, filtered for rmse, grouped by wflow_id, arranged by .estimate descending, and sliced the top row. This matches the required sequence and output intent.","You called workflowsets::rank_results(all_workflows, rank_metric = 'rmse') and then compared its top rmse per workflow to your manual results from Q8. This aligns with the expected use and comparison process.","You correctly used extract_workflow_set_result(), select_best(), extract_workflow(), finalize_workflow(), and fit() to build and evaluate a finalized workflow, and computed train/test MSE and their ratio. However, you did not specifically extract the 'base_forest' workflow or use the prescribed trees = 1, min_n = 11 parameters, so the process and expected numeric ratio differ from the rubric."
14,25,"Your lab shows a solid grasp of tidymodels workflows, recipes, model specification, tuning, and workflowsets. Most exercises follow the required processes closely, with only minor naming and interpretation deviations. To improve, align more strictly with the requested object names and specific parameter choices, and ensure your written interpretations (e.g., missing data, best model selection) match the code and rubric instructions.",1,3,3,2,2,3,3,3,3,2,"You correctly used skimr::skim() on dat, but did not use the pipe operator as specified and your written conclusion about missing data contradicts the skim output (there is no missing data).","You set the seed, used rsample::initial_split() with prop = 0.75 and strata = Sale_Price, and then correctly created ames_train and ames_test with training() and testing().","You created norm_recipe with the correct formula, applied step_log to the outcome, step_other to Neighborhood, dummy variables, and centered/scaled predictors, then prepped and tidied the recipe; the overall preprocessing workflow matches the requirements.","You specified a base linear_reg() with lm engine, a glmnet model with penalty and mixture tuned, and a ranger random forest with min_n and trees tuned, but you did not name the glmnet and forest models as lm_mod_glmnet and lm_mod_rforest as in the expected workflow.","You correctly called parsnip::translate() on each of your three model objects, but since the glmnet and forest models are not stored in the expected lm_mod_glmnet and lm_mod_rforest variables, this slightly diverges from the specified process.","You set the seed and created train_resamples with rsample::bootstraps(ames_train), matching the expected bootstrap resampling process.","You built all_workflows with workflow_set() using a recipe and the three models, and then unnested the info column (via unnest_wider) to inspect structure; this satisfies the workflowset creation and examination requirements.","You used workflow_map() to tune across workflows, then unnested metrics, filtered for rmse, grouped by wflow_id, arranged by .estimate descending, and sliced the top row per group, correctly extracting best rmse rows per workflow.","You called workflowsets::rank_results(all_workflows, rank_metric = 'rmse') and compared its top rmse per workflow to your manual results from Q8, following the intended comparison process.","You used extract_workflow_set_result(), select_best(), extract_workflow(), finalize_workflow(), and fit() to compare train/test MSE, but you did not explicitly extract the 'base_forest' workflow or use the specified trees = 1, min_n = 11 parameters, and your reported MSE ratio differs from the expected value."
15,20,"Most core tidymodels concepts are implemented correctly: you split the data, built and prepped recipes, specified and tuned models, created workflow sets, and compared performance. Some deductions come from not following the exact object names and workflows in the rubric (e.g., model names, specific workflow IDs) and from adding extra complexity beyond the requested patterns. For future labs, align more closely with the provided templates and required function signatures while keeping your code concise.",1,3,3,2,2,3,2,2,2,2,"You correctly used skimr::skim(dat), but did not follow the required pipe workflow (dat |> skimr::skim()) and your written conclusion about missing data contradicts the expected 'no missing data' statement.","You set the seed, used rsample::initial_split with prop = 0.75 and strata = Sale_Price, and correctly created ames_train and ames_test from data_split.","You created norm_recipe with the correct formula on ames_train, applied step_log to the outcome, step_other on Neighborhood, dummy variables, and centering/scaling, then prepped and tidied the recipe; the process and transformations match the rubric.","You specified a base linear_reg with lm engine and tuned glmnet and ranger models with penalty/mixture and min_n/trees, but the tuned models are not named lm_mod_glmnet and lm_mod_rforest as in the expected workflow, which may break later steps.","You correctly called parsnip::translate() on each model, but again used glmnet_mod_tune and rf_mod_tune instead of the expected lm_mod_glmnet and lm_mod_rforest names.","You set the seed and created train_resamples with rsample::bootstraps(ames_train), matching the expected process and output.","You built a workflow_set with a recipe and three models and then unnested the info structure, but you used a different recipe (rec_base) and model names and unnested with unnest_wider(info) instead of unnest(info) as in the template.","You used workflow_map to tune, then unnested metrics, filtered for rmse, grouped by wflow_id, arranged in descending .estimate, and sliced the top row; however, the code deviates from the provided select/unnest pattern and adds extra compatibility logic.","You called workflowsets::rank_results(all_workflows, rank_metric = 'rmse') and compared to your Exercise 8 results, but added extra score/mean handling and did not use select_best = TRUE as specified.","You correctly used extract_workflow, select_best/finalize_workflow, and fit on train/test data and reported an MSE ratio, but you did not explicitly extract the 'base_forest' workflow with fixed parameters (trees = 1, min_n = 11), and your workflow selection logic is more complex than required."
16,24,"Most exercises are completed with appropriate use of tidymodels, workflowsets, and rsample, and you generally follow the intended workflows. The main issues are small deviations from the specified objects (names, exact recipe steps, and specific workflow/parameter choices) and one incorrect EDA conclusion. Tightening alignment with the exact instructions and expected objects would bring this to full credit.",1,3,2,2,3,3,2,3,3,2,"You correctly used skimr::skim on dat, but did not use the pipe operator as specified and your written conclusion about missing data contradicts the expected 'no missing data' result.","You set the seed, used rsample::initial_split with prop = 0.75 and strata = Sale_Price, and correctly created ames_train and ames_test from data_split.","You created a recipe with the correct formula and included log transform, step_other, dummy creation, centering, and scaling, and prepped/tidied it. However, you used step_log(all_outcomes()) without explicitly setting base = exp(1) and centered/scaled all predictors (including dummies) rather than only numeric predictors as specified.","You defined a base linear_reg with lm engine and tunable glmnet and ranger models with the correct tunable parameters, but you did not name them lm_mod_glmnet and lm_mod_rforest as in the expected workflow, which may cause issues in later exercises.","You correctly called parsnip::translate() on each of the three model specifications, satisfying the required workflow and expected outputs.","You set the seed and created train_resamples using rsample::bootstraps(ames_train), matching the expected process and object type.","You created a workflow_set with a recipe and three models and unnested the info structure, but you used a different recipe (rec_base) and model names and added cross = TRUE, which deviates from the specified base recipe and model naming in the rubric.","You updated all_workflows with workflow_map(tune_grid) and then correctly unnested metrics, filtered for rmse, grouped by wflow_id, arranged by descending .estimate, and sliced the top row per group, matching the required process.","You used workflowsets::rank_results with rank_metric = 'rmse' and compared its output to your manual results, satisfying the required function call and comparison workflow.","You correctly used extract_workflow_set_result, select_best, extract_workflow, finalize_workflow, and fit on training and test data, and computed an MSE ratio, but you did not specifically extract the 'base_forest' workflow or use the prescribed best parameters (trees = 1, min_n = 11), so your final model differs from the expected one."
17,24,"Your lab shows solid understanding of tidymodels workflows, tuning, and evaluation, and most exercises follow the intended process closely. The main issues are inconsistent object names relative to the rubric (especially for models) and a few deviations from the specified best model and expected conclusions. Aligning variable names and strictly following the stated best-parameter choices would bring this fully in line with the rubric.",1,3,3,2,2,3,2,3,3,2,"You correctly used skimr::skim(), but did not use the pipe from dat to skim in a single step and your written conclusion about missing data contradicts the Ames data (which has no NAs).","You set the seed, used rsample::initial_split with prop = 0.75 and strata = Sale_Price, and then correctly created ames_train and ames_test with training() and testing().","You created norm_recipe with the correct formula, applied log to the outcome, pooled Neighborhood, created dummies, and then centered and scaled predictors, and you prepped and tidied the recipe as required.","You specified a base linear_reg with lm and tuned glmnet and ranger models with penalty/mixture and min_n/trees, but the tuned models are not assigned to the expected variable names (lm_mod_glmnet, lm_mod_rforest), which breaks the specified workflow structure.","You used parsnip::translate() on each model, but again used glmnet_mod_tune and rf_mod_tune instead of the rubric’s lm_mod_glmnet and lm_mod_rforest variable names.","You set the seed and created train_resamples with rsample::bootstraps(ames_train), matching the expected bootstrap resampling process.","You built a workflow_set with one recipe and three models and then unnested the info column, but you used a different recipe (rec_base) and model names than specified and unnested with unnest_wider(info) instead of the simpler unnest(info).","You mapped tune_grid over all_workflows, then unnested metrics, filtered for rmse, grouped by wflow_id, arranged in descending .estimate, and sliced the top row per group as required.","You called workflowsets::rank_results(all_workflows, rank_metric = 'rmse') and compared its top rmse per workflow to your manual results from Q8, which matches the intended process.","You correctly used extract_workflow_set_result, select_best, extract_workflow, finalize_workflow, and fit to compare train/test MSE, but you did not specifically extract the 'base_forest' workflow or use the given best parameters (trees = 1, min_n = 11), and your reported MSE ratio differs from the expected value."
18,24,"You completed all exercises with generally correct use of tidymodels, rsample, recipes, parsnip, and workflowsets, and your tuning and ranking workflows are well structured. Most deductions are for not following the exact naming/recipe specifications in the rubric and for a couple of interpretation or parameter-choice mismatches. For future labs, pay closer attention to the requested object names, step scopes (e.g., numeric predictors only), and written interpretations of results.",1,3,2,2,3,3,2,3,3,2,"You correctly used skimr::skim() on dat, but did not use the pipe operator and added extra intermediate objects; also your written answer about missing data contradicts the skim output, so process and interpretation are off.","You set the seed, used rsample::initial_split() with prop = 0.75 and strata = Sale_Price, and then correctly created ames_train and ames_test; this matches the expected workflow.","You created a recipe with the correct formula, applied step_log to the outcome, step_other to Neighborhood, dummy variables, and centering/scaling, and then prepped and tidied it. However, you used all_predictors() instead of all_numeric_predictors() for centering/scaling, which is not exactly as specified.","You defined a base linear_reg model with lm and tuned glmnet and ranger models with penalty/mixture and min_n/trees, but you did not name them lm_mod_glmnet and lm_mod_rforest as in the spec, which may break later workflow expectations.","You correctly called parsnip::translate() on each of the three model specifications, satisfying the required process and expected outputs.","You set the seed and created train_resamples using rsample::bootstraps(ames_train), which matches the expected bootstrap resampling workflow.","You built a workflow_set with a recipe and three models and then unnested the info column (using unnest_wider), which shows the structure; however, you did not use the norm_recipe from Exercise 3 and your models are named differently than in the rubric.","You used workflow_map() to tune, then selected/unnested metrics, filtered for rmse, grouped by wflow_id, arranged by .estimate, and sliced the top row per group; this matches the required sequence even though you used collect_metrics() instead of direct unnesting.","You correctly called workflowsets::rank_results(all_workflows, rank_metric = 'rmse') and compared its top configurations to your manual rmse_top results, satisfying the intended process.","You used extract_workflow_set_result, select_best, extract_workflow, and finalize_workflow to get a final workflow and then fit it on train/test and computed an MSE ratio, but you did not explicitly extract the 'base_forest' workflow or use the specified trees = 1, min_n = 11 parameters, and your reported ratio differs from the expected value."
19,24,"Most required steps are present and generally follow the tidymodels workflow, including splitting, recipe creation, model specs, workflow sets, tuning, and comparison. The main issues are naming inconsistencies with the expected model objects, not explicitly using the Exercise 3 recipe in the workflow_set, and not following the exact best-model extraction (base_forest with fixed parameters). Tightening alignment with the specified object names and prescribed best-model workflow would fully meet the rubric.",1,3,3,2,2,3,2,3,3,2,"You correctly used skimr::skim on dat, but did not use the pipe operator as specified and your written conclusion about missing data contradicts the expected 'no missing data' result.","You set the seed, used rsample::initial_split with prop = 0.75 and strata = Sale_Price, and correctly created ames_train and ames_test from data_split.","You created norm_recipe with the correct formula, applied step_log to the outcome, pooled Neighborhood with step_other, created dummies, and centered/scaled predictors, then prepped and tidied the recipe; this matches the required preprocessing steps.","You specified a base linear_reg with lm engine and glmnet and ranger models with penalty/mixture and min_n/trees set to tune(), but you did not name the glmnet and ranger models as lm_mod_glmnet and lm_mod_rforest as in the expected workflow.","You correctly called parsnip::translate() on each of your three model objects, but because the model variable names differ from the expected ones, this may not integrate cleanly with the rest of the prescribed workflow.","You set the seed and created train_resamples with rsample::bootstraps(ames_train), producing the expected bootstrap resampling object.","You built a workflow_set with a recipe and three models and then unnested the info column (using unnest_wider), but you did not use the norm_recipe from Exercise 3 and your models list names differ from the rubric’s base/glmnet/forest convention.","You updated all_workflows with workflow_map(tune_grid, …), then unnested metrics, filtered for rmse, grouped by wflow_id, arranged by .estimate descending, and sliced the top row per group as required.","You called workflowsets::rank_results with all_workflows, rank_metric = 'rmse', and compared its top configurations to your Exercise 8 results via a joined comparison table.","You used extract_workflow_set_result, select_best, extract_workflow, and finalize_workflow to obtain a finalized workflow and then fit it on train and test data to compute an MSE ratio, but you did not specifically extract the 'base_forest' workflow or hard-code the given best parameters (trees = 1, min_n = 11)."
20,22,"Most exercises are completed with appropriate tidymodels functions and generally correct workflows. The main deviations are naming inconsistencies with the template, a mistaken written conclusion about missing data in Q1, and not following the exact specified best-model workflow and parameters in Q10. Tightening alignment with the provided variable names and rubric-specific choices would bring this closer to full credit.",1,3,3,2,2,3,2,3,3,2,"You correctly used skimr::skim() on dat, but did not use the pipe operator as specified and your written conclusion about missing data contradicts the skim output (the rubric expects noting no missing data).","You set the seed, used rsample::initial_split() with prop = 0.75 and strata = Sale_Price, and then correctly created ames_train and ames_test with training() and testing().","You created norm_recipe with the correct formula, applied step_log to the outcome, pooled Neighborhood with step_other, created dummies, and centered/scaled predictors, then prepped and tidied the recipe; this matches the required process and transformations.","You specified a base linear_reg with lm, a glmnet model with tunable penalty and mixture, and a ranger random forest with tunable min_n and trees, but you did not name them exactly as lm_mod_glmnet and lm_mod_rforest as in the template, which may cause issues with later steps expecting those variable names.","You correctly called parsnip::translate() on each of your three model objects, but again the model variable names differ from the template (glmnet_mod_tune, rf_mod_tune instead of lm_mod_glmnet, lm_mod_rforest), which slightly diverges from the expected workflow.","You set the seed and created train_resamples using rsample::bootstraps(ames_train), matching the expected process and output structure.","You built all_workflows with workflow_set() using a recipe and the three models and then unnested the info column (via unnest_wider), which satisfies the intent, but you did not use the specific norm_recipe and model names from earlier exercises and used cross=TRUE plus a different unnesting approach than shown in the template.","You updated all_workflows with workflow_map(tune_grid, resamples = train_resamples, grid = 5) and then unnested metrics, filtered for rmse, grouped by wflow_id, arranged by .estimate descending, and sliced the top row per group, matching the required workflow and output intent.","You called workflowsets::rank_results(all_workflows, rank_metric = 'rmse') and compared its top rmse per workflow to your manual results from Q8, which aligns with the rubric’s expectations.","You correctly used extract_workflow_set_result(), select_best(), extract_workflow(), finalize_workflow(), and fit() to build and evaluate a finalized model and computed a test/train MSE ratio, but you did not specifically extract the 'base_forest' workflow or fix parameters to trees = 1 and min_n = 11 as in the rubric, and your reported ratio differs from the expected value."
21,23,"Most core tidymodels workflows are implemented correctly, including splitting, recipe creation, model specs, workflow sets, tuning, and performance comparison. Some naming and argument details diverge from the rubric (e.g., specific object names, select_best usage, and fixed best-parameter values), and Exercise 1’s interpretation of missingness contradicts the expected answer. Tightening alignment with the provided templates and rubric expectations would secure full credit on several questions.",1,3,3,2,3,3,2,2,2,2,"You correctly used skimr::skim(dat), but did not use the pipe operator from dat and added unnecessary intermediate objects; the conclusion about missingness is also incorrect per the rubric (should state no missing data).","You set the seed, used rsample::initial_split with prop = 0.75 and strata = Sale_Price, and then correctly created ames_train and ames_test with training() and testing().","You created norm_recipe with the correct formula, applied step_log to the outcome, pooled Neighborhood with step_other, created dummies, and centered/scaled predictors, then prepped and tidied the recipe; this matches the required process even though the order differs slightly from the template.","You specified a base linear_reg with lm engine, a glmnet model with penalty and mixture tuned, and a ranger random forest with min_n and trees tuned, but you did not name them lm_mod_glmnet and lm_mod_rforest as in the rubric, which may break later workflow expectations.","You called parsnip::translate() on each of the three model specifications, satisfying the required workflow and expected outputs.","You set the seed and created train_resamples using rsample::bootstraps(ames_train), matching the expected process and output structure.","You built a workflow_set with one recipe and three models and then unnested the info structure (using unnest_wider), which is acceptable, but you used a different recipe object (rec_base) and model names than specified, so it does not fully align with the rubric’s expected objects.","You used workflow_map to tune, then unnested metrics, filtered for rmse, grouped by wflow_id, and arranged in descending order, but you deviated from the exact select/unnest chain in the template and added extra compatibility logic; still, the core process is present.","You called workflowsets::rank_results with all_workflows and rank_metric = 'rmse' and compared to your manual results, but you omitted select_best = TRUE and added extra transformation steps beyond the rubric’s minimal requirement.","You used extract_workflow_set_result, select_best, finalize_workflow, and then fit a finalized workflow on train and test data and computed an MSE ratio, but you did not explicitly extract the 'base_forest' workflow or hard-code the specified best parameters (trees = 1, min_n = 11), and your reported ratio differs from the expected value."
22,22,"You completed all exercises and demonstrated a solid understanding of tidymodels workflows, tuning, and evaluation. Most required functions and steps are present, though some variable names and specific arguments diverge from the rubric, and a few answers (e.g., missingness in Q1, best workflow details in Q10) do not match the expected outcomes. To improve, align more closely with the specified object names and parameters in the instructions and keep your code focused on the exact workflows requested.",1,3,3,2,2,3,2,2,2,2,"You correctly used skimr::skim(dat), but did not use the pipe operator from dat and added extra NA-table code; your written conclusion about missingness contradicts the expected 'no missing data'.","You set the seed, used rsample::initial_split with prop = 0.75 and strata = Sale_Price, and correctly created ames_train and ames_test, matching the required process.","You created norm_recipe with the correct formula, log-transformed the outcome, pooled Neighborhood, created dummies, and centered/scaled predictors, then prepped and tidied the recipe; this matches the required workflow even though the step order differs slightly from the template.","You specified a base linear_reg with lm engine and tuned glmnet and ranger models with the correct tunable parameters, but you did not use the exact variable names lm_mod_glmnet and lm_mod_rforest as specified in the rubric.","You correctly called parsnip::translate() on each of your three model objects, but since the model variable names differ from the rubric (lm_mod_glmnet, lm_mod_rforest), this partially diverges from the expected process.","You set the seed and created train_resamples with rsample::bootstraps(ames_train), following the expected process and producing the correct resampling object.","You built all_workflows with workflow_set using a recipe and three models and then unnested the info structure, but you used a different recipe (rec_base) and model names and unnested with unnest_wider(info) instead of unnest(info) as in the template.","You used workflow_map to tune, then unnested metrics, filtered for rmse, grouped by wflow_id, and arranged by .estimate descending, but you deviated from the exact select/unnest chain in the rubric and added extra compatibility logic.","You called workflowsets::rank_results with all_workflows and rank_metric = 'rmse', but omitted select_best = TRUE and added extra comparison logic beyond the simple call requested.","You used extract_workflow_set_result, select_best, finalize_workflow, and then fit a finalized workflow on train and test data and computed an MSE ratio, but you did not explicitly extract the 'base_forest' workflow or hard-code the specified best parameters (trees = 1, min_n = 11), and your reported ratio differs from the expected value."
23,24,"Your lab shows solid understanding of tidymodels workflows, recipes, model specification, and tuning, and most required steps are present and logically structured. The main issues are some deviations from the exact object names and processes specified in the rubric (e.g., model variable names, specific workflow ID and parameters in Q10, and the EDA conclusion in Q1). Aligning more closely with the provided templates and instructions will help ensure full credit in future labs.",1,3,3,2,3,3,2,2,3,2,"You correctly used skimr::skim() on dat, but did not use the pipe operator and added extra intermediate objects; also your written conclusion about missingness contradicts the Ames data (no missing values).","You set the seed, used rsample::initial_split() with prop = 0.75 and strata = Sale_Price, and then correctly created ames_train and ames_test with training() and testing().","You created norm_recipe with the correct formula, applied step_log to the outcome, pooled Neighborhood with step_other, created dummies, and centered/scaled predictors, then prepped and tidied the recipe; this matches the required preprocessing steps.","You specified a base linear_reg() with lm engine and tuned glmnet and ranger models with the correct tunable parameters, but you did not name them lm_mod_glmnet and lm_mod_rforest as in the spec, which may break later workflow code.","You applied parsnip::translate() to each of the three model specifications, correctly showing the underlying engine-specific templates.","You set the seed and created train_resamples with rsample::bootstraps(ames_train), producing the expected bootstrap resampling object.","You built a workflow_set with one recipe and three models and then unnested the info column (using unnest_wider), but you did not use the provided norm_recipe and model object names, and the unnesting approach differs slightly from the expected tidyr::unnest(info) pattern.","You used workflow_map() appropriately and then unnested metrics, filtered for rmse, grouped by wflow_id, and arranged in descending order of .estimate; however, the code structure diverges from the simpler select/unnest chain requested in the template.","You called workflowsets::rank_results(all_workflows, rank_metric = 'rmse') and compared its output to your manual rmse_top results, satisfying the required workflow comparison.","You correctly used extract_workflow_set_result, select_best, extract_workflow, finalize_workflow, and fit() on train and test data, and computed an MSE ratio, but you did not explicitly extract the 'base_forest' workflow or use the specified fixed parameters (trees = 1, min_n = 11)."
24,20,"You completed all exercises and generally followed the tidymodels workflow, including splitting data, defining recipes and models, creating workflow sets, tuning, and comparing performance. Most deductions are for not matching the exact object names, step order, or function arguments specified in the rubric, and for some overcomplicated or slightly divergent code. For future labs, align more closely with the provided templates and rubric expectations, especially regarding specific function calls, argument values, and named objects.",1,3,2,2,3,3,2,2,2,2,"You correctly used skimr::skim(dat), but did not use the pipe operator and created extra intermediate objects; also your markdown conclusion about missingness contradicts the expected 'no missing data' statement.","You set the seed, used rsample::initial_split with prop = 0.75 and strata = Sale_Price, and correctly created ames_train and ames_test from data_split.","You created norm_recipe with the correct formula, log-transformed the outcome, pooled Neighborhood, created dummies, and centered/scaled predictors, then prepped and tidied; however, the order of steps does not match the expected center/scale before dummy creation and you used all_predictors() instead of all_numeric_predictors().","You specified a base linear_reg with lm engine, a glmnet linear_reg with penalty and mixture tuned, and a rand_forest with min_n and trees tuned, but you did not name them as lm_mod_glmnet and lm_mod_rforest as in the rubric and only explicitly set mode for the forest model.","You correctly called parsnip::translate() on each of the three model specifications, satisfying the required workflow and expected outputs.","You set the seed and created train_resamples using rsample::bootstraps(ames_train), matching the expected process and output structure.","You built all_workflows with workflowsets::workflow_set using a recipe and three models and then unnested the info column, but you used a different recipe object name and model names than specified and unnested with unnest_wider(info) instead of the simpler unnest(info).","You used workflow_map (earlier) and then unnested metrics, filtered for rmse, grouped by wflow_id, arranged in descending .estimate, and sliced the top row; however, your code deviates from the exact select/unnest chain in the template and adds extra compatibility logic.","You called workflowsets::rank_results(all_workflows, rank_metric = 'rmse') and compared its output to your manual results, but you omitted select_best = TRUE and added extra transformation steps beyond what was requested.","You used extract_workflow_set_result, select_best, extract_workflow, finalize_workflow, and fit to compare train/test MSE, but you did not explicitly extract the 'base_forest' workflow or hard-code the specified best parameters (trees = 1, min_n = 11), and your reported MSE ratio differs from the expected value."
25,20,"Most core tidymodels steps—splitting, recipe creation, model specs, workflow_set, tuning, and ranking—are present and generally correct. The main issues are deviations from the exact variable names and function chains specified in the rubric, and a few mismatches with the expected conclusions/parameters. For future labs, align more closely with the provided templates and rubric instructions, especially for object names and required arguments, and keep the analysis code simpler and directly tied to the questions.",1,3,3,2,2,3,2,2,2,2,"You correctly used skimr::skim(dat), but did not use the pipe operator from dat and added extra NA-table code; the written conclusion about missingness is also incorrect per the rubric expectation.","Train/test split is done with set.seed(8740), rsample::initial_split(dat, prop = 0.75, strata = Sale_Price), and rsample::training/testing, matching the required process and parameters.","You created norm_recipe with the correct formula, applied log to the outcome, pooled Neighborhood, created dummies, and centered/scaled predictors, then prepped and tidied the recipe; this matches the required steps even though the exact order differs slightly from the template.","You specified a base linear_reg with lm engine, a glmnet model with penalty and mixture tuned, and a ranger random forest with min_n and trees tuned, but you did not name the glmnet and forest models as lm_mod_glmnet and lm_mod_rforest as in the rubric, which may break later workflow expectations.","You correctly called parsnip::translate() on each of your three model objects, but again the model variable names differ from the expected ones, which slightly diverges from the prescribed workflow.","You set the seed and created train_resamples <- ames_train %>% rsample::bootstraps(), producing the expected bootstrap resampling object.","You built a workflow_set with one recipe and three models and then unnested the info structure, but you used a different recipe (rec_base) and model names and unnested with unnest_wider(info) instead of unnest(info), which is close but not exactly the specified process.","You used workflow_map to tune and then unnested metrics, filtered for rmse, grouped by wflow_id, and arranged by .estimate descending, but the code is more complex than needed and does not follow the exact select/unnest chain given in the rubric.","You called workflowsets::rank_results(all_workflows, rank_metric = 'rmse') and compared to your manual results, but you did not set select_best = TRUE as specified, and the comparison logic is more elaborate than required.","You extracted the best workflow via rank_results and extract_workflow_set_result, finalized it, and fit to train/test data and computed an MSE ratio, but you did not explicitly extract 'base_forest' or hard-code the best parameters (trees = 1, min_n = 11), and your reported ratio differs from the expected value."
26,19,"You completed all exercises with generally correct use of tidymodels, rsample, recipes, parsnip, and workflowsets, and your code shows good understanding of the modeling workflow. Most deductions are for not following the exact variable names, step ordering, or function arguments specified in the rubric, and for a few mismatches with the expected written conclusions. For future labs, align more closely with the provided templates and rubric details (names, arguments, and required options) while keeping your code as clear and minimal as possible.",1,3,2,2,2,3,2,2,2,2,"You correctly used skimr::skim(dat), but did not use the pipe operator from dat and added extra NA-table code; also your written conclusion about missing data contradicts the expected 'no missing data'.","Train/test split is done with set.seed(8740), rsample::initial_split(dat, prop = 0.75, strata = Sale_Price), and rsample::training/testing, matching the required process and parameters.","You created norm_recipe with the correct formula and included step_log, step_other, step_dummy, and centering/scaling, then prepped and tidied it; however, the order of steps does not match the expected (center/scale numeric predictors before dummy creation), so process fidelity is slightly off.","You specified a base linear_reg with lm engine, a glmnet model with penalty and mixture tuned, and a ranger random forest with min_n and trees tuned, but you did not use the exact variable names requested (lm_mod_glmnet, lm_mod_rforest), which may break later workflow expectations.","You correctly called parsnip::translate() on each of your three model objects, but again the model variable names differ from the ones specified in the instructions, reducing process fidelity relative to the template.","You set the seed and created train_resamples <- ames_train %>% rsample::bootstraps(), which matches the expected process and output structure.","You built a workflow_set with a recipe and three models and then unnested the info structure (using unnest_wider), which satisfies the intent; however, you used a different recipe (rec_base) and model names than specified and did not use tidyr::unnest(info) as in the template.","You used workflow_map to tune and then unnested metrics, filtered for rmse, grouped by wflow_id, and arranged by .estimate descending, but the code deviates from the exact select/unnest chain in the rubric and adds extra compatibility logic, so process fidelity is partial.","You called workflowsets::rank_results(all_workflows, rank_metric = 'rmse') and compared to your Exercise 8 results, but you did not set select_best = TRUE as required and added extra custom comparison code.","You used extract_workflow_set_result, select_best, finalize_workflow, and then fit a finalized workflow on train and test data and computed an MSE ratio; however, you did not explicitly extract the 'base_forest' workflow or hard-code the specified best parameters (trees = 1, min_n = 11), and your reported ratio differs from the expected value."
27,20,"You completed all exercises with generally correct use of tidymodels, recipes, parsnip, workflowsets, and rsample. Most workflows and function calls align with the rubric, though you sometimes deviated from the exact variable names, structures, or specific parameter choices requested. To improve, more closely follow the specified object names and exact steps in the template, and ensure your written interpretations (e.g., missing data, best model parameters) match the expected outcomes.",1,3,3,2,2,3,2,2,2,2,"You correctly used skimr::skim(dat), but did not use the pipe operator from dat to skim(), and your markdown conclusion about missing data contradicts the expected 'no missing data' statement.","You set the seed, used rsample::initial_split with prop = 0.75 and strata = Sale_Price, and then correctly created ames_train and ames_test with training() and testing().","You created norm_recipe with the correct formula on ames_train, applied step_log to the outcome, step_other on Neighborhood, dummy variables, and centering/scaling of predictors, then prepped and tidied the recipe; this matches the required process.","You specified a base linear_reg with lm engine and tuned glmnet and ranger models with the correct tunable parameters, but you did not name them lm_mod_glmnet and lm_mod_rforest as in the expected workflow, which may cause downstream mismatch.","You correctly called parsnip::translate() on each of your three model objects, but again the model variable names differ from the expected ones, which slightly diverges from the specified process.","You set the seed and created train_resamples using rsample::bootstraps(ames_train), matching the expected bootstrap resampling workflow.","You built a workflow_set with a recipe and three models and then unnested the info structure, but you used a different recipe (rec_base) and model names and unnested with unnest_wider(info) instead of unnest(info), which is slightly off the specified structure.","You updated all_workflows with workflow_map(tune_grid) and then unnested metrics, filtered for rmse, grouped by wflow_id, and arranged by .estimate descending; however, you used collect_metrics via map instead of the exact select/unnest chain in the template.","You used workflowsets::rank_results(all_workflows, rank_metric = 'rmse') and compared its output to your manual rmse_top, but added extra complexity rather than a straightforward comparison; the core requirement is still met.","You correctly used extract_workflow_set_result, select_best, extract_workflow, finalize_workflow, and fit on train/test data, and computed an MSE ratio, but you did not explicitly extract the 'base_forest' workflow or use the specified fixed parameters (trees = 1, min_n = 11), and your reported ratio differs from the expected value."
28,24,"Most exercises are completed with appropriate tidymodels workflows and correct use of key functions, and your code is generally robust and well-structured. The main issues are deviations from the specified object names and exact workflows in the rubric (especially model naming and the specific best-model workflow in Q10), plus a misinterpretation of missingness in Q1. Aligning more closely with the given variable names and required conclusions will help ensure full credit in future labs.",1,3,3,2,2,3,2,3,3,2,"You correctly used skimr::skim(dat), but did not use the pipe operator from dat and added extra intermediate objects; the conclusion about missingness is also incorrect per the rubric (should note no missing data).","You set the seed, used rsample::initial_split with prop = 0.75 and strata = Sale_Price, and then correctly created ames_train and ames_test with training() and testing().","You created norm_recipe with the correct formula, applied step_log to the outcome, pooled Neighborhood with step_other, created dummies, and centered/scaled predictors, then prepped and tidied the recipe; this matches the required process even though the exact helper selections differ slightly.","You specified a base linear_reg lm model and tunable glmnet and ranger models with the correct tunable parameters, but you did not use the exact variable names requested in the rubric (lm_mod_glmnet and lm_mod_rforest), which may break later workflow expectations.","You correctly called parsnip::translate() on each model, but again used glmnet_mod_tune and rf_mod_tune instead of the rubric-specified lm_mod_glmnet and lm_mod_rforest objects.","You set the seed and created train_resamples with rsample::bootstraps(ames_train), matching the expected process and output structure.","You built a workflow_set with a recipe and three models and then unnested the info column (using unnest_wider), which satisfies the intent, but you did not use the norm_recipe from Exercise 3 and your model object names differ from the rubric.","You updated all_workflows with workflow_map(tune_grid), then unnested metrics, filtered for rmse, grouped by wflow_id, arranged by .estimate descending, and sliced the top row per group, matching the required workflow even with some version-robust code.","You used workflowsets::rank_results(all_workflows, rank_metric = 'rmse') and compared its output to your manual rmse_top results, which aligns with the rubric’s expectations.","You correctly used extract_workflow_set_result, select_best, extract_workflow, finalize_workflow, and fit to compare train/test MSE, but you did not explicitly extract the 'base_forest' workflow or fix parameters to trees = 1 and min_n = 11, and your reported MSE ratio differs from the target."
29,19,"You completed all exercises with generally correct use of tidymodels, rsample, recipes, parsnip, and workflowsets, and your workflows and tuning logic are mostly sound. Most deductions are for not following the exact object names or parameter choices specified in the rubric, minor deviations in preprocessing steps, and a few mismatches with the expected arguments (e.g., rank_results, best model parameters). Tightening alignment with the given instructions and naming conventions would bring this very close to full credit.",1,3,2,2,2,3,2,2,2,2,"You correctly used skimr::skim(dat), but did not use the pipe operator from dat and added unnecessary extra objects; your written conclusion about missingness contradicts the expected 'no missing data'.","You set the seed, used rsample::initial_split with prop = 0.75 and strata = Sale_Price, and correctly created ames_train and ames_test from data_split.","You created a recipe with the correct formula, log-transformed the outcome, pooled Neighborhood, created dummies, and centered/scaled predictors, then prepped and tidied it. However, you used all_predictors() instead of all_numeric_predictors() for centering/scaling, which is not exactly as specified.","You defined a base linear_reg with lm engine and tuned glmnet and ranger models with the correct tunable parameters, but you did not name them lm_mod_glmnet and lm_mod_rforest as in the expected workflow, which can break later steps.","You correctly called parsnip::translate() on each of your three model objects, but since the glmnet and ranger models are not named as in the rubric, this slightly diverges from the expected process.","You set the seed and created train_resamples using rsample::bootstraps(ames_train), matching the expected process and output structure.","You built a workflow_set with one recipe and three models and then unnested the info column (using unnest_wider), which satisfies the intent, but you used a different recipe object (rec_base) and model names than specified and did not explicitly show the 4-column structure via a simple print plus unnest(info).","You used workflow_map to tune, then unnested metrics (via collect_metrics and map), filtered for rmse, grouped by wflow_id, arranged in descending order, and sliced the top row. The workflow matches the intent, though it differs from the exact select/unnest chain in the rubric.","You called workflowsets::rank_results with all_workflows and rank_metric = 'rmse' and compared to your manual results, but you omitted select_best = TRUE as specified in the rubric.","You used extract_workflow_set_result, select_best, extract_workflow, finalize_workflow, and fit on train/test data and computed an MSE ratio, but you did not explicitly extract the 'base_forest' workflow or hard-code the specified best parameters (trees = 1, min_n = 11), and your reported ratio differs from the expected value."
30,22,"Most core tidymodels workflows—splitting, recipes, model specs, workflow_set, tuning, and evaluation—are present and largely correct. The main issues are inconsistent object names versus the spec, some overcomplicated or slightly off-process code, and a few mismatches with the expected specific workflow/model (e.g., base_forest and the reference MSE ratio). Tightening alignment with the provided naming and simpler pipelines would improve both reproducibility and rubric alignment.",1,3,3,2,2,3,2,2,2,2,"You correctly used skimr::skim(dat), but did not use the pipe operator from dat and added unnecessary extra objects; your written conclusion about missingness contradicts the expected 'no missing data'.","Train/test split is done with set.seed(8740), rsample::initial_split(dat, prop = 0.75, strata = Sale_Price), and rsample::training/testing, matching the required process and parameters.","You created norm_recipe with the correct formula, log-transformed the outcome, pooled Neighborhood, created dummies, and then centered/scaled predictors, and prepped/tidied the recipe; this matches the required steps and order closely enough.","You specified a base linear_reg with lm engine and tuned glmnet and ranger models with the correct tunable parameters, but you did not name them lm_mod_glmnet and lm_mod_rforest as in the spec, which will break later expectations.","You correctly called parsnip::translate() on each model, but again used glmnet_mod_tune and rf_mod_tune instead of the expected lm_mod_glmnet and lm_mod_rforest objects.","You set the seed and created train_resamples <- ames_train %>% rsample::bootstraps(), which matches the required workflow and output structure.","You built a workflow_set with a recipe and three models and then unnested the info column (using unnest_wider), but you used a different recipe (rec_base) and model names than specified and added cross = TRUE, which deviates from the expected simpler setup.","You used workflow_map with tune_grid and then unnested metrics, filtered for rmse, grouped by wflow_id, and arranged by .estimate descending; however, the code structure differs from the requested select/unnest chain and may not expose tuned parameters in the exact columns described.","You called workflowsets::rank_results(all_workflows, rank_metric = 'rmse') and compared to your manual rmse_top, but added extra complexity and did not explicitly state that the rankings match Exercise 8.","You used extract_workflow_set_result, select_best, extract_workflow, finalize_workflow, and then fit on train/test and computed an MSE ratio, but you did not explicitly extract 'base_forest' with trees = 1, min_n = 11, and your reported ratio differs from the expected reference value."
31,22,"You completed all exercises with generally correct use of tidymodels, rsample, recipes, parsnip, and workflowsets, and your workflows and tuning logic are coherent. Most deductions are for not following the exact variable names, function chains, or specific parameter choices required by the rubric, and for a few mismatches with the expected written interpretations. For future labs, align more closely with the provided templates and instructions, especially regarding object names, specific arguments, and requested summary conclusions.",1,3,3,2,2,3,2,2,2,2,"You correctly used skimr::skim(), but did not use the pipe from dat to skim in a single step and your written conclusion about missing data contradicts the expected 'no missing data' result.","You set the seed, used rsample::initial_split with prop = 0.75 and strata = Sale_Price, and correctly created ames_train and ames_test.","You created norm_recipe with the correct formula, applied log to the outcome, pooled Neighborhood, created dummies, centered and scaled predictors, and then prepped and tidied the recipe.","You specified a base linear_reg with lm, a glmnet model with penalty and mixture tuned, and a ranger random forest with min_n and trees tuned, but you did not name the glmnet and forest models lm_mod_glmnet and lm_mod_rforest as in the expected workflow.","You correctly called parsnip::translate() on each of your three model objects, but the model variable names differ from those specified in the rubric, which could cause mismatch with later steps.","You set the seed and created train_resamples with rsample::bootstraps(ames_train), matching the expected bootstrap resampling process.","You built a workflow_set with one recipe and three models and examined its structure, but you used a different recipe (rec_base) than the specified norm_recipe and unnested info with unnest_wider rather than unnesting the info tibble as in the template.","You used workflow_map to tune, then unnested metrics, filtered for rmse, grouped by wflow_id, and arranged by descending .estimate, but you deviated from the exact select/unnest pattern in the template and added extra compatibility logic.","You called workflowsets::rank_results with all_workflows and rank_metric = 'rmse' and compared to your Exercise 8 results, but you omitted select_best = TRUE and added extra processing beyond what was requested.","You identified a best model using rmse, finalized a workflow with best parameters, and fit to train and test data to compute an MSE ratio, but you did not explicitly extract the 'base_forest' workflow or hard-code the specified best parameters (trees = 1, min_n = 11), and your reported ratio differs from the expected value."
32,20,"You completed all exercises and generally followed the tidymodels workflow, including splitting data, defining recipes and models, creating workflow sets, tuning, and comparing performance. Most deductions are for not matching the exact variable names, function arguments, or process steps specified in the rubric (e.g., specific recipe, model IDs, and parameter choices). For future labs, align more closely with the given templates and instructions, and keep extra exploratory code separate from the required answers.",1,3,2,2,3,3,2,2,2,2,"You correctly used skimr::skim(), but did not use the pipe from dat to skim() as specified, added unnecessary extra steps, and your written conclusion about missing data contradicts the expected 'no missing data'.","You set the seed, used rsample::initial_split with prop = 0.75 and strata = Sale_Price, and correctly created ames_train and ames_test from data_split.","You created a recipe with the correct formula and included log-transform, step_other, dummies, centering, and scaling, and then prepped it. However, you used step_log(all_outcomes()) without specifying base = exp(1) and centered/scaled all predictors (including dummies) rather than just numeric predictors as in the rubric.","You defined a linear_reg lm model, a glmnet model with penalty and mixture tuned, and a rand_forest model with min_n and trees tuned, but you did not name the glmnet and forest models lm_mod_glmnet and lm_mod_rforest as specified, and you omitted set_mode('regression') on the base model.","You correctly called parsnip::translate() on each of the three model objects, satisfying the required workflow and expected outputs.","You set the seed and created train_resamples with rsample::bootstraps(ames_train), matching the expected process and object.","You created a workflow_set with a recipe and three models and then unnested the info structure, but you used a different recipe (rec_base) than the specified norm_recipe and changed model IDs, so the workflow set does not exactly match the rubric expectations.","You used workflow_map to tune, then unnested metrics, filtered for rmse, grouped by wflow_id, and arranged in descending .estimate, but you deviated from the provided dplyr/tidyr chain and used collect_metrics/map instead of unnesting result and .metrics directly.","You called workflowsets::rank_results with all_workflows and rank_metric = 'rmse', but omitted select_best = TRUE and added extra comparison logic beyond what was requested.","You used extract_workflow_set_result, select_best, finalize_workflow, and fit models on train and test data and computed an MSE ratio, but you did not explicitly extract the 'base_forest' workflow or hard-code the specified best parameters (trees = 1, min_n = 11), and your reported ratio differs from the expected value."
33,19,"You completed all exercises with generally correct use of tidymodels, rsample, recipes, parsnip, and workflowsets, and your code shows a solid understanding of the workflow. Most deductions are for not following the exact object names or step order specified in the rubric and for a few mismatches with the expected outputs (e.g., missing data conclusion and final model choice/ratio). For future labs, align more closely with the provided templates and instructions, especially regarding variable names, transformation order, and the specific models to extract and finalize.",1,3,2,2,2,3,2,2,2,2,"You correctly used skimr::skim(), but did not use the pipe from dat to skim() as specified and your written conclusion about missing data contradicts the expected 'no missing data' statement.","You set the seed, used rsample::initial_split() with prop = 0.75 and strata = Sale_Price, and correctly created ames_train and ames_test.","You created a recipe with the correct formula and included log transform, step_other, dummy creation, centering, and scaling, then prepped and tidied it. However, you used base-10 log (not explicitly natural log) and centered/scaled all predictors rather than just numeric predictors, which slightly diverges from the specified process.","You correctly specified a linear_reg() with lm engine, a glmnet model with penalty and mixture tuned, and a rand_forest with min_n and trees tuned. However, the glmnet and random forest models are not stored in variables named lm_mod_glmnet and lm_mod_rforest as in the rubric, which may break later workflow expectations.","You applied parsnip::translate() to each of your three model objects, which matches the intent, but the rubric expects translation of lm_mod_base, lm_mod_glmnet, and lm_mod_rforest specifically, so naming inconsistency slightly reduces process fidelity.","You set the seed and created train_resamples with rsample::bootstraps(ames_train), matching the expected process and output.","You built a workflow_set with one recipe and three models and then unnested the info column (using unnest_wider), which satisfies the main goal. However, you did not use the norm_recipe from Exercise 3 and your preproc list and model names differ from the rubric’s expected objects.","You used workflow_map() (in a prior chunk) and then unnested metrics, filtered for rmse, grouped by wflow_id, and arranged in descending order of .estimate. The logic is correct, but you deviated from the exact dplyr/tidyr chain in the template and added extra compatibility code, so process fidelity is slightly off.","You called workflowsets::rank_results(all_workflows, rank_metric = 'rmse') and compared its output to your manual results, which meets the main requirement. The additional score/mean handling is extra but not necessary and makes the process more complex than required.","You correctly used extract_workflow_set_result, select_best, extract_workflow, finalize_workflow, and fit on train/test data, and computed an MSE ratio. However, you did not explicitly extract the 'base_forest' workflow with fixed parameters (trees = 1, min_n = 11), and your reported MSE ratio differs from the expected approximate 0.1146."
34,24,"Your lab shows solid understanding of tidymodels workflows, tuning, and evaluation, and most exercises follow the intended sequence of functions. A few details diverge from the rubric (naming of model objects, exact recipe specification, and the specific final workflow/parameters), which cost some points. For future labs, align more closely with the requested object names, transformation details, and specified model choices so that downstream steps match the grading rubric exactly.",1,3,2,2,3,3,2,3,3,2,"You correctly used skimr::skim(dat), but did not use the pipe operator from dat and your written conclusion about missingness contradicts the expected 'no missing data' statement.","You set the seed, used rsample::initial_split with prop = 0.75 and strata = Sale_Price, and correctly created ames_train and ames_test from data_split.","You created a recipe with the correct formula and included log transform, step_other, dummies, centering, and scaling, then prepped and tidied it. However, you used base-10 log (not explicitly base = exp(1)) and scaled all predictors rather than just numeric predictors, which is slightly off the specified process.","You defined a linear_reg lm model and tunable glmnet and ranger models with penalty/mixture and min_n/trees, and used set_engine correctly. However, the glmnet and ranger models are not stored in variables named lm_mod_glmnet and lm_mod_rforest as specified, which may break the later workflow_set pattern.","You called parsnip::translate() on each of the three model specifications, satisfying the required workflow and showing the underlying templates.","You set the seed and created train_resamples with rsample::bootstraps(ames_train), matching the expected process and output structure.","You created a workflow_set with a recipe and three models and then unnested the info structure, but you used a different recipe (rec_base) and model names and added cross = TRUE, so the setup does not exactly match the single base recipe with three models described in the rubric.","You updated all_workflows with workflow_map(tune_grid, ...) and then unnested metrics, filtered for rmse, grouped by wflow_id, arranged by .estimate descending, and sliced the top row per group, matching the required sequence of dplyr/tidyr operations.","You used workflowsets::rank_results(all_workflows, rank_metric = 'rmse') and compared its top configurations to your manual rmse_top results, which aligns with the intended process and output.","You correctly used extract_workflow_set_result, select_best, extract_workflow, finalize_workflow, and fit to compare train/test MSE and reported a ratio, but you did not specifically extract the 'base_forest' workflow or fix trees = 1 and min_n = 11 as in the rubric, so the final model and ratio differ from the expected reference."
35,20,"You completed all exercises with generally correct use of tidymodels, rsample, recipes, parsnip, and workflowsets, and your code shows a solid understanding of the modeling workflow. Most deductions are for not following the exact variable names, function chaining, or specific arguments requested in the rubric, and for a few deviations in how results were extracted and summarized. For future labs, align more closely with the specified objects and steps so your work matches the expected workflow and is easier to verify.",1,3,3,2,2,3,2,2,2,2,"You correctly used skimr::skim on dat, but did not use the pipe operator as specified and your written conclusion about missing data contradicts the expected 'no missing data' result.","You set the seed, used rsample::initial_split with prop = 0.75 and strata = Sale_Price, and correctly created ames_train and ames_test from data_split.","You created norm_recipe with the correct formula, applied log to the outcome, pooled Neighborhood, created dummies, and centered/scaled predictors, then prepped and tidied the recipe; the overall preprocessing workflow matches the rubric.","You specified a base linear_reg with lm engine, a glmnet model with penalty and mixture tuned, and a ranger random forest with min_n and trees tuned, but you did not name the glmnet and forest models as lm_mod_glmnet and lm_mod_rforest as in the expected workflow.","You correctly called parsnip::translate on each of your three model objects, but because the model variable names differ from the template, this may not integrate cleanly with the rest of the expected workflow.","You set the seed and created train_resamples using rsample::bootstraps(ames_train), matching the expected process and output structure.","You built a workflow_set with a recipe and three models and then unnested the info structure, but you used a different recipe (rec_base) than the specified norm_recipe and unnested with unnest_wider(info) instead of unnest(info).","You used workflow_map to tune across workflows and then unnested metrics, filtered for rmse, grouped by wflow_id, and arranged by .estimate descending; however, you relied on collect_metrics via map rather than unnesting the result and .metrics columns as in the rubric.","You called workflowsets::rank_results with all_workflows and rank_metric = 'rmse' and compared to your Exercise 8 results, but you omitted select_best = TRUE and added extra complexity beyond the expected simple comparison.","You identified a best model using rmse, extracted and finalized a workflow, and fit models on train and test data to compute an MSE ratio, but you did not explicitly extract the 'base_forest' workflow with the specified trees = 1 and min_n = 11 parameters, and your reported ratio differs from the expected value."
36,19,"You completed all exercises with generally correct use of tidymodels, rsample, recipes, parsnip, and workflowsets, and your code shows a solid understanding of the workflow. Most deductions are for not following the exact variable names, step ordering, or specific parameter choices required by the rubric, and for a few interpretive mismatches (e.g., missing data conclusion and best-rmse direction). For future labs, focus on mirroring the requested function calls, object names, and process steps as closely as possible, and keep written answers consistent with the expected outputs.",1,3,2,2,2,3,2,2,2,2,"You correctly used skimr::skim(dat), but did not use the pipe operator and added extra intermediate objects; also your written conclusion about missing data contradicts the expected 'no missing data' statement.","You set the seed, used rsample::initial_split with prop = 0.75 and strata = Sale_Price, and correctly created ames_train and ames_test from data_split.","You created a recipe with the correct formula and used step_log, step_other, step_dummy, and centering/scaling, then prepped and tidied it. However, you log-transformed all outcomes without explicitly specifying base = exp(1) and centered/scaled all predictors (including dummies) rather than just numeric predictors as in the expected process.","You defined a linear_reg lm model, a glmnet model with penalty and mixture tuned, and a rand_forest model with min_n and trees tuned, but you did not name the glmnet and forest models lm_mod_glmnet and lm_mod_rforest as specified in the rubric.","You correctly called parsnip::translate() on each of your three model objects, but since the model variable names differ from the expected ones, this partially diverges from the prescribed workflow.","You set the seed and created train_resamples with rsample::bootstraps(ames_train), matching the expected process and output structure.","You created a workflow_set with one recipe and three models and then unnested the info column, but you used a different recipe object (rec_base) and different model names than specified, and added cross = TRUE which is beyond the expected minimal workflow.","You used workflow_map to tune over train_resamples and then unnested metrics, filtered for rmse, grouped by wflow_id, and arranged in descending order, but your code deviates from the exact select/unnest pipeline in the rubric and focuses on highest rmse rather than clearly identifying best (lowest) rmse.","You correctly called workflowsets::rank_results with rank_metric = 'rmse' and compared its output to your manual results, but the comparison logic is more complex than needed and not clearly tied back to confirming consistency with Exercise 8’s best configurations.","You used extract_workflow_set_result, select_best, finalize_workflow, and then fit a finalized workflow to train and test data and computed an MSE ratio, but you did not explicitly extract the 'base_forest' workflow or hard-code the specified best parameters (trees = 1, min_n = 11), and your reported ratio differs from the expected value."
37,20,"You completed all exercises with generally correct use of tidymodels, rsample, recipes, parsnip, and workflowsets, and your workflows and tuning logic are sound. Most deductions are for naming mismatches with the expected objects, minor deviations from the requested process (e.g., rank_results arguments), and a few interpretive issues (EDA missingness and final model specification). Aligning more closely with the provided templates and rubric expectations would bring this to full credit.",1,3,3,2,2,3,2,2,2,2,"You correctly used skimr::skim(dat), but did not use the pipe operator from dat and your written conclusion about missingness contradicts the expected 'no missing data' statement.","You set the seed, used rsample::initial_split with prop = 0.75 and strata = Sale_Price, and then correctly created ames_train and ames_test with training() and testing().","You created norm_recipe with the correct formula, applied step_log to the outcome, pooled Neighborhood with step_other, created dummies, and centered/scaled predictors, then prepped and tidied the recipe; the process and functions match the rubric.","You specified a linear_reg lm model and tunable glmnet and ranger models with penalty/mixture and min_n/trees, but you did not name the glmnet and forest models as lm_mod_glmnet and lm_mod_rforest as in the expected workflow.","You called parsnip::translate() on each model, but again used glmnet_mod_tune and rf_mod_tune instead of the expected lm_mod_glmnet and lm_mod_rforest objects.","You set the seed and created train_resamples with rsample::bootstraps(ames_train), matching the expected process and output structure.","You built a workflow_set with a recipe and three models and then unnested the info structure, but you used a different recipe (rec_base) and model names and unnested with unnest_wider(info) instead of unnest(info) as in the template.","You used workflow_map to tune, then unnested metrics, filtered for rmse, grouped by wflow_id, and arranged by descending .estimate, but you deviated from the simpler select/unnest pattern in the rubric and added extra compatibility logic.","You correctly called workflowsets::rank_results(all_workflows, rank_metric = 'rmse') and compared to your Exercise 8 results, but did not use select_best = TRUE as specified in the rubric.","You identified the best workflow via rank_results, extracted and finalized it, and fit to train and test data to compute an MSE ratio, but you did not explicitly extract 'base_forest' or hard-code trees = 1, min_n = 11, and your reported ratio differs from the expected value."
38,25,"Your lab shows solid understanding of tidymodels workflows, recipes, model specification, tuning, and evaluation, and most required functions and steps are present. The main issues are naming and structural deviations from the expected objects (e.g., model and workflow IDs) and a few mismatches with the specified best-model configuration and EDA interpretation. Aligning more closely with the provided object names and expected conclusions will make your work easier to follow and fully consistent with the rubric.",1,3,3,2,3,3,2,3,3,2,"You correctly used skimr::skim(), but did not use the pipe from dat to skim in a single step and your written conclusion about missing data contradicts the expected 'no missing data' result.","You set the seed, used rsample::initial_split with prop = 0.75 and strata = Sale_Price, and correctly created ames_train and ames_test from data_split.","You created norm_recipe with the correct formula, applied log to the outcome, pooled Neighborhood, created dummies, centered and scaled predictors, and prepped and tidied the recipe; the overall process and transformations match the requirements.","You specified a base linear_reg with lm and tuned glmnet and ranger models with the correct tunable parameters, but you did not name the glmnet and forest models as lm_mod_glmnet and lm_mod_rforest as in the expected workflow.","You applied parsnip::translate() to each of the three model specifications, correctly showing the underlying engine-specific templates.","You set the seed and created train_resamples with rsample::bootstraps(ames_train), producing the expected bootstrap resampling object.","You built all_workflows with workflow_set using a recipe and three models and then unnested the info structure, but you used a different recipe (rec_base) and model names than specified and added cross = TRUE, which deviates from the expected simpler setup.","You used workflow_map to tune across workflows and then unnested metrics, filtered for rmse, grouped by wflow_id, arranged by .estimate in descending order, and sliced the top row per group as required.","You called workflowsets::rank_results with all_workflows and rank_metric = 'rmse', and compared these results to those from Exercise 8, matching the intended process.","You correctly used extract_workflow_set_result, select_best, extract_workflow, finalize_workflow, and fit on train/test data, but you did not explicitly extract the 'base_forest' workflow or hard-code the specified best parameters (trees = 1, min_n = 11), and your reported MSE ratio differs from the expected value."
39,25,"Your lab shows a solid grasp of tidymodels workflows, including splitting, recipes, model specs, workflowsets, tuning, and performance comparison. Most exercises follow the intended process closely, with only minor deviations in naming and some differences from the specified best-model workflow in Exercise 10. Review the rubric’s exact expectations (especially model IDs and best-parameter choices) and ensure your written interpretations (e.g., missing data) match the code output and instructions.",1,3,3,2,2,3,3,3,3,2,"You correctly used skimr::skim() on dat, but did not use the pipe operator as specified and your written conclusion about missing data contradicts the expected 'no missing data' result.","You set the seed, used rsample::initial_split with prop = 0.75 and strata = Sale_Price, and then correctly created ames_train and ames_test with training() and testing().","You created norm_recipe with the correct formula, applied step_log to the outcome, pooled Neighborhood with step_other, created dummies, and centered/scaled predictors, then prepped and tidied the recipe; the overall preprocessing workflow matches the rubric.","You specified a base linear_reg with lm engine and tuned glmnet and ranger models with penalty/mixture and min_n/trees, but you did not name the glmnet and forest models as lm_mod_glmnet and lm_mod_rforest as in the expected process.","You correctly called parsnip::translate() on each of your three model objects, but since the model variable names differ from the rubric (no lm_mod_glmnet or lm_mod_rforest), the process does not fully align with the expected workflow.","You set the seed and created train_resamples with rsample::bootstraps(ames_train), producing the correct bootstrap resampling object.","You built all_workflows with workflow_set using a recipe list and three models and then unnested the info structure (via unnest_wider), which satisfies the intent of examining the workflow structure.","You updated all_workflows with workflow_map(tune_grid), then unnested metrics, filtered for rmse, grouped by wflow_id, arranged in descending .estimate, and sliced the top row per group, matching the required workflow.","You used workflowsets::rank_results(all_workflows, rank_metric = 'rmse') and compared its top configurations to your manual rmse_top results, which aligns with the rubric.","You correctly used extract_workflow_set_result, select_best, extract_workflow, finalize_workflow, and then fit the finalized workflow on train and test data and computed an MSE ratio, but you did not explicitly extract the 'base_forest' workflow or use the specified trees = 1, min_n = 11 parameters, and your reported ratio differs from the expected value."
40,25,"Your lab shows solid understanding of tidymodels workflows, recipes, model specification, tuning, and evaluation, and most exercises follow the intended process closely. The main issues are small deviations from the exact expected objects (e.g., model and recipe names, specific workflow ID) and a couple of mismatches with the rubric’s precise requirements. For future labs, align more strictly with the specified variable names, workflow IDs, and expected narrative conclusions so your otherwise good work maps cleanly onto the grading rubric.",1,3,3,2,3,3,2,3,3,2,"You correctly used skimr::skim(dat), but did not use the pipe operator from dat and your written conclusion about missingness contradicts the expected 'no missing data' statement.","You set the seed, used rsample::initial_split with prop = 0.75 and strata = Sale_Price, and correctly created ames_train and ames_test from data_split.","You created norm_recipe with the correct formula, applied step_log to the outcome, pooled Neighborhood, created dummies, and then centered and scaled predictors, and you prepped and tidied the recipe; this matches the required process.","You specified a base linear_reg with lm engine and tuned glmnet and ranger models with penalty/mixture and min_n/trees, but you did not name the glmnet and ranger specs as lm_mod_glmnet and lm_mod_rforest as in the expected workflow.","You called parsnip::translate() on each of the three model specifications, satisfying the required use and process for examining model templates.","You set the seed and created train_resamples using rsample::bootstraps(ames_train), producing the correct bootstrap resampling object.","You built a workflow_set with one recipe and three models and unnested the info structure, but you used a different recipe (rec_base) than the specified norm_recipe and changed model IDs, so the process does not fully match the expected setup.","You updated all_workflows with workflow_map(tune_grid), then unnested metrics, filtered for rmse, grouped by wflow_id, arranged by .estimate descending, and sliced the top row, matching the required workflow even though you used collect_metrics instead of direct unnesting.","You used workflowsets::rank_results with rank_metric = 'rmse' and compared its top configurations to your Exercise 8 results, satisfying the ranking and comparison requirements.","You correctly used extract_workflow_set_result, select_best, extract_workflow, finalize_workflow, and fit on train/test data, but you did not explicitly extract the 'base_forest' workflow or hard-code the specified best parameters (trees = 1, min_n = 11), and your reported MSE ratio differs from the expected value."
41,20,"You completed all exercises with generally correct use of tidymodels, rsample, recipes, parsnip, workflowsets, and tuning functions. Most workflows and transformations follow the intended process, and your code is largely coherent and reproducible. To improve, align object names and specific steps more closely with the template (especially model names and best-parameter choices), and ensure your written interpretations (e.g., missing data, best RMSE direction) match the rubric’s expectations.",1,3,3,2,2,3,2,2,2,2,"You correctly used skimr::skim(dat), but did not use the pipe from dat and added extra NA-table code. The main issue is the written conclusion incorrectly states there IS missing data, which contradicts the expected finding of no missingness.","You set the seed, used rsample::initial_split with prop = 0.75 and strata = Sale_Price, and then correctly created ames_train and ames_test. This matches the expected workflow and split specification.","You created norm_recipe with the correct formula, log-transformed the outcome, pooled Neighborhood with step_other, created dummies, and then centered and scaled predictors, followed by prep and tidy. The steps and their order satisfy the required preprocessing.","You correctly specified a base linear_reg with lm engine, a glmnet linear_reg with penalty and mixture tuned, and a rand_forest with min_n and trees tuned. However, the object names (glmnet_mod_tune, rf_mod_tune) do not match the expected lm_mod_glmnet and lm_mod_rforest, which may break later workflow expectations.","You used parsnip::translate() on each of your three model objects, which is correct in spirit. The only mismatch is that the rubric expects translate() on lm_mod_base, lm_mod_glmnet, and lm_mod_rforest specifically, while you used different glmnet and forest object names.","You set.seed(8740) and created train_resamples <- ames_train %>% rsample::bootstraps(), which matches the expected process and produces the correct bootstrap resampling object.","You built a workflow_set with a recipe and three models and then unnested the info column (using unnest_wider), which satisfies the intent. The main deviation is using a different recipe (rec_base) and model names and adding cross = TRUE, but the structure and examination of workflows are still correct.","You used workflow_map with tune_grid and then unnested metrics, filtered for rmse, grouped by wflow_id, arranged by .estimate (though in descending order), and sliced the top row. The logic is correct, but you deviated from the provided select/unnest pattern and used collect_metrics via map instead of unnesting result and .metrics directly.","You called workflowsets::rank_results(all_workflows, rank_metric = 'rmse') and compared its output to your manual results from Q8, including handling mean vs .estimate. This meets the functional goal, though you did not explicitly state that the rankings match or discuss any discrepancies.","You correctly used extract_workflow_set_result, select_best, extract_workflow, finalize_workflow, and then fit the finalized workflow on train and test data and computed an MSE ratio. However, you did not explicitly extract the 'base_forest' workflow or hard-code the specified best parameters (trees = 1, min_n = 11), and your reported ratio differs from the expected reference value."
42,21,"Most exercises are completed with appropriate use of tidymodels, rsample, recipes, parsnip, and workflowsets, and your code generally follows the intended workflows. The main issues are deviations from the specified object names and exact processes in the template (especially model and workflow IDs) and a few mismatches with the expected conclusions or parameter choices. Aligning more closely with the provided naming conventions and step order in future labs will help ensure full credit and smoother integration across exercises.",1,3,3,2,2,3,2,2,3,2,"You correctly used skimr::skim(dat), but did not use the pipe from dat and added unnecessary extra objects; also your markdown conclusion about missing data contradicts the expected 'no missing data'.","Correct use of set.seed(8740), rsample::initial_split with prop = 0.75 and strata = Sale_Price, and proper creation of ames_train and ames_test.","You created norm_recipe with the correct formula, applied log to the outcome, pooled Neighborhood, created dummies, and centered/scaled predictors, then prepped and tidied the recipe; the overall process and transformations match the rubric.","You specified a base linear_reg with lm engine and tuned glmnet and ranger models, but the object names (glmnet_mod_tune, rf_mod_tune) do not match the expected lm_mod_glmnet and lm_mod_rforest, which may break later workflow expectations.","You correctly called parsnip::translate() on each model, but again used glmnet_mod_tune and rf_mod_tune instead of the rubric-specified model object names.",You set the seed and created train_resamples with rsample::bootstraps(ames_train) as required; the process and object name are correct.,"You built a workflow_set with one recipe and three models and unnested the info structure, but used a different recipe (rec_base) and model names than specified and unnested with unnest_wider(info) instead of unnest(info).","You updated all_workflows with workflow_map(tune_grid) and then unnested metrics, filtered for rmse, grouped by wflow_id, and arranged in descending .estimate; however, you used collect_metrics via map rather than directly unnesting result and .metrics as in the template.","You correctly used workflowsets::rank_results(all_workflows, rank_metric = 'rmse') and compared its output to your manual results from Q8, satisfying the required workflow.","You used extract_workflow_set_result, select_best, extract_workflow, finalize_workflow, and fit on train/test data and computed an MSE ratio, but did not explicitly extract the 'base_forest' workflow or hard-code the specified best parameters (trees = 1, min_n = 11), and your ratio differs from the expected value."
43,24,"Most exercises are completed with correct use of tidymodels, rsample, recipes, parsnip, and workflowsets, and the overall workflow from splitting to tuning and evaluation is present. The main issues are minor deviations from the requested object names and processes (especially in Q1, Q4, Q7–Q8, and Q10) and not strictly following the exact recipe/model/workflow specifications from the rubric. Tightening alignment with the provided naming conventions and step order would make your work fully consistent with the grading expectations.",1,3,3,2,3,3,2,2,3,2,"You correctly used skimr::skim(dat), but did not use the pipe from dat and added unnecessary extra NA-analysis code; also your written conclusion about missing data contradicts the expected 'no missing data'.","Train/test split is done with set.seed(8740), rsample::initial_split on dat, and rsample::training/testing with prop = 0.75 and strata = Sale_Price; this matches the expected workflow.","You created norm_recipe with the correct formula, applied step_log to the outcome, pooled Neighborhood with step_other, created dummies, and centered/scaled predictors, then prepped and tidied the recipe; overall process and transformations are appropriate.","You specified a base linear_reg with lm engine and tuned glmnet and ranger models with penalty/mixture and min_n/trees, but the object names (glmnet_mod_tune, rf_mod_tune) do not match the requested lm_mod_glmnet and lm_mod_rforest, which may break later workflow expectations.","You applied parsnip::translate() to each of the three model specifications, correctly showing the underlying engine-specific templates.","You set the seed and created train_resamples using rsample::bootstraps(ames_train), matching the expected bootstrap resampling process.","You built a workflow_set with a recipe and three models and then unnested the info structure, but you used a different recipe (rec_base) and model names and added cross = TRUE and unnest_wider(info) instead of the simpler unnest(info) on the base recipe as specified.","You used workflow_map with tune_grid and then unnested metrics, filtered for rmse, grouped by wflow_id, and arranged by .estimate descending; however, the code deviates from the requested select/unnest pattern and uses collect_metrics/map instead of directly unnesting result and .metrics.","You correctly called workflowsets::rank_results(all_workflows, rank_metric = 'rmse') and compared its output to your manual results, handling possible mean/.estimate differences.","You identified the best model via rmse, extracted and finalized the workflow with select_best, and then fit to train and test data and computed the MSE ratio; however, you did not explicitly extract the 'base_forest' workflow or hard-code the specified best parameters (trees = 1, min_n = 11), and your final ratio differs from the expected reference."
44,24,"Most exercises are completed with appropriate use of tidymodels, rsample, recipes, parsnip, and workflowsets, and your code generally follows the intended workflows. The main issues are minor deviations from the exact object names and unnesting patterns expected by the rubric, an incorrect EDA conclusion about missingness, and not explicitly using the specified base_forest workflow and parameter values in the final model comparison. Tightening alignment with the provided templates and rubric wording would bring this to full credit.",1,3,3,2,3,3,2,2,3,2,"You correctly used skimr::skim(dat), but did not use the pipe from dat and added unnecessary extra steps; your markdown conclusion about missing data is incorrect per the rubric expectation.","Train/test split is done with set.seed(8740), rsample::initial_split on dat, and rsample::training/testing with prop = 0.75 and strata = Sale_Price, matching the required workflow.","Your recipe uses the correct formula, log-transforms the outcome, pools Neighborhood, creates dummies, and then centers/scales predictors; you also prep and tidy the recipe, matching the expected process.","You specified a base linear_reg with lm engine and tuned glmnet and ranger models with penalty/mixture and min_n/trees, but the object names differ from the template (no lm_mod_glmnet or lm_mod_rforest), which may break later workflow expectations.","You correctly applied parsnip::translate() to each of the three model specifications, satisfying the required usage and process.","You set the seed and created train_resamples with rsample::bootstraps(ames_train), producing the expected bootstrap resampling object.","You created a workflow_set with a recipe and three models and then unnested the info structure, but model names and recipe differ from the norm_recipe/lm_mod_* pattern and you used unnest_wider(info) instead of unnest(info) as in the template.","You used workflow_map to tune and then unnested metrics, filtered for rmse, grouped by wflow_id, and arranged by .estimate, but you used collect_metrics/map instead of directly unnesting result and .metrics as specified.","You correctly called workflowsets::rank_results(all_workflows, rank_metric = 'rmse') and compared its output to your manual results, matching the intended workflow.","You identified the best model via rmse, extracted and finalized a workflow, and compared train/test MSE, but you did not specifically extract the 'base_forest' workflow or hard-code the given best parameters (trees = 1, min_n = 11), and your reported MSE ratio differs from the expected value."
45,19,"You completed all exercises with generally correct use of tidymodels, rsample, recipes, parsnip, and workflowsets, and your workflow shows a solid understanding of the modeling pipeline. Most deductions are for not following the exact object names, function chains, or parameter specifications required by the rubric, and for a few mismatches with the expected best-model workflow. For future labs, focus on matching the requested function calls and object names more closely, and aligning your final model selection and reported metrics with the specified targets.",1,3,2,2,2,3,2,2,2,2,"You used skimr::skim(), but did not pipe dat into skim() as required and added extra NA-table code; also your markdown conclusion about missingness contradicts the expected 'no missing data' statement.","Correct use of set.seed(8740), rsample::initial_split with prop = 0.75 and strata = Sale_Price, and extraction of ames_train and ames_test.","You created a recipe with the correct formula and included log-transform, step_other, dummies, centering, and scaling, and prepped/tidied it. However, you used step_log(all_outcomes()) without specifying base = exp(1) and centered/scaled all predictors (including dummies) rather than just numeric predictors.","You correctly specified a base linear_reg with lm engine, a glmnet model with penalty and mixture tuned, and a ranger random forest with min_n and trees tuned, but the object names (glmnet_mod_tune, rf_mod_tune) do not match the expected lm_mod_glmnet and lm_mod_rforest.","You correctly called parsnip::translate() on each of your three model objects, but the rubric expects translate() to be applied to lm_mod_base, lm_mod_glmnet, and lm_mod_rforest specifically.",You set the seed and created train_resamples using rsample::bootstraps(ames_train) as expected; the resulting object matches the required bootstrap resampling structure.,"You built a workflow_set with one recipe and three models and unnested the info column, but you used a different recipe (rec_base) and model names than specified and unnested with unnest_wider(info) instead of the simpler unnest(info).","You used workflow_map() appropriately and then unnested metrics, filtered for rmse, grouped by wflow_id, arranged in descending order, and sliced the top row. However, your code deviates from the requested dplyr::select/unnest chain and uses collect_metrics/map instead of unnesting result and .metrics directly.","You called workflowsets::rank_results(all_workflows, rank_metric = 'rmse') and compared its output to your manual results, but you did not set select_best = TRUE as required by the rubric.","You correctly used extract_workflow_set_result, select_best, finalize_workflow, and fit to compare train/test MSE, but you did not explicitly extract the 'base_forest' workflow or hard-code the best parameters (trees = 1, min_n = 11), and your reported MSE ratio differs from the expected value."
46,20,"Most core tidymodels workflows are present and generally correct, including splitting, recipe creation, model specs, workflow sets, tuning, and performance comparison. Points were lost mainly for not following the exact function chains, object names, and parameter choices specified in the rubric, and for a few inconsistencies in EDA and best-model extraction. Tightening alignment with the provided templates and rubric (especially naming, argument values, and required options like select_best) will help you earn full credit next time.",1,3,2,2,3,3,2,2,2,2,"You used skimr::skim() on dat, but did not use the pipe operator and added extra intermediate objects; also your markdown conclusion about missingness contradicts the skim output requirement.","Train/test split is done correctly with set.seed(8740), rsample::initial_split on dat, and rsample::training/testing, using strata = Sale_Price and prop = 0.75.","You created and prepped a recipe with the correct variables and appropriate steps, but the order differs from the expected (log, center/scale, other, dummy) and you used all_outcomes()/all_predictors() instead of the more specific selectors described.","You correctly specified a base linear_reg with lm and tunable glmnet and ranger models, but the object names (glmnet_mod_tune, rf_mod_tune) do not match the expected lm_mod_glmnet and lm_mod_rforest.","parsnip::translate() is correctly applied to each of the three model specifications, satisfying the workflow and output expectations.","You set the seed and created train_resamples with rsample::bootstraps(ames_train), matching the expected process and output structure.","You built a workflow_set with one recipe and three models and unnested the info column, but you used a different recipe (rec_base) than the earlier norm_recipe and unnested with unnest_wider(info) instead of unnest(info) as in the template.","You updated all_workflows with workflow_map(tune_grid) and then unnested metrics, filtered for rmse, grouped by wflow_id, and arranged in descending order; however, you deviated from the specified dplyr::select/unnest chain and added extra compatibility logic.","You correctly called workflowsets::rank_results(all_workflows, rank_metric = 'rmse') and compared to your manual results, but did not use select_best = TRUE as specified in the rubric.","You identified a best model via rank_results/collect_metrics and finalized a workflow, then fit to train and test and computed an MSE ratio; however, you did not explicitly extract the 'base_forest' workflow or hard-code the specified best parameters (trees = 1, min_n = 11), and your workflow object names differ from the template."
47,20,"Most core tidymodels concepts are implemented correctly: you created appropriate splits, recipes, models, workflow sets, tuning, and performance comparisons. The main deductions are for not following some naming and process details exactly (e.g., specific object names, exact function arguments, and prescribed best-parameter values) and a few deviations from the rubric’s expected workflows. Tightening alignment with the provided templates and rubric steps would bring this closer to full credit.",1,3,2,2,3,3,2,2,2,2,"You used skimr::skim() correctly, but did not pipe dat into skim in a single step and added extra NA-table code; also your written answer about missingness contradicts the expected conclusion of no missing data.","Train/test split is done with set.seed(8740), rsample::initial_split on dat, and rsample::training/testing, with strata = Sale_Price and prop = 0.75; this matches the expected workflow.","You created a recipe with the correct formula, log-transformed the outcome, pooled Neighborhood, created dummies, and centered/scaled predictors, then prepped and tidied it. However, the order of steps differs from the reference (dummying before centering/scaling numeric predictors), so process fidelity is slightly off.","You correctly specified a base linear_reg with lm engine, a glmnet model with penalty and mixture tuned, and a ranger random forest with min_n and trees tuned. However, the object names (glmnet_mod_tune, rf_mod_tune) do not match the expected lm_mod_glmnet and lm_mod_rforest, which may break later workflow expectations.","You applied parsnip::translate() to each of the three model specifications, which is exactly what was required to inspect the engine-specific templates.","You set the seed and created train_resamples with rsample::bootstraps(ames_train), producing the correct bootstrap resampling object with default settings.","You built a workflow_set with one recipe and three models and then unnested the info column (using unnest_wider), which satisfies the main goal. The recipe and model object names differ from the template and you used cross=TRUE and a more complex recipe than requested, so process fidelity is not exact.","You used workflow_map to tune over resamples and then unnested/collected metrics, filtered for rmse, grouped by wflow_id, arranged in descending order, and sliced the top row. However, your code deviates from the exact select/unnest chain in the rubric and uses collect_metrics/map instead of directly unnesting result and .metrics.","You called workflowsets::rank_results(all_workflows, rank_metric = 'rmse') and compared its output to your manual results, but did not set select_best = TRUE as specified in the rubric, so the function call is slightly off.","You correctly used extract_workflow_set_result, select_best, extract_workflow, finalize_workflow, and fit to compare train/test MSE, but you did not explicitly extract the 'base_forest' workflow or hard-code the specified best parameters (trees = 1, min_n = 11), and your reported MSE ratio differs from the reference value."
48,20,"Most core tidymodels steps are present and generally correct, including splitting, recipe creation, model specs, workflow sets, tuning, and performance comparison. Points were lost mainly for not following the exact object names and workflows in the rubric, some deviations in recipe and workflow structure, and not using the specified best forest configuration in the final model comparison. Tightening alignment with the provided templates and rubric (especially naming, step order, and specific parameters) will help maximize credit.",1,3,2,2,3,3,2,2,2,2,"You used skimr::skim(), but not via a pipe from dat and added extra NA-table code; also your markdown conclusion about missingness contradicts the expected 'no missing data' statement.","Correct use of set.seed(8740), initial_split with prop = 0.75 and strata = Sale_Price, and proper creation of ames_train and ames_test.","Recipe uses the correct formula, log-transforms the outcome, pools Neighborhood, creates dummies, and centers/scales predictors, but the order differs from the reference (dummying before centering/scaling) and you don’t explicitly specify base = exp(1).","You correctly define an lm model, a glmnet model with tunable penalty and mixture, and a ranger random forest with tunable min_n and trees, but the object names (glmnet_mod_tune, rf_mod_tune) do not match the expected lm_mod_glmnet and lm_mod_rforest.","parsnip::translate() is correctly applied to each of the three model specifications, showing the underlying engine templates.","You set the seed and create train_resamples with rsample::bootstraps(ames_train) as expected, producing a proper bootstrap resampling object.","You build a workflow_set with one recipe and three models and unnest the info structure, but you use a different recipe object (rec_base) and model names than specified and unnest_wider(info) instead of unnest(info).","You map tune_grid over all_workflows and then unnest metrics, filter for rmse, group by wflow_id, and arrange by .estimate descending, but you use collect_metrics() instead of directly unnesting result and .metrics as in the template.","You call workflowsets::rank_results(all_workflows, rank_metric = 'rmse') and compare to your manual results, but you omit select_best = TRUE and add extra custom comparison logic beyond the requested call.","You correctly use extract_workflow_set_result, select_best, extract_workflow, finalize_workflow, and then fit on train/test and compute an MSE ratio, but you do not specifically extract the 'base_forest' workflow or use the given best parameters (trees = 1, min_n = 11), and your reported ratio differs from the reference."
49,20,"You completed all exercises with generally correct use of tidymodels, rsample, recipes, parsnip, and workflowsets, and your workflow tuning and comparison logic is solid. Most deductions are for not following the exact object names, step ordering, or function arguments specified in the rubric (e.g., Q1 piping, recipe step order, model/workflow IDs, and rank_results arguments). For future labs, focus on matching the requested workflow and parameter details more closely, and keep your written interpretations consistent with the code outputs.",1,3,2,2,3,3,2,2,2,2,"You used skimr::skim() on dat, but did not use the pipe operator and created extra objects; also your written answer about missingness contradicts the skim output expected in the rubric.","Correct use of set.seed(8740), rsample::initial_split with prop = 0.75 and strata = Sale_Price, and extraction of ames_train and ames_test.","You created a recipe with the correct formula and included log transform, step_other, dummy creation, centering, and scaling, then prepped and tidied it; however, the order of steps does not match the expected center/scale-then-log-then-other-then-dummy sequence from the rubric.","You correctly specified a base linear_reg with lm engine, a glmnet model with penalty and mixture tuned, and a ranger random forest with min_n and trees tuned, but the object names (glmnet_mod_tune, rf_mod_tune) do not match the expected lm_mod_glmnet and lm_mod_rforest.","You applied parsnip::translate() to each of the three model specifications, correctly showing the underlying engine-specific templates.",You set the seed and created train_resamples using rsample::bootstraps(ames_train) as expected.,"You built a workflow_set with one recipe and three models and then unnested the info column, but you used a different recipe (rec_base) and model names than specified and added cross = TRUE, which deviates from the expected simpler setup.","You used workflow_map to tune, then unnested metrics, filtered for rmse, grouped by wflow_id, arranged in descending order, and sliced the top row; however, the code structure differs from the rubric’s expected select/unnest chain and focuses on compatibility workarounds.","You called workflowsets::rank_results(all_workflows, rank_metric = 'rmse') and compared to your manual results, but did not set select_best = TRUE as specified in the rubric.","You used extract_workflow_set_result, select_best, and finalize_workflow to obtain a final workflow and then fit it on train and test data and computed the MSE ratio, but you did not explicitly extract the 'base_forest' workflow or hard-code the specified best parameters (trees = 1, min_n = 11)."
50,24,"Most exercises are completed with appropriate tidymodels workflows and show good understanding of recipes, models, workflowsets, and tuning. The main issues are inconsistent object naming relative to the template, a different base recipe in the workflow_set, and not following the exact best-model specification in Exercise 10. Aligning object names and strictly following the specified best-parameter values would make your code more directly comparable to the rubric and solution.",1,3,3,2,2,3,2,3,3,2,"You correctly used skimr::skim(dat), but did not use the pipe from dat and added unnecessary extra NA-analysis code; also your written conclusion about missing data contradicts the expected 'no missing data'.","Train/test split is done with set.seed(8740), rsample::initial_split on dat, and rsample::training/testing with prop = 0.75 and strata = Sale_Price; this matches the required process.","Your recipe uses the correct formula, log-transforms the outcome, pools Neighborhood, creates dummies, and then centers/scales predictors; you prep and tidy the recipe, so the required steps and order are satisfied.","You correctly specified a base linear_reg with lm and tuned glmnet and ranger models, but you did not name them lm_mod_glmnet and lm_mod_rforest as in the spec, which may break later workflow expectations.","You used parsnip::translate() on each model, but again used glmnet_mod_tune and rf_mod_tune instead of the expected lm_mod_glmnet and lm_mod_rforest objects.","You set the seed and created train_resamples with rsample::bootstraps(ames_train), matching the required process and output structure.","You built a workflow_set with a recipe and three models and unnested the info (using unnest_wider), but you used a different recipe (rec_base) and model names and added cross = TRUE, which deviates from the specified base recipe and naming.","You mapped tune_grid over all_workflows and then unnested metrics, filtered for rmse, grouped by wflow_id, arranged by .estimate descending, and sliced the top row; this matches the required workflow even though you used collect_metrics instead of direct unnesting.","You correctly called workflowsets::rank_results(all_workflows, rank_metric = 'rmse') and compared its output to your manual rmse_top results, satisfying the exercise requirements.","You correctly used extract_workflow_set_result, select_best, extract_workflow, finalize_workflow, and fit on train/test data, but you did not explicitly extract the 'base_forest' workflow or hard-code the specified best parameters (trees = 1, min_n = 11), and your reported MSE ratio differs from the expected value."
