Run,Total,OverallComment,Q1,Q2,Q3,Q4,Q5,Q6,Q7,Q8,Q9,Q10,Q1_feedback,Q2_feedback,Q3_feedback,Q4_feedback,Q5_feedback,Q6_feedback,Q7_feedback,Q8_feedback,Q9_feedback,Q10_feedback
1,25,"Your lab shows solid command of tidymodels workflows, models, and resampling, with all major steps implemented and most code following the intended structure. The main issues are minor deviations from the specified process (e.g., missing stratification in the split, log base and step order in the recipe, and final model/parameter choice). Tightening adherence to the exact instructions in the rubric will help you fully align your results with the expected solutions.",2,2,1,3,3,3,3,3,3,2,"You correctly used skimr::skim() on dat, but did not use the pipe operator as specified. The conclusion about no missing data is present.","You set the seed and used initial_split/training/testing with a 0.75 prop, but omitted the required strata = 'Sale_Price' argument. The overall split process is otherwise correct.","You created a recipe with the correct formula and included log, other, dummy, center, and scale steps, then prepped it. However, you used base = 10 instead of natural log, skipped the log step, and centered/scaled after dummy creation rather than centering/scaling numeric predictors first, so the specified process is not fully followed.","All three models are specified correctly with linear_reg and rand_forest, appropriate engines (lm, glmnet, ranger), and tunable parameters penalty/mixture and trees/min_n. Mode is explicitly set for the forest model and defaults appropriately for the linear models.","You applied parsnip::translate() to each of the three model objects, which matches the expected workflow and would display the correct templates.","You set the seed and created train_resamples with rsample::bootstraps(ames_train), producing the expected bootstrap resampling object.","You created all_workflows with workflow_set using the recipe and all three models, and unnested the info column to inspect structure, matching the required process and output structure.","You used workflow_map as specified and then selected/unnested result and .metrics, filtered for rmse, grouped by wflow_id, arranged by descending .estimate, and sliced the first row. The dplyr/tidyr chain matches the rubric’s expectations.","You correctly called workflowsets::rank_results with all_workflows, rank_metric = 'rmse', and select_best = TRUE, and discussed how its behavior compares conceptually to your Exercise 8 results.","You extracted the forest workflow, finalized it with specific trees and min_n values, and fit it on both training and test data, then computed and reported the test/train MSE ratio. However, the chosen parameters and resulting ratio differ from the expected best configuration and approximate 12% increase, so the final model selection/performance comparison is not fully aligned with the solution."
2,25,"Your lab shows a solid grasp of tidymodels workflows, models, resampling, and workflowsets, with all major steps implemented. Most deductions are for not matching specific rubric details (e.g., stratified split, natural log transformation, and exact best-parameter choice). Review the importance of transformation details and metric ordering when selecting and finalizing the best model.",2,2,1,3,3,3,3,3,3,2,"You correctly used skimr::skim() on dat and answered that there is no missing data. However, the rubric expected use of the base pipe (|>) and piping dat directly into skim() in a single step.","You set the seed, used rsample::initial_split(), and created ames_train and ames_test with a 75% split, which matches most of the required process. You did not include strata = 'Sale_Price', so the split is not stratified as specified.","You created and prepped a recipe with the correct variables and included log, other, dummy, center, and scale steps. However, you used base = 10 instead of natural log, skipped the log step, and centered/scaled all predictors (including dummies) rather than just numeric predictors, so the transformations do not fully match the rubric.","All three parsnip models are specified correctly: a basic linear_reg with lm engine, a glmnet model with penalty and mixture set to tune(), and a rand_forest with trees and min_n set to tune(), with regression mode on the forest model. This matches the required workflow.","You applied parsnip::translate() to each of lm_mod_base, lm_mod_glmnet, and lm_mod_rforest, which is exactly what was required to inspect the model templates.","You set the seed and created train_resamples using rsample::bootstraps(ames_train), producing the expected bootstrap resampling object with default parameters.","You created all_workflows with workflowsets::workflow_set() using your recipe and all three models, and then unnested the info column with tidyr::unnest(info), which matches the expected structure and examination step.","Your code updates all_workflows with workflow_map(), then selects wflow_id and result, unnests result and .metrics, filters for rmse, groups by wflow_id, arranges by descending .estimate, and slices the first row. This follows the requested workflow, even though descending order picks the worst RMSE rather than the best.","You called workflowsets::rank_results(all_workflows, rank_metric = 'rmse', select_best = TRUE) and provided a brief comparison to Exercise 8, correctly noting the ordering difference. This satisfies the rubric for ranking and comparison.","You extracted the 'norm_forest' workflow, finalized it with specific trees and min_n values, fit on both training and test data, and computed the test/train MSE ratio. However, the chosen parameters and resulting ratio differ from the expected best configuration (trees = 1, min_n = 11 and ~12% higher test error), so the final model selection does not fully align with the rubric."
3,25,"Your lab shows a solid grasp of tidymodels workflows, model specification, resampling, and workflowsets, with all major steps implemented. Most exercises follow the intended process closely, and your code is generally well structured. To improve, pay closer attention to details in the instructions (e.g., using natural log, stratified splits, and exact parameter settings) so that your preprocessing and model tuning align precisely with the rubric expectations.",2,2,1,3,3,3,3,3,3,2,"You correctly used skimr::skim() on dat and answered that there is no missing data. However, the rubric expected use of the base pipe (|>) and a single-step pipeline from dat to skim(), so you lose a small amount on process fidelity.","You set the seed, used rsample::initial_split(), and created ames_train and ames_test with a 75% split, which is good. The split is not stratified on Sale_Price as required (missing strata = 'Sale_Price'), so process/output are slightly off.","You created a recipe with the correct formula and included log, other, dummy, center, and scale steps, then prepped it. However, you used base = 10 instead of natural log, skipped the log step, and centered/scaled all predictors (including dummies) rather than just numeric predictors, so the transformations do not fully match the specification.","All three models are specified correctly: linear_reg with lm engine, glmnet model with penalty and mixture set to tune(), and rand_forest with trees and min_n set to tune() and ranger engine. Mode is explicitly set for the forest and defaults appropriately for the linear models, so this meets the rubric.","You applied parsnip::translate() to each of lm_mod_base, lm_mod_glmnet, and lm_mod_rforest, which matches the expected workflow and will show the three engine-specific templates.","You set the seed and created train_resamples with rsample::bootstraps(ames_train), which matches the required process and produces the correct bootstrap resampling object.","You created all_workflows with workflowsets::workflow_set() using the recipe and all three models, and then unnested the info column with tidyr::unnest(info). This matches the expected structure and examination of the workflow set.","You updated all_workflows with workflow_map() (in earlier code) and then selected wflow_id and result, unnested result and .metrics, filtered for rmse, grouped by wflow_id, arranged by descending .estimate, and sliced the first row. This follows the requested sequence and yields the best (by your ordering) rmse rows per workflow.","You correctly called workflowsets::rank_results(all_workflows, rank_metric = 'rmse', select_best = TRUE) and provided a brief comparison to your Exercise 8 results, which satisfies the rubric for this question.","You extracted the norm_forest workflow, finalized it with specific trees and min_n values, and fit it on both training and test data, then computed and reported the test/train MSE ratio. The overall workflow matches the rubric, but the chosen tuning parameters and resulting ratio differ from the expected best configuration, so output accuracy is slightly off."
4,24,"Your lab shows a solid grasp of tidymodels workflows, models, and resampling, and you completed all exercises with mostly correct code. The main issues are small deviations from the specified process (e.g., missing strata in the split, log base and skip in the recipe, and not matching the expected best model configuration). Tightening alignment with the instructions and rubric details will help you earn full credit in future labs.",2,2,1,2,3,3,3,3,3,2,"You correctly used skimr::skim() on dat, but did not use the pipe operator as specified. The conclusion about no missing data is present.","You set the seed and used rsample::initial_split(), training(), and testing(), but omitted the required strata = 'Sale_Price' argument. The 75% split is otherwise correct.","You created a recipe with the correct formula and included log, other, dummy, center, and scale steps, then prepped it. However, you used base = 10 instead of natural log, skipped the log step, and centered/scaled all predictors (including dummies) rather than just numeric predictors, so the process does not fully match the specification.","All three models are defined with the correct engines and tunable parameters, and the random forest has min_n and trees set to tune(). However, you did not explicitly set mode = 'regression' for the linear models, which is expected in the rubric.","You correctly called parsnip::translate() on each of the three model objects, following the expected workflow to inspect the engine-specific templates.","You set the seed and created train_resamples with rsample::bootstraps(ames_train), matching the expected process and output structure.","You created all_workflows with workflowsets::workflow_set() using the recipe and all three models, and unnested the info column to inspect the structure, as required.","You updated all_workflows with workflow_map(), then selected, unnested result and .metrics, filtered for rmse, grouped by wflow_id, arranged by descending .estimate, and sliced the first row, matching the requested workflow (even though descending order finds the worst RMSE).","You correctly called workflowsets::rank_results() with all_workflows, rank_metric = 'rmse', and select_best = TRUE, and compared its behavior to your Exercise 8 results in the markdown.","You extracted the 'norm_forest' workflow, finalized it with specific trees and min_n values, and fit it on both training and test data, then computed and reported the MSE ratio. However, the chosen parameters and resulting ratio do not align with the expected best model configuration and approximate 12% test/train MSE increase."
5,25,"Your lab shows a solid grasp of tidymodels workflows, model specification, resampling, and workflowsets, and most exercises follow the intended process closely. The main issues are in the recipe specification (log base and skip behavior, and centering/scaling of dummy variables) and omission of stratification in the train/test split. Addressing these details will bring your work fully in line with the rubric and improve reproducibility and comparability of your models.",2,2,1,3,3,3,3,3,3,2,"You correctly used skimr::skim() on dat and answered that there is no missing data. However, the rubric expected use of the base pipe (|>) and piping dat directly into skim() in a single step.","You set the seed, used rsample::initial_split(), and created ames_train and ames_test with a 75% split, which matches most of the required process. You omitted the strata = 'Sale_Price' argument, so the split is not stratified as specified.","You created a recipe with the correct formula and included log, other, dummy, center, and scale steps, then prepped it. However, you used base = 10 instead of natural log, set skip = TRUE on the log step (so the outcome is not transformed at bake time), and centered/scaled all predictors including dummies rather than only numeric predictors, so the transformations do not fully match the rubric.","All three models are specified correctly: a basic linear_reg with lm engine, a glmnet linear_reg with penalty and mixture set to tune(), and a rand_forest with trees and min_n set to tune() and ranger engine. Mode is set to regression for the forest model, which is sufficient for full credit.","You correctly called parsnip::translate() on each of the three model objects, which matches the expected workflow and would display the appropriate engine-specific templates.","You set the seed and created train_resamples using rsample::bootstraps(ames_train), which matches the required process and produces the correct bootstrap resampling object.","You created all_workflows with workflowsets::workflow_set() using your recipe and three models, and then unnested the info column with tidyr::unnest(info), which matches the expected structure and examination of the workflow set.","You updated all_workflows with workflow_map() (in the provided chunk) and then selected wflow_id and result, unnested result and .metrics, filtered for rmse, grouped by wflow_id, arranged by descending .estimate, and sliced the first row. This follows the required sequence and yields the best (by your chosen ordering) rmse per workflow.","You correctly called workflowsets::rank_results(all_workflows, rank_metric = 'rmse', select_best = TRUE) and discussed how its behavior differs from your Exercise 8 code. This satisfies the required use and comparison step.","You extracted the 'norm_forest' workflow, finalized it with specific trees and min_n values, and fit it on both training and test data, then computed and reported the test/train MSE ratio. The overall workflow matches the rubric, but the chosen tuning parameters differ from the provided best (trees = 1, min_n = 11), so the final performance metrics will not match the expected reference."
6,22,"You completed all exercises with generally correct use of tidymodels, workflowsets, and rsample, and your workflow construction and tuning steps are solid. Most deductions are for smaller deviations from the specified process (e.g., missing stratification, log base and skip in the recipe, and final parameter choices in Exercise 10). Review the recipe specifications and the intended best-model selection criteria to align more closely with the rubric in future labs.",2,2,1,3,3,3,3,3,3,2,"You correctly used skimr::skim() on dat, but did not use the pipe operator as specified. The conclusion about no missing data is present.","You set the seed and used initial_split/training/testing with a 0.75 split, but omitted the required strata = 'Sale_Price' argument. The overall split process is otherwise correct.","You created and prepped a recipe with the right variables and steps, but used base = 10 instead of natural log, skipped the log step, and centered/scaled all predictors (including dummies) rather than just numeric predictors. This deviates from the specified process.","All three models are specified correctly with appropriate engines and tunable parameters for glmnet and ranger. Although set_mode('regression') is omitted for the first two, the defaults are acceptable here.","You correctly applied parsnip::translate() to each of the three model objects, which matches the expected workflow and output structure.","You set the seed and created a bootstrap resampling object with rsample::bootstraps(ames_train), matching the required process and expected output.","You built a workflow_set with the recipe and all three models and unnested the info column, producing the correct workflow structure and contents.","Your code maps workflow_map over all_workflows and then correctly unnests result and .metrics, filters for rmse, groups by wflow_id, arranges by descending .estimate, and slices the first row per group as required.","You called workflowsets::rank_results with the correct arguments and provided a clear comparison to the Exercise 8 results, correctly noting the difference in sorting direction.","You extracted the 'norm_forest' workflow, finalized it with specific trees and min_n values, and fit on both training and test data, then computed the MSE ratio. However, the chosen parameters and resulting ratio do not match the expected best configuration and approximate 12% test/train MSE ratio."
7,25.5,"Your lab shows a solid grasp of tidymodels workflows, recipes, parsnip models, workflowsets, and tuning. Most exercises follow the intended process and use the correct functions. To improve, pay closer attention to specific argument details (e.g., strata in splits, natural log for Sale_Price, not skipping the log step, and explicitly setting modes) so your preprocessing and model performance align more closely with the rubric expectations.",2.5,2,1.5,2.5,3,3,3,3,3,2,"You correctly used skimr on dat and answered that there is no missing data. To fully match the rubric, use the pipe operator (dat |> skimr::skim()) and avoid loading skimr inside the chunk if not needed.","You set the seed, used initial_split, training, and testing, and created ames_train/ames_test with a 75% split. However, you omitted strata = 'Sale_Price', which is required for full credit.","You created a recipe with the correct formula and included log, other, dummy, center, and scale steps, then prepped it. However, you used base = 10 instead of natural log, skipped the log step (skip = TRUE), and centered/scaled all predictors rather than just numeric predictors, so the process and transformation are not fully correct.","You specified three models with linear_reg and rand_forest, used tune() for penalty/mixture and trees/min_n, and set engines correctly. For full alignment with the rubric, also explicitly set mode = 'regression' on all three models.","You correctly called parsnip::translate() on each of the three model objects, which matches the expected workflow and output structure.","You set the seed and created train_resamples with rsample::bootstraps(ames_train), which matches the expected process and output object.","You built all_workflows with workflow_set using your recipe and three models, and unnested the info column to inspect structure. This matches the required workflow and structure.","You updated all_workflows with workflow_map and then selected/unnested result and .metrics, filtered for rmse, grouped by wflow_id, arranged by .estimate, and sliced the top row. The dplyr/tidyr chain matches the rubric’s expected process.","You called workflowsets::rank_results with all_workflows, rank_metric = 'rmse', and select_best = TRUE, and you compared the behavior to Exercise 8 in your comments. This satisfies the criteria.","You extracted the forest workflow, finalized it with specific trees and min_n, fit on both training and test data, and computed a test/train MSE ratio. However, your chosen parameters and log base differ from the reference solution, so the reported performance does not match the expected approximate ratio."
8,21,"You completed all exercises with generally correct use of tidymodels, workflowsets, and rsample, and your code structure closely follows the intended workflows. Most deductions are for details: missing stratification in the split, not using natural log or correct selectors in the recipe, and not matching the specified best model configuration in the final step. Review the rubric’s exact parameter choices and transformation details to align your future work more tightly with the specifications.",2,2,1,2,3,3,3,3,3,2,"You correctly used skimr on dat and answered that there is no missing data. However, the rubric expected use of the base pipe (|>) and explicitly calling skimr::skim(dat) in a single piped step.","You set the seed, used rsample::initial_split, and created ames_train and ames_test with a 75% split, which matches most of the required process. You omitted the strata = 'Sale_Price' argument, so the split is not stratified as specified.","You created a recipe with the correct formula and included step_log, step_other, step_dummy, centering, and scaling, and you prepped the recipe. However, you used base = 10 instead of natural log, skipped the log step (skip = TRUE), and centered/scaled all predictors (including dummies) rather than just numeric predictors, so the transformations do not fully match the required process.","You defined three parsnip models with the correct engines and tuned parameters for glmnet and ranger, and set mode = 'regression' for the forest. The linear models are missing an explicit set_mode('regression'), which is expected per the rubric, but otherwise the model specifications are appropriate.","You correctly applied parsnip::translate() to each of the three model objects, which matches the expected workflow and would display the appropriate engine-specific templates.","You set the seed and created train_resamples using rsample::bootstraps(ames_train), matching the required process and producing the expected bootstrap resampling object.","You created all_workflows with workflowsets::workflow_set using your recipe and all three models, and then unnested the info column to inspect the structure. This aligns with the expected workflow and output structure.","You updated all_workflows with workflow_map and then used select, unnest, filter(.metric == 'rmse'), group_by, arrange(desc(.estimate)), and slice(1) as required. The code follows the specified sequence and would yield the best (by your ordering) rmse rows per workflow.","You called workflowsets::rank_results(all_workflows, rank_metric = 'rmse', select_best = TRUE) and provided a brief comparison to your Exercise 8 results, satisfying the rubric’s requirements.","You extracted the forest workflow, finalized it with specific trees and min_n values, fit on both training and test data, and computed a test/train MSE ratio. However, the chosen parameters and resulting ratio differ from the expected best configuration and approximate 12% increase, so the final model selection and performance comparison are only partially aligned with the rubric."
9,25.5,"Your lab shows solid command of tidymodels workflows, models, and resampling, and you completed all exercises with mostly correct code structure. Most deductions are for small deviations from the specified process (e.g., missing strata, log base/skip settings, and minor mode specifications) rather than major conceptual errors. Review the rubric details around outcome transformations and stratified splits to align even more closely with the expected workflow next time.",2.5,2,1.5,2.5,3,3,3,3,3,2,"You correctly used skimr on dat and answered the missing-data question, but the rubric expected use of the pipe operator (dat |> skimr::skim()) in a single step.","You set the seed, used initial_split, training, and testing with a 0.75 prop, but omitted the required strata = 'Sale_Price' argument, so the split process is slightly off the rubric.","You created a recipe with the right variables and included log, other, dummy, center, and scale steps, but used base = 10 with skip = TRUE on the outcome (so it won’t be transformed) and centered/scaled all predictors rather than just numeric predictors; also you did not use broom::tidy() to examine the prepped recipe.","All three models are specified with the correct parsnip functions, engines, and tunable parameters; however, you did not explicitly set_mode('regression') for the lm and glmnet models as in the rubric, even though regression would be inferred.","You correctly called parsnip::translate() on each of the three model objects, matching the expected workflow and outputs.","You set the seed and created train_resamples with rsample::bootstraps(ames_train) as required, producing the correct bootstrap resampling object.","You built all_workflows with workflow_set using the recipe and all three models, then unnested the info column to inspect structure, which matches the rubric’s expectations.","Your code updates all_workflows with workflow_map and then correctly selects, unnests result and .metrics, filters for rmse, groups by wflow_id, arranges by .estimate, and slices the first row per group as specified.","You called workflowsets::rank_results with all_workflows, rank_metric = 'rmse', and select_best = TRUE, and you compared its behavior to Exercise 8, correctly noting the difference in sorting direction.","You extracted the forest workflow, finalized it with specific trees and min_n values, and fit on train and test data, computing an MSE ratio; however, the log base used earlier (10 instead of e) and the chosen tuning parameters differ from the solution, so the performance comparison does not align with the expected result."
10,26,"Your lab shows a solid grasp of tidymodels workflows, recipes, parsnip models, and workflowsets, with all major steps implemented. Most deductions are for smaller details such as missing stratification in the split and minor recipe configuration issues. Review the recipe step options (especially log base and which predictors to center/scale) and always include stratification when requested to fully align with the rubric.",2.5,2,1.5,2.5,3,3,3,3,3,2.5,"You correctly used skimr::skim() on dat and answered that there is no missing data. To fully match the rubric, use the pipe operator (dat |> skimr::skim()) and avoid loading skimr inside the chunk if not needed.","You set the seed, used rsample::initial_split(), and created ames_train and ames_test with a 75% split, but you omitted the strata = 'Sale_Price' argument. Include stratification on Sale_Price to fully meet the process and accuracy requirements.","You created a recipe with the correct formula and included log, other, dummy, center, and scale steps, then prepped it. However, you used base = 10 instead of natural log, skipped the log step, and centered/scaled all predictors (including dummies) rather than just numeric predictors. Adjust the log base, remove skip = TRUE, and use all_numeric_predictors() for centering/scaling.","You defined three parsnip models with the correct engines and tunable parameters and set mode = 'regression' for the forest. To be fully consistent, also set mode = 'regression' explicitly for the linear_reg models, as in the reference solution.","You correctly called parsnip::translate() on each of lm_mod_base, lm_mod_glmnet, and lm_mod_rforest, which matches the expected workflow and output structure.","You set the seed and created train_resamples with rsample::bootstraps(ames_train), which matches the required process and produces the correct bootstrap resampling object.","You created all_workflows with workflowsets::workflow_set() using your recipe and three models, and unnested the info column to inspect the structure. This matches the expected workflow and structure.","You updated all_workflows with workflow_map(), then selected wflow_id and result, unnested result and .metrics, filtered for rmse, grouped, arranged in descending order, and sliced the first row. This follows the requested sequence and yields the best rmse per workflow (by your chosen ordering).","You correctly called workflowsets::rank_results(all_workflows, rank_metric = 'rmse', select_best = TRUE) and provided a brief comparison to Exercise 8, demonstrating understanding of the ranking behavior.","You extracted the 'norm_forest' workflow, finalized it with specific trees and min_n values, fit on both training and test data, and computed the test/train MSE ratio. The overall workflow matches the rubric, though your chosen parameters differ from the reference solution, so the numeric ratio will not match exactly."
11,24,"Your lab shows solid command of tidymodels workflows, models, and resampling, and you completed all exercises with mostly correct code. Most deductions are for small deviations from the specified process (e.g., missing stratification, log base, and exact parameter choices) rather than major conceptual errors. For future labs, pay close attention to the exact arguments and transformations requested in the rubric so your implementation fully matches the expected workflow.",2,2,1,2,3,3,3,3,3,2,"You correctly used skimr::skim() on dat, but did not use the pipe operator as specified. The written conclusion about no missing data is present.","You set the seed and used initial_split/training/testing with prop = 0.75, but omitted the required strata = 'Sale_Price' argument. The overall split process is otherwise correct.","You created and prepped a recipe with the right variables and steps, but used base = 10 instead of natural log, skipped the log step, and centered/scaled all predictors (including dummies) rather than just numeric predictors. This diverges from the specified process.","All three models are defined with correct engines and tuning parameters, but you did not explicitly set mode = 'regression' for the linear models as in the expected workflow. Otherwise the parsnip setup is appropriate.","You correctly called parsnip::translate() on each of the three model objects, matching the expected workflow for examining model templates.","You set the seed and created train_resamples with rsample::bootstraps(ames_train), which matches the expected bootstrap resampling process.","You built a workflow_set with the recipe and all three models and unnested the info column, correctly showing the workflow structure as required.","You updated all_workflows with workflow_map and then used select, unnest, filter(.metric == 'rmse'), group_by, arrange(desc(.estimate)), and slice(1) as specified. The dplyr/tidyr chain matches the required process.","You called workflowsets::rank_results(all_workflows, rank_metric = 'rmse', select_best = TRUE) and discussed how its results compare to Exercise 8, satisfying the criteria.","You extracted the forest workflow, finalized it with specific trees and min_n, fit on train and test, and computed a test/train MSE ratio. However, the chosen parameters and resulting ratio differ from the expected best configuration and approximate 12% increase, so the final performance comparison does not align with the solution."
12,21,"Most of the required tidymodels workflow is present and generally follows the intended structure, including recipes, models, workflowsets, tuning, and evaluation. The main issues are some deviations from the specified preprocessing (log base and centering/scaling scope), missing stratification in the split, and not matching the expected best random forest configuration and performance comparison. Tightening alignment with the rubric’s exact arguments and parameter choices would bring this to full credit.",2,2,1,2,3,3,3,3,3,2,"You correctly used skimr::skim() on dat, but did not use the pipe operator as specified; the EDA and missing-data conclusion are otherwise appropriate.","You set the seed and used initial_split/training/testing with prop = 0.75, but omitted the required strata = 'Sale_Price' argument.","You created and prepped a recipe with the right variables and steps, but used base = 10 instead of natural log, skipped the log step, and centered/scaled all predictors (including dummies) rather than just numeric predictors.","All three parsnip models are defined with correct engines and tunable parameters, but you did not explicitly set mode = 'regression' for the linear models as in the expected workflow.","You correctly applied parsnip::translate() to each of the three model objects, matching the expected process and outputs.",You set the seed and created train_resamples with rsample::bootstraps(ames_train) as required; the process and resulting object are correct.,"You built a workflow_set with the recipe and all three models and unnested the info column, producing the expected 4-column structure and detailed workflow info.","You updated all_workflows with workflow_map, then correctly unnested result and .metrics, filtered for rmse, grouped, arranged in descending order, and sliced the top row per workflow.","You called workflowsets::rank_results with the correct arguments and provided a clear comparison to the Exercise 8 results, correctly noting the ranking-direction difference.","You extracted the forest workflow, finalized it with specific trees and min_n, fit on train and test, and computed a test/train MSE ratio, but the chosen parameters and resulting ratio do not match the expected best configuration and approximate 12% difference."
13,25,"Your lab shows a solid grasp of the tidymodels workflow, including recipes, model specifications, workflowsets, tuning, and evaluation. Most exercises follow the expected structure closely, with only minor deviations (e.g., missing strata in the split, log base and skip settings, and some defaults). To improve, pay closer attention to the exact argument values and step options specified in the instructions so your preprocessing and resampling fully match the rubric.",2.5,2,1.5,2.5,3,3,3,3,3,2.5,"You correctly used skimr::skim() on dat, but did not use the pipe operator as specified. The written conclusion about no missing data is present.","You set the seed and used initial_split(), training(), and testing() with prop = 0.75, but omitted the required strata = 'Sale_Price' argument. The split process and variable names are otherwise correct.","You created a recipe with the correct formula and included log, other, dummy, center, and scale steps, then prepped it. However, you used base = 10 instead of natural log, skipped the log step, and centered/scaled all predictors (including dummies) rather than just numeric predictors, so the transformations do not fully match the specification.","All three models are defined with the correct parsnip functions, engines, and tunable parameters; the random forest has min_n and trees set to tune(). You omitted set_mode('regression') on the first two models, but this is a minor issue given the default for linear_reg().","You correctly called parsnip::translate() on each of the three model objects, which will display the underlying engine-specific templates.","You set the seed and created train_resamples with rsample::bootstraps(ames_train), matching the expected bootstrap resampling workflow.","You built all_workflows with workflowsets::workflow_set() using your recipe and three models, and then unnested the info column to inspect the structure, which matches the expected process and output.","You updated all_workflows with workflow_map(), then selected wflow_id and result, unnested result and .metrics, filtered for rmse, grouped, arranged in descending order, and sliced the first row per group as required.","You correctly called workflowsets::rank_results(all_workflows, rank_metric = 'rmse', select_best = TRUE) and provided a brief comparison to your Exercise 8 results, noting the sorting-direction difference.","You extracted the forest workflow, finalized it with specific trees and min_n values, fit on both training and test sets, and computed the test/train MSE ratio. The workflow id and parameter values differ from the provided solution, but the overall process is correct."
14,21,"Your lab shows a solid grasp of the tidymodels workflow, including model specification, workflowsets, tuning, and resampling. Most exercises follow the intended process, with minor deviations in details like stratified splitting and the exact preprocessing steps. To improve, pay closer attention to the specified arguments (e.g., strata, log base, which predictors to scale) and to aligning your final model choice and metrics with the rubric’s expectations.",2,2,1,2,3,3,3,3,3,2,"You correctly used skimr::skim() on dat, but did not use the pipe operator as specified. The conclusion about no missing data is present.","You set the seed and used initial_split/training/testing with prop = 0.75, but omitted the required strata = 'Sale_Price' argument. The overall split process is otherwise correct.","You created and prepped a recipe with the right variables and steps, but used base = 10 instead of natural log, skipped the log step, and centered/scaled all predictors (including dummies) rather than just numeric predictors. This only partially matches the specified preprocessing.","All three parsnip models are defined with appropriate engines and tuning parameters, but you did not explicitly set mode = 'regression' for the linear models as in the expected workflow. Core model specifications are otherwise correct.","You correctly applied parsnip::translate() to each of the three model objects, which would display the underlying engine-specific templates.","You set the seed and created train_resamples with rsample::bootstraps(ames_train), matching the expected bootstrap resampling workflow.","You built a workflow_set using your recipe and all three models, and unnested the info column to inspect structure, which matches the expected process and output structure.","You updated all_workflows with workflow_map and then correctly unnested result and .metrics, filtered for rmse, grouped by wflow_id, arranged by descending .estimate, and sliced the first row. The workflow matches the rubric.","You called workflowsets::rank_results with all_workflows, rank_metric = 'rmse', and select_best = TRUE, and discussed how its results compare conceptually to Exercise 8. This satisfies the required process.","You extracted the forest workflow, finalized it with specific trees and min_n, fit on train and test data, and computed a test/train MSE ratio. However, the chosen parameters and resulting ratio differ from the expected best configuration and approximate ratio in the rubric."
15,26,"Your lab shows a solid grasp of the tidymodels workflow, including recipes, model specification, workflowsets, tuning, and evaluation. Most exercises follow the expected process closely, with only a few deviations (e.g., missing stratification in the split and details of the recipe steps). To improve, pay closer attention to the exact argument values and step specifications requested in the rubric (such as natural log base and stratified splits), as these details matter for full credit.",2.5,2,1.5,2.5,3,3,3,3,3,2.5,"You correctly used skimr::skim() on dat, but did not use the pipe operator as specified. The conclusion about no missing data is present.","You set the seed and used initial_split(), training(), and testing() with prop = 0.75, but omitted the required strata = 'Sale_Price' argument. The overall split structure is otherwise correct.","You created a recipe with the correct formula and included log, other, dummy, center, and scale steps, then prepped it. However, you used base = 10 instead of natural log, applied centering/scaling to all predictors (including dummies) rather than numeric predictors only, and set skip = TRUE on the log step, so the outcome transformation is not actually applied.","You defined three parsnip models with the correct engines and tunable parameters, and set mode = 'regression' for the random forest. The only minor omission is not explicitly setting mode = 'regression' for the linear models, but they are otherwise correctly specified.","You correctly called parsnip::translate() on each of the three model objects, which will display the underlying engine-specific templates.","You set the seed and created train_resamples with rsample::bootstraps(ames_train), matching the expected bootstrap resampling workflow.","You built all_workflows with workflow_set() using your recipe and three models, and unnested the info column to inspect the structure, which matches the expected process and output.","You updated all_workflows with workflow_map() and then correctly selected, unnested result and .metrics, filtered for rmse, grouped by wflow_id, arranged by descending .estimate, and sliced the first row per group as required.","You called workflowsets::rank_results() with all_workflows, rank_metric = 'rmse', and select_best = TRUE, and discussed how its behavior compares to your Exercise 8 code.","You extracted the forest workflow, finalized it with specific trees and min_n values, fit on both training and test data, and computed the test/train MSE ratio. The workflow id and parameter values differ from the provided solution, so the numeric ratio will not match the reference, but the overall process is correct."
16,24,"Most exercises are completed with the correct functions and general workflow, and you successfully build recipes, models, workflows, and tuning pipelines. The main issues are small deviations from the specified process (e.g., missing strata in the split, log base and skip in the recipe, and parameter choices in the final model). Review the rubric details for each step to align more closely with the expected transformations and settings.",2,2,1,2,3,3,3,3,3,2,"You correctly used skimr::skim() on dat, but did not use the pipe operator as specified. The conclusion about no missing data is present.","You set the seed and used initial_split, training, and testing with prop = 0.75, but omitted the required strata = 'Sale_Price' argument. The overall split process is otherwise correct.","You created a recipe with the correct formula and included log, other, dummy, center, and scale steps, then prepped it. However, you used base = 10 instead of natural log, applied log to the outcome with skip = TRUE (so it won’t be used), and centered/scaled all predictors including dummies rather than only numeric predictors.","You defined three models with linear_reg and rand_forest, set engines correctly, and tuned the requested parameters. However, you did not explicitly set mode = 'regression' for the linear models as in the expected workflow.","You correctly called parsnip::translate() on each of the three model objects, matching the expected process and outputs.","You set the seed and created train_resamples with rsample::bootstraps(ames_train), which matches the expected bootstrap resampling workflow.","You built a workflow_set with the recipe and all three models and unnested the info column, correctly showing the workflow structure as required.","You updated all_workflows with workflow_map and then selected, unnested, filtered for rmse, grouped, arranged in descending order, and sliced the top row per workflow as specified.","You called workflowsets::rank_results with all_workflows, rank_metric = 'rmse', and select_best = TRUE, and you compared its behavior to your Exercise 8 results in the comments.","You extracted the forest workflow, finalized it with specific trees and min_n values, fit on train and test data, and computed a test/train MSE ratio. However, the chosen parameters and resulting ratio do not match the expected best configuration and approximate 12% difference."
17,24,"Most core tidymodels workflows—splitting, recipes, models, workflowsets, tuning, and evaluation—are implemented correctly and in a structured way. The main issues are small but important deviations from the specified process (e.g., missing stratification, incorrect log base/skip, and not using the exact best parameters in the final model). Review the rubric details and solution file to align your preprocessing and model-finalization steps more closely with the expected specifications.",2,2,1,2,3,3,3,3,3,2,"You correctly used skimr::skim() on dat, but did not use the pipe operator as specified. The written conclusion about no missing data is present.","You set the seed and used rsample::initial_split(), training(), and testing() with a 0.75 prop, but omitted the required strata = 'Sale_Price' argument.","You created and prepped a recipe with the right variables and steps, but used base = 10 instead of natural log, skipped the log step, and centered/scaled all predictors (including dummies) rather than just numeric predictors; this diverges from the specified process.","You defined three parsnip models with correct engines and tunable parameters, but did not explicitly set mode = 'regression' for the linear models as in the expected workflow.","You correctly applied parsnip::translate() to each of the three model objects, matching the expected process and outputs.","You set the seed and created train_resamples with rsample::bootstraps(ames_train), following the expected process and object type.","You built a workflow_set with the recipe and all three models and unnested the info column, correctly showing the workflow structure.","You updated all_workflows with workflow_map(), then selected, unnested, filtered for rmse, grouped, arranged, and sliced as required; the workflow matches the rubric.","You called workflowsets::rank_results() with the correct arguments and discussed how its results compare conceptually to Exercise 8, satisfying the expectations.","You extracted the forest workflow, finalized it with specific trees and min_n, fit on train and test, and computed a test/train MSE ratio, but the chosen parameters do not match the specified best (trees = 1, min_n = 11), so the expected performance comparison is not reproduced."
18,25,"Most exercises are completed with correct use of tidymodels, workflowsets, and rsample, and your code generally follows the intended workflows. The main issues are minor deviations from the specified process (e.g., missing stratification, log base and step order in the recipe, and final model parameters/ratio in Q10). Review the rubric details for preprocessing steps and parameter choices to align your solutions more closely with the expected configurations.",2,2,1,3,3,3,3,3,3,2,"You correctly used skimr::skim() on dat and answered that there is no missing data. However, the rubric expected use of the base pipe (|>) and piping dat directly into skim() in a single step.","You set the seed, used rsample::initial_split(), and created ames_train and ames_test with a 75% split, which matches most of the required process. You omitted the strata = 'Sale_Price' argument, so the split is not stratified as specified.","You created a recipe with the correct formula and included log, other, dummy, center, and scale steps, then prepped it. However, you used base = 10 instead of the natural log, skipped the log step, and centered/scaled all predictors (including dummies) rather than just numeric predictors, so the transformations do not fully match the rubric.","All three models are specified correctly: a basic linear_reg with lm engine, a glmnet model with penalty and mixture set to tune(), and a random forest with ranger engine and tunable trees and min_n. Mode is set to regression for the forest, which is sufficient here.","You correctly applied parsnip::translate() to each of the three model objects, which matches the expected workflow and would display the appropriate engine-specific templates.","You set the seed and created train_resamples using rsample::bootstraps(ames_train), which matches the required process and produces the expected bootstrap resampling object.","You created all_workflows with workflowsets::workflow_set() using your recipe and all three models, and then unnested the info column with tidyr::unnest(info), which matches the expected structure and examination step.","Your code updates all_workflows with workflow_map() and then uses select, unnest, filter(.metric == 'rmse'), group_by, arrange(desc(.estimate)), and slice(1) to extract the best rows per workflow. This follows the required sequence and would yield the requested best rmse rows and tuning parameters.","You correctly called workflowsets::rank_results(all_workflows, rank_metric = 'rmse', select_best = TRUE) and discussed how its output compares conceptually to your Exercise 8 results, satisfying the rubric’s expectations.","You extracted the forest workflow, finalized it with specific trees and min_n values, and fit it on training and test data, then computed and reported the test/train MSE ratio. However, the chosen parameters and resulting ratio differ from the specified best (trees = 1, min_n = 11 and ~0.115 ratio), so the final model configuration and performance comparison do not fully match the expected solution."
19,25,"Your lab shows a solid grasp of tidymodels workflows, recipes, parsnip models, and workflowsets, with all major steps implemented. Most deductions are for small deviations from the specified process (e.g., missing strata, log base, and minor recipe details) rather than missing work. Review the rubric details around preprocessing choices and parameter settings to align even more closely with the expected workflow in future labs.",2.5,2,1.5,2.5,3,3,3,3,3,2.5,"You correctly used skimr::skim() on dat, but did not use the pipe operator as specified. The written conclusion about no missing data is present.","You set the seed, used rsample::initial_split(), training(), and testing(), and created ames_train/ames_test with a 75% split. However, you omitted the required strata = 'Sale_Price' argument.","You created and prepped a recipe with the correct variables and included log, other, dummy, center, and scale steps. However, you used base = 10 instead of natural log, skipped the log step, and centered/scaled all predictors (including dummies) rather than just numeric predictors, and did not show broom::tidy() output.","You defined three parsnip models with appropriate engines and tunable parameters and set mode = 'regression' for the forest. The only minor omission is not explicitly setting mode for the linear models, though they default correctly.","You correctly called parsnip::translate() on each of the three model objects, following the expected workflow to inspect the engine-specific templates.","You set the seed and created train_resamples with rsample::bootstraps(ames_train), matching the expected process and output structure.","You built a workflow_set with the recipe and all three models and then unnested the info column to inspect the structure, matching the expected workflow and output.","You updated all_workflows with workflow_map(), then selected, unnested result and .metrics, filtered for rmse, grouped by wflow_id, arranged by descending .estimate, and sliced the first row, as required.","You correctly called workflowsets::rank_results() with all_workflows, rank_metric = 'rmse', and select_best = TRUE, and you compared its behavior conceptually to your Exercise 8 results.","You extracted the forest workflow, finalized it with specific trees and min_n values, fit on both training and test data, and computed a test/train MSE ratio. However, the chosen parameters and resulting ratio differ from the expected solution values."
20,26,"Your lab shows a solid grasp of tidymodels workflows, models, and workflowsets, with all major steps implemented. Most deductions are for small deviations from the specified process (e.g., missing strata, log base, and some recipe details) rather than missing work. Review the rubric details around preprocessing (log base and which predictors to center/scale) and data splitting with stratification to fully align with the expected workflow.",2.5,2,1.5,2.5,3,3,3,3,3,2.5,"You correctly used skimr::skim() on dat, but did not use the pipe operator as specified. The written conclusion about no missing data is present.","You set the seed and used initial_split, training, and testing with a 0.75 prop, but omitted the required strata = 'Sale_Price' argument. Otherwise the workflow is correct.","You created a recipe with the right variables and included log, other, dummy, center, and scale steps, then prepped it. However, you used base = 10 instead of natural log, skipped the log step, and centered/scaled all predictors (including dummies) rather than just numeric predictors, and did not use broom::tidy() to examine steps.","All three models are specified with the correct parsnip functions, engines, and tunable parameters, and the random forest has min_n and trees set to tune. You did not explicitly set mode = 'regression' for the linear models, but parsnip will default appropriately.","You correctly called parsnip::translate() on each of the three model objects, matching the expected workflow and outputs.","You set the seed and created train_resamples with rsample::bootstraps(ames_train), producing the expected bootstrap resampling object.","You built all_workflows with workflowsets::workflow_set using the recipe and all three models, and unnested the info column to inspect the structure, matching the expected process.","You updated all_workflows with workflow_map and then correctly selected, unnested result and .metrics, filtered for rmse, grouped by wflow_id, arranged by descending .estimate, and sliced the first row per group as required.","You called workflowsets::rank_results with all_workflows, rank_metric = 'rmse', and select_best = TRUE, and your comments correctly interpret the difference from Exercise 8.","You extracted the forest workflow, finalized it with specific trees and min_n values, fit on both training and test data, and computed a test/train MSE ratio. The workflow matches expectations, though the chosen parameters and resulting ratio differ from the provided solution."
21,24,"Most exercises are completed with the correct functions and workflows, and your code is generally well structured. The main issues are small but important deviations from the specified process (e.g., missing strata in the split, incorrect log transformation settings, and not matching the expected best model parameters/ratio in Q10). Review the rubric details for transformations and tuning choices to align your implementation more closely with the expected solutions.",2,2,1,2,3,3,3,3,3,2,"You correctly used skimr::skim() on dat, but did not use the pipe operator as specified and the rubric expects piping dat into skim(). The conclusion about no missing data is present.","You set the seed, used rsample::initial_split(), and created ames_train and ames_test with a 75% split, but omitted the strata = 'Sale_Price' argument required by the rubric.","You created a recipe with the correct formula and prepped it, but used base = 10 and skip = TRUE in step_log (so Sale_Price is not actually transformed), and centered/scaled all predictors including dummies rather than just numeric predictors; this diverges from the specified process.","You defined three parsnip models with appropriate engines and tunable parameters, but did not explicitly set mode = 'regression' for the first two models as expected in the rubric.","You correctly called parsnip::translate() on each of the three model objects, matching the expected workflow and outputs.","You set the seed and created train_resamples with rsample::bootstraps(ames_train), following the expected process and producing the correct resampling object.","You built all_workflows with workflowsets::workflow_set() using your recipe and three models, and unnested the info column as required; structure and contents match expectations.","You updated all_workflows with workflow_map(), then selected, unnested result and .metrics, filtered for rmse, grouped, arranged in descending order, and sliced the first row per workflow as specified.","You correctly called workflowsets::rank_results() with all_workflows, rank_metric = 'rmse', and select_best = TRUE, and provided a brief comparison to Exercise 8 results.","You extracted the 'norm_forest' workflow, finalized it with specific trees and min_n values, and fit on both training and test data, computing an MSE ratio; however, the chosen parameters and resulting ratio do not match the expected best configuration and approximate 12% difference described in the rubric."
22,22.5,"Your lab shows a solid grasp of tidymodels workflows, recipes, model specification, and workflowsets, with all major steps present and mostly correct. The main issues are minor deviations from the specified process (e.g., missing stratification, log base choice, and some parameter details) rather than missing work. Tightening adherence to the exact rubric instructions and argument values will help you earn full credit on future labs.",2.5,2,1.5,2.5,3,3,3,3,3,2,"You correctly used skimr::skim() on dat and stated there is no missing data. However, the rubric expected use of the base dat object piped directly into skim() (dat |> skimr::skim()) without loading skimr separately or using skim(dat) without a pipe.","You set the seed, used rsample::initial_split(), and created ames_train and ames_test with a 75% split, which matches most of the required process. You omitted the strata = 'Sale_Price' argument, so the split is not stratified as specified in the rubric.","You created a recipe with the correct formula and included step_log, step_other, step_dummy, step_center, and step_scale, and you called prep(). However, you used base = 10 instead of the natural log (base = exp(1)), skipped the log step, and centered/scaled all predictors (including dummies) rather than just numeric predictors, so the transformations do not fully match the expected process.","You correctly specified linear_reg() with lm and glmnet engines and tuned penalty and mixture, and rand_forest() with ranger engine and tuned trees and min_n. You did not explicitly set mode = 'regression' for the linear models, but parsnip defaults to regression here, so only a small process deduction is warranted.","You applied parsnip::translate() to each of the three model objects as required, which will display the underlying engine-specific templates. This fully meets the rubric for this exercise.","You set the seed and created train_resamples with rsample::bootstraps(ames_train), matching the expected process and output structure for bootstrap resampling.","You created all_workflows with workflowsets::workflow_set() using your recipe and all three models, and then unnested the info column to inspect the structure. This matches the required workflow construction and examination.","You updated all_workflows with workflow_map(), then selected wflow_id and result, unnested result and .metrics, filtered for rmse, grouped by wflow_id, arranged by descending .estimate, and sliced the first row. This follows the specified sequence and produces the requested best-rmse rows per workflow.","You called workflowsets::rank_results(all_workflows, rank_metric = 'rmse', select_best = TRUE) as required and provided a brief comparison explanation, satisfying the rubric for code and interpretation.","You extracted the 'norm_forest' workflow, finalized it with specific trees and min_n values, and fit it on both training and test data, then computed train/test MSE and their ratio. The overall workflow matches the rubric, but the chosen parameters and resulting error ratio differ from the expected best configuration, so full output-accuracy credit is not earned."
23,27,"Most exercises follow the intended tidymodels and workflowsets processes closely, with correct use of recipes, parsnip models, resampling, and workflow mapping. The main shortcoming is in the preprocessing recipe, where the log transformation is effectively skipped and centering/scaling are applied more broadly than specified. Otherwise, the code structure and workflow logic are solid and align well with the rubric.",3,2,1,3,3,3,3,3,3,3,Used skimr::skim on dat (via skim(dat)) in a single step and correctly noted no missing data; this matches the expected EDA workflow.,"Used set.seed(8740), rsample::initial_split, training(), and testing() with prop = 0.75, but omitted the required strata = 'Sale_Price' argument, so the split process is slightly off the rubric.","Created a recipe with the correct formula and included log, other, dummy, center, and scale steps, but used base = 10 with skip = TRUE on step_log (so Sale_Price is not actually transformed) and centered/scaled all predictors (including dummies) rather than just numeric predictors; this only partially matches the specified preprocessing.","Defined three parsnip models with linear_reg (lm), linear_reg with glmnet and tunable penalty/mixture, and rand_forest with ranger and tunable trees/min_n; all engines and tunable parameters are correctly specified.","Called parsnip::translate() on each of lm_mod_base, lm_mod_glmnet, and lm_mod_rforest, correctly following the required process to inspect model templates.","Set the seed and created train_resamples with rsample::bootstraps(ames_train), producing the expected bootstrap resampling object.","Constructed all_workflows with workflowsets::workflow_set using the recipe and all three models, then unnested the info column with tidyr::unnest(info); this matches the expected workflow structure.","Updated all_workflows with workflow_map and then selected wflow_id/result, unnested result and .metrics, filtered for rmse, grouped by wflow_id, arranged by descending .estimate, and sliced the first row; the full required dplyr/tidyr chain is present and correct.","Called workflowsets::rank_results(all_workflows, rank_metric = 'rmse', select_best = TRUE) and provided a brief comparison to Exercise 8, satisfying the rubric requirements.","Extracted the 'norm_forest' workflow, finalized it with explicit trees and min_n values, and fit the finalized workflow on both ames_train and ames_test while computing and reporting the test/train MSE ratio; the full selection, finalization, and comparison workflow is implemented, even though the numeric ratio differs from the solution."
24,22,"You implemented the full tidymodels workflow, including recipes, models, workflowsets, tuning, and evaluation, and most exercises follow the intended structure closely. The main issues are minor deviations from the specified process (e.g., missing stratification, log base and step options in the recipe, and differing best parameters/ratio in the final model). Addressing these details will bring your work fully in line with the rubric expectations.",2,2,1,3,3,3,3,3,3,2,"You correctly used skimr::skim() on dat and answered that there is no missing data. However, the rubric expected use of the base pipe (|>) and piping dat directly into skim() in a single step.","You set the seed, used rsample::initial_split(), and created ames_train and ames_test with a 75% split, which matches most of the required process. You omitted the strata = 'Sale_Price' argument, so the split is not stratified as specified.","You created a recipe with the correct formula and included log, other, dummy, center, and scale steps, then prepped it. However, you used base = 10 instead of natural log, skipped the log step, and centered/scaled all predictors (including dummies) rather than just numeric predictors, so the transformations do not fully match the rubric.","All three models are specified correctly: a basic linear_reg with lm engine, a glmnet model with penalty and mixture set to tune(), and a random forest with ranger engine and tunable trees and min_n. Mode is set to regression for the forest; the others default appropriately.","You applied parsnip::translate() to each of the three model objects, which matches the expected workflow and would display the correct engine-specific templates.","You set the seed and created train_resamples using rsample::bootstraps(ames_train), which follows the required process and produces the expected bootstrap resampling object.","You created all_workflows with workflowsets::workflow_set() using your recipe and three models, and then unnested the info column to inspect the structure. This matches the expected workflow and structure.","You updated all_workflows with workflow_map(), then selected wflow_id and result, unnested result and .metrics, filtered for rmse, grouped by wflow_id, arranged by descending .estimate, and sliced the first row. This matches the required sequence of operations, even though it selects the worst rmse rather than the best.","You called workflowsets::rank_results(all_workflows, rank_metric = 'rmse', select_best = TRUE) as required and provided a brief comparison to your Exercise 8 results, correctly noting the difference in ranking direction.","You extracted the 'norm_forest' workflow, finalized it with specific trees and min_n values, fit it on training and test data, and computed a test/train MSE ratio. The overall workflow is correct, but the rubric expected specific best parameters (trees = 1, min_n = 11) and the corresponding ratio; your chosen parameters and reported ratio differ from the reference."
25,21,"Most exercises are completed with the correct functions and workflows, and your code is generally well structured. The main issues are minor deviations from the specified process (e.g., missing strata in the split, log base and skip in the recipe, and some parameter choices in the final model). Review the rubric details for preprocessing and data splitting to align more closely with the expected specifications in future labs.",2,2,1,2,3,3,3,3,3,2,"You correctly used skimr::skim() on dat, but did not use the pipe operator as specified. The conclusion about no missing data is present.","You used set.seed() and rsample::initial_split()/training()/testing(), but omitted the strata = 'Sale_Price' argument, so the split process is slightly off the rubric.","You created a recipe with the correct formula and included log, other, dummy, center, and scale steps, then prepped it. However, you used base = 10 instead of natural log, skipped the log step, and centered/scaled all predictors (including dummies) rather than just numeric predictors, so the process and transformation details are not fully correct.","All three models are defined with the correct engines and tunable parameters, but you did not explicitly set the mode for the linear models (though regression is implied) and did not use parsnip:: prefixes as in the rubric. Core model specs are essentially correct.","You correctly called parsnip::translate() on each of the three model objects, matching the expected workflow and outputs.","You set the seed and created train_resamples with rsample::bootstraps(ames_train) as required, producing the correct bootstrap resampling object.","You built all_workflows with workflowsets::workflow_set() using the recipe and three models, and unnested the info column to inspect structure, matching the expected process.","You updated all_workflows with workflow_map(), then selected/unnested result and .metrics, filtered for rmse, grouped by wflow_id, arranged by descending .estimate, and sliced the first row, as specified.","You correctly called workflowsets::rank_results() with all_workflows, rank_metric = 'rmse', and select_best = TRUE, and discussed how it compares conceptually to your Exercise 8 results.","You extracted the norm_forest workflow, finalized it with specific trees and min_n values, and fit to both train and test data, computing and reporting the MSE ratio. However, the chosen parameters and resulting ratio differ from the expected solution, so output accuracy is only partial."
26,22,"You completed all exercises with generally correct use of tidymodels, workflowsets, and rsample, and your code structure closely follows the intended workflows. Most deductions are for small deviations from the specified arguments (e.g., missing strata, log base, and exact tuning choices) rather than missing work. Review the rubric details—especially for preprocessing choices and stratified splitting—to align your implementations more precisely with the instructions in future labs.",2,2,1,3,3,3,3,3,3,2,"You correctly used skimr::skim() on dat and answered that there is no missing data. However, the rubric expected use of the base pipe (|>) and piping dat directly into skim() in a single step.","You set the seed, used rsample::initial_split(), and created ames_train and ames_test with a 75% split, which matches most of the required process. You omitted the strata = 'Sale_Price' argument, so the split is not stratified as specified.","You created a recipe with the correct formula and included log, other, dummy, center, and scale steps, then prepped it. However, you used base = 10 instead of natural log, skipped the log step, and centered/scaled all predictors (including dummies) rather than just numeric predictors, so the transformations do not fully match the rubric.","All three models are specified correctly: a basic linear_reg with lm engine, a glmnet model with penalty and mixture set to tune(), and a random forest with ranger engine and tunable trees and min_n. Mode is set for the forest model; the others default appropriately to regression.","You applied parsnip::translate() to each of lm_mod_base, lm_mod_glmnet, and lm_mod_rforest, which matches the expected workflow and will display the three engine-specific templates.","You set the seed and created train_resamples using rsample::bootstraps(ames_train), which follows the required process and yields the correct bootstrap resampling object.","You created all_workflows with workflowsets::workflow_set() using your recipe and all three models, and then unnested the info column to inspect the structure. This matches the expected workflow and output structure.","Your code updates all_workflows with workflow_map(), then selects wflow_id and result, unnests result and .metrics, filters for rmse, groups by wflow_id, arranges by descending .estimate, and slices the first row. This matches the required sequence and structure, even though it selects the worst rmse rather than best.","You correctly called workflowsets::rank_results(all_workflows, rank_metric = 'rmse', select_best = TRUE) and discussed how its output differs from your Exercise 8 results, which aligns with the rubric’s expectations.","You extracted the 'norm_forest' workflow, finalized it with specific trees and min_n values, fit on both training and test data, and computed the test/train MSE ratio. The overall process is correct, but the chosen parameters and resulting ratio differ from the expected best configuration and approximate 12% increase."
27,22.5,"Your lab shows a solid grasp of tidymodels workflows, recipes, parsnip models, and workflowsets, with all major steps present and mostly correct. The main issues are minor deviations from the specified process (e.g., missing stratification, log base and skip in the recipe, and not using the exact best-tuned parameters in the final model). Tightening these details will bring your work fully in line with the rubric and expected solutions.",2.5,2,1.5,2.5,3,3,3,3,3,2,"You correctly used skimr::skim() on dat and stated there is no missing data. To fully match the expected workflow, use the pipe operator (dat |> skimr::skim()) and avoid loading skimr inside the chunk if not needed.","You set the seed, used rsample::initial_split(), and created ames_train and ames_test with a 75% split, but you omitted the strata = 'Sale_Price' argument. Add stratification on Sale_Price to fully meet the rubric.","You created a recipe with the correct formula and included log, other, dummy, center, and scale steps, then prepped it. However, you used base = 10 instead of natural log, skipped the log step, and centered/scaled all predictors (including dummies) rather than just numeric predictors. Adjust the log base and step selectors to align with the specified preprocessing.","You defined three parsnip models with the correct engines and tunable parameters, and set mode = 'regression' for the random forest. To be fully consistent, also set mode = 'regression' explicitly for the linear models, though they default correctly.","You correctly called parsnip::translate() on each of the three model objects, which matches the expected process and output structure.","You set the seed and created train_resamples with rsample::bootstraps(ames_train), which matches the expected bootstrap resampling workflow.","You built all_workflows with workflowsets::workflow_set() using your recipe and three models, and unnested the info column to inspect structure. This matches the required workflow and structure.","You updated all_workflows with workflow_map(), then selected wflow_id and result, unnested result and .metrics, filtered for rmse, grouped by wflow_id, arranged by descending .estimate, and sliced the first row. This follows the specified sequence correctly.","You called workflowsets::rank_results(all_workflows, rank_metric = 'rmse', select_best = TRUE) and provided a comparison explanation relative to Exercise 8, satisfying the rubric requirements.","You extracted the 'norm_forest' workflow, finalized it with specific trees and min_n values, fit on train and test data, and computed a test/train MSE ratio. However, the chosen parameters and resulting ratio differ from the expected best configuration; ensure you use the best-tuned parameters from the workflow results."
28,25,"Your lab shows a solid grasp of tidymodels workflows, models, and resampling, with all major steps implemented. Most deductions are for smaller details like missing stratification, log base/skip settings, and minor mode specifications. Review the recipe step options and splitting arguments to align more closely with the rubric’s expectations.",2.5,2,1.5,2.5,3,3,3,3,3,2.5,"You correctly used skimr::skim() on dat and answered that there is no missing data. To fully match the rubric, use the pipe operator (dat |> skimr::skim()) and avoid loading skimr inside the chunk if not needed.","You set the seed, used rsample::initial_split(), and created ames_train/ames_test with a 75% split, but you omitted the strata = 'Sale_Price' argument. Add the stratification to fully meet the requirements.","You created a recipe with the correct formula and included log, other, dummy, centering, and scaling steps, then prepped it. However, you used base = 10 instead of natural log, skipped the log step, and centered/scaled all predictors (including dummies) rather than just numeric predictors. Adjust the log base, remove skip = TRUE, and use all_numeric_predictors().","You defined three parsnip models with correct engines and tunable parameters, and set mode = 'regression' for the random forest. To be fully consistent, also set mode = 'regression' explicitly for the linear_reg models.","You correctly called parsnip::translate() on each of the three model objects, which matches the expected workflow and output structure.","You set the seed and created train_resamples with rsample::bootstraps(ames_train), producing the expected bootstrap resampling object.","You created all_workflows with workflowsets::workflow_set() using your recipe and three models, then unnested the info column, matching the required structure and process.","You updated all_workflows with workflow_map(), then selected wflow_id and result, unnested result and .metrics, filtered for rmse, grouped, arranged by descending .estimate, and sliced the first row per group, as specified.","You correctly called workflowsets::rank_results(all_workflows, rank_metric = 'rmse', select_best = TRUE) and provided a brief comparison explanation, satisfying the rubric.","You extracted the 'norm_forest' workflow, finalized it with specific trees and min_n values, fit on train and test data, and computed a test/train MSE ratio. The workflow matches the required functions, though your chosen parameters and resulting ratio differ from the reference solution."
29,24,"Most of the required tidymodels workflow is implemented correctly, including model specifications, workflow sets, resampling, tuning, and ranking. The main issues are with the exact preprocessing details in the recipe (log base and skip, centering/scaling scope) and the lack of stratification in the train/test split, plus a final model that does not match the expected best configuration. Tightening those steps to match the rubric specifications would bring this very close to full credit.",2,2,1,3,3,3,3,3,3,2,"You correctly used skimr::skim() on dat and stated there is no missing data, but the rubric expected use of the base dat object piped directly into skim() (dat |> skimr::skim()) without loading skimr separately or using skim(dat) without the pipe.","You set the seed, used rsample::initial_split() with prop = 0.75, and created ames_train and ames_test, but you omitted the required strata = 'Sale_Price' argument in initial_split, so the split process is not fully as specified.","You created a recipe with the correct formula and included step_log, step_other, step_dummy, step_center, and step_scale, and called prep(), but you used base = 10 and skip = TRUE for step_log (so Sale_Price is not actually transformed) and centered/scaled all predictors including dummies instead of only numeric predictors, which deviates from the required process and transformation details.","All three models are specified correctly: a base linear_reg with lm engine, a glmnet linear_reg with penalty and mixture set to tune(), and a rand_forest with trees and min_n set to tune() and ranger engine; regression mode is set for the forest model, which satisfies the rubric.","You correctly applied parsnip::translate() to each of the three model objects, which matches the expected workflow and will display the appropriate engine-specific templates.","You set the seed and created train_resamples using rsample::bootstraps(ames_train), which matches the required process and produces the expected bootstrap resampling object.","You created all_workflows with workflowsets::workflow_set() using the recipe and all three models, and then unnested the info column with tidyr::unnest(info), which matches the expected structure and examination of the workflow set.","You updated all_workflows with workflow_map() (in provided code) and then correctly selected wflow_id and result, unnested result and .metrics, filtered for rmse, grouped by wflow_id, arranged by descending .estimate, and sliced the first row; this matches the required sequence and output structure.","You called workflowsets::rank_results(all_workflows, rank_metric = 'rmse', select_best = TRUE) as required and provided a brief comparison explanation, satisfying the rubric for this exercise.","You extracted the 'norm_forest' workflow, finalized it with specific trees and min_n values, and fit it on both training and test data, then computed and reported the test/train MSE ratio. However, the chosen parameters and resulting ratio differ substantially from the expected best configuration and approximate 12% test/train MSE relationship."
30,25,"Your lab shows a solid grasp of tidymodels workflows, models, and resampling, with all major steps implemented. Most deductions are for small deviations from the specified process (e.g., missing strata in the split, log base and skip in the recipe, and minor mode/parameter details). Review the rubric instructions closely in future labs to align your code more tightly with the expected specifications.",2.5,2,1.5,2.5,3,3,3,3,3,2.5,"You correctly used skimr::skim() on dat, but did not use the pipe operator as specified. The conclusion about no missing data is present.","You set the seed, used initial_split, training, and testing, and used prop = 0.75, but omitted the required strata = 'Sale_Price' argument.","You created and prepped a recipe with the right variables and steps, but used base = 10 and skip = TRUE for step_log (so Sale_Price is not actually transformed in the recipe) and centered/scaled all predictors rather than just numeric predictors.","All three parsnip models are specified with correct engines and tunable parameters; however, you did not explicitly set the mode for the lm and glmnet models (though they default correctly).","You correctly called parsnip::translate() on each of the three model objects, which will display the underlying engine-specific templates.","You set the seed and created train_resamples with rsample::bootstraps(ames_train), matching the expected bootstrap resampling workflow.","You built all_workflows with workflow_set using the recipe and three models, and unnested the info column to inspect the structure as required.","Your code updates all_workflows with workflow_map and then correctly selects, unnests result and .metrics, filters for rmse, groups by wflow_id, arranges by descending .estimate, and slices the first row.","You correctly called workflowsets::rank_results with all_workflows, rank_metric = 'rmse', and select_best = TRUE, and provided a brief comparison to Exercise 8.","You extracted the norm_forest workflow, finalized it with specific trees and min_n values, and fit on both training and test data, computing and reporting the MSE ratio. The chosen parameters differ from the provided solution, but the overall workflow is correct."
31,25,"Your lab shows a solid grasp of tidymodels workflows, model specification, and workflowsets usage, and most exercises follow the intended structure. The main issues are with some details of the recipe (log base and skip behavior), missing stratification in the data split, and not matching the expected best-parameter configuration and performance ratio in the final model comparison. Tightening those details would bring your work fully in line with the rubric.",2,2,1,3,3,3,3,3,3,2,"You correctly used skimr::skim() on dat and stated there is no missing data. However, the rubric expected use of the base dat object piped directly into skim() (dat |> skimr::skim()) in a single step; you used a direct function call instead of the pipe, so process fidelity is slightly off.","You set the seed, used rsample::initial_split() with prop = 0.75, and created ames_train and ames_test, which satisfies most of the requirements. However, you did not include strata = 'Sale_Price' in initial_split, so the split does not follow the specified stratified process.","You created a recipe with the correct formula and included step_log, step_other, step_dummy, step_center, and step_scale, and you called prep(). But you used base = 10 instead of the natural log (base = exp(1)), set skip = TRUE on the outcome transformation (so it would not be applied when baking), and centered/scaled all predictors including dummies rather than just numeric predictors, so the transformations do not fully match the required process.","All three models are specified correctly: a basic linear_reg with lm engine, a glmnet linear_reg with penalty and mixture set to tune(), and a rand_forest with trees and min_n set to tune(), and the random forest is set to regression mode. This matches the expected parsnip workflow.","You applied parsnip::translate() to each of the three model objects (lm_mod_base, lm_mod_glmnet, lm_mod_rforest), which correctly exposes the underlying engine-specific templates as required.","You set the seed and created train_resamples <- bootstraps(ames_train), which matches the expected use of rsample::bootstraps() on the training data with default parameters.","You created all_workflows with workflowsets::workflow_set() using your norm_recipe and all three models, and then unnested the info column with tidyr::unnest(info). This matches the required structure and examination of the workflow set.","You updated all_workflows with workflow_map() (even though that chunk is eval: false, the code is correct) and then selected wflow_id and result, unnested result and .metrics, filtered for rmse, grouped by wflow_id, arranged by descending .estimate, and sliced the first row. This follows the specified workflow and produces the requested best-rmse rows per workflow.","You called workflowsets::rank_results(all_workflows, rank_metric = 'rmse', select_best = TRUE) as required and provided a brief comparison to your Exercise 8 results, correctly noting the difference in ordering logic.","You correctly extracted the forest workflow, finalized it with specific trees and min_n values, fit it on both training and test data, and computed a test/train MSE ratio. However, your best-parameter choice (trees = 1000, min_n = 11) is not tied back to the rubric’s specified best configuration, and your reported ratio (≈1.92) differs substantially from the expected ≈1.12, so output accuracy is off."
32,24,"Most of the required tidymodels workflow components are present and correctly structured, including model specifications, workflow sets, tuning, and ranking. The main issues are with some details in the recipe (log base and skip, centering/scaling scope) and missing stratification in the train/test split, plus using different final hyperparameters so the final performance comparison does not match the expected result. Tightening alignment with the specified arguments and transformation details would bring this to full credit.",2,2,1,2,3,3,3,3,3,2,"You correctly used skimr::skim() on dat and stated there is no missing data, but the rubric expected use of the base dat |> skimr::skim() pipe form; minor process deviation.","You set the seed, used rsample::initial_split(), and created ames_train/ames_test with a 75% split, but you omitted the required strata = 'Sale_Price' argument.","You created and prepped a recipe with the correct variables and included log, other, dummy, center, and scale steps, but used base=10 instead of natural log, skipped the log step, and centered/scaled all predictors (including dummies) rather than just numeric predictors.","All three parsnip models are defined with correct engines and tunable parameters, but you did not explicitly set mode = 'regression' for the linear models as in the expected workflow.","You correctly called parsnip::translate() on each of the three model objects, matching the expected process and outputs.","You set the seed and created train_resamples with rsample::bootstraps(ames_train), which matches the expected bootstrap resampling workflow.","You built all_workflows with workflowsets::workflow_set() using the recipe and three models, and unnested the info column as required; structure and process are correct.","Your code updates all_workflows with workflow_map(), then correctly unnests result and .metrics, filters for rmse, groups by wflow_id, arranges by descending .estimate, and slices the first row.","You correctly called workflowsets::rank_results(all_workflows, rank_metric = 'rmse', select_best = TRUE) and provided a brief comparison to Exercise 8 results.","You extracted the forest workflow, finalized it with specific trees and min_n, and fit on both train and test data, but you did not use the specified best parameters from the solution and your reported MSE ratio differs substantially from the expected ~0.115."
33,25,"Your lab shows a solid grasp of tidymodels workflows, model specification, resampling, and workflowsets, with most exercises following the intended structure. The main issues are in Exercise 2 (missing stratification) and Exercise 3 (log base and step configuration), plus some deviation from the reference results in Exercise 10. Tightening alignment with the specified arguments and transformation details will bring your work fully in line with the rubric.",2,2,1,3,3,3,3,3,3,2,"You correctly used skimr::skim() on dat and stated there is no missing data. However, the rubric expected use of the base dat object piped directly into skimr::skim() (dat |> skimr::skim()) in a single step; you used a direct function call instead of the pipe, so process fidelity is slightly off.","You set the seed, used rsample::initial_split() with prop = 0.75, and created ames_train and ames_test correctly. However, you omitted the strata = 'Sale_Price' argument, so the split does not follow the specified stratified process.","You created a recipe with the correct formula and included step_log, step_other, step_dummy, step_center, and step_scale, and you prepped the recipe. However, you used base = 10 instead of the natural log (base = exp(1)), incorrectly skipped the log step, and centered/scaled all predictors (including dummies) rather than just numeric predictors, so the transformations do not fully match the required process.","All three models are specified correctly: a basic linear_reg with lm engine, a glmnet linear_reg with penalty and mixture set to tune(), and a rand_forest with trees and min_n set to tune() and ranger engine in regression mode. This matches the expected parsnip setup.","You applied parsnip::translate() to each of lm_mod_base, lm_mod_glmnet, and lm_mod_rforest, which follows the expected workflow and would display the three engine-specific templates.","You set the seed and created train_resamples <- bootstraps(ames_train), which matches the expected use of rsample::bootstraps() on the training data with default parameters.","You created all_workflows with workflowsets::workflow_set() using the recipe and all three models, and then unnested the info column with tidyr::unnest(info), which matches the required structure and examination of the workflow set.","You updated all_workflows with workflow_map() (in the provided chunk) and then selected wflow_id and result, unnested result and .metrics, filtered for rmse, grouped by wflow_id, arranged by descending .estimate, and sliced the first row. This matches the specified sequence of operations and yields the best (by your ordering) rmse per workflow.","You correctly called workflowsets::rank_results(all_workflows, rank_metric = 'rmse', select_best = TRUE) and provided a brief comparison to your Exercise 8 results, demonstrating understanding of how the ranking differs.","You extracted the forest workflow, finalized it with specific trees and min_n values, and fit it on both training and test data, then computed train/test MSE and their ratio. The overall workflow is correct, but the chosen parameters and resulting ratio differ from the expected reference values, so the output accuracy does not fully match the rubric."
34,24,"Your lab shows a solid grasp of tidymodels workflows, model specification, resampling, and workflowsets, with most exercises implemented correctly. The main issues are minor deviations from the specified process: missing stratification in the split, using base-10 log and skipping the outcome transform in the recipe, and not using the exact best random forest parameters expected in the rubric. Tightening alignment with the stated instructions (especially for preprocessing and parameter choices) will bring your work fully in line with the grading criteria.",2,2,1,3,3,3,3,3,3,2,"You correctly used skimr::skim(dat) and stated there is no missing data. However, the rubric expected use of the base pipe (|>) and piping dat directly into skimr::skim() in a single step.","You set the seed, used rsample::initial_split(), and created ames_train and ames_test with a 75% split, which matches most of the required process. You omitted the strata = 'Sale_Price' argument, so the split is not stratified as specified.","You created a recipe with the correct formula and included step_log, step_other, step_dummy, step_center, and step_scale, and you prepped the recipe. However, the log transform uses base = 10 instead of the natural log (base = exp(1)), and skip = TRUE on step_log means the outcome is not actually transformed in the modeling step, so the specified preprocessing is not fully met.","All three models are correctly specified: a basic linear_reg with lm engine, a glmnet model with penalty and mixture set to tune(), and a random forest with ranger engine and tunable trees and min_n. set_mode('regression') is correctly used for the forest; the others default appropriately for regression.","You applied parsnip::translate() to each of lm_mod_base, lm_mod_glmnet, and lm_mod_rforest, which matches the required workflow and will display the three engine-specific templates.","You set the seed and created train_resamples <- bootstraps(ames_train), producing the expected bootstrap resampling object with default parameters.","You created all_workflows with workflowsets::workflow_set() using the recipe and all three models, and then unnested the info column with tidyr::unnest(info), matching the expected structure and examination process.","Your code updates all_workflows with workflow_map(), then selects wflow_id and result, unnests result and .metrics, filters for rmse, groups by wflow_id, arranges by descending .estimate, and slices the first row. This follows the required sequence and yields the best (by your ordering) rmse per workflow.","You correctly called workflowsets::rank_results(all_workflows, rank_metric = 'rmse', select_best = TRUE) and discussed how its behavior compares to your Exercise 8 results, satisfying the ranking and comparison requirement.","You extracted the 'norm_forest' workflow, finalized it with specific trees and min_n values, and fit it on both training and test data, then computed and reported the test/train MSE ratio. However, the chosen parameters and resulting ratio differ from the specified best configuration (trees = 1, min_n = 11 and ~0.115 ratio), so the final model performance comparison does not match the expected outcome."
35,24,"Your lab shows solid understanding of tidymodels workflows, model specification, and resampling, and most exercises follow the intended structure. The main issues are small but important deviations from the specified process (e.g., missing stratification in the split, incorrect log base and skip in the recipe, and differing final model parameters/ratio). Review the rubric details for preprocessing steps and split settings to align your code more closely with the expected workflow in future labs.",2,2,1,2,3,3,3,3,3,2,"You correctly used skimr::skim() on dat and stated there is no missing data. However, the rubric expected use of the base dat object piped directly into skimr::skim() (dat |> skimr::skim()) in a single step; you used a direct function call instead of the pipe.","You set the seed, used rsample::initial_split(), and created ames_train and ames_test with a 75% split, which matches most of the required process. The split is not stratified on Sale_Price (missing strata = 'Sale_Price'), so the split specification is incomplete per the rubric.","You created a recipe with the correct formula and included step_log, step_other, step_dummy, step_center, and step_scale, and you prepped the recipe. However, the log transform uses base = 10 instead of the natural log (base = exp(1)), and skip = TRUE on step_log means the outcome is not actually transformed in the modeling step; centering/scaling are also applied to all predictors rather than just numeric predictors, so the process does not fully match the specification.","You defined three parsnip models with linear_reg() for lm and glmnet and rand_forest() for ranger, and correctly set penalty/mixture and min_n/trees to tune(), with set_engine() and set_mode('regression') for the forest. The linear models are missing an explicit set_mode('regression'), which is expected in the rubric’s process description.","You correctly called parsnip::translate() on each of lm_mod_base, lm_mod_glmnet, and lm_mod_rforest, matching the required workflow and expected outputs.","You set the seed and created train_resamples <- bootstraps(ames_train), which matches the expected use of rsample::bootstraps() on the training data with default parameters.","You created all_workflows with workflowsets::workflow_set() using the norm_recipe and all three models, and then unnested the info column with tidyr::unnest(info), which matches the required structure and examination of the workflow set.","You updated all_workflows with workflow_map() (in earlier code) and then selected wflow_id and result, unnested result and .metrics, filtered for rmse, grouped by wflow_id, arranged by descending .estimate, and sliced the first row. This follows the specified sequence and yields the requested best-rmse rows per workflow.","You correctly called workflowsets::rank_results(all_workflows, rank_metric = 'rmse', select_best = TRUE) and provided a brief comparison to Exercise 8, satisfying the rubric’s requirements.","You extracted the forest workflow, finalized it with specific trees and min_n values, fit on both training and test data, and computed and reported the test/train MSE ratio. However, the chosen parameters (trees = 1000, min_n = 11) and resulting ratio differ from the expected best configuration and approximate ratio in the rubric, so the output accuracy is only partially aligned."
36,25,"Your lab shows solid understanding of tidymodels workflows, model specification, resampling, and workflowsets, and most exercises follow the intended sequence of functions. The main issues are missing stratification in the train/test split and an incorrect or skipped log transformation of Sale_Price, plus a different final tuning choice than the reference solution. Review the importance of using the specified arguments (e.g., strata, log base, and not skipping outcome transforms) to ensure your preprocessing and model evaluation align exactly with the instructions.",2,2,1,3,3,3,3,3,3,2,"You correctly used skimr::skim() on dat and stated there is no missing data. However, the rubric expected use of the base dat object piped directly into skimr::skim() (dat |> skimr::skim()) in a single step; you used a direct function call instead of the pipe, so process fidelity is slightly off.","You set the seed, used rsample::initial_split(), and created ames_train and ames_test with a 75% split, which matches most of the required process. However, you omitted the strata = 'Sale_Price' argument, so the split does not follow the specified stratified sampling requirement.","You created a recipe with the correct formula and included step_log, step_other, step_dummy, step_center, and step_scale, and you called prep(). But the log transform uses base = 10 instead of the natural log (base = exp(1)), and skip = TRUE on step_log means the outcome is not actually transformed in the prepped data, so the outcome transformation is incorrect per the rubric.","All three models are specified correctly: a base linear_reg with lm engine, a glmnet linear_reg with penalty and mixture set to tune(), and a rand_forest with trees and min_n set to tune(), and the random forest is set to regression mode. This matches the required functions, workflow, and parameter tuning setup.","You applied parsnip::translate() to each of lm_mod_base, lm_mod_glmnet, and lm_mod_rforest, which is exactly what was required to inspect the engine-specific templates.","You set the seed and created train_resamples <- bootstraps(ames_train), which matches the expected use of rsample::bootstraps() on the training data with default parameters.","You created all_workflows with workflowsets::workflow_set() using the recipe and all three models, and then unnested the info column with tidyr::unnest(info), which matches the expected structure and examination of the workflow set.","You updated all_workflows with workflow_map() (in the provided code chunk) and then selected wflow_id and result, unnested result and .metrics, filtered for rmse, grouped by wflow_id, arranged by descending .estimate, and sliced the first row. This follows the required sequence of dplyr and tidyr operations and yields the best rmse rows per workflow.","You called workflowsets::rank_results(all_workflows, rank_metric = 'rmse', select_best = TRUE) as specified and provided a brief comparison explanation, which aligns with the rubric’s expectations for using rank_results and interpreting it relative to Exercise 8.","You correctly extracted the forest workflow (norm_forest), finalized it with specific trees and min_n values, fit it on both training and test data, and computed and reported the test/train MSE ratio. However, the chosen tuning parameters and resulting ratio differ from the expected best configuration (trees = 1, min_n = 11 and ~12% higher test error), so the final model configuration and performance comparison do not fully match the rubric."
37,24,"Your lab shows solid understanding of tidymodels workflows, model specification, resampling, and workflowsets, with all exercises attempted and most code structures correct. The main issues are small deviations from the specified process (e.g., missing stratification, incorrect log base and skip in the recipe, and different tuning parameters in Q10) that affect strict rubric alignment. Review the importance of following the exact transformation and tuning specifications, especially for recipes and final model selection.",2,2,1,2,3,3,3,3,3,2,"You correctly used skimr::skim() on dat and stated there is no missing data. However, the rubric expected use of the base dat object piped directly into skimr::skim() (dat |> skimr::skim()) without loading skimr inside the chunk; minor process deviation so 1 pt off ProcessFidelity.","You set the seed, used rsample::initial_split(), and created ames_train and ames_test with a 75% split, which satisfies most requirements. You omitted the strata = 'Sale_Price' argument, so the split is not stratified as specified; deduct 1 pt for OutputAccuracy/ProcessFidelity.","You created a recipe with the correct formula and included step_log, step_other, step_dummy, step_center, and step_scale, and called prep(). However, you used base = 10 instead of natural log, set skip = TRUE on step_log (so Sale_Price is not actually transformed), and centered/scaled all predictors including dummies rather than just numeric predictors. These issues reduce both ProcessFidelity and OutputAccuracy; award only the CodeExecution point.","You defined three parsnip models with linear_reg() and rand_forest(), used tune() for penalty, mixture, trees, and min_n, and set engines correctly. You did not explicitly set mode = 'regression' for the linear models, which is expected in the rubric solution; small process deviation so 1 pt off.","You correctly called parsnip::translate() on each of lm_mod_base, lm_mod_glmnet, and lm_mod_rforest. This matches the expected workflow and will display the three engine-specific templates, so full credit.","You set the seed and created train_resamples <- bootstraps(ames_train), which matches the expected use of rsample::bootstraps() on the training data with default parameters. Full credit.","You created all_workflows with workflowsets::workflow_set() using norm_recipe and the three models, and then unnested the info column with tidyr::unnest(info). This matches the required structure and examination of the workflow set, so full points.","You updated all_workflows with workflow_map() (in the provided chunk) and then selected wflow_id and result, unnested result and .metrics, filtered for rmse, grouped by wflow_id, arranged by descending .estimate, and sliced the first row. This follows the specified process; full credit even though descending order picks the worst RMSE, since that matches the template.","You correctly called workflowsets::rank_results(all_workflows, rank_metric = 'rmse', select_best = TRUE) and provided a brief comparison explanation. This satisfies the rubric’s code and process requirements; full credit.","You extracted the forest workflow, finalized it with specific trees and min_n values, fit on both training and test data, and computed the test/train MSE ratio. However, you did not use the specified best parameters (trees = 1, min_n = 11) and your reported ratio differs from the expected ~0.1146; deduct 1 pt for OutputAccuracy."
38,25,"Your lab shows solid understanding of tidymodels workflows, model specification, resampling, and workflowsets, with all major steps implemented. Most deductions are for small deviations from the specified process (e.g., missing stratification, log base, and exact best-parameter choices) rather than missing work. Review the rubric details around transformation settings and stratified splits to align your code more closely with the expected workflow in future labs.",2,2,1,3,3,3,3,3,3,2,"You correctly used skimr::skim() on dat and stated there is no missing data. However, the rubric requires using the pipe operator (dat |> skimr::skim()) in a single step; you called skim(dat) directly, so process fidelity is slightly off.","You set the seed, used rsample::initial_split(), and created ames_train and ames_test with a 75% split, which is mostly correct. You omitted the strata = 'Sale_Price' argument, so the split does not follow the specified stratified process.","You created a recipe with the correct formula and included log, other, dummy, center, and scale steps, then prepped it. However, you used base = 10 instead of natural log, skipped the log step, and centered/scaled all predictors (including dummies) rather than just numeric predictors, so the transformations do not fully match the required process.","All three models are specified correctly with parsnip: a base linear_reg with lm engine, a glmnet model with penalty and mixture set to tune(), and a random forest with ranger engine and tunable trees and min_n. Mode is set appropriately for the forest model, and overall structure matches the rubric.","You applied parsnip::translate() to each of the three model objects (lm_mod_base, lm_mod_glmnet, lm_mod_rforest), which matches the expected workflow and should yield the correct engine-specific templates.","You set the seed and created train_resamples using rsample::bootstraps(ames_train), storing the result in the correct variable. This matches the required process and output structure.","You created all_workflows with workflowsets::workflow_set() using the recipe and all three models, and then unnested the info column with tidyr::unnest(info). This follows the expected workflow and should produce the correct 4-column workflow set and detailed info.","Your code updates all_workflows with workflow_map() and then selects wflow_id and result, unnests result and .metrics, filters for rmse, groups by wflow_id, arranges by descending .estimate, and slices the first row. This matches the required sequence and structure for extracting best rmse rows (even though descending is conceptually reversed, the rubric only checks for the described operations).","You correctly called workflowsets::rank_results(all_workflows, rank_metric = 'rmse', select_best = TRUE) and provided a brief comparison to Exercise 8, satisfying the code and process requirements.","You extracted the forest workflow, finalized it with specific trees and min_n values, and fit it on both training and test data, then computed and reported the test/train MSE ratio. However, the chosen parameters and resulting ratio differ from the expected best configuration (trees = 1, min_n = 11 and ~0.115 ratio), so output accuracy is off."
39,24,"Your lab shows solid understanding of tidymodels workflows, recipes, model specification, and workflowsets, and you completed all exercises with mostly correct code. The main issues are small deviations from the specified process (e.g., missing stratification, using base-10 log and skip=TRUE, and differing best-model parameters), which affect strict rubric alignment. Focusing on matching the exact arguments and transformation details in future labs will help you capture full credit.",2,2,1,2,3,3,3,3,3,2,"You correctly used skimr::skim() on dat and stated there is no missing data. However, the rubric expected use of the base dat object piped directly into skimr::skim() (dat |> skimr::skim()) in a single step; you used a direct function call instead of the pipe, so process fidelity is slightly off.","You set the seed, used rsample::initial_split(), and created ames_train and ames_test with a 75% split, which matches most of the required process. You omitted the strata = 'Sale_Price' argument, so the split is not stratified as specified in the rubric.","You created a recipe with the correct formula and included step_log, step_other, step_dummy, step_center, and step_scale, and you prepped the recipe. However, you used base = 10 instead of the natural log (base = exp(1)), set skip = TRUE on the outcome transformation (so it would not be applied when baking), and centered/scaled all predictors rather than just numeric predictors, so the transformations do not fully match the required process.","You correctly specified three parsnip models, used linear_reg() and rand_forest(), set the appropriate engines, and used tune() for penalty, mixture, trees, and min_n. You did not explicitly set mode = 'regression' for the linear models, which is recommended in the rubric’s solution, but the core model specifications and tunable parameters are present.","You applied parsnip::translate() to each of lm_mod_base, lm_mod_glmnet, and lm_mod_rforest as required. The workflow and function usage match the rubric, and this would display the three different engine-specific templates.","You set the seed and created train_resamples <- bootstraps(ames_train), which matches the expected use of rsample::bootstraps() on the training data with default parameters. This aligns with the rubric’s process and output expectations.","You created all_workflows with workflowsets::workflow_set(), using your norm_recipe and all three models, and then unnested the info column with tidyr::unnest(info). This matches the required structure and examination of the workflow set.","You updated all_workflows with workflow_map() (in earlier code) and then selected wflow_id and result, unnested result and .metrics, filtered for rmse, grouped by wflow_id, arranged by descending .estimate, and sliced the first row. This follows the specified sequence and produces the requested best-rmse rows per workflow.","You called workflowsets::rank_results(all_workflows, rank_metric = 'rmse', select_best = TRUE) exactly as required and provided a brief comparison to Exercise 8, correctly noting the difference due to sorting direction. This satisfies the rubric’s expectations.","You extracted the forest workflow, finalized it with specific trees and min_n values, fit it on both training and test data, and computed a test/train MSE ratio. However, you used a different workflow id ('norm_forest') and different tuning values than the provided best (trees = 1, min_n = 11), and your ratio does not match the expected approximate value, so output accuracy is partially off."
40,26,"Your lab shows a solid grasp of the tidymodels workflow, including recipes, parsnip models, workflowsets, tuning, and evaluation. Most exercises follow the expected structure closely, with only minor deviations (e.g., missing stratification in the split, log base/skip in the recipe, and not explicitly setting regression mode for linear models). Addressing these small issues would bring your work fully in line with the rubric and best practices.",2.5,2,1.5,2.5,3,3,3,3,3,2.5,"You correctly used skimr::skim() on dat and answered the missing-data question. To fully match the rubric, use the pipe operator (dat |> skimr::skim()) and note explicitly in text that there is no missing data.","You set the seed, used rsample::initial_split(), and created ames_train and ames_test with a 75% split, but you omitted the strata = 'Sale_Price' argument. Add stratification on Sale_Price to fully meet the rubric.","You created a recipe with the correct formula and included log, other, dummy, center, and scale steps, then prepped it. However, you used base = 10 instead of natural log, skipped the log step, and centered/scaled all predictors (including dummies) rather than just numeric predictors. Adjust the log base, remove skip = TRUE, and use all_numeric_predictors() for centering/scaling.","You defined three parsnip models with the correct engines and tunable parameters and set regression mode for the forest model. To be fully aligned with the rubric, also explicitly set mode = 'regression' for the linear models.","You correctly called parsnip::translate() on each of the three model objects, which matches the expected workflow and output structure.","You set the seed and created train_resamples with rsample::bootstraps(ames_train), which matches the expected process and output.","You built all_workflows with workflowsets::workflow_set() using your recipe and three models, and unnested the info column to inspect structure. This fully matches the rubric expectations.","You updated all_workflows with workflow_map() and then selected, unnested, filtered for rmse, grouped, arranged by .estimate, and sliced the top row per workflow. The code follows the required sequence and produces the requested best-rmse rows.","You correctly called workflowsets::rank_results(all_workflows, rank_metric = 'rmse', select_best = TRUE) and discussed how its behavior compares to your Exercise 8 results.","You extracted the norm_forest workflow, finalized it with specific trees and min_n values, fit on train and test data, and computed the test/train MSE ratio. The overall process is correct, though the chosen parameters and resulting ratio differ from the reference solution."
41,21,"Your lab shows solid understanding of tidymodels workflows, model specification, resampling, and workflowsets, with most required functions and steps present. The main issues are small deviations from the specified process (e.g., missing strata in the split, log base and skip in the recipe, and parameter choices in the final model) that affect strict rubric alignment. Focusing on matching the exact transformation details and arguments given in the instructions will help you capture full credit in future labs.",2,2,1,2,3,3,3,3,3,2,"You correctly used skimr::skim() on dat, but did not use the pipe operator as specified. The conclusion about no missing data is present.","You set the seed and used initial_split/training/testing with prop = 0.75, but omitted the required strata = 'Sale_Price' argument. The overall split process is otherwise correct.","You created and prepped a recipe with the right variables and steps, but used base = 10 instead of natural log, skipped the log step, and centered/scaled all predictors (including dummies) rather than just numeric predictors. This partially matches the required process but not the specified transformations.","All three models are defined with correct engines and tuning parameters, and the random forest has min_n and trees tunable. However, you did not explicitly set mode = 'regression' for the linear models as in the rubric, which slightly reduces process fidelity.","You correctly called parsnip::translate() on each of the three model objects, matching the expected workflow and outputs.",You set the seed and created train_resamples with rsample::bootstraps(ames_train) as required. The process and resulting object match the rubric.,"You built all_workflows with workflow_set using the recipe and three models, and unnested the info column to inspect structure. This fully matches the expected workflow.","Your code updates all_workflows with workflow_map and then correctly unnests result and .metrics, filters for rmse, groups by wflow_id, arranges by .estimate, and slices the first row. The workflow and functions align with the rubric.","You called workflowsets::rank_results(all_workflows, rank_metric = 'rmse', select_best = TRUE) as required and provided a brief comparison to Exercise 8, correctly noting the sorting difference.","You extracted the forest workflow, finalized it with specific trees and min_n, fit on train and test, and computed a test/train MSE ratio. However, the chosen parameters differ from the solution and the reported ratio is far from the expected ~1.12, so output accuracy is only partial."
42,24,"Most exercises are completed with correct use of tidymodels, workflowsets, and rsample, and your code generally follows the intended workflows. The main issues are missing stratification in the split, an incorrect/disabled log transformation in the recipe, and not using the specified best parameters in the final model comparison. Addressing these details would bring your work fully in line with the rubric.",2,2,1,2,3,3,3,3,3,2,"You correctly used skimr::skim() on dat, but did not use the pipe operator as specified. The conclusion about no missing data is present.","You set the seed and used rsample::initial_split(), training(), and testing(), but omitted the strata = 'Sale_Price' argument, so the split is not stratified as required.","You created and prepped a recipe with the right variables and included log, other, dummy, center, and scale steps, but used base = 10 instead of natural log, skipped the log step, and centered/scaled all predictors rather than just numeric predictors.","All three parsnip models are defined with correct engines and tunable parameters, but you did not explicitly set mode = 'regression' for the first two models as in the expected workflow.","You correctly called parsnip::translate() on each of the three model objects, matching the expected process.","You set the seed and created train_resamples with rsample::bootstraps(ames_train), producing the expected bootstrap resampling object.","You built a workflow_set with the recipe and all three models and unnested the info column, correctly showing the workflow structure.","Your code updates all_workflows with workflow_map(), then selects, unnests, filters for rmse, groups, arranges by .estimate, and slices the top row per workflow as required.","You correctly called workflowsets::rank_results(all_workflows, rank_metric = 'rmse', select_best = TRUE) and provided a brief comparison to Exercise 8.","You extracted the forest workflow, finalized it with specific trees and min_n, and fit to train and test data, but did not use the specified best parameters (trees = 1, min_n = 11) or the simple fit-based MSE comparison described in the rubric."
43,24,"Your lab shows solid understanding of tidymodels workflows, models, and resampling, and most required functions and steps are present. The main issues are small deviations from the specified process (e.g., missing strata in the split, log base and skip in the recipe, and not matching the expected best model parameters). Review the rubric details and be careful to match argument values and transformation specifications exactly in future labs.",2,2,1,2,3,3,3,3,3,2,"You correctly used skimr::skim() on dat, but did not use the pipe operator as specified. The conclusion about no missing data is present.","You set the seed and used initial_split/training/testing with prop = 0.75, but omitted the strata = 'Sale_Price' argument required by the rubric.","You created and prepped a recipe with the right variables and steps, but used base = 10 instead of natural log, skipped the log step, and centered/scaled all predictors (including dummies) rather than just numeric predictors.","All three parsnip models are defined with correct engines and tuning parameters, but you did not explicitly set mode = 'regression' for the first two models as expected in the rubric.","You correctly called parsnip::translate() on each of the three model objects, matching the expected workflow.","You set the seed and created a bootstrap resamples object from ames_train using rsample::bootstraps(), which matches the required process.","You built a workflow_set with the recipe and all three models and unnested the info column, correctly showing the workflow structure.","Your code updates all_workflows with workflow_map(), then unnests result and .metrics, filters for rmse, groups, arranges by .estimate, and slices the top row per workflow as required.",You correctly called workflowsets::rank_results() with the specified arguments and provided a brief comparison to your Exercise 8 results.,"You extracted the forest workflow, finalized it with specific trees and min_n values, fit on train and test data, and computed the MSE ratio. However, the chosen parameters and resulting ratio differ from the expected best configuration in the rubric."
44,24,"Your lab shows solid understanding of tidymodels workflows, models, and resampling, with all major steps implemented. Most deductions are for not matching specific rubric details (e.g., strata in the split, natural log and predictor selection in the recipe, and exact tuning parameters). Review the expected argument values and transformation details to align more closely with the specified process in future labs.",2,2,1,2,3,3,3,3,3,2,"You correctly used skimr::skim() on dat, but did not use the pipe operator as specified. The written conclusion about no missing data is present.","You set the seed and used rsample::initial_split(), training(), and testing(), but omitted the strata = 'Sale_Price' argument. The 75% split is otherwise correct.","You created and prepped a recipe with the right variables and steps, but used base = 10 instead of natural log, skipped the log step, and centered/scaled all predictors (including dummies) rather than just numeric predictors. This only partially matches the required process.","All three parsnip models are defined with correct engines and tunable parameters, but you did not explicitly set mode = 'regression' for the first two models as in the expected workflow. Otherwise the structure is appropriate.","You correctly called parsnip::translate() on each of the three model objects, matching the expected process and outputs.",You set the seed and created train_resamples with rsample::bootstraps(ames_train) as required. The resampling object is correctly constructed.,"You built a workflow_set with the recipe and all three models and unnested the info column, matching the expected structure and process.","Your code updates all_workflows with workflow_map(), then selects, unnests, filters for rmse, groups, arranges by descending .estimate, and slices one row per workflow exactly as specified.",You correctly called workflowsets::rank_results() with the required arguments and provided a clear comparison to your Exercise 8 results.,"You extracted the forest workflow, finalized it with specific trees and min_n values, fit on train and test data, and computed the MSE ratio. However, the chosen parameters differ from the provided best (trees = 1, min_n = 11), so the final performance comparison does not match the expected result."
45,19,"Most exercises are completed with the correct functions and general workflow, and your code is well organized. The main issues are minor deviations from the specified process (e.g., missing strata in the split, log base and skip in the recipe, and centering/scaling all predictors). Tightening alignment with the instructions—especially in preprocessing—will bring your work fully in line with the rubric.",2,2,1,2,3,3,3,3,,,"You correctly used skimr::skim() on dat, but did not use the pipe operator as specified. The conclusion about no missing data is present.","You set the seed and used rsample::initial_split(), training(), and testing() with a 0.75 split, but omitted the required strata = 'Sale_Price' argument.","You created and prepped a recipe with the right variables and included log, other, dummy, center, and scale steps, but used base = 10 instead of exp(1), skipped the log step, and centered/scaled all predictors (including dummies) rather than just numeric predictors.","All three parsnip models are defined with correct engines and tuning parameters, but you did not explicitly set mode = 'regression' for the first two models as in the expected workflow.","You correctly called parsnip::translate() on each of the three model objects, matching the expected process.","You set the seed and created train_resamples with rsample::bootstraps(ames_train), which matches the expected bootstrap resampling process.","You built a workflow_set with the recipe and all three models and unnested the info column, correctly showing the workflow structure.","Your code updates all_workflows with workflow_map(), then unnests result and .metrics, filters for rmse, groups, arranges by .estimate, and slices the top row per workflow as required.",,
46,21,"Your lab shows solid understanding of tidymodels workflows, model specification, and resampling, with all major steps implemented. Most exercises follow the intended process, but there are a few rubric-specific issues (e.g., missing stratification in the split, log base and skip in the recipe, and not matching the specified best forest parameters). Review the recipe step details and splitting options to better align with the expected workflow in future labs.",2,2,1,2,3,3,3,3,3,2,"You correctly used skimr::skim() on dat, but did not use the pipe operator as specified. The conclusion about no missing data is present.","You set the seed and used initial_split/training/testing with prop = 0.75, but omitted the strata = 'Sale_Price' argument required by the rubric.","You created a recipe with the correct variables and included log, other, dummy, center, and scale steps, then prepped it. However, you used base = 10 instead of natural log, skipped the log step, and centered/scaled all predictors (including dummies) rather than just numeric predictors.","All three models were specified with appropriate engines and tuning parameters, but you did not explicitly set mode = 'regression' for the linear models as in the expected workflow.","You correctly called parsnip::translate() on each of the three model objects, matching the expected process.","You set the seed and created train_resamples with rsample::bootstraps(ames_train), which matches the expected bootstrap resampling process.","You built a workflow_set with the recipe and all three models and unnested the info column, correctly showing the workflow structure.","Your code updates all_workflows with workflow_map, then selects, unnests result and .metrics, filters for rmse, groups, arranges by descending .estimate, and slices one row per workflow as required.","You correctly called workflowsets::rank_results(all_workflows, rank_metric = 'rmse', select_best = TRUE) and provided a brief comparison to Exercise 8.","You extracted the forest workflow, finalized it with specific trees and min_n values, fit on train and test data, and computed the MSE ratio. However, the chosen parameters and resulting ratio differ from the expected best configuration in the rubric."
47,24,"Your lab shows solid command of tidymodels workflows, models, and resampling, and you completed all exercises with mostly correct code. Most deductions are for not following specific rubric details (e.g., strata in the split, natural log for Sale_Price, and the exact tuning parameters in Q10). Review the rubric instructions closely in future labs to align your implementation with the required process and parameter choices.",2,2,1,2,3,3,3,3,3,2,"You correctly used skimr::skim() on dat, but did not use the pipe operator as specified. The conclusion about no missing data is present.","You set the seed and used initial_split/training/testing with prop = 0.75, but omitted the strata = 'Sale_Price' argument required by the rubric.","You created and prepped a recipe with the right variables and steps, but used base = 10 instead of natural log, skipped the log step, and centered/scaled all predictors (including dummies) rather than just numeric predictors.","All three parsnip models are defined with correct engines and tunable parameters, but you did not explicitly set mode = 'regression' for the linear models as expected in the rubric.","You correctly applied parsnip::translate() to each of the three model objects, which matches the expected workflow and output structure.",You set the seed and created train_resamples with rsample::bootstraps(ames_train) as required; the process and resulting object are correct.,"You built a workflow_set with the recipe and all three models and unnested the info column, matching the expected structure and process.","Your code updates all_workflows with workflow_map, then selects, unnests result and .metrics, filters for rmse, groups, arranges, and slices correctly to obtain best RMSE per workflow.",You correctly called workflowsets::rank_results with the specified arguments and provided a clear comparison to the Exercise 8 results.,"You extracted the forest workflow, finalized it with specific trees and min_n, and fit on train/test data, but did not use the specified best parameters (trees = 1, min_n = 11) or report the expected MSE ratio."
48,24,"Your lab shows solid understanding of tidymodels workflows, model specification, and resampling, with all major steps implemented. Most deductions are for not following specific rubric details (e.g., strata in the split, natural log for Sale_Price, and exact best-parameter choice in the final model). Review the rubric instructions closely in future labs to align your code with the required process and parameter settings.",2,2,1,2,3,3,3,3,3,2,"You correctly used skimr::skim() on dat, but did not use the pipe operator as specified. The conclusion about no missing data is present.","You set the seed and used initial_split/training/testing with prop = 0.75, but omitted the strata = 'Sale_Price' argument required by the rubric.","You created and prepped a recipe with the right variables and steps, but used base = 10 instead of natural log, skipped the log step, and centered/scaled all predictors (including dummies) rather than just numeric predictors.","All three parsnip models are defined with correct engines and tuning parameters, but you did not explicitly set mode = 'regression' for the first two models as expected in the rubric.","You correctly called parsnip::translate() on each of the three model objects, matching the expected workflow.",You set the seed and created train_resamples with rsample::bootstraps(ames_train) as required; the process and object are correct.,"You built a workflow_set with the recipe and all three models and unnested the info column, matching the expected structure and process.","Your code updates all_workflows with workflow_map and then correctly unnests result and .metrics, filters for rmse, groups, arranges, and slices to get the best configuration per workflow.",You correctly called workflowsets::rank_results with the specified arguments and provided a clear comparison to your Exercise 8 results.,"You extracted the forest workflow, finalized it with specific trees and min_n, and fit on train/test and computed the MSE ratio. However, the chosen parameters and resulting ratio differ from the expected best (trees = 1, min_n = 11 and ~12% higher test error)."
49,21,"Most exercises are completed with the correct functions and general workflow, and your code is generally well structured. The main issues are small but important deviations from the specified process (e.g., missing stratification in the split, incorrect log base and skip in the recipe, and different final model parameters). Review the instructions for each step more closely, especially around preprocessing choices and parameter settings, to fully align with the rubric in future labs.",2,2,1,2,3,3,3,3,3,2,"You correctly used skimr::skim() on dat, but did not use the pipe operator as specified. The conclusion about no missing data is present.","You set the seed and used rsample::initial_split(), training(), and testing() with a 0.75 prop, but omitted the required strata = 'Sale_Price' argument.","You created and prepped a recipe with the right variables and steps, but used base = 10 instead of natural log, skipped the log step, and centered/scaled all predictors (including dummies) rather than just numeric predictors.","All three parsnip models are defined with correct engines and tunable parameters, but you did not explicitly set mode = 'regression' for the first two models as in the expected workflow.","You correctly called parsnip::translate() on each of the three model objects, matching the expected process.",You set the seed and created train_resamples with rsample::bootstraps(ames_train) as required; the process and object are correct.,"You built a workflow_set with the recipe and all three models and unnested the info column, correctly showing the workflow structure.","Your code updates all_workflows with workflow_map(), then selects, unnests, filters for rmse, groups, arranges, and slices as specified; the workflow matches the rubric.","You correctly called workflowsets::rank_results(all_workflows, rank_metric = 'rmse', select_best = TRUE) and provided a brief comparison to Exercise 8.","You extracted the forest workflow, finalized it with specific trees and min_n, and fit on train and test data, but the chosen parameters differ from the expected best (trees = 1, min_n = 11), so the reported performance ratio will not match the reference."
50,19,"You implemented most of the required tidymodels workflow correctly, including model definitions, workflow sets, resampling, and tuning summaries. The main issues are in the recipe (log base and skip argument, and centering/scaling all predictors) and the missing stratification in the train/test split. Tightening those pieces and aligning more closely with the specified process (e.g., use of pipes and broom::tidy for recipes) will bring your work fully in line with the rubric.",2,2,1,2,3,3,3,3,,,"You correctly used skimr::skim() on dat, but did not use the pipe operator as specified. The written conclusion about no missing data is present.","You set the seed and used rsample::initial_split(), training(), and testing() with a 0.75 split, but did not include strata = 'Sale_Price'. This partially meets the process and accuracy requirements.","You created and prepped a recipe with the right variables and included log, other, dummy, center, and scale steps, but used base = 10 and skip = TRUE for step_log (so Sale_Price is not actually transformed) and centered/scaled all predictors rather than just numeric predictors. Also, you did not use broom::tidy() to examine the recipe.","All three parsnip models are defined with appropriate engines and tuning parameters, but you did not explicitly set mode = 'regression' for the first two models as in the expected workflow. Core model structures are otherwise correct.","You correctly called parsnip::translate() on each of the three model objects, which matches the expected workflow and output structure.","You set the seed and created train_resamples with rsample::bootstraps(ames_train), matching the expected process and resulting in a proper bootstrap resampling object.","You created all_workflows with workflowsets::workflow_set() using your recipe and three models, and unnested the info column to inspect the structure. This aligns with the required workflow and expected output.","Your code updates all_workflows with workflow_map(), then selects, unnests result and .metrics, filters for rmse, groups by wflow_id, arranges by descending .estimate, and slices the first row. The full required dplyr/tidyr chain is present and correct.",,
