Run,Total,OverallComment,Q1,Q2,Q3,Q4,Q5,Q6,Q7,Q8,Q9,Q10,Q1_feedback,Q2_feedback,Q3_feedback,Q4_feedback,Q5_feedback,Q6_feedback,Q7_feedback,Q8_feedback,Q9_feedback,Q10_feedback
1,25,"Your lab shows solid understanding of tidymodels workflows, recipes, model specification, and resampling. Most exercises are complete and technically correct, with minor deviations from the exact requested processes (e.g., missing strata in the split, different summarization in Exercise 8, and some extra complexity in Exercise 10). To improve, focus on following the specified arguments and pipelines exactly and avoid including install.packages() calls in solution chunks.",2.5,2,3,3,3,3,2,1.5,3,2,"You correctly used skimr on dat and noted no missing data. To fully match the rubric, use the pipe operator (dat |> skimr::skim()) and avoid reloading dat inside this chunk.","You set the seed, used initial_split, training, and testing with a 75/25 split, which is good. However, you omitted the strata = 'Sale_Price' argument, so the split does not fully follow the specified process.","Your recipe uses the correct formula, log-transforms Sale_Price, pools Neighborhood, creates dummies, and normalizes numeric predictors, and you prep and examine it. This matches the required transformations and workflow.","All three models are specified correctly with linear_reg and rand_forest, appropriate engines and regression mode, and penalty/mixture and min_n/trees set to tune(). This fully meets the modeling requirements.","You applied parsnip::translate() to each of the three model objects, which is exactly what was requested to inspect the engine-specific templates.","You set the seed and created train_resamples with rsample::bootstraps(ames_train), producing the expected bootstrap resampling object.","You correctly built all_workflows with workflow_set using the recipe and three models and then unnested the info column. However, including install.packages(""glmnet"") inside the chunk is poor practice and would incur a small discretionary penalty.","You correctly used workflow_map to tune and then summarized results with collect_metrics and filtering for rmse, but this does not follow the requested unnesting pipeline (select, unnest result, unnest .metrics, arrange by .estimate). Also, you minimize mean rather than explicitly arranging .estimate as described.","You called workflowsets::rank_results with all_workflows, rank_metric = 'rmse', and select_best = TRUE as required. The comparison step is implicit but acceptable for this exercise.","You extracted the base_forest workflow, selected best parameters with select_best, finalized the workflow, and fit on train and test data, then computed an MSE ratio. However, you rebuilt a new workflow instead of directly using the finalized one, and your reported ratio differs from the expected approximate value, so the process and output are only partially aligned with the rubric."
2,25.5,"Your lab shows solid understanding of tidymodels workflows, recipes, model specification, and resampling. Most required functions and objects are present and used correctly, with only a few process deviations (e.g., missing strata in the split, different unnesting approach in Exercise 8, and an in-chunk install). To improve, align more closely with the specified workflows in the rubric and remove any install.packages calls from your submitted code.",2.5,2,3,3,3,3,2,1.5,3,2.5,"You correctly used skimr on dat and stated there is no missing data. However, the rubric expected use of the pipe operator (dat |> skimr::skim()) in a single step without reassigning dat; minor process deviation.","You set the seed, used initial_split, training, and testing, and created ames_train/ames_test with a 75% split. However, you omitted strata = 'Sale_Price', which is required by the rubric.","You created norm_recipe with the correct formula, log-transformed Sale_Price, pooled Neighborhood, created dummies, and normalized numeric predictors, then prepped and examined it. This matches the required steps and intent, even though you used step_normalize instead of separate center/scale.","All three models are specified correctly with linear_reg and rand_forest, appropriate engines (lm, glmnet, ranger), regression mode, and tunable parameters (penalty/mixture, min_n/trees) using tune::tune(). This fully matches the rubric.","You applied parsnip::translate() to each of lm_mod_base, lm_mod_glmnet, and lm_mod_rforest, which is exactly what was required to inspect the model templates.","You set the seed and created train_resamples with rsample::bootstraps(ames_train), storing it in the correct variable. This matches the expected process and output structure.","You correctly built all_workflows with workflow_set using norm_recipe and the three models, and you examined the info structure via unnest_wider. However, including install.packages('glmnet') inside the chunk violates the instruction to remove install code and merits a small penalty.","You correctly used workflow_map with the required arguments and focused on rmse, but instead of unnesting result and .metrics and arranging by .estimate as specified, you used collect_metrics() and slice_min(mean). This yields best metrics but does not follow the exact unnesting workflow or column selection described in the rubric.","You called workflowsets::rank_results(all_workflows, rank_metric = 'rmse', select_best = TRUE) as required. While you did not explicitly describe the comparison, the core code matches the rubric.","You extracted the 'base_forest' workflow, obtained best parameters with select_best, finalized the workflow, and fit models on training and test data, then computed and reported a test/train MSE ratio. The workflow is slightly more complex than needed (recreating recipe/workflow) and the reported ratio differs from the solution, but the required functions and comparison are present."
3,25,"Most core tidymodels concepts are implemented correctly: you created appropriate recipes, models, resamples, workflow sets, and tuning workflows. The main issues are minor deviations from the specified processes (e.g., missing stratification in the split, different unnesting approach in Q8, and rebuilding the final workflow differently in Q10) and one in-chunk package install. Tightening adherence to the exact requested workflows and avoiding install calls in solution code will bring this to full credit.",2.5,2,3,3,3,3,2,1.5,3,2,"You correctly loaded `dat` and used `skim()` (with skimr) to summarize, and you stated there is no missing data. However, the rubric expected using the pipe `dat |> skimr::skim()` in a single step without reassigning or extra objects, so a small process deduction.","You used `set.seed(8740)`, `initial_split()`, `training()`, and `testing()` with a 75/25 split, which is good. You omitted `strata = 'Sale_Price'` in `initial_split()`, so the process and expected split specification are not fully correct.","You created `norm_recipe` with the correct formula, log-transformed `Sale_Price`, pooled infrequent `Neighborhood` levels, created dummies, and normalized numeric predictors, then prepped and examined with `broom::tidy()`. This matches the required steps and intent, even though you used `step_normalize()` instead of separate center/scale steps.","All three models are specified correctly: a basic `linear_reg` with lm engine, a glmnet model with `penalty` and `mixture` set to `tune()`, and a random forest with ranger engine and tunable `min_n` and `trees`. Functions and modes/engines are used as required.","You applied `parsnip::translate()` to each of the three model objects, which is exactly what was requested to inspect the underlying templates.","You set the seed and created `train_resamples` using `rsample::bootstraps(ames_train)`, which matches the expected process and output structure for bootstrap resamples.","You correctly built `all_workflows` with `workflow_set()` using the recipe and three models, and you examined the structure by selecting `wflow_id` and unnested `info` (via `unnest_wider`). However, including `install.packages('glmnet')` inside the chunk is against the lab instructions and rubric guidance, so a discretionary penalty applies.","You correctly used `workflow_map()` with `resamples` and `grid`, and you filtered for `rmse` and grouped by `wflow_id`. However, the rubric asked for a specific unnesting workflow (`select`, `unnest`, `filter`, `group_by`, `arrange`, `slice`), while you instead used `collect_metrics()` and `slice_min(mean)`, which does not follow the requested process or show the tuned parameters in the expected columns.","You called `workflowsets::rank_results(all_workflows, rank_metric = 'rmse', select_best = TRUE)` as required. This matches the expected code and process for comparing to Exercise 8.","You extracted the 'base_forest' workflow, obtained best parameters with `select_best()`, finalized the workflow, and fit models on training and test data, then computed a test/train MSE ratio. However, you rebuilt a new workflow with a different recipe and did not explicitly use the specified best parameters (trees = 1, min_n = 11), so the process and expected numeric comparison are only partially aligned with the rubric."
4,25.5,"Your lab shows solid understanding of tidymodels workflows, recipes, models, and workflowsets, with most required functions and objects present and used appropriately. The main issues are small deviations from the specified processes (e.g., missing stratification in the split, different unnesting approach in Q8, and a more complex/altered workflow in Q10). Tightening adherence to the exact requested steps and arguments in future labs will help align your work more closely with the rubric.",2.5,2,3,3,3,3,2.5,1.5,3,2,"You correctly used skimr on dat and noted no missing data. However, the rubric expected using the pipe operator (dat |> skimr::skim()) in a single step without reassigning or loading skimr separately; minor process deviation.","You set the seed, used initial_split, training, and testing, and created ames_train/ames_test with a 75/25 split. You did not use strata = 'Sale_Price', which is required by the rubric, so process/output are slightly off.","Recipe uses the correct formula, log-transforms Sale_Price, pools Neighborhood, creates dummies, and normalizes numeric predictors, then preps and inspects with broom::tidy. This matches the required transformations and workflow.","All three models are specified correctly with linear_reg and rand_forest, appropriate engines (lm, glmnet, ranger), regression mode, and tunable parameters (penalty/mixture, min_n/trees) using tune::tune().","You applied parsnip::translate() to each of lm_mod_base, lm_mod_glmnet, and lm_mod_rforest, which matches the expected process and will show the three engine-specific templates.","You set the seed and created train_resamples with rsample::bootstraps(ames_train), storing it in the correct variable. This follows the expected process and produces the proper bootstrap object.","You created all_workflows with workflow_set using norm_recipe and the three models, and then examined the structure by selecting wflow_id and unnested info (via unnest_wider). This is essentially correct, though the rubric expected tidyr::unnest(info) directly.","You correctly used workflow_map and then summarized results with collect_metrics, filtering for rmse and grouping by wflow_id. However, the rubric required a specific unnesting pipeline (select, unnest result, unnest .metrics, filter, group_by, arrange, slice), which you did not follow, so process fidelity is partial.","You called workflowsets::rank_results(all_workflows, rank_metric = 'rmse', select_best = TRUE) as required. This matches the expected workflow for comparing to Exercise 8.","You extracted the 'base_forest' workflow, used extract_workflow_set_result and finalize_workflow with best parameters, and fit on training and test data, then computed an MSE ratio. However, you rebuilt a new workflow with a different recipe and did not match the expected parameter values or approximate ratio from the solution, so the process and output deviate somewhat."
5,25,"Your lab shows solid understanding of tidymodels workflows, recipes, model specification, and resampling, and most required functions are used correctly. The main areas to improve are closely following the specified processes (e.g., using strata in splits, the exact unnesting pipeline in Exercise 8, and directly finalizing/fitting the selected workflow) and avoiding install.packages calls inside analysis chunks. Tightening these details will make your work more reproducible and aligned with the rubric expectations.",2.5,2,3,3,3,3,2,1.5,3,2,"You correctly used skimr on dat and noted no missing data. However, the rubric expected using the pipe operator (dat |> skimr::skim()) in a single step without reassigning or loading skimr separately; minor process deviation only.","You set the seed, used initial_split, training, and testing, and created ames_train/ames_test with a 75% split, which matches the intent. However, you omitted strata = 'Sale_Price', so the split is not stratified as required by the rubric.","You created norm_recipe with the correct formula, log-transformed Sale_Price, pooled Neighborhood with step_other, created dummies, and normalized numeric predictors, then prepped and examined with broom::tidy. This matches the required steps and order closely enough for full credit.","All three models were specified correctly using parsnip::linear_reg and parsnip::rand_forest, with appropriate engines (lm, glmnet, ranger), regression mode, and tunable parameters (penalty, mixture, min_n, trees). This fully matches the rubric.","You applied parsnip::translate() to each of the three model objects, which is exactly what was required to inspect the engine-specific templates.","You set the seed and created train_resamples using rsample::bootstraps(ames_train), producing the expected bootstrap resampling object. This aligns with the rubric.","You correctly built all_workflows with workflowsets::workflow_set using the recipe and three models, and you examined the info structure via unnest_wider. However, the rubric expected tidyr::unnest(info) specifically; also, including install.packages(""glmnet"") inside the chunk is poor practice and would warrant a small penalty.","You correctly used workflow_map to tune and then summarized results with collect_metrics, filtering for rmse and grouping by wflow_id. However, this does not follow the requested unnesting pipeline (select, unnest result, unnest .metrics, arrange by .estimate) and uses slice_min on a non-specified 'mean' column, so process fidelity and alignment with the expected output structure are only partial.","You called workflowsets::rank_results(all_workflows, rank_metric = 'rmse', select_best = TRUE) exactly as required. The comparison step is described in comments, which is sufficient for this rubric.","You used extract_workflow and finalize_workflow on 'base_forest' and then fit models on training and test data, computing an MSE ratio. However, you redefined splits and recipes inconsistently, rebuilt a new workflow instead of directly finalizing and fitting the extracted one, and your reported ratio differs from the expected approximate value, so process fidelity and output accuracy are only partial."
6,25,"Your lab shows solid understanding of tidymodels workflows, recipes, model specification, and resampling. Most exercises are correctly implemented, with only minor deviations from the requested process (notably in the stratified split, Exercise 8’s unnesting pipeline, and some extra complexity in Exercise 10). For future labs, focus on following the exact sequence and functions specified in the instructions and avoid including install.packages() calls in your submitted code.",2.5,2,3,3,3,3,2,1.5,3,2,"You correctly used skimr on dat and noted no missing data. However, the rubric expected using the pipe operator (dat |> skimr::skim()) in a single step without reassigning or loading skimr separately; minor process deviation only.","You set the seed and used initial_split, training, and testing with a 75/25 split, which is good. You omitted the strata = 'Sale_Price' argument and did not name the split object exactly as in the template (data_split is fine), so process and output fidelity are slightly off.","You created norm_recipe with the correct formula, log-transformed Sale_Price, pooled Neighborhood, created dummies, and normalized numeric predictors, then prepped and examined it with broom::tidy. This matches the required steps and order, so full credit.","All three models are specified correctly: linear_reg with lm engine, glmnet with penalty and mixture set to tune(), and rand_forest with min_n and trees set to tune(), all in regression mode. This fully matches the rubric.","You applied parsnip::translate() to each of lm_mod_base, lm_mod_glmnet, and lm_mod_rforest, which is exactly what was required to inspect the model templates.","You set the seed and created train_resamples using rsample::bootstraps(ames_train), producing the expected bootstrap resampling object. This fully meets the criteria.","You correctly built all_workflows with workflow_set using the recipe and three models and then unnested the info column. However, including install.packages('glmnet') inside the chunk violates the no-install rule and warrants a small discretionary penalty.","You correctly used workflow_map with the required arguments and obtained best RMSE per workflow, but you relied on collect_metrics and slice_min(mean) instead of the specified select/unnest/filter/group_by/arrange/slice pipeline. This partially meets the process and output expectations but not the exact workflow requested.","You called workflowsets::rank_results(all_workflows, rank_metric = 'rmse', select_best = TRUE) as required. While you did not explicitly show the comparison, the core code matches the rubric.","You extracted the 'base_forest' workflow, used select_best to get parameters, finalized the workflow, and fit models on train and test data, then computed an MSE ratio. However, you rebuilt a new workflow with a different recipe and did not explicitly set trees = 1 and min_n = 11 as in the solution, so the process and expected numeric comparison are only partially aligned."
7,26.5,"Your lab shows solid understanding of tidymodels workflows, recipes, model specification, and tuning. Most exercises follow the intended functions and structure, with only minor deviations in a few places (e.g., missing strata in the split, different unnesting approach in Exercise 8, and a mismatched final MSE ratio). To improve, align more closely with the specified arguments and pipelines in the rubric and double-check final performance calculations.",2.5,2,3,3,3,3,2.5,1.5,3,2,"You correctly used skimr on dat and concluded there is no missing data. However, the rubric expected use of the pipe operator (dat |> skimr::skim()) in a single step without reloading dat; minor process deviation.","You set the seed, used initial_split, training, and testing, and created ames_train/ames_test with a 75% split. However, you omitted strata = 'Sale_Price', which is required by the rubric for full credit.","You created norm_recipe with the correct formula, log-transformed Sale_Price, pooled Neighborhood, created dummies, and normalized numeric predictors, then prepped and examined it. This matches the required steps and order closely enough for full credit.","All three models are specified correctly using parsnip::linear_reg, parsnip::rand_forest, set_engine, set_mode, and tune() for penalty, mixture, min_n, and trees. This fully matches the rubric expectations.","You applied parsnip::translate() to each of lm_mod_base, lm_mod_glmnet, and lm_mod_rforest, which is exactly what was required to inspect the model templates.","You set the seed and created train_resamples using rsample::bootstraps(ames_train), storing it in the correct variable. This matches the expected process and output structure.","You created all_workflows with workflowsets::workflow_set using the recipe and three models, and then examined the structure by selecting wflow_id and unnested info (via unnest_wider). This is essentially correct, though the rubric expected tidyr::unnest(info) specifically; minor process difference.","You correctly used workflow_map to tune across workflows and then summarized metrics using collect_metrics and dplyr to find best rmse per workflow. However, the rubric required a specific unnesting pipeline (select, unnest result, unnest .metrics, filter rmse, group_by, arrange, slice) which you did not follow, so process fidelity and expected output format are only partially met.","You called workflowsets::rank_results(all_workflows, rank_metric = 'rmse', select_best = TRUE) as required. This matches the rubric’s code and intended comparison to Exercise 8.","You extracted the 'base_forest' workflow, obtained best parameters with extract_workflow_set_result and select_best, finalized the workflow, and fit on both training and test data, then computed an MSE ratio. The overall workflow is correct, but the ratio you report (0.9737) does not match the expected approximate value (~1.12), so output accuracy is off."
8,24,"You implemented most of the tidymodels workflow correctly, including recipes, model specifications, bootstrap resampling, workflow sets, and ranking. The main issues are missing stratification in the split, deviations from the specified unnesting pipeline in Exercise 8, and some extra or non-ideal steps (e.g., install.packages in Q7 and rebuilding the workflow in Q10). Focusing on following the exact requested process and removing installation calls from the .qmd will bring your work fully in line with the rubric.",2,2,3,3,3,3,2,1,3,2,"You correctly used skimr on dat and noted no missing data, but the rubric expected using the pipe operator (dat |> skimr::skim()) in a single step without reloading dat or attaching the package.","You set the seed, used initial_split, training, and testing, and created ames_train/ames_test with a 75% split, but you omitted the required strata = 'Sale_Price' argument in initial_split.","Your recipe uses the correct formula, log-transforms Sale_Price, pools Neighborhood, creates dummies, and normalizes numeric predictors; you also prep and inspect with broom::tidy, matching the expected process and transformations.","All three models are specified correctly with linear_reg and rand_forest, appropriate engines (lm, glmnet, ranger), regression mode, and tunable parameters penalty/mixture and min_n/trees as required.","You applied parsnip::translate() to each of lm_mod_base, lm_mod_glmnet, and lm_mod_rforest, which matches the expected workflow and should yield the correct engine-specific templates.","You set the seed and created train_resamples using rsample::bootstraps(ames_train), following the expected process and producing the correct bootstrap resampling object.","You correctly built all_workflows with workflow_set and then examined the info structure, but you added an install.packages('glmnet') call (which should be removed) and used unnest_wider(info) instead of unnest(info) as in the rubric.","You correctly used workflow_map and tuned the workflows, but instead of the specified select/unnest/filter/group_by/arrange/slice pipeline, you used collect_metrics and slice_min on a 'mean' column, which does not follow the required process or output structure.","You called workflowsets::rank_results(all_workflows, rank_metric = 'rmse', select_best = TRUE) as required; while you did not show the comparison explicitly, the core code matches the rubric.","You extracted the base_forest workflow, used select_best and finalize_workflow appropriately, and fit models on train/test, but you rebuilt a new workflow instead of directly finalizing and fitting the extracted one, and your reported MSE ratio differs from the expected value."
9,24,"Your lab shows solid understanding of tidymodels workflows, recipes, model specification, and resampling. Most core tasks are completed correctly, with only a few deviations from the exact processes requested in the rubric (notably stratification in the split, the specific unnesting pipeline in Q8, and some details in Q10). To improve, focus on matching the specified arguments and step order more closely, even when alternative approaches are also valid.",2,2,3,3,3,3,2,1,3,2,"You correctly used skimr on dat and stated there is no missing data. However, the rubric requires using the pipe operator (dat |> skimr::skim()) in a single step without reassigning dat; this process deviation costs 1 point.","You set the seed, used initial_split, and created ames_train and ames_test with a 75% split, which matches most requirements. You did not use strata = 'Sale_Price', so the split is not stratified as specified in the rubric.","You created norm_recipe with the correct formula, log-transformed Sale_Price, pooled Neighborhood, created dummies, and normalized numeric predictors. You then prepped the recipe and examined it with broom::tidy, satisfying all rubric criteria.","All three models are specified correctly: a basic linear_reg with lm engine, a glmnet model with penalty and mixture set to tune(), and a ranger random forest with min_n and trees set to tune(), all in regression mode.","You applied parsnip::translate() to each of lm_mod_base, lm_mod_glmnet, and lm_mod_rforest, which matches the expected workflow and will display the three engine-specific templates.","You set the seed and created train_resamples using rsample::bootstraps(ames_train), producing the expected bootstrap resampling object with default settings.","You correctly built all_workflows with workflow_set using the recipe and three models, and then examined the info structure. However, the rubric expects tidyr::unnest(info); you used unnest_wider(info) instead, which is a minor process deviation.","You correctly used workflow_map with the required arguments and obtained best RMSE per workflow, but you did not follow the specified unnest/select/filter/arrange/slice pipeline and used collect_metrics plus slice_min(mean) instead. This diverges from the required process and output structure, so only partial credit is given.","You called workflowsets::rank_results(all_workflows, rank_metric = 'rmse', select_best = TRUE) as required. While you did not explicitly describe the comparison, the core code and process match the rubric.","You extracted the 'base_forest' workflow, finalized it with best parameters, and fit to training and test data, then computed and reported a test/train MSE ratio. However, you rebuilt a new workflow with a different recipe and did not explicitly set trees = 1 and min_n = 11 as in the solution, so the process and expected numeric ratio differ slightly."
10,24,"Your lab shows solid understanding of tidymodels workflows, recipes, model specification, and resampling. Most core steps are present and correctly coded, especially in preprocessing, model setup, and bootstrap/workflow construction. To improve, align more closely with the specified workflows in the rubric (e.g., use strata in splits, follow the exact unnesting pipeline in Exercise 8, avoid install.packages in chunks, and adhere to the finalize-and-fit pattern for the selected workflow).",2,2,3,3,3,3,2,1,3,2,"You correctly used skimr on dat and stated there is no missing data. However, the rubric requires using the pipe operator (dat |> skimr::skim()) in a single step without reassigning or extra steps; adjust to match that workflow exactly.","You set the seed, used initial_split, and created ames_train and ames_test with a 75% split, which is good. You omitted the required strata = 'Sale_Price' argument in initial_split, so the process does not fully match the rubric.","You created norm_recipe with the correct formula, log-transformed Sale_Price, pooled Neighborhood, created dummies, and normalized numeric predictors, then prepped and examined it with broom::tidy. This matches the required steps and order closely enough for full credit.","All three models are specified correctly using parsnip::linear_reg and parsnip::rand_forest with set_engine and set_mode, and you used tune() for penalty, mixture, min_n, and trees as required. This fully matches the expected model specifications.","You applied parsnip::translate() to each of lm_mod_base, lm_mod_glmnet, and lm_mod_rforest, which is exactly what was required to inspect the engine-specific templates.","You set the seed and created train_resamples using rsample::bootstraps(ames_train), producing the correct bootstrap resampling object. This follows the expected process.","You correctly built all_workflows with workflowsets::workflow_set using the recipe and three models, and then examined the info structure. However, you included an install.packages('glmnet') call inside the chunk, which violates the lab instructions and counts as a discretionary penalty.","You correctly used workflow_map with the specified arguments, but the rubric asked for a specific dplyr/tidyr unnesting pipeline on the nested result and .metrics columns. Instead, you used collect_metrics() and slice_min(mean), which does not follow the required process or output structure.","You called workflowsets::rank_results(all_workflows, rank_metric = 'rmse', select_best = TRUE) as required. While you did not show an explicit comparison narrative, the core code and process are present and correct.","You extracted the 'base_forest' workflow, used select_best with rmse, finalized the workflow, and fit models on train and test data, then computed an MSE ratio. However, you rebuilt a new workflow instead of directly finalizing and fitting the extracted one, and your reported ratio differs from the expected approximate value, so the process and output are only partially aligned with the rubric."
11,25,"Most core tidymodels steps—splitting, recipes, model specs, workflowsets, tuning, and ranking—are implemented correctly and clearly. The main issues are omission of stratification in the split, deviation from the requested unnesting workflow in Exercise 8, and some extra complexity and divergence from the expected process in the final model comparison. Cleaning up package installation calls and aligning more closely with the specified workflows would further improve the submission.",3,2,3,3,3,3,2,1,3,2,Used skimr::skim() correctly on dat with a direct call and correctly noted no missing data; process and output match expectations.,"Used set.seed(8740), initial_split, training, and testing with a 0.75 prop, but omitted strata = 'Sale_Price'; this slightly departs from the specified process and split requirements.","Recipe uses the correct formula, logs Sale_Price, pools Neighborhood, creates dummies, and normalizes numeric predictors; prep and tidy are shown, and the transformation order is appropriate.","All three parsnip models are specified correctly with set_engine and set_mode, and glmnet and ranger models have the required tunable parameters penalty/mixture and min_n/trees.","parsnip::translate() is applied to each of the three model objects, correctly exposing the underlying engine templates.",set.seed(8740) is called and rsample::bootstraps() is applied to ames_train to create a bootstrap resampling object as required.,"workflowsets::workflow_set() is used with the recipe and three models, and the info column is examined via unnest_wider; however, an unnecessary install.packages() call is left in the code, which is discouraged by the instructions.","workflow_map() is used and rmse-based best results are extracted, but the solution relies on collect_metrics() instead of the specified select/unnest/filter/group_by/arrange/slice pipeline, and it minimizes a 'mean' column rather than arranging by .estimate as described.","workflowsets::rank_results() is called with all_workflows, rank_metric = 'rmse', and select_best = TRUE as required; comparison to Q8 is implied though not discussed in detail.","extract_workflow(), finalize_workflow(), and fit() are all used, and the base_forest workflow is finalized and fit on train and test; however, the student rebuilds a separate workflow and recipe rather than directly finalizing and fitting the extracted workflow, and the reported MSE ratio differs from the expected reference."
12,25,"Most exercises are completed correctly with appropriate use of tidymodels, recipes, parsnip, workflowsets, and rsample. The main issues are missing stratification in the initial split, deviation from the specified unnesting workflow in Exercise 8, and rebuilding/finalizing the best model in a more complex way that leads to a different MSE ratio in Exercise 10. Tightening adherence to the requested processes and avoiding install.packages() inside analysis chunks would bring this to full credit.",3,2,3,3,3,3,2,1,3,2,Correctly loads dat and uses skimr::skim(dat); process is a single step and the markdown correctly notes no missing data.,"Uses set.seed(8740), rsample::initial_split, training(), and testing() with a 0.75 prop, but omits strata = 'Sale_Price'; add stratification on Sale_Price for full credit.","Recipe uses the correct formula, logs Sale_Price, pools Neighborhood, creates dummies, and normalizes numeric predictors; prep and broom::tidy() are used appropriately.","All three parsnip models are specified correctly with appropriate engines, regression mode, and tunable parameters penalty/mixture and min_n/trees.","parsnip::translate() is applied to each of the three model objects, which is exactly what was required.",Sets seed and creates train_resamples with rsample::bootstraps(ames_train); this matches the expected bootstrap resampling workflow.,"workflowsets::workflow_set() is used correctly with the recipe and three models, and the info column is examined via unnest_wider; however, including install.packages() inside the chunk is discouraged and can cause execution issues.","workflow_map() is used and rmse-based best results are extracted, but the solution relies on collect_metrics() instead of the specified select/unnest/filter/group_by/arrange/slice pipeline and uses slice_min(mean) rather than arranging by .estimate.","Correctly calls workflowsets::rank_results(all_workflows, rank_metric = 'rmse', select_best = TRUE) as required; comparison to Q8 is implied.","Extracts the 'base_forest' workflow, uses select_best() and finalize_workflow(), and fits on train/test; however, the final workflow is rebuilt with a new recipe and the reported MSE ratio does not match the expected value."
13,25,"Most core tidymodels workflows are implemented correctly, including recipes, model specifications, workflow sets, bootstrapping, and ranking results. Main deductions are for missing stratification in the split, not following the exact unnesting pipeline in Exercise 8, leaving an install.packages() call in the workflow code, and inconsistencies in the final model/recipe and reported MSE ratio. Tightening adherence to the specified arguments and processes in the rubric would bring this to full credit.",3,2,3,3,3,3,2,1,3,2,Correctly loads dat and uses skimr::skim(dat); process is a single step and the markdown correctly notes no missing data.,"Uses set.seed(8740), rsample::initial_split, training(), and testing() with a 0.75 prop, but omits strata = 'Sale_Price'; add stratification on Sale_Price for full credit.","Recipe uses the correct formula, logs Sale_Price, pools Neighborhood, creates dummies, and normalizes numeric predictors; prep and broom::tidy are used appropriately.","All three parsnip models are specified correctly with appropriate engines, regression mode, and tunable parameters (penalty/mixture for glmnet, min_n/trees for ranger).","parsnip::translate() is applied to each of lm_mod_base, lm_mod_glmnet, and lm_mod_rforest as required.",Sets seed and creates train_resamples with rsample::bootstraps(ames_train); this matches the expected bootstrap resampling workflow.,"workflowsets::workflow_set is used with the recipe and three models, and the info column is unnested; however, an install.packages() call for glmnet remains and should be removed per instructions.","Uses workflow_map and correctly filters for rmse and groups by wflow_id, but relies on collect_metrics() instead of the specified select/unnest/filter/arrange/slice pipeline and uses slice_min(mean) rather than ordering by .estimate.","Correctly calls workflowsets::rank_results(all_workflows, rank_metric = 'rmse', select_best = TRUE) as specified.","Extracts and finalizes the base_forest workflow and fits models on train and test data, but the recipe in Q10c differs from the earlier one (step_log with skip=TRUE) and the reported MSE ratio does not match the expected value."
14,25,"Most core tidymodels steps—recipes, model specifications, workflow_set, bootstraps, and rank_results—are implemented correctly and clearly. The main issues are missing stratification in the split, deviation from the specified unnesting workflow in Exercise 8, and some inconsistencies around the base_forest workflow and final performance comparison. Tightening adherence to the requested arguments and workflows (especially in Q2, Q8, and Q10) would earn full credit.",3,2,3,3,3,3,2,1,3,2,Correctly loads dat and uses skimr::skim(dat); process is a single step and the markdown correctly notes no missing data.,"Uses set.seed(8740), rsample::initial_split, training(), and testing() with a 0.75 prop, but omits strata = 'Sale_Price'; add stratification on Sale_Price for full credit.","Recipe uses the correct formula, logs Sale_Price, pools Neighborhood, creates dummies, and normalizes numeric predictors; prep and broom::tidy are used appropriately.","All three parsnip models are specified correctly with set_engine and set_mode, and glmnet and ranger models have the required tunable parameters.","parsnip::translate() is applied to each of the three model objects, matching the expected workflow.","Sets seed and creates train_resamples with rsample::bootstraps(ames_train), producing the expected bootstrap resampling object.","workflowsets::workflow_set is correctly created with the recipe and three models, and info is unnested; however, an install.packages call is left in the chunk, which is discouraged and merits a small penalty.","Uses workflow_map and correctly filters for rmse and groups by wflow_id, but relies on collect_metrics instead of the specified select/unnest pipeline and uses mean rather than .estimate, so the process and output structure do not match the rubric.","Correctly calls workflowsets::rank_results(all_workflows, rank_metric = 'rmse', select_best = TRUE) as required; comparison to Q8 is implied.","Extracts and finalizes the base_forest workflow and fits models on train and test data, but the workflow id used ('base_forest') does not match the earlier workflow_set naming and the reported MSE ratio differs from the expected value."
15,25,"Most core tidymodels steps—recipes, model specifications, workflow sets, resampling, and tuning—are implemented correctly and clearly. The main issues are missing stratification in the train/test split, deviation from the specified unnesting workflow in Exercise 8, and a non-matching final MSE ratio in Exercise 10. Tightening adherence to the exact processes requested in the rubric (especially for splitting, unnesting metrics, and final model evaluation) would bring this to full credit.",3,2,3,3,3,3,2,1,3,2,Correctly loads dat and uses skimr::skim(dat); process is a single step and the markdown correctly notes no missing data.,"Uses set.seed and rsample::initial_split with prop=0.75 and training/testing(), but omits strata='Sale_Price', so the split is not stratified as required.","Recipe uses the correct formula on ames_train, applies log to Sale_Price, pools Neighborhood, creates dummies, and normalizes numeric predictors, then preps and inspects with broom::tidy; this matches the expected transformations.","Defines lm_mod_base, lm_mod_glmnet, and lm_mod_rforest with linear_reg/rand_forest, set_engine, set_mode, and uses tune() for penalty, mixture, min_n, and trees as required.","Applies parsnip::translate() to each of the three model objects, correctly following the expected workflow.","Sets the seed and creates train_resamples with rsample::bootstraps(ames_train), producing the expected bootstrap resampling object.","Creates all_workflows with workflowsets::workflow_set using the recipe and three models correctly and then examines structure, but includes an unnecessary install.packages call, which is discouraged by the instructions.","Uses workflow_map appropriately and summarizes results with collect_metrics and dplyr, but does not follow the specified unnest/select/filter/arrange/slice pipeline and uses mean instead of .estimate, so the process and output format differ from the rubric.","Calls workflowsets::rank_results(all_workflows, rank_metric='rmse', select_best=TRUE) as required and indicates comparison to Exercise 8.","Correctly extracts the 'base_forest' workflow, obtains best parameters, finalizes a workflow, and fits on train/test, but rebuilds a separate workflow and does not report the expected MSE ratio (~0.1146), so the final comparison does not match the reference."
16,25.5,"You completed nearly all parts of the lab with appropriate use of tidymodels, recipes, parsnip, rsample, and workflowsets. Most workflows and model specifications are correct, and your preprocessing recipe is well done. To improve, align more closely with the requested processes (e.g., using strata in splits, the exact unnest/filter/arrange pipeline in Exercise 8, and finalizing/using the specified base_forest workflow directly) and avoid including install.packages() calls in analysis chunks.",2.5,2,3,3,3,3,2.5,1.5,3,2,"You correctly used skimr on dat and noted no missing data. To fully match the rubric, use the pipe operator (dat |> skimr::skim()) and avoid reloading dat inside this chunk.","You set the seed, used initial_split, training, and testing, and created 75/25 splits. However, you omitted strata = 'Sale_Price', which is required in the rubric for full credit.","Your recipe uses the correct formula, log-transforms Sale_Price, pools Neighborhood, creates dummies, and normalizes numeric predictors, and you prep and inspect it with broom::tidy. This matches the expected process and transformations.","All three models are specified correctly with linear_reg and rand_forest, appropriate engines (lm, glmnet, ranger), regression mode, and tunable parameters (penalty, mixture, min_n, trees) using tune::tune().","You applied parsnip::translate() to each of the three model objects, which is exactly what was required to inspect the underlying templates.","You set the seed and created train_resamples with rsample::bootstraps(ames_train), producing the expected bootstrap resampling object.","You correctly built all_workflows with workflow_set using the recipe and three models, and examined the info structure via unnest_wider. For full credit, avoid including install.packages() in the workflow chunk and note explicitly that the workflow set has four columns.","You correctly used workflow_map and then summarized performance by workflow, but you relied on collect_metrics() and slice_min(mean) instead of the requested sequence of select, unnest, filter(.metric == 'rmse'), group_by, arrange(desc(.estimate)), and slice(1). This partially matches the intent but not the specified process.","You called workflowsets::rank_results(all_workflows, rank_metric = 'rmse', select_best = TRUE) as required; comparison to Q8 is implied by your comment.","You extracted the 'base_forest' workflow, obtained best parameters with select_best, finalized the workflow, and fit on train and test data, then computed an MSE ratio. However, you rebuilt a new workflow instead of directly using finalize_workflow on the extracted base_forest and your reported ratio does not match the expected approximate value."
17,24,"You completed nearly all parts of the lab with generally correct use of tidymodels, recipes, parsnip models, workflowsets, and resampling. Most deductions were for not following the exact processes requested in the rubric (e.g., missing strata in the split, different unnesting workflow in Q8, and rebuilding the final workflow in Q10) and for including an install.packages call in the workflow chunk. Tightening adherence to the specified workflows and avoiding installation code in the document will bring you to full credit.",2,2,3,3,3,3,2,1,3,2,"You correctly used skimr on dat and noted no missing data, but the rubric expected using the pipe operator (dat |> skimr::skim()) in a single step without reloading dat or attaching the package.","You used set.seed, initial_split, training, and testing with a 0.75 prop, but you omitted the required strata = 'Sale_Price' argument in initial_split.","Your recipe uses the correct formula, logs Sale_Price, pools Neighborhood, creates dummies, and normalizes numeric predictors; you then prep and examine it with broom::tidy, matching the expected process and transformations.","All three parsnip models are specified correctly with linear_reg and rand_forest, appropriate engines and regression mode, and penalty/mixture and min_n/trees set to tune, satisfying the rubric.","You applied parsnip::translate() to each of lm_mod_base, lm_mod_glmnet, and lm_mod_rforest, correctly showing the underlying model templates.","You set the seed and created train_resamples with rsample::bootstraps(ames_train), producing the expected bootstrap resampling object.","You correctly built all_workflows with workflow_set using the recipe and three models and then examined the info structure, but including install.packages('glmnet') inside the chunk is poor practice and not allowed per instructions.","You correctly used workflow_map and tuned the workflows, but instead of unnesting result and .metrics with select/unnest/filter/arrange/slice as specified, you used collect_metrics and slice_min on mean, so the process and expected output structure do not match the rubric.","You called workflowsets::rank_results(all_workflows, rank_metric = 'rmse', select_best = TRUE) as required; comparison to Q8 is implied even though not explicitly discussed.","You extracted the base_forest workflow, obtained best parameters, finalized the workflow, and fit on train and test data, but you rebuilt a separate workflow instead of directly finalizing and fitting the extracted one, and your reported MSE ratio differs from the expected approximate value."
18,24,"You completed all exercises and demonstrated a solid understanding of recipes, parsnip models, workflowsets, and tuning. Most core functions and objects are used correctly, with only a few deviations from the specified processes (e.g., missing strata in the split, different unnesting approach in Q8, and a nonstandard finalization/fitting workflow in Q10). To improve, align more closely with the requested pipelines and avoid installing packages inside analysis chunks.",2,2,3,3,3,3,2,1,3,2,"You correctly used skimr on dat and noted no missing data, but the rubric expected using the pipe operator (dat |> skimr::skim()) in a single step without reloading dat or attaching the package.","You set the seed, used initial_split, training, and testing with a 75% split, but you omitted the required strata = 'Sale_Price' argument in initial_split.","Your recipe uses the correct formula, log-transforms Sale_Price, pools Neighborhood, creates dummies, and normalizes numeric predictors; you then prep and inspect with broom::tidy, matching the expected workflow and transformations.","All three models are specified correctly with linear_reg and rand_forest, appropriate engines (lm, glmnet, ranger), regression mode, and tunable parameters for glmnet and the forest model as required.","You applied parsnip::translate() to each of lm_mod_base, lm_mod_glmnet, and lm_mod_rforest, which matches the expected process and would show the three engine-specific templates.","You set the seed and created train_resamples with rsample::bootstraps(ames_train), producing the expected bootstrap resampling object with default settings.","You correctly built all_workflows with workflow_set using the recipe and three models and then examined the info structure, but you added an install.packages() call inside the chunk, which is discouraged and can cause execution issues.","You used workflow_map appropriately and extracted best rmse values via collect_metrics and dplyr, but this does not follow the specified unnest/select/filter/arrange/slice pipeline from the rubric, and the code structure differs from the expected process.","You called workflowsets::rank_results(all_workflows, rank_metric = 'rmse', select_best = TRUE) as required; while you did not show an explicit comparison, the core code matches the rubric.","You extracted the base_forest workflow, selected best parameters with select_best, finalized the workflow, and fit on train and test data, but you rebuilt a separate workflow instead of directly finalizing and fitting the extracted one, and your reported MSE ratio does not match the expected approximate value."
19,24,"You implemented most of the required tidymodels workflow correctly: recipes, model specifications, workflow_set, tuning, and ranking are largely in place. The main issues are small deviations from the prescribed workflows (e.g., missing strata in the split, different unnesting approach in Q8, and a non-matching final MSE ratio), plus an in-chunk install. Tightening your code to follow the exact steps in the rubric and avoiding package installation in solution chunks will help you reach full credit in future labs.",2,2,3,3,3,3,2,1,3,2,"You correctly used skimr on dat and stated there is no missing data. However, the rubric requires using the pipe operator (dat |> skimr::skim()) in a single step without reassigning or extra steps; adjust to match that workflow exactly.","You set the seed, used initial_split, and created ames_train and ames_test with a 75/25 split, which is good. You omitted the required strata = 'Sale_Price' argument in initial_split, so the process is slightly off the rubric.","Your recipe uses the correct formula, log-transforms Sale_Price, pools Neighborhood, creates dummies, and normalizes numeric predictors, then preps and inspects with broom::tidy. This matches the required steps and order closely enough for full credit.","All three models are specified correctly with parsnip::linear_reg, parsnip::rand_forest, set_engine, set_mode, and tunable parameters (penalty, mixture, min_n, trees) using tune::tune(). This aligns with the rubric expectations.","You applied parsnip::translate() to each of lm_mod_base, lm_mod_glmnet, and lm_mod_rforest, which is exactly what was required to inspect the engine-specific templates.","You set the seed and created train_resamples with rsample::bootstraps(ames_train), producing the correct bootstrap resampling object per the rubric.","You correctly created all_workflows with workflowsets::workflow_set using the recipe and three models, and then examined the info structure. However, including install.packages(""glmnet"") inside the chunk is discouraged and would trigger the discretionary penalty; remove package installs from solution code.","You correctly used workflow_map and tuned the workflows, and you filtered for rmse and grouped by wflow_id. However, the rubric expects working directly from all_workflows with dplyr::select, tidyr::unnest, arrange(desc(.estimate)), and slice(1); instead you used collect_metrics and slice_min on a nonstandard 'mean' column, so the process and output structure do not fully match the specified workflow.","You called workflowsets::rank_results(all_workflows, rank_metric = 'rmse', select_best = TRUE) as required. While you did not explicitly show the comparison, the core code matches the rubric.","You extracted the 'base_forest' workflow, used extract_workflow_set_result and finalize_workflow with best parameters, and then fit models on train and test data and computed an MSE ratio. However, you rebuilt a new workflow instead of directly using the finalized one, and your reported ratio (0.9737) differs from the expected ~0.1146, so the process and accuracy are only partially aligned with the rubric."
20,24,"Most exercises are completed with appropriate use of tidymodels, recipes, parsnip, rsample, and workflowsets, and your code generally follows the intended workflows. The main issues are missing stratification in the data split, not strictly following the unnesting pipeline in Exercise 8, and not using the specified fixed best parameters and expected MSE ratio in Exercise 10. Tightening alignment with the rubric’s exact arguments and data-wrangling steps will bring this to full credit.",2,2,3,3,3,3,2,1,3,2,"You correctly used skimr on dat and noted no missing data, but the rubric expected using the pipe operator (dat |> skimr::skim()) in a single step without reloading dat or attaching the package.","You set the seed, used initial_split, training, and testing with a 0.75 prop, but you omitted the required strata = 'Sale_Price' argument in initial_split.","Your recipe uses the correct formula, log-transforms Sale_Price, pools Neighborhood, creates dummies, and normalizes numeric predictors; you then prep and examine it with broom::tidy, matching the expected process and transformations.","All three parsnip models are specified correctly with linear_reg, rand_forest, set_engine, set_mode, and tunable parameters (penalty, mixture, min_n, trees) as required.","You applied parsnip::translate() to each of the three model objects, which matches the expected workflow and will show the correct engine-specific templates.","You set the seed and created train_resamples with rsample::bootstraps(ames_train), producing the expected bootstrap resampling object.","You correctly built all_workflows with workflow_set using the recipe and three models and then examined the info structure, but you used unnest_wider(info) instead of unnest(info) as specified in the rubric.","You correctly used workflow_map and extracted best rmse per workflow, but you relied on collect_metrics and slice_min(mean) instead of the required select/unnest/filter/group_by/arrange/slice pipeline on the nested result and .metrics columns.","You called workflowsets::rank_results(all_workflows, rank_metric = 'rmse', select_best = TRUE) as required; comparison to Q8 is implied even though not explicitly discussed.","You extracted the base_forest workflow, used select_best to get parameters, finalized the workflow, and fit on train and test; however, you did not hard-code the specified best parameters (trees = 1, min_n = 11) and your reported MSE ratio differs from the expected approximate value."
21,25,"Your lab shows a solid grasp of tidymodels workflows, recipes, model specification, and resampling. Most exercises follow the intended process, with minor deviations in splitting (missing strata), workflow inspection, and the metric summarization pipeline in Exercise 8. For full credit in future labs, adhere closely to the requested function chains and arguments, avoid install.packages() in solution chunks, and double-check that your final reported metrics match the expected specifications.",2.5,2,3,3,3,3,2,1.5,3,2,"You correctly used skimr::skim() on dat, but did not use the pipe operator as specified. The EDA and missing-data conclusion are otherwise correct.","You set the seed and used initial_split(), training(), and testing(), but omitted strata = 'Sale_Price'. The split proportion is correct.","Your recipe uses the correct formula, log-transforms Sale_Price, pools Neighborhood, creates dummies, and normalizes numeric predictors, and you prep and examine it with broom::tidy(). This matches the required process and transformations.","All three models are specified correctly with linear_reg and rand_forest, appropriate engines and modes, and tunable parameters using tune::tune(). This aligns with the rubric.","You applied parsnip::translate() to each of the three model objects, which is exactly what was required to inspect the engine-specific templates.","You set the seed and created train_resamples with rsample::bootstraps(ames_train), producing the correct bootstrap resampling object.","You correctly built all_workflows with workflow_set() and then examined its structure, but you unnested info with unnest_wider() instead of unnest(), and you left an install.packages() call in the chunk, which is discouraged.","You correctly used workflow_map() and then summarized metrics with collect_metrics(), but this does not follow the requested unnest/select/filter/arrange/slice pipeline, and you minimized by mean rather than arranging .estimate as specified.","You called workflowsets::rank_results(all_workflows, rank_metric = 'rmse', select_best = TRUE) as required. The comparison step is implicit but acceptable.","You extracted and finalized the base_forest workflow and fit to train/test data, but you did not use the specified hard-coded best parameters and your reported MSE ratio differs from the expected value. The overall workflow is mostly correct but output accuracy is off."
22,24,"Your lab shows solid understanding of tidymodels workflows, recipes, model specification, and resampling. Most required functions and objects are present and used appropriately, with only a few deviations from the exact processes requested (notably in the stratified split, unnesting metrics in Q8, and final model comparison in Q10). To improve, focus on following the specified workflows and arguments exactly, especially where the rubric calls out particular functions, parameters, and ordering of steps.",2,2,3,3,3,3,2,1,3,2,"You correctly used skimr on dat, but did not use the pipe operator as specified and reloaded dat inside the chunk. The written conclusion about no missing data is present.","You set the seed and used initial_split, training, and testing with a 0.75 prop, but omitted the required strata = 'Sale_Price' argument. The overall split structure is otherwise correct.","You created norm_recipe with the correct formula, applied log to Sale_Price, pooled Neighborhood, created dummies, and normalized numeric predictors, then prepped and examined with broom::tidy. This matches the expected process and transformations.","All three models are specified correctly using parsnip with appropriate engines and regression mode, and penalty/mixture and min_n/trees are set to tune. This fully matches the modeling requirements.","You applied parsnip::translate() to each of the three model objects, which is exactly what was required to inspect the engine-specific templates.","You set the seed and created train_resamples using rsample::bootstraps(ames_train), producing the expected bootstrap resampling object.","You correctly built all_workflows with workflow_set using the recipe and three models and then examined the info column, but used unnest_wider(info) instead of tidyr::unnest(info) as specified. The workflow structure is still clearly inspected.","You correctly used workflow_map and then summarized results with collect_metrics and dplyr, but did not follow the requested unnesting workflow (select, unnest result, unnest .metrics) and used slice_min on mean instead of arranging by .estimate. The logic is reasonable but diverges from the specified process.","You called workflowsets::rank_results with all_workflows, rank_metric = 'rmse', and select_best = TRUE as required. The comparison to Exercise 8 is implied by your comment.","You extracted the base_forest workflow, obtained best parameters with select_best, finalized the workflow, and fit to train and test data, then computed an MSE ratio. However, you rebuilt a separate workflow instead of directly using the finalized one, and your reported ratio does not match the expected approximate value."
23,25,"Your lab shows solid understanding of tidymodels workflows, recipes, model specification, and resampling. Most required functions and objects are present and used appropriately, with only a few deviations from the exact processes requested (notably in the stratified split, Exercise 8 unnesting pipeline, and final model comparison). Tightening adherence to the specified arguments and workflows, and avoiding install.packages() in analysis chunks, will bring your work fully in line with the rubric.",2.5,2,3,3,3,3,2,1.5,3,2,"You correctly used skimr::skim() on dat, but did not use the pipe operator as specified. The EDA and missing-data conclusion are otherwise correct.","You set the seed and used initial_split(), training(), and testing(), but omitted the required strata = 'Sale_Price' argument. The 75/25 split and variable assignments are otherwise correct.","You created the correct recipe with the specified formula, applied log to Sale_Price, pooled Neighborhood, created dummies, and normalized numeric predictors, then prepped and examined it. The process and transformations match the rubric.","All three models are specified correctly with linear_reg and rand_forest, appropriate engines and regression mode, and tunable parameters for glmnet and ranger. This fully matches the expected parsnip setup.","You applied parsnip::translate() to each of the three model objects, which is exactly what was required to inspect the engine-specific templates.","You set the seed and created train_resamples with rsample::bootstraps(ames_train), producing the correct bootstrap resampling object.","You correctly built all_workflows with workflow_set() and the proper preproc and models lists, and examined the info column (using unnest_wider). However, including install.packages() inside the chunk is discouraged and not part of the expected workflow.","You correctly used workflow_map() and then summarized results with collect_metrics(), filtering for rmse and grouping by wflow_id. However, this does not follow the requested unnesting pipeline (select, unnest result, unnest .metrics, arrange by .estimate), and you used slice_min on mean instead of arranging by .estimate as specified.","You called workflowsets::rank_results(all_workflows, rank_metric = 'rmse', select_best = TRUE) exactly as required. The comparison step is implicit but the core code is correct.","You extracted the 'base_forest' workflow, used select_best() and finalize_workflow(), and fit models on train and test data. However, you rebuilt a new workflow instead of directly finalizing and fitting the extracted one, and your reported MSE ratio does not match the expected approximate value."
24,24,"Most core tidymodels steps—recipes, model specifications, workflow sets, resampling, and ranking—are implemented correctly. The main issues are not following some exact process requirements (e.g., strata in the split, the specific unnesting workflow in Q8) and including an install.packages() call inside a solution chunk. Tightening adherence to the requested workflows and avoiding package installation in analysis code will bring this fully in line with the rubric.",2,2,3,3,3,3,2,1,3,2,"You correctly used skimr on dat, but did not use the pipe operator as specified and reloaded dat inside the chunk. The written conclusion about no missing data is present.","You used set.seed and initial_split with prop = 0.75 and created ames_train/ames_test, but omitted the required strata = 'Sale_Price' argument. The overall split structure is otherwise correct.","Your recipe uses the correct formula, log-transforms Sale_Price, pools Neighborhood, creates dummies, and normalizes numeric predictors, and you prep and examine it with broom::tidy. This matches the expected process and transformations.","All three models are specified with the correct parsnip functions, engines, regression mode, and tunable parameters (penalty/mixture for glmnet, min_n/trees for ranger). The workflow matches the rubric.","You applied parsnip::translate() to each of lm_mod_base, lm_mod_glmnet, and lm_mod_rforest as required, so the model templates would be shown correctly.","You set the seed and created train_resamples using rsample::bootstraps(ames_train), which matches the expected bootstrap resampling process.","You correctly created all_workflows with workflow_set using the recipe and three models, and examined the info column, but you added an install.packages() call inside the chunk, which is discouraged and could cause execution issues.","You correctly used workflow_map and tuned over train_resamples, but then used collect_metrics and slice_min(mean) instead of the requested sequence of select, unnest, filter, group_by, arrange(desc(.estimate)), and slice(1). The process and output structure do not follow the rubric.","You called workflowsets::rank_results(all_workflows, rank_metric = 'rmse', select_best = TRUE) as specified; this matches the expected usage and would allow comparison to Exercise 8.","You extracted and finalized the base_forest workflow using best rmse parameters and fit to training and test data, but you did not explicitly set trees = 1 and min_n = 11 as in the key, and you rebuilt a separate workflow rather than directly fitting the finalized one. The MSE ratio reported differs from the expected value."
25,22,"You implemented most of the required tidymodels workflow correctly, including recipes, model specifications, workflow sets, resampling, and ranking. The main issues are small deviations from the specified processes (e.g., missing strata in the split, different summarization approach in Exercise 8, and rebuilding the final workflow in Exercise 10) and one in-chunk install. Tightening alignment with the requested workflows and avoiding install.packages() in analysis chunks will strengthen future submissions.",2.5,2,3,3,3,3,2,1.5,3,2,"You correctly used skimr::skim() on dat, but did not use the pipe operator as specified. The conclusion about no missing data is present.","You set the seed and used initial_split(), training(), and testing(), but omitted strata = 'Sale_Price'. The 75% split is otherwise correct.","Recipe uses the correct formula, logs Sale_Price, pools Neighborhood, creates dummies, and normalizes numeric predictors, then preps and inspects with broom::tidy(). This matches the required process and transformations.","All three models are specified with linear_reg/rand_forest, correct engines and regression mode, and tunable parameters for glmnet and ranger. parsnip::tune() is used appropriately.","You applied parsnip::translate() to each of the three model objects, which is exactly what was required.","You set the seed and created train_resamples with rsample::bootstraps(ames_train), producing the correct bootstrap resampling object.","You correctly built all_workflows with workflow_set() and unnested the info column, but you added an install.packages() call inside the chunk, which is discouraged and could cause execution issues.","You used workflow_map() and then summarized results with collect_metrics(), but did not follow the requested unnest/select/unnest/filter/group_by/arrange/slice workflow. The logic to get best rmse per workflow is present but via a different function and using slice_min(mean) instead of .estimate.","You called workflowsets::rank_results() with all_workflows, rank_metric = 'rmse', and select_best = TRUE as required, and indicated comparison to Exercise 8.","You extracted and finalized the 'base_forest' workflow using best rmse parameters and fit models on train and test sets, then computed an MSE ratio. However, you rebuilt a new workflow instead of directly using the finalized one, and the reported ratio does not match the expected approximate value."
26,25,"Most core tidymodels steps—recipes, model specs, workflow sets, resampling, tuning, and ranking—are implemented correctly. A few items diverge from the exact requested process (e.g., missing strata in the split, different unnesting/metrics workflow in Q8, and a non-matching final MSE ratio). Tightening adherence to the specified functions and argument patterns would bring this to full credit.",2.5,2,3,3,3,3,2,1.5,3,2,"You correctly used skimr::skim() on dat, but did not use the pipe operator as specified. The conclusion about no missing data is present.","You set the seed and used initial_split(), training(), and testing(), but omitted the strata = 'Sale_Price' argument. The 75% split is otherwise correct.","Recipe uses the correct formula, applies log to Sale_Price, pools Neighborhood, creates dummies, and normalizes numeric predictors, then preps and inspects with broom::tidy(). This matches the expected process and transformations.","All three models are correctly specified with linear_reg and rand_forest, appropriate engines and regression mode, and tunable parameters set with tune::tune(). This aligns with the rubric.","You applied parsnip::translate() to each of the three model objects, which is exactly what was required to inspect the engine-specific templates.","You set the seed and created train_resamples with rsample::bootstraps(ames_train), producing the expected bootstrap resampling object.","You correctly created all_workflows with workflow_set() and included the recipe and three models. However, you unnested the info column with unnest_wider() instead of tidyr::unnest(), which partially diverges from the specified process.","You correctly used workflow_map() and then summarized metrics, but relied on workflowsets::collect_metrics() instead of the explicit select/unnest/filter/group/arrange/slice pipeline requested. Also, you minimized mean rather than arranging by .estimate as described.","You called workflowsets::rank_results(all_workflows, rank_metric = 'rmse', select_best = TRUE) as required. The comparison step is implied even though not discussed in text.","You extracted and finalized the 'base_forest' workflow and fit models on train and test data, then computed an MSE ratio. However, you rebuilt a new workflow instead of directly using finalize_workflow output, and your reported ratio does not match the expected approximate value."
27,24,"You implemented most of the tidymodels workflow correctly, including recipes, model specifications, workflow sets, bootstraps, and ranking results. The main issues are small deviations from the specified processes (e.g., missing strata in the split, different unnesting approach in Q8, rebuilding a new workflow in Q10, and an install.packages call inside a chunk). Aligning more closely with the requested pipelines and avoiding package installation in solution code will strengthen future submissions.",2,2,3,3,3,3,2,1,3,2,"You correctly used skimr::skim() on dat, but did not use the pipe operator as specified and reloaded dat inside the chunk. The conclusion about no missing data is present.","You set the seed and used initial_split(), training(), and testing() with a 0.75 prop, but did not include strata = 'Sale_Price' as required. Otherwise the workflow and variable names are correct.","Your recipe uses the correct formula, logs Sale_Price, pools Neighborhood, creates dummies, and normalizes numeric predictors, then preps and tidies it. The process and transformations match the rubric, even though you used step_normalize instead of separate center/scale steps.","All three models are specified correctly with linear_reg and rand_forest, appropriate engines (lm, glmnet, ranger), regression mode, and tunable parameters for glmnet (penalty, mixture) and forest (min_n, trees).","You applied parsnip::translate() to each of the three model objects, which matches the expected workflow and will show the correct templates.","You set the seed and created train_resamples using rsample::bootstraps(ames_train), storing it in the correct variable. This matches the required process and output structure.","You correctly created all_workflows with workflow_set using the recipe and three models, and then examined the info column. However, you added an install.packages() call inside the chunk and used unnest_wider(info) instead of unnest(info) as specified.","You correctly used workflow_map() to tune and then summarized results, but you did not follow the requested unnesting pipeline (select, unnest result, unnest .metrics, filter rmse, group, arrange, slice). Using collect_metrics() and slice_min(mean) deviates from the specified process and expected output structure.","You called workflowsets::rank_results(all_workflows, rank_metric = 'rmse', select_best = TRUE) as required. This matches the expected code and process for comparing to Exercise 8.","You extracted the 'base_forest' workflow, obtained best parameters with select_best(), finalized the workflow, and fit on train and test data. However, you rebuilt a new workflow with a different recipe and did not explicitly use the specified trees = 1, min_n = 11 or report the target MSE ratio, so the process and output differ from the rubric."
28,25,"Your lab shows solid understanding of tidymodels workflows, recipes, model specification, and resampling. Most required functions and objects are present and used appropriately, with only a few deviations from the exact requested process (e.g., missing strata in the split, different unnesting approach in Q8, and rebuilding the workflow in Q10). To improve, align more closely with the specified workflows and avoid install.packages() calls inside analysis chunks.",2.5,2,3,3,3,3,2,1.5,3,2,"You correctly used skimr::skim() on dat, but did not use the pipe operator as specified. The conclusion about no missing data is present.","You used set.seed() and rsample::initial_split()/training()/testing(), but omitted the strata = 'Sale_Price' argument. The 75% split is otherwise correct.","Recipe uses the correct formula, log-transforms Sale_Price, pools Neighborhood, creates dummies, and normalizes numeric predictors, then preps and inspects with broom::tidy(). This matches the expected process.","All three models are specified with linear_reg/rand_forest, correct engines and regression mode, and tunable parameters set with tune::tune() for glmnet and ranger. This fully matches the rubric.","You applied parsnip::translate() to each of the three model objects, which is exactly what was required to inspect the templates.","You set the seed and created train_resamples with rsample::bootstraps(ames_train), producing the expected bootstrap resampling object.","You correctly built all_workflows with workflow_set() and unnested the info column, but included an install.packages() call inside the chunk, which is discouraged and could cause execution issues.","You used workflow_map() appropriately and extracted best rmse per workflow, but did not follow the requested unnest/select/arrange workflow and relied on collect_metrics() instead. The grouping and filtering are conceptually correct, though the exact process differs from the rubric.","You called workflowsets::rank_results(all_workflows, rank_metric = 'rmse', select_best = TRUE) as required; comparison to Q8 is implied by your comment.","You extracted the 'base_forest' workflow, selected best parameters, finalized the workflow, and fit on train/test data. However, you rebuilt a new workflow rather than directly using the finalized one, and your reported MSE ratio does not match the expected approximate value."
29,22,"Your lab shows solid understanding of tidymodels workflows: you correctly built recipes, models, workflow sets, resamples, and tuning workflows, and most required functions are used appropriately. The main deductions are for not using stratified splitting in Q2, deviating from the requested unnesting workflow in Q8, and re-creating data/recipes in Q10 instead of directly finalizing and fitting the selected workflow, which also led to a different performance ratio. Focusing on following the exact requested process (arguments, functions, and data objects) will help you align even more closely with the rubric in future labs.",2.5,2,3,3,3,3,2,1.5,3,2,"You correctly loaded dat and used skim() from skimr, and your conclusion about no missing data is stated. However, the rubric expects use of the pipe operator (dat |> skimr::skim()) in a single step without reassigning dat; minor process deviation only.","You set the seed, used initial_split, training(), and testing(), and created ames_train/ames_test with a 75% split, which matches the intent. The split is missing strata = 'Sale_Price', which is required by the rubric, so deduct for process and expected arguments.","You created norm_recipe with the correct formula on ames_train, applied log to Sale_Price, pooled Neighborhood with step_other, created dummies, and normalized numeric predictors, then prepped and examined with broom::tidy(). This matches the required steps and order closely enough for full credit.","All three models are specified correctly: a base linear_reg with lm engine, a glmnet linear_reg with penalty and mixture set to tune(), and a rand_forest with min_n and trees set to tune(), all in regression mode. This aligns with the rubric.","You applied parsnip::translate() to each of lm_mod_base, lm_mod_glmnet, and lm_mod_rforest, which is exactly what was required to inspect the model templates.","You set the seed and created train_resamples using rsample::bootstraps(ames_train), producing the expected bootstrap resampling object. This fully matches the rubric.","You correctly built all_workflows with workflow_set using norm_recipe and the three models, and then examined structure by selecting wflow_id and info and unnesting info. However, the rubric expects tidyr::unnest(info) rather than unnest_wider(info); structure is still visible but process differs slightly. Also, avoid install.packages() in the workflow chunk per instructions.","You correctly used workflow_map() to tune across workflows and then summarized results with collect_metrics(), filtering for rmse and selecting the best per wflow_id. This achieves the goal, but the rubric specifically asked to unnest result and .metrics and then use select, unnest, filter, group_by, arrange, and slice; your approach skips the explicit unnesting and uses slice_min(mean) instead of arranging by .estimate, so process fidelity and exact output structure differ.","You called workflowsets::rank_results(all_workflows, rank_metric = 'rmse', select_best = TRUE) as required. While you did not show the comparison explicitly in text, the core code step the rubric checks is present and correct.","You extracted the 'base_forest' workflow, obtained best parameters with extract_workflow_set_result() and select_best(), finalized the workflow, and then fit on training and test data and computed an MSE ratio. However, you redefined splits and recipes in Q10c instead of directly using the finalized workflow from earlier, and your reported ratio differs from the expected approximate value, so process and output accuracy are only partially aligned."
30,25.5,"Your lab shows solid understanding of tidymodels workflows, recipes, model specification, and resampling. Most exercises follow the intended process closely, with only minor deviations (e.g., missing strata in the split and a different summarization approach in Exercise 8). For full credit in future labs, pay close attention to matching the requested arguments and pipelines exactly, especially when the rubric specifies particular functions, parameters, and ordering.",2.5,2,3,3,3,3,2.5,1.5,3,2,"You correctly used skimr::skim() on dat, but did not use the pipe operator as specified. The conclusion about no missing data is present.","You set the seed and used initial_split(), training(), and testing() with a 0.75 prop, but omitted the required strata = 'Sale_Price' argument. Process and variable names are otherwise correct.","You created norm_recipe with the correct formula, applied log to Sale_Price, pooled Neighborhood, created dummies, and normalized numeric predictors, then prepped and examined with broom::tidy(). This matches the expected workflow.","All three models (lm, glmnet, ranger) are specified with linear_reg()/rand_forest(), set_engine(), set_mode('regression'), and tunable parameters for glmnet and ranger. This fully matches the rubric.","You applied parsnip::translate() to each of lm_mod_base, lm_mod_glmnet, and lm_mod_rforest, which is exactly what was required.","You set the seed and created train_resamples with rsample::bootstraps(ames_train), producing the correct bootstrap resampling object.","You correctly built all_workflows with workflow_set() using the recipe and three models, and examined structure by selecting wflow_id and unnested info (via unnest_wider). This meets intent, though the rubric expected tidyr::unnest() directly on info.","You correctly used workflow_map() to tune and then summarized results with collect_metrics(), filtering for rmse and grouping by wflow_id. However, you did not follow the specified unnest/select/arrange/slice pipeline, and you minimized by mean instead of arranging .estimate as described.","You called workflowsets::rank_results(all_workflows, rank_metric = 'rmse', select_best = TRUE) as required. This matches the expected usage and comparison step.","You extracted the 'base_forest' workflow, obtained best parameters with select_best(), finalized the workflow, and fit on training and test data. However, you rebuilt a new workflow with a different recipe and did not explicitly use the specified trees = 1, min_n = 11 values, so the process diverges from the provided target and the reported MSE ratio differs."
31,25.5,"Your lab shows solid understanding of tidymodels workflows, recipes, model specification, and resampling. Most exercises follow the intended process closely, with only minor deviations (e.g., missing stratification in the split and a different summarization approach in Exercise 8). To improve, align more strictly with the requested functions and arguments (especially for splitting, unnesting metrics, and finalizing/fitting the best model) and avoid including install.packages() calls in analysis chunks.",2.5,2,3,3,3,3,2.5,1.5,3,2,"You correctly used skimr on dat and noted no missing data. To fully match the rubric, use the pipe operator (dat |> skimr::skim()) and avoid reloading dat inside this chunk.","You set the seed, used initial_split, training, and testing with a 75/25 split, which is good. However, you omitted strata = 'Sale_Price', which is required for full credit.","Recipe uses the correct formula, log-transforms Sale_Price, pools Neighborhood, creates dummies, and normalizes numeric predictors, then preps and inspects with broom::tidy; this fully matches the expected process.","All three models are specified correctly with linear_reg and rand_forest, appropriate engines and regression mode, and penalty/mixture and min_n/trees set to tune; this meets the rubric requirements.","You applied parsnip::translate() to each of the three model objects, which is exactly what was required to inspect the engine-specific templates.","You set the seed and created train_resamples with rsample::bootstraps(ames_train), producing the correct bootstrap resampling object.","You correctly built all_workflows with workflow_set using the recipe and three models, and examined the info structure via unnest_wider. For full credit, avoid including install.packages() in the workflow chunk and note explicitly that the workflow set has four columns.","You correctly used workflow_map and then summarized performance, but you relied on collect_metrics and slice_min(mean) instead of unnesting result and .metrics and arranging by .estimate as specified. This partially matches the intent but not the exact workflow in the rubric.","You called workflowsets::rank_results(all_workflows, rank_metric = 'rmse', select_best = TRUE) as required; comparison to Q8 is implied by your comment.","You extracted the base_forest workflow, obtained best parameters with select_best, finalized the workflow, and fit to train and test data, then computed an MSE ratio. However, you did not explicitly set trees = 1 and min_n = 11 as in the solution, and you rebuilt a new workflow rather than directly fitting the finalized one, so the reported ratio differs from the expected reference."
32,25.5,"Your lab shows solid understanding of tidymodels workflows, recipes, model specification, and resampling. Most exercises follow the intended process closely, with only minor deviations (e.g., missing strata in the split, slightly different unnesting and tuning-summary approach, and not using the exact expected best parameters in Q10). To improve, align more strictly with the requested functions and argument patterns in the rubric, especially for splitting, unnesting workflow results, and reproducing the specified final model comparison.",2.5,2,3,3,3,3,2.5,1.5,3,2,"You correctly used skimr on dat and noted no missing data. However, the rubric expected use of the pipe operator (dat |> skimr::skim()) in a single step without reloading dat or extra objects.","You set the seed, used initial_split, training, and testing, and created ames_train/ames_test with a 75% split. You omitted strata = 'Sale_Price', which was required for full credit.","You created norm_recipe with the correct formula, log-transformed Sale_Price, pooled Neighborhood, created dummies, and normalized numeric predictors, then prepped and examined with broom::tidy. This matches the required process and transformations.","All three models were specified correctly with linear_reg and rand_forest, appropriate engines (lm, glmnet, ranger), regression mode, and tunable penalty/mixture and min_n/trees. This fully matches the rubric.","You applied parsnip::translate() to each of lm_mod_base, lm_mod_glmnet, and lm_mod_rforest, which is exactly what was required to inspect the model templates.","You set the seed and created train_resamples using rsample::bootstraps(ames_train), producing the correct bootstrap resampling object as specified.","You built all_workflows with workflow_set using the recipe and three models, and examined structure by selecting wflow_id and unnested info (via unnest_wider). This is essentially correct, though the rubric expected tidyr::unnest(info) directly.","You correctly used workflow_map and then summarized results with collect_metrics and dplyr, but the rubric required explicitly unnesting result and .metrics, filtering rmse, grouping, arranging by .estimate, and slicing the top row. Your approach differs from the specified workflow and uses a non-specified 'mean' column.","You called workflowsets::rank_results(all_workflows, rank_metric = 'rmse', select_best = TRUE) as required. While you did not show the comparison explicitly in text, the core code matches the rubric.","You extracted the 'base_forest' workflow, obtained best parameters with select_best, and finalized the workflow, then fit to train and test and computed an MSE ratio. However, you did not hard-code the specified best parameters (trees = 1, min_n = 11) and your reported ratio differs from the expected ~0.1146, so output accuracy is only partial."
33,24,"Most core tidymodels steps—splitting, recipe creation, model specification, workflow sets, tuning, and ranking—are implemented correctly, showing good understanding of the workflow. The main issues are not following some exact rubric-specified processes (e.g., strata in splitting, explicit unnest pipeline in Q8, and directly finalizing and fitting the extracted workflow) and including an install.packages() call in a solution chunk. Tightening adherence to the requested code patterns and removing installation commands will bring this fully in line with the rubric.",2,2,3,3,3,3,2,1,3,2,"You correctly used skimr::skim() on dat and noted no missing data, but you did not use the pipe operator (dat |> skimr::skim()) as specified and reloaded dat inside the chunk instead of using the earlier object.","You set the seed, used rsample::initial_split(), training(), and testing(), and created ames_train/ames_test with a 75/25 split, but you omitted the required strata = 'Sale_Price' argument in initial_split.","You created norm_recipe with the correct formula on ames_train, applied log to Sale_Price, pooled Neighborhood with step_other, created dummies, and normalized numeric predictors, then prepped and examined with broom::tidy(); this matches the required process and transformations.","All three models (lm, glmnet, ranger) are specified with linear_reg()/rand_forest(), set_mode('regression'), set_engine(), and tunable parameters (penalty, mixture, min_n, trees) using tune::tune(), which satisfies the modeling requirements.","You applied parsnip::translate() to each of lm_mod_base, lm_mod_glmnet, and lm_mod_rforest, which is exactly what was requested to inspect the engine-specific templates.","You set.seed(8740) and created train_resamples with rsample::bootstraps(ames_train), producing the expected bootstrap resampling object.","You correctly built all_workflows with workflowsets::workflow_set() using norm_recipe and the three models, and then examined the info structure, but you added an install.packages('glmnet') call inside the chunk, which should be removed per instructions and is penalized.","You used workflow_map() appropriately and obtained best RMSE per workflow via collect_metrics(), but you did not follow the specified unnest/select/filter/arrange/slice pipeline on the nested result and .metrics columns, so the required process was not demonstrated.","You called workflowsets::rank_results(all_workflows, rank_metric = 'rmse', select_best = TRUE) as required; while you did not explicitly describe the comparison, the core code and process are present.","You extracted the 'base_forest' workflow, obtained best parameters with extract_workflow_set_result() and select_best(), finalized the workflow, and fit to train/test data, but you rebuilt a separate workflow with a modified recipe and did not use finalize_workflow’s result directly, so the process deviates from the expected workflow and the reported MSE ratio differs from the reference."
34,24,"You completed nearly all parts of the lab with generally correct use of tidymodels, recipes, parsnip models, workflowsets, and tuning. Most deductions were for not exactly following the specified process (e.g., missing strata in the split, not using the requested unnest pipeline, and rebuilding a different final workflow) and for including an install.packages() call. Tightening adherence to the given workflows and removing installation code from analysis chunks will bring this to full credit.",2,2,3,3,3,3,2,1,3,2,"You correctly used skimr::skim() on dat and noted no missing data, but you did not use the pipe operator (dat |> skimr::skim()) as specified and reloaded dat inside the chunk instead of using the earlier object.","You set the seed, used rsample::initial_split(), training(), and testing(), and created ames_train/ames_test with a 75/25 split, but you omitted the required strata = 'Sale_Price' argument in initial_split.","Your recipe uses the correct formula, log-transforms Sale_Price, pools Neighborhood with step_other, creates dummies, and normalizes numeric predictors; you then prep and examine it with broom::tidy(), matching the expected process and transformations.","All three models are correctly specified with parsnip::linear_reg() and parsnip::rand_forest(), appropriate engines (lm, glmnet, ranger), regression mode, and tunable parameters (penalty/mixture, min_n/trees) using tune::tune().","You applied parsnip::translate() to each of lm_mod_base, lm_mod_glmnet, and lm_mod_rforest, which is exactly what was required to inspect the engine-specific templates.","You set the seed and created train_resamples with rsample::bootstraps(ames_train), producing the expected bootstrap resampling object.","You correctly built all_workflows with workflowsets::workflow_set() using the recipe and three models and then examined the info structure, but you added an install.packages() call inside the chunk, which should be removed per instructions.","You correctly used workflow_map() to tune and then summarized results, but you did not follow the requested unnest/select/filter/arrange/slice pipeline on the nested result and .metrics columns, and you used collect_metrics() with slice_min(mean) instead of arranging by .estimate as specified.","You called workflowsets::rank_results(all_workflows, rank_metric = 'rmse', select_best = TRUE) as required; comparison to Q8 is implied even though not discussed in text.","You extracted the 'base_forest' workflow, obtained best parameters with extract_workflow_set_result() and select_best(), finalized the workflow, and fit to train/test data, but you rebuilt a separate workflow with a slightly different recipe and did not explicitly use the specified trees = 1, min_n = 11 values, so the final performance comparison may not match the expected configuration."
35,25,"Your lab shows solid understanding of tidymodels workflows, recipes, model specification, and tuning. Most exercises follow the intended process and use the correct functions, with only minor deviations (e.g., missing stratification in the split, alternative summarization in Exercise 8, and a slightly different final workflow in Exercise 10). To improve, align more closely with the specified arguments and workflows in the rubric and avoid unnecessary package installation calls in the submitted document.",2.5,2,3,3,3,3,2.5,1.5,3,2.5,"You correctly used skimr::skim on dat and noted no missing data. However, the rubric expected use of the base dat object piped directly into skimr::skim() without reassigning dat or loading skimr separately; minor process deviation only.","You set the seed, used rsample::initial_split, and created ames_train and ames_test with a 75/25 split, which matches most of the process. You omitted the strata = 'Sale_Price' argument, so the split is not stratified as required.","You created norm_recipe with the correct formula on ames_train, applied log to Sale_Price, pooled Neighborhood with step_other, created dummies, and normalized numeric predictors, then prepped and examined with broom::tidy. This matches the required steps and order closely enough for full credit.","All three models are specified correctly: linear_reg with lm engine, glmnet with penalty and mixture set to tune(), and rand_forest with min_n and trees set to tune(), all in regression mode. This fully matches the rubric.","You applied parsnip::translate() to each of lm_mod_base, lm_mod_glmnet, and lm_mod_rforest, which is exactly what was required to inspect the model templates.","You set the seed and created train_resamples using rsample::bootstraps(ames_train), which matches the expected process and output structure.","You built all_workflows with workflowsets::workflow_set using the recipe and three models, and then unnested the info column (via unnest_wider), which satisfies the intent. The extra install.packages('glmnet') call is unnecessary but does not affect correctness; consider removing installs in submitted code.","You correctly used workflow_map to tune across workflows and then summarized results using collect_metrics and dplyr, which is a valid approach. However, the rubric expected explicit use of select, two levels of tidyr::unnest, filter(.metric == 'rmse'), group_by, arrange(desc(.estimate)), and slice(1); your code deviates from that workflow and uses slice_min on a nonstandard 'mean' column, so process and output alignment are only partial.","You called workflowsets::rank_results(all_workflows, rank_metric = 'rmse', select_best = TRUE) as required. Although you did not show a written comparison, the key function usage matches the rubric.","You extracted the 'base_forest' workflow, obtained best parameters with extract_workflow_set_result and select_best, finalized the workflow, and fit to both training and test data, then computed an MSE ratio. The overall process is correct, but you rebuilt a separate workflow with a slightly different recipe and did not match the expected approximate ratio from the solution, so output accuracy is only partial."
36,25,"Your lab shows solid understanding of tidymodels workflows, recipes, model specification, and resampling. Most exercises follow the intended process closely, with only minor deviations (e.g., missing strata in the split and a different unnesting approach in Exercise 8). To improve, align more strictly with the requested arguments and data-manipulation steps in the rubric, especially when specific functions and parameter values are prescribed.",2,2,3,3,3,3,3,1,3,2,"You correctly used skimr::skim() on dat and noted no missing data, but the rubric expected use of the pipe operator (dat |> skimr::skim()) in a single step without reloading dat or extra objects.","You set the seed, used rsample::initial_split(), training(), and testing(), and created ames_train/ames_test with a 75% split, but you omitted the required strata = 'Sale_Price' argument in initial_split.","Your recipe uses the correct formula, log-transforms Sale_Price, pools Neighborhood with step_other, creates dummies, and normalizes numeric predictors; you then prep and examine it with broom::tidy(), matching the expected workflow and transformations.","All three models are specified correctly with parsnip::linear_reg() and parsnip::rand_forest(), appropriate engines (lm, glmnet, ranger), regression mode, and tunable parameters penalty/mixture and min_n/trees using tune::tune().","You applied parsnip::translate() to each of lm_mod_base, lm_mod_glmnet, and lm_mod_rforest, which is exactly what was required to inspect the engine-specific templates.","You set the seed and created train_resamples with rsample::bootstraps(ames_train), producing the expected bootstrap resampling object.","You built all_workflows with workflowsets::workflow_set() using the recipe and three models, then examined the structure by selecting wflow_id and info and unnesting info; this satisfies the creation and inspection requirements.","You correctly used workflow_map() and tuned the workflows, but instead of unnesting result and .metrics with select/unnest and then filtering and arranging as specified, you used collect_metrics() and slice_min(), so the process does not follow the rubric’s required workflow even though you do filter on rmse and group by wflow_id.","You called workflowsets::rank_results(all_workflows, rank_metric = 'rmse', select_best = TRUE) as required; this would yield ranked workflows consistent with your tuning results from Exercise 8.","You extracted the 'base_forest' workflow, obtained best parameters with select_best(), and finalized and fit models on train and test data, but you did not explicitly set trees = 1 and min_n = 11 as in the reference solution and your reported MSE ratio differs from the expected approximate value."
37,24,"Your lab shows solid understanding of tidymodels workflows, recipes, model specification, and resampling, and most exercises follow the intended structure. The main issues are small deviations from the specified arguments (e.g., missing strata in the split) and not following the exact unnesting and summarizing pipeline in Exercise 8. For future labs, pay close attention to the exact functions, arguments, and sequence requested in the rubric, even if alternative approaches are also valid in practice.",2,2,3,3,3,3,2,1,3,2,"You correctly used skimr on dat and stated there is no missing data, but the rubric expects using the pipe operator (dat |> skimr::skim()) in a single step without reloading dat or extra objects.","You set the seed, used initial_split, training, and testing with a 0.75 prop, but you omitted the required strata = 'Sale_Price' argument in initial_split.","Your recipe uses the correct formula, log-transforms Sale_Price, pools Neighborhood, creates dummies, and normalizes numeric predictors; you then prep and examine it with broom::tidy, matching the expected workflow and transformations.","All three models are specified correctly with linear_reg and rand_forest, appropriate engines (lm, glmnet, ranger), regression mode, and tunable parameters penalty/mixture and min_n/trees using tune::tune.","You applied parsnip::translate() to each of lm_mod_base, lm_mod_glmnet, and lm_mod_rforest, which matches the expected process and would show the three engine-specific templates.","You set the seed and created train_resamples with rsample::bootstraps(ames_train), producing the expected bootstrap resampling object.","You correctly built all_workflows with workflow_set using the recipe and three models and then examined the info structure, but you used unnest_wider(info) instead of tidyr::unnest(info) as specified in the rubric.","You correctly used workflow_map and tuned the workflows, but instead of the required select → unnest(result) → unnest(.metrics) → filter(.metric == 'rmse') → group_by → arrange(desc(.estimate)) → slice(1) pipeline, you relied on collect_metrics and slice_min on a different column, so the process and output structure do not match the rubric.","You called workflowsets::rank_results(all_workflows, rank_metric = 'rmse', select_best = TRUE) as required; this would produce the ranked best configurations consistent with Exercise 8’s intent.","You extracted the 'base_forest' workflow, used select_best and finalize_workflow, and then fit models on train and test data and computed an MSE ratio; however, you did not hard-code the specified best parameters (trees = 1, min_n = 11) and your reported ratio differs from the expected ~0.1146."
38,24,"You completed nearly all parts of the lab with appropriate use of tidymodels, recipes, parsnip, workflowsets, and rsample. Most model specifications and workflows are correct, and you demonstrated understanding of tuning and evaluation. To improve, align more closely with the requested syntax (e.g., strata in splits, the specific unnesting pipeline in Exercise 8), avoid install.packages() in analysis chunks, and ensure your final performance comparison matches the expected process and interpretation.",2,2,3,3,3,3,2,1,3,2,"You correctly used skimr on dat and stated there is no missing data, but the rubric expected use of the pipe operator (dat |> skimr::skim()) in a single step without reloading dat or attaching skimr.","You set the seed, used initial_split, training, and testing, and created ames_train/ames_test with a 75% split, but you omitted the required strata = 'Sale_Price' argument in initial_split.","Your recipe uses the correct formula, logs Sale_Price, pools Neighborhood, creates dummies, and normalizes numeric predictors; you then prep and examine it with broom::tidy, matching the expected workflow and transformations.","All three models are specified correctly with linear_reg and rand_forest, appropriate engines (lm, glmnet, ranger), regression mode, and tunable parameters penalty/mixture and min_n/trees using tune::tune.","You applied parsnip::translate() to each of lm_mod_base, lm_mod_glmnet, and lm_mod_rforest, which matches the required process to inspect the engine-specific templates.","You set the seed and created train_resamples with rsample::bootstraps(ames_train), producing the expected bootstrap resampling object.","You correctly built all_workflows with workflow_set using the recipe and three models and then unnested the info column, but including install.packages(""glmnet"") inside the chunk is poor practice and would incur a discretionary penalty.","You correctly used workflow_map and tuned over train_resamples, but instead of the specified unnest/select/filter/arrange/slice pipeline on the nested result/.metrics columns, you used collect_metrics and slice_min on mean, so the process and expected output structure do not match the rubric.","You called workflowsets::rank_results(all_workflows, rank_metric = 'rmse', select_best = TRUE) as required; comparison to Q8 is implied even though not discussed in text.","You extracted the base_forest workflow, obtained best parameters with extract_workflow_set_result/select_best, finalized the workflow, and fit on train/test; however, you did not explicitly use finalize_workflow on the initially extracted best_model_workflow as described in the template, and your reported MSE ratio differs from the expected approximate value."
39,25,"Your lab shows solid understanding of tidymodels workflows, recipes, model specification, and resampling. Most exercises follow the intended process closely, with only minor deviations (e.g., missing strata in the split and a different summarization approach in Exercise 8). To improve, align more strictly with the requested arguments and pipelines in the rubric, especially for tuning summaries and final model comparison.",2,2,3,3,3,3,3,1,3,2,"You correctly used skimr::skim() on dat and noted no missing data, but the rubric expected use of the pipe operator (dat |> skimr::skim()) in a single step without reloading dat inside the chunk.","You set the seed, used initial_split(), training(), and testing(), and created ames_train/ames_test with a 75% split, but you omitted the required strata = 'Sale_Price' argument in initial_split().","Your recipe uses the correct formula, applies log to Sale_Price, pools Neighborhood with step_other, creates dummies, and normalizes numeric predictors; you then prep and examine it with broom::tidy(), matching the expected process and transformations.","All three models are specified correctly with parsnip::linear_reg() and parsnip::rand_forest(), appropriate engines (lm, glmnet, ranger), regression mode, and tunable parameters (penalty, mixture, min_n, trees) using tune::tune().","You applied parsnip::translate() to each of lm_mod_base, lm_mod_glmnet, and lm_mod_rforest, which is exactly what was required to inspect the model templates.","You set the seed and created train_resamples using rsample::bootstraps(ames_train), producing the expected bootstrap resampling object.","You built all_workflows with workflowsets::workflow_set() using the recipe and all three models, then examined the structure by selecting wflow_id and info and unnesting info; this matches the intended workflow and output structure.","You correctly used workflow_map() to tune and then summarized with collect_metrics(), but the rubric required a specific dplyr/tidyr pipeline unnesting result and .metrics, filtering .metric == 'rmse', arranging by .estimate, and slicing the top row; your code instead uses collect_metrics() and slice_min(mean), so the process and expected columns differ.","You called workflowsets::rank_results(all_workflows, rank_metric = 'rmse', select_best = TRUE) as specified; while you did not show the comparison explicitly in text, the required function call and parameters are present.","You extracted the 'base_forest' workflow, obtained best parameters with extract_workflow_set_result() and select_best(), finalized the workflow, and fit to train/test data, then computed an MSE ratio; however, the rubric expected directly finalizing with trees = 1 and min_n = 11 and a ratio around 0.1146, so your reported ratio and parameter specification differ from the target."
40,24,"You completed nearly all exercises with appropriate use of tidymodels, recipes, parsnip, rsample, and workflowsets, and your code is generally well structured. Most deductions are for small deviations from the specified process (e.g., missing strata in the split, not using the exact unnest pipeline in Q8, and not matching the exact final parameter values in Q10). Review the rubric’s required arguments and workflows to align your implementations more closely with the expected steps in future labs.",2,2,3,3,3,3,2,1,3,2,"You correctly used skimr on dat and stated there is no missing data, but the rubric requires using the pipe operator (dat |> skimr::skim()) in a single step without reloading dat or extra steps.","You set the seed, used initial_split, training, and testing, and created ames_train/ames_test with a 75% split, but you omitted the required strata = 'Sale_Price' argument in initial_split.","Your recipe uses the correct formula, log-transforms Sale_Price, pools Neighborhood with step_other, creates dummies, and normalizes numeric predictors; you then prep and examine with broom::tidy, matching the expected process and transformations.","All three models are specified correctly with linear_reg and rand_forest, appropriate engines (lm, glmnet, ranger), regression mode, and tunable parameters penalty/mixture and min_n/trees using tune::tune, which satisfies the rubric.","You applied parsnip::translate() to each of lm_mod_base, lm_mod_glmnet, and lm_mod_rforest, which is exactly what was required to inspect the model templates.","You set the seed and created train_resamples with rsample::bootstraps(ames_train), producing the expected bootstrap resampling object with default settings.","You correctly built all_workflows with workflow_set using the recipe and three models and then examined the info structure, but you used unnest_wider(info) instead of tidyr::unnest(info) as specified in the rubric.","You correctly used workflow_map and tuned the workflows, but instead of the required dplyr::select, tidyr::unnest, filter, group_by, arrange, and slice pipeline on the nested result/.metrics columns, you used collect_metrics and slice_min, so the process does not match the rubric.","You called workflowsets::rank_results(all_workflows, rank_metric = 'rmse', select_best = TRUE) as required; while you did not explicitly show the comparison, the core code matches the rubric.","You extracted the 'base_forest' workflow, obtained best parameters with extract_workflow_set_result and select_best, finalized the workflow, and fit on train/test; however, you did not explicitly set trees = 1 and min_n = 11 as in the rubric and your reported MSE ratio differs from the expected value."
41,24,"Most core tidymodels steps—recipes, model specifications, workflow sets, resampling, tuning, and ranking—are implemented correctly and show good understanding. The main issues are small deviations from the specified process (e.g., missing strata in the split, alternative summarization in Q8, and rebuilding the workflow in Q10) and one coding-practice concern (install.packages in a chunk). Tightening adherence to the requested workflows and arguments would bring this to full credit.",2,2,3,3,3,3,2,1,3,2,"You correctly used skimr::skim() on dat, but did not use the pipe operator as specified and reloaded dat inside the chunk. The conclusion about no missing data is present.","You set the seed, used rsample::initial_split(), training(), and testing(), and created ames_train/ames_test with a 75% split, but you omitted the required strata = 'Sale_Price' argument.","You created norm_recipe with the correct formula, applied log to Sale_Price, pooled Neighborhood, created dummies, and normalized numeric predictors, then prepped and examined it with broom::tidy(); this matches the expected process and transformations.","All three models (lm, glmnet, ranger) are specified with linear_reg/rand_forest, set_engine, set_mode, and use tune() for the correct parameters, satisfying the modeling requirements.","You applied parsnip::translate() to each of lm_mod_base, lm_mod_glmnet, and lm_mod_rforest, correctly showing the underlying model templates.","You set the seed and created train_resamples with rsample::bootstraps(ames_train), producing the expected bootstrap resampling object.","You correctly built all_workflows with workflow_set() using the recipe and three models and then unnested the info column. However, including install.packages('glmnet') inside the chunk is poor practice and would incur a small penalty.","You correctly used workflow_map() to tune and then summarized results with collect_metrics(), but this diverges from the requested unnest/select/filter/arrange/slice pipeline and uses mean instead of .estimate, so the process and output structure do not fully match the rubric.","You called workflowsets::rank_results(all_workflows, rank_metric = 'rmse', select_best = TRUE) as required; comparison to Q8 is implied even though not discussed in text.","You extracted the 'base_forest' workflow, obtained best parameters, finalized the workflow, and fit on train and test data, then computed and reported a test/train MSE ratio. However, you rebuilt a separate workflow instead of directly finalizing and fitting the extracted one, and the reported ratio differs from the expected approximate value."
42,24,"Most core tidymodels steps—recipes, model specifications, workflow sets, resampling, and tuning—are implemented correctly and show good understanding. The main issues are small deviations from the specified process (e.g., missing strata in the split, not following the exact unnesting pipeline in Q8, and rebuilding the final workflow in Q10) and leaving an install.packages() call in the workflow code. Tightening alignment with the requested workflows and removing installation code will bring this very close to full credit.",2,2,3,3,3,3,2,1,3,2,"You correctly used skimr::skim() on dat, but did not use the pipe operator as specified and reloaded dat inside the chunk. The conclusion about no missing data is present.","You set the seed and used initial_split(), training(), and testing() with a 0.75 prop, but omitted the required strata = 'Sale_Price' argument.","Recipe uses the correct formula, log-transforms Sale_Price, pools Neighborhood, creates dummies, and normalizes numeric predictors, then preps and inspects with broom::tidy(); this matches the expected process.","All three models are correctly specified with linear_reg and rand_forest, appropriate engines and modes, and tunable parameters using tune::tune() for glmnet and ranger.","You applied parsnip::translate() to each of lm_mod_base, lm_mod_glmnet, and lm_mod_rforest as required.","You set the seed and created train_resamples with rsample::bootstraps(ames_train), producing the expected bootstrap resampling object.","You correctly built all_workflows with workflow_set() and unnested the info column, but included an install.packages() call, which should be removed before submission.","You correctly used workflow_map() and extracted best rmse per workflow, but did not follow the requested unnest/select/filter/arrange/slice pipeline and used collect_metrics() with slice_min(mean) instead of arranging by .estimate.","You called workflowsets::rank_results(all_workflows, rank_metric = 'rmse', select_best = TRUE) as specified and indicated comparison to Q8.","You extracted and finalized the base_forest workflow and fit on train and test data, but you rebuilt a new workflow instead of directly using finalize_workflow’s result and did not use the specific parameter values from the provided solution."
43,24,"Most core tidymodels steps—recipes, model specifications, workflow sets, resampling, tuning, and ranking—are implemented correctly. The main issues are small deviations from the specified process (e.g., missing strata in the split, different unnesting workflow in Q8, and rebuilding the final workflow in Q10) and one in-chunk install. Tightening adherence to the requested workflows and avoiding install.packages() in solution code would bring this to full credit.",2,2,3,3,3,3,2,1,3,2,"You correctly used skimr::skim() on dat, but did not use the pipe operator from dat as specified. The conclusion about no missing data is present.","You set the seed and used initial_split(), training(), and testing(), but omitted the required strata = 'Sale_Price' argument. The 75%/25% split and variable names are otherwise correct.","You created norm_recipe with the correct formula, log-transformed Sale_Price, pooled Neighborhood, created dummies, and normalized numeric predictors, then prepped and examined it. This matches the expected recipe process.","All three parsnip models are specified correctly with linear_reg, rand_forest, set_engine, set_mode, and tunable parameters (penalty, mixture, min_n, trees) using tune(). This fully meets the modeling requirements.","You applied parsnip::translate() to each of lm_mod_base, lm_mod_glmnet, and lm_mod_rforest, which is exactly what was required to inspect the model templates.","You set the seed and created train_resamples with rsample::bootstraps(ames_train), producing the expected bootstrap resampling object.","You correctly built all_workflows with workflow_set() using the recipe and three models and then unnested the info column. However, including install.packages('glmnet') inside the chunk is poor practice and would incur a small penalty.","You correctly used workflow_map() and then summarized results, but you did not follow the requested unnesting workflow (select, unnest result, unnest .metrics, arrange by .estimate). Using collect_metrics() and slice_min(mean) deviates from the specified process and metric column.","You called workflowsets::rank_results(all_workflows, rank_metric = 'rmse', select_best = TRUE) as required. This matches the expected usage for comparing to Exercise 8.","You extracted the 'base_forest' workflow, obtained best parameters with select_best(), finalized the workflow, and fit on train and test data, then computed a test/train MSE ratio. However, you rebuilt a separate workflow instead of directly using the finalized one and did not match the specified parameter values or target ratio."
44,24,"Your lab shows solid understanding of tidymodels workflows, recipes, model specification, and resampling. Most exercises follow the intended structure, with only minor deviations (e.g., missing strata in the split, different summarization in Exercise 8, and some extra complexity in Exercise 10). To improve, align more closely with the requested pipelines and avoid unnecessary package installation calls inside analysis chunks.",2,2,3,3,3,3,2,1,3,2,"You correctly used skimr::skim() on dat, but did not use the pipe operator as specified and reloaded dat inside the chunk. The conclusion about no missing data is present.","You set the seed and used initial_split(), training(), and testing() with a 0.75 prop, but omitted the required strata = 'Sale_Price' argument. Train/test objects are correctly created.","Your recipe uses the correct formula, log-transforms Sale_Price, pools Neighborhood, creates dummies, and normalizes numeric predictors. You prep the recipe and inspect it with broom::tidy(), matching the intended process.","All three models are correctly specified with linear_reg and rand_forest, appropriate engines (lm, glmnet, ranger), regression mode, and tunable parameters using tune::tune(). This matches the rubric requirements.","You applied parsnip::translate() to each of the three model objects, which is exactly what was requested to inspect the engine-specific templates.","You set the seed and created train_resamples with rsample::bootstraps(ames_train), storing it in the correct variable. This follows the expected workflow and output structure.","You correctly built all_workflows with workflow_set() using the recipe and three models and then examined the info column via unnest_wider(). However, including install.packages() inside the chunk is discouraged and unnest_wider(info) is slightly different from the requested tidyr::unnest(info) call.","You correctly used workflow_map() to tune and then summarized results with collect_metrics(), but did not follow the specified unnesting pipeline (select, unnest result, unnest .metrics, arrange by .estimate). Also, you minimized by a 'mean' column instead of arranging by .estimate as described.","You called workflowsets::rank_results(all_workflows, rank_metric = 'rmse', select_best = TRUE) as required. While you did not explicitly describe the comparison, the core code matches the rubric.","You extracted the 'base_forest' workflow, obtained best parameters with select_best(), finalized the workflow, and fit on train and test data, then computed an MSE ratio. However, you rebuilt a new workflow instead of directly using the finalized one and did not use the specific parameter values from the solution, so the reported ratio will differ from the expected benchmark."
45,,"Error: Error code: 400 - {'error': {'message': ""We could not parse the JSON body of your request. (HINT: This likely means you aren't using your HTTP library correctly. The OpenAI API expects a JSON payload, but what was sent was not valid JSON. If you have trouble figuring out how to fix this, please contact us through our help center at help.openai.com.)"", 'type': 'invalid_request_error', 'param': None, 'code': None}}",,,,,,,,,,,,,,,,,,,,
46,24,"Most core tidymodels workflows, recipes, models, and workflowsets steps are implemented correctly, showing good understanding of the lab objectives. The main issues are missing stratification in the split, not following the exact unnesting workflow in Exercise 8, and some deviations from the specified best-model configuration. Cleaning out install.packages() calls and aligning more closely with the requested processes would further improve your submission.",2,2,3,3,3,3,2,1,3,2,"You correctly used skimr::skim() on dat, but did not use the pipe operator as specified and reloaded dat inside the chunk. The conclusion about no missing data is present.","You set the seed and used initial_split(), training(), and testing() with a 0.75 prop, but omitted the required strata = 'Sale_Price' argument.","Your recipe uses the correct formula, log-transforms Sale_Price, pools Neighborhood, creates dummies, and normalizes numeric predictors, then preps and inspects with broom::tidy(); this matches the expected process.","All three parsnip models are correctly specified with appropriate engines, regression mode, and tunable parameters (penalty/mixture for glmnet, min_n/trees for ranger).","You applied parsnip::translate() to each of the three model objects, which is exactly what was required.","You set the seed and created train_resamples with rsample::bootstraps(ames_train), producing the expected bootstrap resampling object.","You correctly built all_workflows with workflow_set() and unnested the info column, but included an install.packages() call in the chunk, which is discouraged and can cause execution issues.","You correctly used workflow_map() and tuned over resamples, but then used collect_metrics() and slice_min() instead of the requested sequence of select, unnest, filter, group_by, arrange, and slice on the nested result/.metrics columns.","You called workflowsets::rank_results(all_workflows, rank_metric = 'rmse', select_best = TRUE) as specified and indicated comparison to Exercise 8.","You extracted and finalized the base_forest workflow and fit to train/test data, but you did not explicitly use the specified trees = 1, min_n = 11 configuration and your reported MSE ratio differs from the expected benchmark."
47,24,"You implemented most of the required tidymodels workflow correctly, including recipes, model specifications, workflow sets, tuning, and ranking. The main issues are small deviations from the specified processes (e.g., missing strata in the split, different unnesting approach in Q8, and rebuilding the final workflow in Q10) and one unnecessary install.packages() call. Tightening adherence to the exact workflows described in the rubric and avoiding package installation inside analysis chunks will bring this to full credit.",2,2,3,3,3,3,2,1,3,2,"You correctly used skimr::skim() on dat, but did not use the pipe operator as specified and reloaded dat inside the chunk. The conclusion about no missing data is present.","You set the seed and used initial_split(), training(), and testing() with a 0.75 prop, but omitted the required strata = 'Sale_Price' argument, so the split process is slightly off the rubric.","Your recipe uses the correct formula, log-transforms Sale_Price, pools Neighborhood, creates dummies, and normalizes numeric predictors, then preps and inspects with broom::tidy(); this matches the required process and transformations.","All three parsnip models are specified correctly with linear_reg and rand_forest, appropriate engines (lm, glmnet, ranger), regression mode, and tunable penalty/mixture and min_n/trees parameters.","You applied parsnip::translate() to each of the three model objects, which is exactly what was required to inspect the underlying templates.","You set the seed and created train_resamples with rsample::bootstraps(ames_train), producing the expected bootstrap resampling object.","You correctly built all_workflows with workflow_set() using the recipe and three models and then examined the info structure, but including install.packages('glmnet') inside the chunk is poor practice and not needed per instructions.","You correctly used workflow_map() and tuned the workflows, but then relied on workflowsets::collect_metrics() and slice_min(mean) instead of unnesting result and .metrics and arranging by .estimate as specified, so the process does not follow the rubric.","You called workflowsets::rank_results(all_workflows, rank_metric = 'rmse', select_best = TRUE) as required; comparison to Q8 is implied even though not discussed in text.","You extracted and finalized the base_forest workflow and fit it on train and test data, but you rebuilt a separate workflow and recipe rather than directly finalizing and fitting the extracted workflow as described, and your reported MSE ratio differs from the expected benchmark."
48,24,"Your lab shows solid understanding of tidymodels workflows, recipes, model specification, and resampling, and most core steps are present and reasonable. The main issues are small deviations from the specified processes (e.g., missing strata in the split, different unnesting approach in Q8, and extra workflow rebuilding in Q10) and one in-chunk install. Tightening alignment with the requested code patterns and avoiding install.packages in solution chunks will help you fully meet the rubric next time.",2,2,3,3,3,3,2,1,3,2,"You correctly used skimr on dat and noted no missing data, but the rubric expected using the pipe operator (dat |> skimr::skim()) in a single step without reloading dat or extra objects.","You set the seed, used initial_split, training, and testing with a 0.75 prop, but you omitted the required strata = 'Sale_Price' argument in initial_split.","Your recipe uses the correct formula, log-transforms Sale_Price, pools Neighborhood, creates dummies, and normalizes numeric predictors; you then prep and examine it with broom::tidy, matching the expected workflow.","All three parsnip models are specified correctly with linear_reg and rand_forest, appropriate engines and regression mode, and penalty/mixture and min_n/trees set to tune(), satisfying the modeling requirements.","You applied parsnip::translate() to each of lm_mod_base, lm_mod_glmnet, and lm_mod_rforest, which matches the expected process and would show the three engine-specific templates.","You set the seed and created train_resamples with rsample::bootstraps(ames_train), producing the expected bootstrap resampling object from the training data.","You correctly built all_workflows with workflow_set using the recipe and three models and then examined the info structure, but including install.packages(""glmnet"") inside the chunk is poor practice and against the lab instructions.","You correctly used workflow_map and focused on rmse, but instead of unnesting result and .metrics with select/unnest/filter/arrange/slice as specified, you used collect_metrics and slice_min on a mean column, so the process and selection differ from the rubric.","You called workflowsets::rank_results(all_workflows, rank_metric = 'rmse', select_best = TRUE) as required; comparison to Q8 is implicit but the core code matches the expected workflow.","You extracted the base_forest workflow, obtained best parameters with extract_workflow_set_result/select_best, finalized the workflow, and fit to train and test data, but you rebuilt a separate workflow instead of directly fitting the finalized one and did not report the specific train/test MSE values or the expected ~12% ratio."
49,24,"Your lab shows solid understanding of tidymodels workflows, recipes, model specification, and resampling, and most core steps are present and reasonable. The main issues are missing stratification in the split, not following the exact unnesting workflow in Exercise 8, and some deviations from the prescribed finalization process in Exercise 10, plus an in-chunk install. Tightening those steps to match the rubric’s required functions and workflows would bring this to full credit.",2,2,3,3,3,3,2,1,3,2,"You correctly used skimr on dat and noted no missing data, but the rubric expected using the pipe operator (dat |> skimr::skim()) in a single step without reloading dat or attaching the package.","You set the seed, used initial_split, training, and testing with a 0.75 prop, but you omitted the required strata = 'Sale_Price' argument in initial_split.","Your recipe uses the correct formula, log-transforms Sale_Price, pools Neighborhood, creates dummies, and normalizes numeric predictors; you prep and examine it with broom::tidy, matching the intended process and transformations.","All three parsnip models are specified correctly with linear_reg, rand_forest, set_engine, set_mode, and tunable penalty/mixture and min_n/trees parameters as required.","You applied parsnip::translate() to each of lm_mod_base, lm_mod_glmnet, and lm_mod_rforest, which matches the expected workflow and will show the three engine-specific templates.","You set the seed and created train_resamples with rsample::bootstraps(ames_train), producing the expected bootstrap resampling object.","You correctly built all_workflows with workflow_set using the recipe and three models and then unnested the info column; however, including install.packages(""glmnet"") inside the chunk is poor practice per the instructions and merits a small penalty.","You correctly used workflow_map and tuned the workflows, but instead of unnesting result and .metrics with select/unnest/filter/arrange/slice as specified, you used collect_metrics and slice_min on a mean column, so the process and output structure do not follow the rubric.","You called workflowsets::rank_results(all_workflows, rank_metric = 'rmse', select_best = TRUE) as required; comparison to Q8 is implicit but the core code matches the rubric.","You extracted the base_forest workflow, obtained best parameters with select_best, finalized the workflow, and fit on train and test; however, you rebuilt a separate workflow with a slightly different recipe and did not explicitly use the specified trees = 1, min_n = 11, so the process deviates from the expected finalized workflow and target performance."
50,21,"Your lab shows solid understanding of tidymodels workflows, recipes, model specification, and resampling. Most core steps are present and correctly structured, with minor deviations from the exact rubric (e.g., missing strata in the split, different unnesting approach in Q8, and not using the specified best-parameter values in Q10). To improve, align more closely with the requested code patterns and arguments, and avoid including install.packages() calls in solution chunks.",2,2,3,3,3,3,2,1,3,2,"You correctly used skimr on dat and noted no missing data, but the rubric expected using the pipe operator (dat |> skimr::skim()) in a single step without reloading dat or extra objects.","You set the seed, used initial_split, training, and testing with a 0.75 prop, but omitted the required strata = 'Sale_Price' argument in initial_split.","Recipe uses the correct formula, log-transforms Sale_Price, pools Neighborhood, creates dummies, and normalizes numeric predictors; you also prep and inspect with broom::tidy, matching the expected workflow.","All three parsnip models are specified correctly with linear_reg and rand_forest, appropriate engines and regression mode, and penalty/mixture and min_n/trees set to tune().","You applied parsnip::translate() to each of the three model objects, which matches the required process to inspect engine-specific templates.","You set the seed and created train_resamples with rsample::bootstraps(ames_train), producing the expected bootstrap resampling object.","You correctly built all_workflows with workflow_set and unnested the info column, but including install.packages(""glmnet"") inside the chunk is discouraged and can cause grading issues.","You correctly used workflow_map and tuned over resamples, but instead of unnesting result and .metrics and arranging by .estimate as specified, you relied on collect_metrics() and slice_min(mean), which does not follow the requested workflow.","You called workflowsets::rank_results(all_workflows, rank_metric = 'rmse', select_best = TRUE) as required and indicated comparison to Exercise 8 results.","You extracted and finalized the base_forest workflow and fit on train and test data, but you did not hard-code the specified best parameters (trees = 1, min_n = 11) and your reported MSE ratio differs from the expected approximate value."
