Run,Total,OverallComment,Q1,Q2,Q3,Q4,Q5,Q6,Q7,Q8,Q9,Q10,Q1_feedback,Q2_feedback,Q3_feedback,Q4_feedback,Q5_feedback,Q6_feedback,Q7_feedback,Q8_feedback,Q9_feedback,Q10_feedback
1,18,"Most exercises are attempted with generally correct use of tidymodels, recipes, parsnip, workflowsets, and rsample. The main issues are deviations from the specified objects/arguments (e.g., using `ames` vs `dat`, omitting stratification, not following exact workflow_set and best-model IDs/parameters) and occasionally not matching the exact process requested (e.g., unnesting info, updating `all_workflows`). Focusing on adhering more closely to the provided skeleton and rubric specifications will help you earn full credit in future labs.",1,2,2,2,3,2,2,2,2,2,"You used skim() but on `ames` instead of the defined `dat` object, and did not use the pipe operator as specified; the missing-data conclusion is present but process and object choice do not match the rubric.","You correctly used set.seed() and initial_split()/training()/testing() with a 0.75 split, but omitted the required `strata = 'Sale_Price'` argument.","You created and prepped a recipe with log(Sale_Price), step_other, dummies, centering, and scaling, and examined it with broom::tidy(); however, you did not specify the log base explicitly and centered/scaled all predictors (including dummies) rather than only numeric predictors as in the expected process.","You defined three parsnip models and used tune() for glmnet and random forest, but did not set the mode for the first two models and used `tune()` without the `parsnip::` namespace, which may cause ambiguity; otherwise the structures are close to the expected ones.","You correctly called parsnip::translate() on each of the three model objects, matching the expected workflow and outputs.","You set the seed and created a bootstrap object from ames_train, but used the un-namespaced bootstraps() and changed the default number of resamples (times = 25) instead of using rsample::bootstraps() with defaults.","You built a workflow_set with the recipe and three models correctly, but did not unnest the `info` column as requested (you only selected it), so the structure examination step is incomplete.","You used workflow_map() and then unnested result and .metrics, filtered for rmse, grouped, arranged, and sliced, but you created a new `all_workflows_res` object instead of updating `all_workflows` and your code diverges from the provided skeleton (extra CV setup and different grid/metrics), though the core process is present.","You used rank_results() with rank_metric = 'rmse' and select_best = TRUE and compared results, but operated on `all_workflows_res` rather than `all_workflows` as specified; still, the intended comparison workflow is largely followed.","You extracted a ranger workflow, finalized it with chosen parameters, and fit/train-test models and computed an MSE ratio, but you did not extract the specified 'base_forest' workflow or use the given best parameters (trees = 1, min_n = 11), and your process is more complex than required."
2,20,"You completed all exercises and demonstrated a solid grasp of tidymodels workflows, recipes, and tuning. Most required functions and steps are present, but several details diverge from the rubric (e.g., correct data object, stratification, specific parameter settings, and operating on the prescribed objects). For future labs, pay close attention to the exact arguments, object names, and workflow steps requested, as grading is tied closely to those specifications.",1,2,2,2,3,2,2,2,2,2,"You used skim() but on `ames` instead of the defined `dat` object, and did not use the pipe operator as specified; the missing-data conclusion is stated. Use `dat |> skimr::skim()` next time.","You correctly used set.seed(), initial_split(), training(), and testing() with a 75% split, but omitted `strata = 'Sale_Price'`. Add the strata argument to match the rubric.","You created and prepped a recipe with log, other, dummy, center, and scale steps, and tidied it. However, you did not specify `base = exp(1)` in step_log and centered/scaled all predictors (including dummies) rather than just numeric predictors.","You defined three parsnip models and used tune() for penalty/mixture and min_n/trees, but did not set mode = 'regression' for the first two models and used unqualified tune() instead of parsnip::tune(). Ensure all three models have explicit regression mode and fully qualified tuning calls.","You correctly called parsnip::translate() on each of the three model objects, which would display the underlying engine-specific templates.","You set the seed and created a bootstrap object from ames_train, but did not namespace bootstraps() with rsample:: and changed the default resample count by specifying times = 25. Use `rsample::bootstraps(ames_train)` with defaults.","You built a workflow_set with the recipe and three models and inspected wflow_id and info, but did not unnest the info column as requested. Use `tidyr::unnest(info)` to fully examine the workflow structure.","You correctly mapped tuning over the workflow set, unnested result and .metrics, filtered for rmse, grouped, arranged, and sliced. However, you rebuilt the workflows and used a different resampling setup and object name (`all_workflows_res`) instead of operating directly on the tuned `all_workflows` as specified.","You used rank_results() with rank_metric = 'rmse' and select_best = TRUE and compared results, but applied it to `all_workflows_res` rather than `all_workflows` as in the rubric. Keep the object naming consistent with earlier steps.","You extracted a ranger workflow, finalized it with chosen parameters, fit on train and test data, and computed an MSE ratio. However, the workflow id ('base_ranger') and parameter values differ from the specified best model (base_forest with trees = 1, min_n = 11), so the process does not match the expected solution."
3,18,"You completed all exercises and demonstrated a solid grasp of recipes, parsnip models, workflowsets, and tuning. Most tasks follow the intended workflow, but several details diverge from the rubric (e.g., missing stratification, different workflow ids/parameters, not unnested info, and some namespace/base specifications). For future labs, focus on matching the exact objects, arguments, and steps requested in the instructions while keeping your code minimal and aligned with the provided templates.",1,2,2,2,3,2,2,2,2,2,"You used skim() but on `ames` instead of the defined `dat` object, and did not use the pipe operator as specified; also the rubric expects piping `dat |> skimr::skim()` and explicit mention of no missing data.","You correctly used set.seed(), initial_split(), training(), and testing(), but omitted `strata = 'Sale_Price'`, so the split does not fully match the required stratified 75% training process.","You created the correct recipe with log(Sale_Price), step_other, dummies, centering, and scaling, and prepped it, but did not specify the log base explicitly (base = exp(1)) and centered/scaled all predictors rather than just numeric predictors as in the rubric.","You defined three parsnip models with appropriate engines and tuning parameters, but did not explicitly set the mode for the glmnet model and used `tune()` without the parsnip:: prefix; otherwise the structure is close to the expected process.","You correctly called parsnip::translate() on each of the three model objects, matching the expected workflow and outputs.","You set the seed and used bootstraps() on ames_train, but did not namespace rsample::bootstraps and changed the default resample count by specifying times = 25 instead of using default parameters.","You rebuilt an appropriate unprepped recipe, defined three models, and created a workflow_set, but the model names differ from the template (lm/glmnet/ranger vs base/glmnet/forest) and you did not unnest the info column as requested, only selected it.","You correctly used workflow_map(), unnested result and .metrics, filtered for rmse, grouped by wflow_id, arranged by .estimate, and sliced the top row; however, you rebuilt workflows and used a different object (`all_workflows_res`) and CV setup than the provided all_workflows/bootstraps process.","You used workflowsets::rank_results() with rank_metric = 'rmse' and select_best = TRUE and compared results, but applied it to `all_workflows_res` instead of the original all_workflows object and added extra, unnecessary complexity.","You extracted a ranger workflow, finalized it with chosen parameters, and fit/train-test models and computed an MSE ratio, but the workflow id ('base_ranger') and parameter values differ from the specified 'base_forest' with trees = 1, min_n = 11, so the process and expected ratio do not fully match the rubric."
4,19,"You completed all exercises and demonstrated a solid grasp of recipes, parsnip models, workflowsets, and tuning. Most required functions and workflows are present, but several steps deviate from the specified process (e.g., missing stratification, not unnesting info, rebuilding objects, and differing best-model choices). For future labs, focus on following the exact instructions and object names in the rubric, and keep your code minimal and directly tied to the requested workflow.",1,2,3,2,3,2,2,2,2,2,"You used skim() correctly, but it is applied to `ames` instead of the defined `dat` object and does not use the pipe as specified; the written conclusion about no missing data is present.","You correctly used set.seed(), initial_split(), training(), and testing() with a 75% split, but you omitted the required `strata = 'Sale_Price'` argument.","Your recipe uses the correct formula, applies log to Sale_Price, pools Neighborhood, creates dummies, centers and scales predictors, and you prep and examine it with broom::tidy(); this matches the expected process.","You defined three parsnip models with appropriate engines and tuning parameters, but you did not explicitly set the mode for the glmnet model and used bare `tune()` instead of `parsnip::tune()`.","You correctly called parsnip::translate() on each of the three model objects, which is exactly what was required.","You set the seed and created a bootstrap object from ames_train, but you did not namespace bootstraps() with rsample:: and changed the default parameters (times = 25) instead of using defaults.","You created a workflow_set with the recipe and three models correctly, but you only selected the info column instead of unnesting it to show the full workflow structure as requested.","You correctly mapped tuning over the workflow set and then unnested .metrics, filtered for rmse, grouped by wflow_id, and arranged/sliced; however, you rebuilt the workflows and used a different resampling/tuning setup than specified, and your final pipeline operates on `all_workflows_res` rather than the updated `all_workflows` object.","You used rank_results() with rank_metric = 'rmse' and select_best = TRUE and compared results, but you applied it to `all_workflows_res` instead of the rubric’s `all_workflows` object and added extra, unnecessary complexity.","You extracted and finalized a ranger workflow and fit it on train and test data, computing and reporting an MSE ratio; however, the workflow id differs from the expected 'base_forest', the best parameters do not match the rubric, and the reported ratio is not the target value."
5,21,"Most exercises are attempted with generally correct use of tidymodels, recipes, parsnip, workflowsets, and rsample. The main issues are small deviations from the specified objects (e.g., using `ames` vs `dat`), missing or altered arguments (like `strata` in the split and default bootstrap settings), and not always following the exact workflow the rubric describes. Tightening adherence to the given process (object names, arguments, and sequence) will help you earn full credit in future labs.",1,2,3,2,3,2,2,2,2,2,"You used skim() but on `ames` instead of the defined `dat` object, and did not use the pipe operator as specified; the missing-data conclusion is present but process and object name don’t match the rubric.","You correctly used set.seed() and initial_split()/training()/testing() with a 0.75 split, but you omitted `strata = 'Sale_Price'`, so the split does not fully follow the specified process.","Recipe uses the correct formula, applies log to Sale_Price, pools Neighborhood, creates dummies, and then centers/scales predictors, and you prep and inspect with broom::tidy(); this matches the required transformations even though the order differs slightly from the example.","You correctly specified three parsnip models and tuned the right parameters, but you did not set the mode for the glmnet model, and you used bare `tune()` instead of `parsnip::tune()`, which is slightly off the expected fully-qualified usage.","You applied parsnip::translate() to each of the three model objects as required, so the workflow and function usage are correct.","You set the seed and created a bootstrap object from `ames_train`, but you did not namespace bootstraps() with rsample:: and changed the default parameters (times = 25) instead of using the default settings.","You created a workflow_set with the recipe and three models correctly, but you did not unnest the `info` column as requested; you only selected it, so the structure examination step is incomplete.","You correctly unnested `result` and `.metrics`, filtered for rmse, grouped, arranged, and sliced, but you rebuilt the workflows and used `all_workflows_res` instead of the updated `all_workflows` object from workflow_map, so the process deviates from the specified pipeline.","You used rank_results() with `rank_metric = 'rmse'` and effectively compared results, but you applied it to `all_workflows_res` rather than directly to `all_workflows` as described in the rubric.","You extracted a ranger workflow, finalized it with chosen parameters, and fit/train-test models and computed an MSE ratio, but the workflow ID differs from the expected 'base_forest' and the parameters/ratio do not match the specified best model configuration."
6,18,"You completed all exercises and demonstrated a generally correct use of tidymodels, workflowsets, and resampling. Most tasks follow the intended workflow, but several details diverge from the rubric (e.g., specific objects, stratification, parameter choices, and some required unnesting/updates). Review the solution template to align more closely with the specified processes and arguments, especially for splitting, recipe steps, workflow_set inspection, and final model selection.",1,2,2,2,3,2,2,2,2,2,"You used skim() but on `ames` instead of the defined `dat` object, and did not use the pipe operator as specified; the missing-data conclusion is present but process and object name don’t match the rubric.","You correctly used set.seed() and initial_split/training/testing with a 75% split, but omitted `strata = 'Sale_Price'`, so the split process is not fully as specified.","You created and prepped a recipe with log, other, dummy, center, and scale steps, but did not specify the log base explicitly and centered/scaled all predictors (including dummies) rather than only numeric predictors as in the rubric.","You defined three parsnip models with appropriate engines and tuning parameters, but did not explicitly set the mode for the lm and glmnet models, and used `tune()` without the parsnip:: namespace as expected in the rubric.","You correctly called parsnip::translate() on each of the three model objects, which matches the required workflow and should yield the appropriate templates.","You set the seed and created bootstrap resamples on ames_train, but used the un-namespaced bootstraps() and changed the default number of resamples (times = 25) instead of using the default settings.","You built a workflow_set with the recipe and three models correctly, but did not unnest the `info` column as requested; instead you only selected it, so the structure examination step is incomplete.","You used workflow_map and then unnested `.metrics`, filtered for rmse, grouped, arranged, and sliced, but you created a new `all_workflows_res` object instead of updating `all_workflows`, and your code diverges from the specified sequence and parameters (different resamples/grid).","You called rank_results() with the correct arguments and compared results, but operated on `all_workflows_res` rather than `all_workflows` as in the rubric, and added extra complexity beyond the expected simple comparison.","You extracted a ranger workflow, finalized it with chosen parameters, and fit/train-test to compute an MSE ratio, but the workflow ID and parameters do not match the specified 'base_forest' with trees = 1 and min_n = 11, and your reported ratio differs from the expected value."
7,18,"You completed all exercises and demonstrated a solid grasp of tidymodels workflows, recipes, models, and resampling. Most tasks follow the intended structure, but several details diverge from the rubric (e.g., specific arguments, objects, and unnesting steps). Review the instructions for using the exact data objects, stratification, and workflow/result objects, and ensure you follow the specified process closely in future labs.",1,2,2,2,3,2,2,2,2,2,"You used skim() but on `ames` instead of the defined `dat` object, and did not use the pipe operator as specified; the missing-data conclusion is present but process and object choice do not match the rubric.","You correctly used set.seed(), initial_split(), training(), and testing() with a 0.75 split, but omitted the required `strata = 'Sale_Price'` argument.","You created and prepped a recipe with log(Sale_Price), step_other, dummies, centering, and scaling, and examined it with broom::tidy(); however, you did not specify `base = exp(1)` in step_log and centered/scaled all predictors (including dummies) rather than just numeric predictors.","You defined three parsnip models with appropriate engines and tuning parameters, but did not explicitly set the mode for the glmnet model and used `tune()` without the parsnip:: namespace as in the rubric.","You correctly applied parsnip::translate() to each of the three model objects, matching the expected workflow and outputs.","You set the seed and created a bootstrap object from ames_train, but did not use the fully qualified rsample::bootstraps() and changed the default resample count by specifying `times = 25`.","You built a workflow_set with the recipe and three models correctly, but did not unnest the `info` column as requested and only selected it, so the structure examination step is incomplete.","You used workflow_map() and then unnested `.metrics`, filtered for rmse, grouped, arranged, and sliced as required, but you rebuilt the workflows and used a separate `all_workflows_res` object and vfold_cv instead of operating directly on the tuned `all_workflows` from the provided code.","You called rank_results() with the correct arguments and compared results, but did so on `all_workflows_res` rather than the `all_workflows` object specified in the rubric.","You extracted a ranger workflow, finalized it with chosen parameters, fit on train and test data, and computed a test/train MSE ratio; however, the workflow ID and best parameters differ from the specified 'base_forest' with trees = 1 and min_n = 11, so the final configuration and reported ratio do not match the expected solution."
8,20,"You completed all exercises and demonstrated a solid grasp of tidymodels workflows, recipes, models, and tuning. Most deductions are for not following the exact objects, arguments, or processes specified in the rubric (e.g., using `dat`, stratification, specific workflow IDs/parameters, and unnesting behavior). For future labs, focus on matching the required function calls, arguments, and object names exactly, even if your alternative approach is reasonable.",1,2,2,2,3,2,2,2,2,2,"You used skim() correctly, but on `ames` instead of the defined `dat` object and without the pipe; process and object naming don’t match the instructions.","You correctly used set.seed(), initial_split(), training(), and testing() with a 0.75 split, but you omitted `strata = 'Sale_Price'`, so the split is not stratified as required.","You created the correct recipe with log(Sale_Price), step_other, dummies, centering, and scaling, and prepped it; however, you did not specify `base = exp(1)` and you centered/scaled all predictors (including dummies) rather than just numeric predictors.","You defined three parsnip models and used tune() for penalty/mixture and min_n/trees, but you did not set the mode for the first two models and used bare `tune()` instead of `parsnip::tune()`.","You correctly called parsnip::translate() on each of the three model objects, matching the expected workflow.","You set the seed and created a bootstrap object from ames_train, but you did not namespace bootstraps() with rsample:: and changed the default resample count by specifying times = 25.","You built a workflow_set with the recipe and three models correctly, but you only selected the info column instead of unnesting it to show the full workflow structure.","You correctly mapped tuning over the workflow set and then unnested result and .metrics, filtered for rmse, grouped, arranged, and sliced; however, you rebuilt a separate workflow set (`all_workflows_res`) instead of using the tuned `all_workflows` object as specified.","You used rank_results() with rank_metric = 'rmse' and select_best = TRUE and compared results, but you applied it to `all_workflows_res` rather than the `all_workflows` object described in the instructions.","You extracted a ranger workflow, finalized it with chosen parameters, and fit/train-test models and computed an MSE ratio; however, the workflow ID and parameter values do not match the specified 'base_forest' with trees = 1 and min_n = 11, and your process is more complex than required."
9,18,"You completed all exercises and demonstrated a solid grasp of tidymodels workflows, recipes, models, and workflowsets. Most required functions and steps are present, but several details diverge from the rubric (e.g., specific arguments, object names, and exact processes), which cost points. For future labs, focus on matching the specified objects, arguments (like strata, base, and default parameters), and exact workflows more closely to the instructions.",1,2,2,2,3,2,2,2,2,2,"You used skim() but on `ames` instead of the defined `dat` object, and did not use the pipe operator as specified; the missing-data conclusion is present but process and object name don’t match the rubric.","You correctly used set.seed(), initial_split(), training(), and testing() with a 0.75 prop, but omitted `strata = 'Sale_Price'`; this hurts process fidelity and expected split specification.","You created the correct recipe with the right formula and included log, other, dummy, center, and scale steps, then prepped and tidied it; however, you did not specify `base = exp(1)` in step_log and centered/scaled all predictors (including dummies) rather than just numeric predictors.","You defined three parsnip models with appropriate engines and tuning parameters, but did not explicitly set mode = 'regression' for the lm and glmnet models, and used `tune()` without the parsnip:: prefix, which slightly departs from the expected process.","You correctly called parsnip::translate() on each of the three model objects, matching the expected workflow and outputs.","You set the seed and created a bootstrap object from ames_train, but used `bootstraps(ames_train, times = 25)` instead of the default parameters and omitted the rsample:: prefix, so the process does not exactly match the rubric.","You built a workflow_set with the specified recipe and three models and showed its structure, but did not unnest the info column as requested and used different model object names than in earlier exercises, which slightly breaks process consistency.","You correctly mapped tuning over the workflow set and then unnested result and .metrics, filtered for rmse, grouped, arranged, and sliced; however, you rebuilt the recipe/models/workflow set instead of using the existing `all_workflows`, and used a different resampling scheme than specified.","You used rank_results() with rank_metric = 'rmse' and select_best = TRUE and compared results, but wrapped this in additional custom comparison code rather than the simpler direct call expected; core functionality is present but process is more convoluted than needed.","You extracted a ranger workflow, finalized it with chosen parameters, and fit and evaluated on train and test data with an explicit MSE ratio; however, the workflow id and best parameters differ from the provided solution (base_forest, trees = 1, min_n = 11), so the final model and ratio do not match the expected answer."
10,18,"You completed all exercises and demonstrated a solid grasp of tidymodels workflows, recipes, and workflowsets. Most required functions and steps are present, but several details diverge from the rubric (e.g., object names, strata argument, specific parameter settings, and some selectors). Review the solution file to align your code more closely with the specified processes and arguments, especially around data splitting, recipe steps, and final model selection.",1,2,2,2,3,2,2,2,2,2,"You used skim() but on `ames` instead of the defined `dat` object, and did not use the pipe operator as specified; the missing-data conclusion is stated. Fix the object name and use `dat |> skimr::skim()` in one step.","You correctly used set.seed(), initial_split(), training(), and testing(), and created ames_train/ames_test with a 0.75 split, but you omitted `strata = 'Sale_Price'`. Add the strata argument to match the rubric.","You created the recipe with the correct formula, applied log to Sale_Price, pooled Neighborhood, created dummies, and centered/scaled predictors, then prepped and tidied. However, you did not specify `base = exp(1)` in step_log and centered/scaled all predictors (including the outcome) rather than only numeric predictors; adjust selectors and base argument.","You defined three parsnip models and used tune() for the appropriate parameters, and set the ranger mode to regression. However, you did not set `set_mode('regression')` for the lm and glmnet models, and you used bare `tune()` instead of `parsnip::tune()`. Add explicit modes and namespace for full credit.","You correctly called parsnip::translate() on each of the three model objects, which will display the underlying engine-specific templates.","You set the seed and created a bootstrap resampling object from ames_train, but you did not namespace bootstraps() with rsample:: as required. Use `rsample::bootstraps(ames_train)` to fully match the rubric.","You built a workflow_set with the recipe and three models correctly, but you only selected the info column instead of unnesting it to inspect its contents. Replace the select with `tidyr::unnest(info)` to show the full workflow structure.","You correctly mapped tuning over the workflow set, unnested result and .metrics, filtered for rmse, grouped by wflow_id, arranged by .estimate, and sliced the top row. However, you created a new `all_workflows_res` instead of updating `all_workflows` as specified, and your code diverges from the provided workflow_map call; align object names and workflow_map usage with the instructions.","You used workflowsets::rank_results() with `rank_metric = 'rmse'` and `select_best = TRUE` and compared results, but you applied it to `all_workflows_res` instead of `all_workflows` as in the rubric. Use the same object as in Exercise 8 for consistency.","You extracted a ranger workflow, finalized it with chosen parameters, then later re-derived the best workflow and parameters, fit on train and test data, and computed the MSE ratio. However, the workflow id and parameters do not match the specified 'base_forest' with trees = 1 and min_n = 11, and your reported ratio differs from the expected value; align the selected workflow and parameters with the lab solution."
11,19,"You completed all exercises with generally appropriate use of tidymodels, recipes, parsnip, rsample, and workflowsets. Most core workflows are present, but several steps diverge from the specified process (e.g., missing stratification, not using the prescribed objects, or not matching the exact workflow/parameters in later exercises). To improve, align more closely with the given variable names, arguments, and object flows in the instructions, and avoid redefining objects in different ways across exercises.",1,2,3,2,3,2,2,2,2,2,"You called skim() but on `ames` instead of the defined `dat` object, and did not use the pipe operator; process and object choice don’t match the rubric.","You correctly used set.seed() and initial_split()/training()/testing(), but omitted `strata = 'Sale_Price'`, so the split is not stratified as required.","Recipe uses the correct formula, log-transforms Sale_Price, pools Neighborhood, creates dummies, centers and scales predictors, and is prepped and examined with broom::tidy(); this matches the expected process.","You correctly specified lm, glmnet, and ranger models with appropriate tunable parameters, but did not explicitly set `mode = 'regression'` for the first two models as in the rubric.","parsnip::translate() is applied to each of the three model objects, which is exactly what was requested.","You set the seed and created a bootstrap object from ames_train, but did not use the fully qualified rsample::bootstraps() and changed defaults by specifying `times = 25` and extra inspection code.","You correctly built a workflow_set with the recipe and three models, but only selected the info column instead of unnesting it to show the full workflow structure as required.","Your code correctly unnests result and .metrics, filters for rmse, groups, arranges, and slices, but it rebuilds workflows and uses `all_workflows_res` instead of the tuned `all_workflows` object specified in the prompt.","You used rank_results() with the correct arguments and compared results, but applied it to `all_workflows_res` rather than the `all_workflows` object from Exercise 8, adding extra, unnecessary complexity.","You extracted and finalized a ranger workflow and compared train/test performance with an MSE ratio, but used a different workflow id and parameters than specified (not `base_forest` with trees = 1, min_n = 11), so the process and expected output don’t fully match the rubric."
12,18,"You completed all exercises and generally followed the tidymodels workflow, including recipes, models, workflowsets, tuning, and evaluation. Most deductions are for not matching specific rubric details (e.g., using `dat`, adding `strata`, exact workflow ids, and parameter choices) rather than for major conceptual errors. For future labs, pay close attention to the exact objects, arguments, and steps requested in the instructions and rubric to secure full credit.",1,2,2,2,3,2,2,2,2,2,"You used skimr::skim, but on `ames` instead of the defined `dat` object and without the pipe operator; also the rubric expects piping `dat |> skimr::skim()` and an explicit statement about no missing data based on that output.","You correctly used set.seed and rsample::initial_split/training/testing with 75% split, but you omitted `strata = 'Sale_Price'`, which was required for full credit.","Your recipe uses the correct formula, log-transforms Sale_Price, pools Neighborhood, creates dummies, and then centers/scales predictors and preps the recipe; however, you did not specify the log base explicitly and centered/scaled all predictors (including the outcome) rather than only numeric predictors as in the rubric.","You defined three models with appropriate engines and tuning parameters, but you did not explicitly set the mode for the lm and glmnet models and used bare `tune()` instead of `parsnip::tune()`, which is less explicit than expected in the rubric.","You correctly called parsnip::translate() on each of the three model objects, which matches the expected workflow and would display the three engine-specific templates.","You set the seed and created bootstrap samples from `ames_train`, but you did not namespace `bootstraps()` with rsample:: and you changed the default resample count by specifying `times = 25` instead of using the default.","You created a workflow_set with the base recipe and three models and inspected wflow_id and info, but you did not unnest the info column as requested and your model object names differ from those specified in the rubric (e.g., glmnet_mod vs lm_mod_glmnet).","You correctly unnested `result` and `.metrics`, filtered for rmse, grouped by wflow_id, arranged by .estimate, and sliced the top row, but you rebuilt the workflows and used a separate `all_workflows_res` object instead of updating `all_workflows` as in the prompt, and your pipeline includes extra steps beyond what was asked.","You used workflowsets::rank_results with `rank_metric = 'rmse'` and `select_best = TRUE` and compared results, but you applied it to `all_workflows_res` rather than directly to `all_workflows` as specified in the rubric.","You extracted a ranger workflow, finalized it with chosen parameters, and fit it on train and test data with an MSE ratio, but the workflow id does not match the expected 'base_forest', the best parameters differ from the solution, and the reported MSE ratio is not close to the target value in the rubric."
13,19,"You implemented most of the required tidymodels workflow components, including recipes, models, workflow sets, tuning, and evaluation. The main issues are small deviations from the specified processes (e.g., object names, missing stratification, not unnested info, differing tuning setups and best-model choices). Tightening alignment with the instructions and using the exact arguments and functions requested will help you earn full credit on future labs.",1,2,3,2,3,2,2,2,2,2,"You called skim() but on `ames` instead of the defined `dat` object, and did not use the pipe operator; process and object name should match the instructions.","You correctly used set.seed(), initial_split(), training(), and testing() with a 0.75 prop, but omitted `strata = 'Sale_Price'` so the split is not stratified as required.","Recipe uses the correct formula, log-transforms Sale_Price, pools Neighborhood, creates dummies, and then centers/scales predictors; prep() and broom::tidy() are used appropriately.","You correctly specified the three parsnip models and tuned parameters, but did not explicitly set mode = 'regression' for the lm and glmnet models as in the expected workflow.","parsnip::translate() is correctly applied to each of the three model objects, which matches the required process.","You set the seed and created bootstrap resamples of ames_train, but did not namespace bootstraps() with rsample:: and changed defaults (times = 25) instead of using the default parameters.","You correctly built a workflow_set with the recipe and three models, but did not unnest the info column as requested; you only selected it without using tidyr::unnest().","Your code correctly unnests result and .metrics, filters for rmse, groups by wflow_id, arranges by .estimate, and slices the top row, but it rebuilds workflows and uses a different resampling/tuning setup than the provided workflow_map call.","You used rank_results() with rank_metric = 'rmse' and select_best = TRUE, but wrapped it in additional custom comparison code rather than simply running the specified call and directly comparing to Q8.","You extracted a ranger workflow, finalized it with tuned parameters, and fit/train-test to compute an MSE ratio, but the workflow id and best parameters differ from the specified 'base_forest' with trees = 1 and min_n = 11, so the final model and ratio do not match the expected solution."
14,18,"Most exercises are attempted with generally correct use of tidymodels, recipes, parsnip, workflowsets, and rsample. The main deductions are for not following some rubric-specific details (e.g., using `dat`, adding `strata`, exact preprocessing choices, and prescribed workflow objects/parameters) and for occasionally rebuilding objects instead of reusing earlier ones. Tightening alignment with the provided template and rubric instructions would bring this close to full credit.",1,2,2,2,3,2,2,2,2,2,"You used skimr::skim, but on `ames` instead of the defined `dat` object and without the pipe; also the rubric expects piping `dat |> skimr::skim()` and an explicit note about no missing data based on that output.","You correctly used set.seed and rsample::initial_split/training/testing with 75% split, but you omitted `strata = 'Sale_Price'`, which is required for full credit.","You created the correct recipe with log(Sale_Price), step_other, dummies, centering, and scaling, and prepped it then tidied; however, the rubric expects centering/scaling of numeric predictors (not all predictors) and explicitly setting base = exp(1) in step_log.","You defined three appropriate parsnip models and used tune() for the right parameters, but you did not explicitly set the mode for the lm and glmnet models, which is part of the expected workflow.","You correctly called parsnip::translate() on each of the three model objects, matching the expected process.","You set the seed and created bootstrap resamples from ames_train, but you did not namespace rsample::bootstraps and you changed the defaults by specifying times = 25 instead of using the default parameters.","You built a workflow_set with the recipe and three models correctly, but you only selected the info column instead of unnesting it with tidyr::unnest(info) as required to examine the workflow structure.","You correctly unnested result and .metrics, filtered for rmse, grouped by wflow_id, arranged, and sliced, but you rebuilt recipes/models/workflows instead of using the existing `all_workflows` and did not follow the exact select/unnest chain specified in the template.","You used workflowsets::rank_results with rank_metric = 'rmse' and select_best = TRUE and compared results, but you applied it to `all_workflows_res` rather than the rubric’s `all_workflows` object and added extra, unnecessary complexity.","You extracted a ranger workflow, finalized it with chosen parameters, and fit/train-test to compute an MSE ratio, but the workflow ID and parameters differ from the specified 'base_forest' with trees = 1, min_n = 11, and the reported ratio does not match the expected approximate value."
15,19,"You completed all exercises and demonstrated a solid grasp of recipes, parsnip models, workflowsets, and tuning. Most core steps are present and logically structured, but several answers diverge from the exact objects, arguments, or process specified in the rubric (e.g., stratification, using `dat`, unnesting info, and specific workflow IDs/parameters). For future labs, align more closely with the provided instructions and object names, and avoid redefining earlier objects unless necessary.",1,2,3,2,3,2,2,2,2,2,"You called skim() but on `ames` instead of the defined `dat` object, and you did not use the pipe `|>` as required. The missing-data conclusion is stated, but process and object choice do not follow the rubric.","You correctly used set.seed() and initial_split() with training/testing extraction, but you omitted `strata = 'Sale_Price'`. This meets most process requirements but not the specified stratified split.","Your recipe uses the correct formula, log-transforms Sale_Price, pools Neighborhood, creates dummies, centers and scales predictors, and then preps and tidies the recipe. The order is acceptable and matches the intended transformations.","You correctly specified the three parsnip models and used tune() for the appropriate parameters, but you did not explicitly set `set_mode('regression')` for the first two models as in the rubric’s expected process.","You applied parsnip::translate() to each of the three model objects, which is exactly what was requested to inspect the underlying templates.","You set the seed and created bootstrap resamples from `ames_train`, but you did not namespace rsample::bootstraps() and changed the default parameters (times = 25) instead of using the default settings.","You correctly built a workflow_set with one recipe and three models and inspected the wflow_id/info columns, but you did not unnest the `info` column as requested to show the full workflow structure.","You performed workflow_map(), unnested `result` and `.metrics`, filtered for rmse, grouped, arranged, and sliced, which matches the intended workflow. However, you rebuilt the recipe/models/workflow set instead of using the existing `all_workflows`, and you introduced an extra object `all_workflows_res`, deviating from the specified process.","You used workflowsets::rank_results() with `rank_metric = 'rmse'` and effectively compared results, but you called it on `all_workflows_res` instead of `all_workflows` as specified in the rubric.","You extracted a ranger workflow, finalized it with chosen parameters, and then in a later chunk re-identified and finalized the best workflow and compared train/test performance with an MSE ratio. The overall workflow is correct, but you did not use the specified `base_forest` id or the given best parameters (trees = 1, min_n = 11), and your reported ratio differs from the expected value."
16,18,"You completed all exercises with generally correct use of tidymodels, recipes, parsnip, workflowsets, and rsample. Most deductions are for not following the exact objects, arguments, or workflows specified in the rubric (e.g., using `dat`, stratification, default bootstrap settings, and operating directly on `all_workflows`). Review the provided solution template and rubric to align your code more closely with the expected processes in future labs.",1,2,2,2,3,2,2,2,2,2,"You used skimr::skim, but on `ames` instead of the defined `dat` object and without the pipe; this breaks the required workflow and likely code execution.","You correctly used set.seed and initial_split/training/testing with 75% split, but omitted `strata = 'Sale_Price'`, so the split is not stratified as required.","You created the correct recipe with log(Sale_Price), step_other, dummies, centering, and scaling, and prepped/tidied it; however, you did not specify `base = exp(1)` and centered/scaled all predictors (including the outcome) rather than only numeric predictors.","All three models are defined with appropriate engines and tuning parameters, but you did not explicitly set `set_mode('regression')` for the lm and glmnet models, which is expected in the rubric.","You correctly called parsnip::translate() on each of the three model objects, satisfying the required process and outputs.","You set the seed and created bootstrap resamples on `ames_train`, but used `bootstraps(ames_train, times = 25)` instead of the default parameters requested.","You correctly built a workflow_set with the base recipe and three models, but you only selected the info column instead of unnesting it to show the workflow structure as required.","You performed workflow_map, unnested `result` and `.metrics`, filtered for rmse, grouped, arranged, and sliced; however, you rebuilt the workflows and used a different resampling setup (`vfold_cv` and `all_workflows_res`) instead of operating directly on the tuned `all_workflows` object as specified.","You used workflowsets::rank_results with `rank_metric = 'rmse'` and `select_best = TRUE` on `all_workflows_res`, but the rubric expects this to be applied directly to `all_workflows`; the comparison step is present in comments.","You extracted and finalized a ranger workflow and fit it on train/test data, computing an MSE ratio; however, the workflow ID and best parameters differ from the specified 'base_forest' with trees = 1, min_n = 11, and your reported ratio does not match the expected value."
17,18,"You completed all exercises and generally followed the tidymodels workflow, including recipes, models, workflowsets, tuning, and evaluation. Most deductions are for not strictly following the specified objects, arguments (e.g., strata, base for log, default bootstrap settings), or IDs, and for some minor deviations from the expected process. Tightening alignment with the provided patterns and being consistent with object reuse would bring this very close to full credit.",1,2,2,2,3,2,2,2,2,2,"You used skimr::skim, but on `ames` instead of the defined `dat` object and without the pipe; also the rubric expects piping `dat |> skimr::skim()` and an explicit statement about no missing data based on that output.","You correctly used set.seed and initial_split/training/testing with 75% training, but you omitted `strata = 'Sale_Price'` in initial_split, which is required by the rubric.","You created a recipe with the correct formula, applied log to Sale_Price, pooled Neighborhood, created dummies, and centered/scaled predictors, then prepped and tidied it. However, the rubric expects centering and scaling of numeric predictors (not all predictors) and explicitly specifying the log base as exp(1).","You defined three parsnip models with appropriate engines and tuning parameters, but you did not set the mode for the lm and glmnet models, and the glmnet model uses `mixture = tune()` per rubric (you used `mixture = tune()` but without `parsnip::` and without set_mode). Ensure all three models have `set_mode('regression')` and use `parsnip::tune()` explicitly.","You correctly called parsnip::translate() on each of the three model objects, which matches the expected workflow and should display the three engine-specific templates.","You set the seed and created bootstrap resamples from `ames_train`, but you did not namespace `bootstraps()` with rsample and you changed the default parameters (specified `times = 25`) instead of using the default settings as requested.","You rebuilt an unprepped recipe, defined three models, and created a workflow_set with them; however, the rubric expects using the earlier recipe object and unnesting the `info` column (you only selected it without unnesting), and your model object names differ from those specified (lm_mod_glmnet, lm_mod_rforest).","You ultimately produced code that selects wflow_id and result, unnests result and .metrics, filters for rmse, groups, arranges by .estimate, and slices the top row, which matches the required process. However, you rebuilt recipes/models/workflows instead of using the existing `all_workflows`, and you stored results in `all_workflows_res` rather than updating `all_workflows` as specified.","You used workflowsets::rank_results with `rank_metric = 'rmse'` and `select_best = TRUE` on `all_workflows_res` and compared results, which aligns with the intent, but the rubric expects calling rank_results directly on `all_workflows` and a simpler comparison to Exercise 8.","You extracted a ranger workflow, finalized it with chosen parameters, and then in a separate chunk implemented a full tune–select–finalize–fit pipeline and computed train/test MSE and their ratio. This demonstrates the correct workflow, but you did not use the specified `base_forest` workflow ID or the given best parameters (trees = 1, min_n = 11), and your reported MSE ratio differs from the expected value."
18,19,"You completed all exercises and demonstrated a solid grasp of recipes, parsnip models, workflowsets, and tuning. Most workflows and transformations are structurally correct, with minor deviations from the specified objects (e.g., dat vs ames, missing strata, using separate tuned objects). To improve, align more closely with the given variable names and arguments, and follow the exact workflow/update pattern requested in each exercise.",1,2,3,2,3,2,2,2,2,2,"You called skim() but on `ames` instead of the defined `dat` object, and did not use the pipe operator; the narrative answer about no missing data is present.","You correctly used set.seed(), initial_split(), training(), and testing() with a 0.75 split, but omitted `strata = 'Sale_Price'` in initial_split.","Recipe uses the correct formula, applies log to Sale_Price, pools Neighborhood, creates dummies, then centers and scales predictors, and you prep and tidy the recipe; this matches the required process.","You correctly specified linear_reg, glmnet, and rand_forest models with appropriate tunable parameters and engines, but did not explicitly set mode = 'regression' for the first two models.","You applied parsnip::translate() to each of the three model objects, which is exactly what was required.","You set the seed and created a bootstraps object from ames_train, but did not use the fully qualified rsample::bootstraps() and changed the default resample count by specifying times = 25.","You built a workflow_set with the base recipe and three models and inspected wflow_id and info, but did not unnest the info column as requested to show the full workflow structure.","You correctly unnested result and .metrics, filtered for rmse, grouped by wflow_id, arranged by .estimate, and sliced the top row, but you rebuilt workflows and used a separate `all_workflows_res` object instead of operating on the tuned `all_workflows` as specified.","You used rank_results() with rank_metric = 'rmse' and select_best = TRUE and compared results, but applied it to `all_workflows_res` rather than directly to `all_workflows` as described in the instructions.","You extracted a ranger workflow, finalized it with chosen parameters, fit on train and test data, and computed an MSE ratio, but the workflow id and parameters differ from the specified base_forest/trees=1,min_n=11 example and the reported ratio does not match the expected value."
19,18,"You completed all exercises and demonstrated a solid grasp of tidymodels workflows, recipes, models, and workflowsets. Most key functions and steps are present, but several answers deviate from the exact objects, arguments, and processes specified in the rubric (e.g., stratification in splits, exact recipe details, and specific workflow IDs/parameters). For future labs, align more closely with the provided templates and instructions, and avoid redefining objects in later exercises when the rubric expects you to build on earlier ones.",1,2,2,2,3,2,2,2,2,2,"You used skimr::skim, but on `ames` instead of the defined `dat` object and without the pipe; also the rubric expects piping `dat |> skimr::skim()` and an explicit statement about no missing data based on that output.","You correctly used set.seed and rsample::initial_split/training/testing with prop=0.75, but you omitted `strata = 'Sale_Price'`, which is required for full credit.","You created the correct recipe with log(Sale_Price), step_other, dummies, centering and scaling, and prepped it, but you did not specify the log base explicitly (base = exp(1)) and centered/scaled all predictors rather than just numeric predictors as in the rubric.","You defined the three models with appropriate engines and tuning, but you did not set the mode for the lm and glmnet models, and you used `tune()` without the parsnip:: prefix, which may cause ambiguity.","You correctly called parsnip::translate() on each of the three model objects, which matches the expected workflow and should display the three engine-specific templates.","You set the seed and created bootstrap resamples from ames_train, but you did not use the fully qualified rsample::bootstraps() and changed defaults by specifying times=25 and adding extra inspection code.","You correctly built a workflow_set with the recipe and three models and inspected wflow_id and info, but you did not unnest the info column as requested and your model object names differ from those specified in the rubric.","You used workflow_map, unnested result and .metrics, filtered for rmse, grouped by wflow_id, arranged by .estimate, and sliced the top row, but you rebuilt the workflows and resampling structure instead of using the provided all_workflows object and did not follow the exact select/unnest sequence from the template.","You used workflowsets::rank_results with rank_metric='rmse' and select_best=TRUE on all_workflows_res and compared results, but the rubric expects a direct call on `all_workflows` and a simpler comparison to Exercise 8.","You extracted a ranger workflow, finalized it with chosen parameters, refit the best workflow on train and test data, and computed an MSE ratio, but you did not use the specified 'base_forest' workflow or the given best parameters (trees=1, min_n=11), so the final performance comparison does not match the expected configuration."
20,19,"You completed all exercises with generally correct use of tidymodels, recipes, parsnip, rsample, and workflowsets. Most workflows and transformations follow the intended structure, but there are several small deviations from the rubric (e.g., missing stratification, not updating the same workflow object, and differing best-model choices/parameters). To improve, align more closely with the specified objects and arguments (dat vs ames, strata, rsample::bootstraps defaults, and the exact workflow IDs/parameters for the final model).",1,2,3,2,3,2,2,2,2,2,"You used skimr::skim, but on `ames` instead of the defined `dat` object and without the pipe; also the rubric expects piping `dat |> skimr::skim()` and an explicit note about no missing data based on that output.","You correctly used set.seed and rsample::initial_split/training/testing with prop=0.75, but you omitted `strata = 'Sale_Price'`, which is required for full credit.","Your recipe uses the correct formula, log-transforms Sale_Price, pools Neighborhood, creates dummies, centers and scales predictors, and you prep and tidy it; this matches the required process and transformations.","You correctly specified the three parsnip models and tuned parameters, but you did not set the mode for the lm and glmnet models, which is expected in the rubric solution.",You applied parsnip::translate() to each of the three model objects as required; this matches the expected workflow and will show the engine-specific templates.,"You set the seed and created bootstrap resamples of ames_train, but you did not namespace rsample::bootstraps and changed defaults (times=25, extra slice call); use `rsample::bootstraps(ames_train)` for full fidelity.","You correctly built a workflow_set with the recipe and three models, but you only selected the info column instead of unnesting it to inspect structure as requested; otherwise the setup is appropriate.","You performed workflow_map tuning, unnested result and .metrics, filtered for rmse, grouped and arranged correctly, but you rebuilt workflows and used a separate `all_workflows_res` object rather than updating the original `all_workflows` as specified.","You used workflowsets::rank_results with rank_metric='rmse' and select_best=TRUE and compared results, but you called it on `all_workflows_res` instead of `all_workflows` as in the rubric.","You extracted and finalized a best workflow and compared train/test performance, but you used a different workflow ID and parameters than specified and your reported MSE ratio does not match the expected ~0.114; the overall process is mostly correct."
21,16,"You completed all exercises and demonstrated a generally good grasp of tidymodels workflows, recipes, and workflowsets. Most key functions were used correctly, but several steps diverged from the exact processes and parameter settings specified in the rubric (e.g., stratified splitting, recipe details, workflow ids, and final model parameters). Review the provided solution to align more closely with the expected workflows and argument choices in future labs.",0,2,2,2,3,2,2,2,2,1,"The code calls skim() on an undefined object `ames` instead of piping `dat` into `skimr::skim()`, and does not use the pipe operator as required; this does not meet the specified workflow.","You correctly set the seed, used initial_split(), training(), and testing(), and created ames_train/ames_test, but you omitted `strata = 'Sale_Price'`, so the split does not fully match the rubric.","You created a recipe with the correct formula and included log, other, dummy, center, and scale steps and prepped it, but you did not specify `base = exp(1)` in step_log and centered/scaled all predictors (including dummies) rather than just numeric predictors as described.","You defined three parsnip models with appropriate engines and tuning parameters, but you did not explicitly set the mode for the glmnet model and used `tune()` without the `parsnip::` namespace, which is less precise than expected.","You correctly applied parsnip::translate() to each of the three model objects, which matches the required process and would show the appropriate templates.","You set the seed and created a bootstrap object from ames_train, but you did not use the `rsample::` namespace and overrode the default number of resamples by specifying `times = 25` instead of using defaults.","You built a workflow_set with the intended recipe and three models and inspected wflow_id and info, but you did not unnest the info column as requested, and the model object names differ from those specified in the rubric.","You ultimately unnested result and .metrics, filtered for rmse, grouped by wflow_id, arranged by .estimate, and sliced the top row, but you rebuilt the workflows and used a separate `all_workflows_res` object instead of updating `all_workflows` as shown in the template.","You used workflowsets::rank_results() with rank_metric = 'rmse' and select_best = TRUE and compared results, but you applied it to `all_workflows_res` rather than directly to `all_workflows` as specified.","You extracted and finalized a ranger workflow and fit it to training and test data and reported an MSE ratio, but the workflow id and best parameters do not match the specified 'base_forest' with trees = 1 and min_n = 11, and the process diverges substantially from the provided solution."
22,19,"You completed all exercises and generally followed the tidymodels workflow, showing good understanding of recipes, models, workflowsets, and tuning. Most deductions are for not matching the exact objects, arguments, or processes specified in the rubric (e.g., using `dat`, `strata`, specific workflow IDs, and parameter values). For future labs, align more closely with the provided instructions and naming conventions, and avoid redefining objects in later exercises unless explicitly required.",1,2,2,2,3,2,2,2,2,1,"You called skim(), but on `ames` instead of the defined `dat` object and did not use the pipe operator; process and object naming should match the instructions.","You correctly used set.seed(), initial_split(), training(), and testing() with a 75% split, but omitted the required `strata = 'Sale_Price'` argument.","You created and prepped a recipe with the right variables and main steps, but the order differs from the expected (log and pooling before centering/scaling numeric predictors), and you did not explicitly set the log base to exp(1).","You specified three parsnip models with appropriate engines and tuning parameters, but did not set the mode for the first two models and used `tune()` without the `parsnip::` namespace as in the rubric.","You correctly applied parsnip::translate() to each of the three model objects, matching the expected workflow.","You set the seed and created a bootstrap object from ames_train, but did not use the `rsample::` namespace and changed the default parameters (times = 25) instead of leaving defaults.","You built a workflow_set with the recipe and three models correctly, but did not unnest the `info` column as requested and only selected it, so the structure is not fully examined.","You correctly unnested `result` and `.metrics`, filtered for rmse, grouped, arranged, and sliced, but you rebuilt workflows and used `all_workflows_res` instead of the provided `all_workflows` object, deviating from the expected process.","You used rank_results() with the correct arguments and compared outputs, but operated on `all_workflows_res` rather than the `all_workflows` object specified in the rubric.","You extracted and finalized a workflow and compared train/test performance, but did not use the specified 'base_forest' workflow or the given best parameters (trees = 1, min_n = 11), so the process and reported ratio differ from the expected solution."
23,17,"You completed all exercises and generally followed the tidymodels workflow, showing good understanding of recipes, models, workflowsets, and tuning. Most deductions are for not matching the exact objects, arguments, or IDs specified in the rubric (e.g., using `dat`, adding `strata`, specific workflow IDs/parameters, and unnesting info). Tightening those details to follow the provided template more literally will bring your work fully in line with the grading criteria.",1,2,2,2,3,2,2,2,2,1,"You used skimr::skim, but on `ames` instead of the defined `dat` object and without the pipe; also the rubric expects piping `dat |> skimr::skim()` and an explicit note about no missing data. Update to use `dat` with the pipe and correct object name.","You correctly used set.seed and rsample::initial_split/training/testing with 75% training, but you omitted `strata = 'Sale_Price'`. Add the `strata` argument to match the specified process.","You created a recipe with the right formula and included log, other, dummy, center, and scale steps, then prepped and tidied it. However, the rubric expects centering/scaling numeric predictors and explicitly setting `base = exp(1)` in step_log; also centering/scaling all predictors (including outcome) is not ideal. Refine the selectors and base argument to fully match the expected process.","You defined three parsnip models and tuned the correct parameters for glmnet and ranger, but you did not set `set_mode('regression')` for the base linear model and you used `tune()` without the `parsnip::` namespace. Add explicit regression mode for all models and fully qualify tuning functions to align with the rubric.","You correctly called parsnip::translate() on each of the three model objects, which matches the expected workflow and would show the appropriate engine-specific templates.","You set the seed and created bootstrap resamples from `ames_train`, but you did not namespace `bootstraps()` with rsample and you changed the default by specifying `times = 25`. Use `rsample::bootstraps(ames_train)` with default arguments to fully match the rubric.","You built a workflow_set with one recipe and three models and inspected the wflow_id/info columns, which is close to the target. However, the rubric expects using the previously defined recipe and models and unnested `info` via tidyr::unnest(info) to show full workflow details; adjust your code to unnest the info column.","You demonstrated the correct unnest–filter–group–arrange–slice pipeline on a workflow_set result and filtered for rmse, but you rebuilt the workflows and used `all_workflows_res` instead of the `all_workflows` object updated by workflow_map as in the template. Align your code with the provided `all_workflows` and avoid redefining the entire workflow set to fully match the expected process.","You used workflowsets::rank_results with `rank_metric = 'rmse'` and `select_best = TRUE` and compared results, but you applied it to `all_workflows_res` instead of the rubric’s `all_workflows` object. Use the specified object directly to match the instructions.","You showed a full tuning and finalization workflow and computed a test/train MSE ratio, but you did not extract the specified 'base_forest' workflow or use the given best parameters (trees = 1, min_n = 11), and your workflow IDs differ. To align with the rubric, extract 'base_forest', finalize with the stated parameters, and then fit on train/test to compare MSE."
24,17,"You completed all exercises and generally followed the tidymodels workflow, showing good understanding of recipes, models, workflowsets, and tuning. Most deductions are for not matching the exact objects, arguments, or processes specified in the rubric (e.g., using `dat`, stratification, specific workflow ids/parameters, and unnesting behavior). Review the solution template and rubric to align object names, function arguments, and required steps more precisely in future labs.",1,2,2,2,3,2,2,2,2,1,"You used skimr::skim, but on `ames` instead of the defined `dat` object and without the pipe operator; process and object naming don’t match the instructions.","You correctly used set.seed and initial_split/training/testing with 75% training, but omitted `strata = 'Sale_Price'`, so the split is not stratified as required.","You created and prepped a recipe with log, other, dummy, center, and scale steps, but you did not specify `base = exp(1)` in step_log and you centered/scaled all predictors (including dummies) rather than just numeric predictors.","You defined three parsnip models and tuned the correct parameters, but did not set the mode for the first two models and used `tune()` without the `parsnip::` namespace as specified in the rubric.","You correctly called parsnip::translate() on each of the three model objects, matching the expected workflow and outputs.","You set the seed and created a bootstrap object from ames_train, but did not use the `rsample::` namespace and changed the default parameters (times = 25) instead of using the default settings.","You built a workflow_set with the recipe and three models correctly, but you only selected the info column instead of unnesting it to show the workflow structure as required.","You correctly unnested result and .metrics, filtered for rmse, grouped, arranged, and sliced, but you rebuilt workflows and used `all_workflows_res` instead of the provided `all_workflows` object, and your workflow_map call differs from the specified one.","You used rank_results with rank_metric = 'rmse' and select_best = TRUE, but applied it to `all_workflows_res` and wrapped it in additional comparison code rather than directly on `all_workflows` as described.","You extracted and finalized a ranger workflow and fit it on train/test data, but the workflow id ('base_ranger') and best parameters do not match the specified 'base_forest' with trees = 1, min_n = 11, and your process diverges substantially from the expected simple extraction/finalization sequence."
25,17,"You completed all exercises and demonstrated a generally good grasp of tidymodels workflows, recipes, and workflowsets. Most deductions are for not following the exact objects, arguments, and processes specified in the rubric (e.g., strata in splits, specific model/recipe names, and required parameter values). For future labs, focus on matching the requested function calls, argument values, and object names more closely, even if your alternative approaches are reasonable.",1,2,2,2,3,2,2,2,2,1,"You called skim(), but on `ames` instead of the defined `dat` object and did not use the pipe operator; also the rubric expects piping `dat |> skimr::skim()` and an explicit note about no missing data based on that output.","You correctly used set.seed() and initial_split/training/testing with 75% training, but you omitted the `strata = 'Sale_Price'` argument required by the rubric.","You created a recipe with the correct formula and included log, other, dummy, center, and scale steps, then prepped and tidied it. However, the rubric expects centering/scaling numeric predictors before dummy creation and explicitly setting `base = exp(1)` in step_log.","You defined three parsnip models and tuned the correct parameters, but you did not set `set_mode('regression')` for the lm and glmnet models and used `tune()` without the `parsnip::` namespace as specified in the rubric.","You correctly applied parsnip::translate() to each of the three model objects, which matches the expected workflow and output structure.","You set the seed and created a bootstrap object from `ames_train`, but you did not use the `rsample::` namespace and overrode the default number of resamples by specifying `times = 25`.","You built a workflow_set with one recipe and three models, but you renamed the glmnet and forest models (`glmnet_mod`, `ranger_mod`) instead of using the rubric’s `lm_mod_glmnet` and `lm_mod_rforest`, and you only selected the info column rather than fully unnesting it.","You performed tuning with workflow_map and then unnested `.metrics`, filtered for rmse, grouped, arranged, and sliced, but you created a new `all_workflows_res` object instead of updating `all_workflows` and added extra CV/tuning code beyond what was requested.","You used rank_results() with `rank_metric = 'rmse'` and effectively compared results, but you applied it to `all_workflows_res` instead of `all_workflows` as specified and wrapped it in additional comparison logic not required by the rubric.","You extracted and finalized a random forest workflow and fit it on train/test data with an MSE ratio, but the rubric requires extracting the 'base_forest' workflow, using the specific best parameters (trees = 1, min_n = 11), and your workflow IDs/parameter choices do not match the expected process."
26,19,"You completed all exercises and generally followed the tidymodels workflow, including recipes, models, workflowsets, tuning, and evaluation. Most deductions are for not matching the exact objects, arguments, or processes specified in the rubric (e.g., using `dat`, adding strata, specific workflow ids/parameters, and unnesting info). Review the solution template and rubric to align object names, arguments (like `strata` and `base = exp(1)`), and required steps more precisely in future labs.",1,2,2,2,3,2,2,2,2,1,"You used skimr::skim, but on `ames` instead of the defined `dat` object and without the pipe; also the rubric expects piping `dat |> skimr::skim()` and an explicit note about no missing data based on that output.","You correctly used set.seed and rsample::initial_split/training/testing with 75% training, but you omitted `strata = 'Sale_Price'` in initial_split, which is required by the rubric.","You created the recipe with the correct formula, applied log to Sale_Price, pooled Neighborhood, created dummies, and centered/scaled predictors, then prepped and tidied; however, the rubric expects centering/scaling numeric predictors (e.g., all_numeric_predictors) and explicitly setting base = exp(1) in step_log.","You defined three models with linear_reg and rand_forest and used tune() for the appropriate parameters, but you did not set the mode to 'regression' for the glmnet model and used `tune()` without the parsnip:: prefix, which is less explicit than the rubric’s expectation.","You correctly called parsnip::translate() on each of the three model objects, which matches the expected workflow and would display the three engine-specific templates.","You set the seed and created a bootstrap object from ames_train, but you did not namespace bootstraps with rsample:: and changed the default parameters (times = 25) instead of using the default settings as specified.","You built a workflow_set with the recipe and three models and inspected wflow_id and info, but you did not unnest the info column as required, and your model object names differ from those specified in the rubric (lm_mod_glmnet, lm_mod_rforest).","You correctly unnested result and .metrics, filtered for rmse, grouped by wflow_id, arranged by .estimate, and sliced the top row, but you rebuilt the workflows and used a separate `all_workflows_res` object instead of updating the original all_workflows as described in the rubric.","You used workflowsets::rank_results with rank_metric = 'rmse' and select_best = TRUE and compared results, but you applied it to `all_workflows_res` rather than directly to `all_workflows` as specified in the rubric.","You extracted and finalized a ranger workflow and fit it to train and test data, computing an MSE ratio; however, the rubric requires extracting the 'base_forest' workflow, using the specific best parameters (trees = 1, min_n = 11), and your workflow id and parameter choices do not match, nor does the reported ratio."
27,18,"You completed all exercises and generally followed the tidymodels workflow, including recipes, models, workflow_sets, tuning, and evaluation. Most partial deductions are for not matching specific rubric details (e.g., using `dat`, adding `strata`, exact recipe steps, and specified workflow/parameters) or for not fully following the requested inspection steps. Review the solution file to align your code more closely with the expected arguments and objects in future labs.",1,2,2,2,3,2,2,2,2,2,"You called skim() but on `ames` instead of the defined `dat` object, and did not use the pipe operator as specified. The written conclusion about no missing data is present, but the code setup is not fully correct.","You correctly used set.seed(), initial_split(), training(), and testing(), and created ames_train/ames_test with a 0.75 split. However, you omitted the required `strata = 'Sale_Price'` argument in initial_split.","You created a recipe with the correct formula and included step_log, step_other, step_dummy, centering, and scaling, and prepped it then used broom::tidy(). However, you did not specify the log base explicitly (base = exp(1)) and centered/scaled all predictors rather than just numeric predictors as requested.","You defined three parsnip models and used tune() for penalty/mixture and min_n/trees, and set the ranger mode to regression. However, you did not set the mode for the lm and glmnet models, and you used bare tune() instead of parsnip::tune(), which is less explicit than the rubric expects.","You correctly applied parsnip::translate() to each of the three model objects in sequence, which matches the expected workflow and would display the three engine-specific templates.","You set the seed and created a bootstrap object from ames_train, which is correct in spirit. However, you did not namespace bootstraps() with rsample:: and you overrode the default number of resamples instead of using the default as specified.","You built a workflow_set with one recipe and three models and stored it in all_workflows, which is correct. But you did not unnest the info column as required; you only selected it, so the structure of the workflows is not fully examined per the instructions.","You demonstrated the correct unnest → filter(.metric == 'rmse') → group_by → arrange(desc(.estimate)) → slice(1) pipeline on a workflow_set result, which matches the intended process. However, you rebuilt a separate workflow_set (`all_workflows_res`) instead of using the provided all_workflows updated by workflow_map, and your code diverges from the exact structure requested in the template.","You used workflowsets::rank_results() with rank_metric = 'rmse' and select_best = TRUE on the workflow_set results, which satisfies the main requirement. The additional comparison logic is fine, but you did not explicitly relate the output back to the Exercise 8 summary in markdown.","You showed how to extract a workflow, finalize it with best parameters, fit on train and test data, and compute an MSE ratio, which aligns with the intended workflow. However, you did not extract the specified 'base_forest' workflow or use the given best parameters (trees = 1, min_n = 11), and your chosen workflow id and parameter set differ from the rubric’s target."
28,18,"You completed all exercises and demonstrated a solid grasp of tidymodels workflows, recipes, models, and workflowsets. Most required functions are present, but several steps diverge from the exact objects, arguments, or processes specified in the rubric (e.g., use of `dat`, stratification, specific workflow names, and parameter choices). For future labs, focus on matching the requested objects, arguments, and workflow order more closely, and avoid redefining key objects in later chunks unless explicitly asked.",1,2,2,2,3,2,2,2,2,2,"You called skim() but on `ames` instead of the defined `dat` object, and did not use the pipe operator; the narrative answer about no missing data is present, but the required workflow and object are not followed.","You correctly used set.seed() and initial_split()/training()/testing(), but omitted `strata = 'Sale_Price'`; the split proportion is correct but the stratification requirement is missing.","You created a recipe with the correct formula and included log, other, dummy, center, and scale steps, then prepped and tidied it; however, you did not specify `base = exp(1)` in step_log and centered/scaled all predictors (including dummies) rather than just numeric predictors as in the expected process.","You defined three parsnip models with appropriate engines and tuning parameters, but did not explicitly set the mode for the first two models and used `tune()` without the `parsnip::` namespace; the overall structure is correct but not fully aligned with the rubric’s expectations.","You correctly applied parsnip::translate() to each of the three model objects, matching the expected workflow and outputs.","You set the seed and created a bootstrap object from `ames_train`, but used `bootstraps(ames_train, times = 25)` without the `rsample::` namespace and altered the default number of resamples; the process is mostly correct but not exactly as specified.","You built a workflow_set with one recipe and three models correctly, but the model object names differ from earlier (`glmnet_mod`, `ranger_mod`), and you only selected the info column instead of unnesting it as required to inspect the structure.","You ultimately un-nested the result and .metrics columns, filtered for rmse, grouped by wflow_id, arranged by .estimate, and sliced the top row, but you rebuilt recipes/models/workflows and used `all_workflows_res` instead of the updated `all_workflows` from workflow_map, deviating from the specified process.","You used rank_results() with `rank_metric = 'rmse'` and effectively compared workflows, but applied it to `all_workflows_res` rather than the rubric’s `all_workflows` object; the core function usage is correct though the object naming differs.","You extracted a ranger workflow, finalized it with chosen parameters, and then in a later chunk refit/tuned workflows, selected best parameters, finalized, and compared train/test performance with an MSE ratio; however, you did not extract the specified 'base_forest' workflow or use the exact best parameters from the solution, so the process only partially matches the rubric."
29,18,"You completed all major steps: data splitting, recipe creation, model specification, workflow sets, tuning, ranking, and final model evaluation. Most workflows and function calls are conceptually correct, but several details diverge from the rubric (e.g., object names, specific arguments like strata, base in log, default bootstrap settings, and prescribed best parameters). For future labs, focus on matching the exact objects, arguments, and sequences requested, and avoid redefining earlier objects in later exercises unless explicitly instructed.",1,2,2,2,3,2,2,2,2,2,"You called skim() but on `ames` instead of the defined `dat` object, and did not use the pipe operator as specified. The written conclusion about no missing data is present, but process and object name do not follow the rubric.","You correctly used set.seed(), initial_split(), training(), and testing() with a 0.75 prop, but omitted the required `strata = 'Sale_Price'` argument. Add stratification on Sale_Price to fully match the expected process.","You created a recipe with the correct formula and included log, other, dummy, center, and scale steps, then prepped and tidied it. However, you did not specify `base = exp(1)` in step_log and centered/scaled all predictors (including dummies) rather than just numeric predictors, which slightly diverges from the expected process.","You defined three parsnip models and used tune() for glmnet and random forest, but did not set the mode for the first two models and used `tune()` without the `parsnip::` namespace. Ensure all models have `set_mode('regression')` and that glmnet includes both penalty and mixture as tunable parameters per the rubric.","You correctly applied parsnip::translate() to each of the three model objects, which matches the required workflow and will display the appropriate engine-specific templates.","You set the seed and created bootstrap resamples from `ames_train`, but used `bootstraps(ames_train, times = 25)` without the `rsample::` namespace and altered the default number of resamples. Use `rsample::bootstraps(ames_train)` with default settings to fully align with the rubric.","You built a workflow_set with the recipe and three models and inspected the wflow_id and info columns, but did not unnest the info column as requested. Also, model object names differ from earlier (`glmnet_mod`, `ranger_mod` vs. rubric’s names), though functionally acceptable.","You correctly unnested result and .metrics, filtered for rmse, grouped by wflow_id, arranged by .estimate, and sliced the top row, but you rebuilt workflows and used `all_workflows_res` instead of the rubric’s updated `all_workflows` object. The process is conceptually right but not applied to the specified object.","You used workflowsets::rank_results() with `rank_metric = 'rmse'` and effectively compared results, but applied it to `all_workflows_res` rather than the rubric’s `all_workflows`. The ranking logic is correct, but stick to the prescribed object for full credit.","You extracted a ranger workflow, finalized it with chosen parameters, fit on train and test data, and computed an MSE ratio, which matches the required workflow. However, you did not use the specified workflow id ('base_forest') or the given best parameters (trees = 1, min_n = 11), so the final configuration and ratio differ from the expected solution."
30,18,"You completed all exercises and generally followed the tidymodels workflow, showing good understanding of recipes, models, workflowsets, and tuning. Most deductions are for not matching the exact objects, arguments, or processes specified in the rubric (e.g., using `dat`, strata in splits, specific workflow IDs/parameters, and unnesting info). Review the solution template and rubric to align your code more closely with the expected workflow and naming conventions in future labs.",1,2,2,2,3,2,2,2,2,2,"You called skim(), but on `ames` instead of the defined `dat` object and did not use the pipe operator; also the rubric expects piping `dat |> skimr::skim()` and an explicit note about no missing data based on that output.","You correctly used set.seed(), initial_split(), training(), and testing() with a 0.75 split, but you omitted the required `strata = 'Sale_Price'` argument in initial_split.","You created a recipe with the correct formula and included log, other, dummy, center, and scale steps, then prepped and tidied it; however, you did not specify `base = exp(1)` in step_log and you centered/scaled all predictors (including dummies) rather than just numeric predictors as in the expected process.","You defined three parsnip models and used tune() for the glmnet and random forest parameters, but you did not set the mode to 'regression' for the first two models and used bare `tune()` instead of `parsnip::tune()` as specified in the rubric.","You correctly applied parsnip::translate() to each of the three model objects, which would display the underlying engine-specific templates.","You set the seed and created a bootstrap object from ames_train, but you did not namespace bootstraps() with rsample:: and you overrode the default resample count by specifying `times = 25` instead of using defaults.","You built a workflow_set with the intended recipe and three models, but you changed model names and specifications from earlier (glmnet_mod/ranger_mod) and did not unnest the `info` column as required—only selecting it rather than using tidyr::unnest().","You demonstrated the correct unnest → filter rmse → group_by → arrange(desc(.estimate)) → slice(1) pipeline on a workflow_set, but you rebuilt a new workflow_set (`all_workflows_res`) instead of using the tuned `all_workflows` from the provided workflow_map call, and added extra CV/tuning steps beyond what was asked.","You used workflowsets::rank_results() with rank_metric = 'rmse' and select_best = TRUE on `all_workflows_res`, but the rubric expects this to be applied directly to `all_workflows`; the additional comparison code is fine but not necessary.","You extracted and finalized a random forest workflow and fit it on train/test data, computing an MSE ratio; however, you did not use the specified 'base_forest' workflow or the given best parameters (trees = 1, min_n = 11), and your reported ratio does not match the expected approximate value."
31,17,"You completed all exercises and generally followed the tidymodels workflow, including recipes, models, workflowsets, tuning, and evaluation. Most steps are structurally correct, but several details deviate from the rubric (e.g., use of `dat`, stratified split, exact workflow_set usage, and specified best model/parameters). Review the solution file to align your code more closely with the required arguments, object names, and unnesting steps.",0,2,2,2,3,2,2,2,2,2,"The code calls skim() on `ames` instead of the defined `dat` object and does not use the pipe operator; this does not follow the required workflow, so no credit per rubric.","You correctly set the seed, used initial_split(), and created ames_train/ames_test, but you omitted `strata = 'Sale_Price'`, so the split is not fully as specified.","You created a recipe with the correct formula, applied log to Sale_Price, pooled Neighborhood, created dummies, and centered/scaled predictors, then prepped and tidied. However, the expected order was to center/scale numeric predictors before dummy creation and to specify base = exp(1) explicitly, so process fidelity is slightly off.","You defined three parsnip models with appropriate engines and tuning parameters, but you did not set `set_mode('regression')` for the lm and glmnet models, and you used `tune()` without the parsnip:: prefix, which is ambiguous in a non-tidymodels context.","You correctly called parsnip::translate() on each of the three model objects in sequence, matching the required workflow.","You set the seed and created a bootstrap object from ames_train, but you did not namespace bootstraps() with rsample:: and you overrode the default resample count with times = 25, so the process is not exactly as specified.","You built a workflow_set with the recipe and three models and inspected wflow_id and info, but you did not unnest the info column as requested, and model object names differ from the earlier lm_mod_* names, reducing consistency with the expected process.","You used workflow_map(), then selected wflow_id and result, unnested result and .metrics, filtered for rmse, grouped, arranged, and sliced, which matches the intended workflow. However, you introduced a new object `all_workflows_res` instead of updating `all_workflows` as specified, and your code block does not follow the provided skeleton exactly.","You used rank_results() with rank_metric = 'rmse' and select_best = TRUE and compared results, but you applied it to `all_workflows_res` instead of `all_workflows` as in the rubric, and added extra, unnecessary complexity.","You extracted a ranger workflow, finalized it with chosen parameters, fit on train and test data, and computed an MSE ratio, which aligns with the overall goal. However, the workflow id does not match the expected 'base_forest', the best parameters differ from the solution, and the reported MSE ratio is not close to the target value, so output accuracy is partial."
32,21,"Most exercises are attempted with generally correct use of tidymodels, recipes, parsnip, and workflowsets. The main deductions are for not following some exact specifications (e.g., using `dat`, stratified split, explicit modes, unnesting info, and the specified best forest workflow/parameters). Review the solution template to align your code more closely with the required processes and arguments.",0,2,2,2,3,2,2,3,3,2,"The code calls skim() on `ames` instead of the defined `dat` object and does not use the pipe operator; this does not follow the required process, so no points can be awarded.","You correctly used set.seed() and initial_split()/training()/testing(), but you omitted `strata = 'Sale_Price'`, so the split does not fully match the specified process.","You created a recipe with the correct formula and included log, other, dummy, center, and scale steps and prepped it, but you did not specify `base = exp(1)` explicitly and centered/scaled all predictors (including dummies) rather than just numeric predictors.","You defined three parsnip models and used tune() for the appropriate parameters, but you did not set the mode to 'regression' for the lm and glmnet models, which is required by the rubric.","You correctly applied parsnip::translate() to each of the three model objects, matching the expected workflow and outputs.","You set the seed and used bootstraps() on ames_train, but you did not namespace rsample::bootstraps and changed the default parameters (times = 25) instead of using the default settings.","You created a workflow_set with the recipe and three models correctly, but you did not unnest the `info` column as required; you only selected it without using tidyr::unnest().","You used workflow_map() and then un-nested result and .metrics, filtered for rmse, grouped by wflow_id, arranged by .estimate, and sliced the top row, fully matching the required process.","You used workflowsets::rank_results() with all_workflows_res (the tuned workflows), specifying rank_metric = 'rmse' and select_best = TRUE, which satisfies the rubric’s requirements.","You extracted and finalized a best workflow and compared train/test performance, but you did not specifically extract 'base_forest' with the given best parameters (trees = 1, min_n = 11), and your reported MSE ratio differs from the expected value."
33,18,"You completed all exercises and generally followed the tidymodels workflow, including recipes, models, workflowsets, tuning, and evaluation. Most steps are structurally correct, but a few details diverge from the rubric (e.g., use of `dat`, stratification in splitting, setting modes, unnesting info, and matching the specified best model/parameters). Review the rubric-specified objects and arguments to align your code more closely with the expected workflow in future labs.",0,2,3,2,3,2,2,3,2,2,"The code calls skim() on `ames` instead of the defined `dat` object and does not use the pipe operator; this does not follow the required workflow, so no credit per rubric.","You correctly set the seed, used initial_split, training, and testing, and created 75%/25% splits, but you omitted `strata = 'Sale_Price'`, so the process is slightly incomplete.","You created the recipe with the correct formula, applied log to Sale_Price, pooled Neighborhood, created dummies, centered and scaled predictors, and prepped then tidied the recipe; this matches the expected process.","You specified the three models with correct engines and tunable parameters, but you did not set the mode to 'regression' for the lm and glmnet models, which makes the specifications incomplete.","You applied parsnip::translate() to each of the three model objects, which is exactly what was required to inspect the model templates.","You set the seed and created bootstrap resamples from `ames_train`, but you did not use the fully qualified `rsample::bootstraps()` and changed the default parameters (times = 25), so the process is slightly off the rubric.","You correctly built a workflow_set with the recipe and three models and inspected the info column, but you did not unnest the info column as requested, so the examination of the structure is incomplete.","You mapped tuning over the workflow set and then selected, unnested `result` and `.metrics`, filtered for rmse, grouped by wflow_id, arranged by .estimate, and sliced the top row, matching the required workflow.","You used rank_results() with `rank_metric = 'rmse'` and `select_best = TRUE` on the tuned workflow set and compared results, but the function is applied to `all_workflows_res` instead of `all_workflows` as specified, so it is slightly off the expected object.","You extracted and finalized a ranger workflow and fit it on training and test data, computing an MSE ratio; however, the workflow id and best parameters differ from the specified 'base_forest' with trees = 1 and min_n = 11, so the process and reported performance do not match the target solution."
34,18,"You completed all exercises and generally followed the tidymodels workflow, including recipes, models, workflowsets, tuning, and evaluation. Most deductions are for small but important deviations from the specified process (e.g., using the wrong data object, missing stratification, or not exactly matching required arguments/ids). Review the rubric details and aim to align your code more closely with the prescribed steps and objects in future labs.",0,2,2,2,3,2,2,3,2,2,"The code calls skim() on `ames` instead of the defined `dat` object and does not use the pipe operator; this does not follow the required process, so no credit.","You correctly used set.seed(), initial_split(), training(), and testing(), but omitted `strata = 'Sale_Price'`, so the split process is incomplete.","You created a recipe with the correct formula and included log, other, dummy, center, and scale steps and prepped it, but you did not specify `base = exp(1)` and centered/scaled all predictors (including dummies) rather than just numeric predictors.","You defined three parsnip models with appropriate engines and tuning parameters, but did not set `set_mode('regression')` for the lm and glmnet models and did not use `parsnip::tune()` explicitly (unqualified `tune()` may not be found).","You correctly applied parsnip::translate() to each of the three model objects, matching the expected workflow and outputs.","You set the seed and used bootstraps() on ames_train, but did not namespace rsample::bootstraps and changed defaults by specifying `times = 25`, so the process is slightly off.","You created a workflow_set with the recipe and three models correctly, but did not unnest the `info` column as requested, only selecting it, so the examination of structure is incomplete.","You used workflow_map(), then selected and unnested result and .metrics, filtered for rmse, grouped by wflow_id, arranged by .estimate, and sliced the top row, fully matching the required process.","You used rank_results() with `rank_metric = 'rmse'` and `select_best = TRUE` on the workflow set results, but applied it to `all_workflows_res` instead of `all_workflows` as specified; still, the intended comparison workflow is present.","You extracted and finalized a ranger workflow and fit it on train and test data and reported an MSE ratio, but the workflow id differs from the expected 'base_forest' and the chosen parameters/ratio do not match the specified best model configuration."
35,19,"You completed all exercises with generally correct use of tidymodels, recipes, parsnip, workflowsets, and rsample. Most workflows and transformations are in place, but a few details diverge from the rubric (e.g., using `dat` vs `ames`, missing stratification, not unnesting info, and differing best-model choices). Review the rubric’s exact requirements (especially for EDA, stratified splits, and final model selection) to align your code more closely with the expected process.",0,2,3,2,3,2,2,3,2,2,"The code calls skim() on `ames` instead of the defined `dat` object and does not use the pipe operator; this does not follow the required workflow, so no credit per rubric.","You correctly set the seed, used initial_split(), and created ames_train/ames_test, but you omitted `strata = 'Sale_Price'`, so the split process is incomplete per the rubric.","You created the recipe with the correct formula on ames_train, applied step_log to Sale_Price, pooled Neighborhood, created dummies, centered and scaled predictors, and prepped then tidied the recipe; this matches the required process and transformations.","You specified three models with correct engines and tuning parameters, but you did not set `set_mode('regression')` for the base and glmnet models and did not use `parsnip::tune()` explicitly, so the setup is slightly incomplete.","You correctly called parsnip::translate() on each of the three model objects, which matches the expected workflow and output structure.","You set the seed and created a bootstrap object from ames_train, but you did not namespace bootstraps() with rsample:: and changed the default parameters (times = 25), so process fidelity is slightly off.","You built a workflow_set with the recipe and three models correctly, but you only selected the info column instead of unnesting it, so the examination of the workflow structure is incomplete.","You used workflow_map() on the workflow set, then selected and unnested result and .metrics, filtered for rmse, grouped by wflow_id, arranged by .estimate, and sliced the top row; this matches the required process even though you used a separate object name.","You used rank_results() with rank_metric = 'rmse' and select_best = TRUE and compared results, but you applied it to `all_workflows_res` instead of `all_workflows` as specified; conceptually correct but not exactly following instructions.","You extracted and finalized a ranger workflow and fit it on train and test data, computing an MSE ratio; however, you used a different workflow id and parameters than specified (base_forest, trees = 1, min_n = 11), so the process and expected numeric comparison are not fully aligned with the rubric."
36,17,"You completed all exercises and generally followed the tidymodels workflow, including recipes, models, workflowsets, tuning, and evaluation. Most deductions are for small but important deviations from the specified objects (e.g., using `ames` vs `dat`, missing strata, not unnested info, or differing best-model choices). Review the rubric steps carefully and align object names, arguments, and workflow IDs exactly with the instructions in future labs.",0,2,2,2,3,2,2,2,2,2,"The code calls skim() on `ames` instead of the defined `dat` object and does not use the pipe operator; this does not follow the required process, so no points can be awarded.","You correctly set the seed, used initial_split(), training(), and testing(), and created ames_train/ames_test with a 0.75 prop, but you omitted `strata = 'Sale_Price'`, so the split is not fully as specified.","You created a recipe with the correct formula, applied step_log, step_other, step_dummy, centering, and scaling, and prepped and tidied it. However, you did not specify `base = exp(1)` explicitly and centered/scaled all predictors (including dummies) rather than only numeric predictors, which is not fully aligned with the expected process.","You defined three parsnip models and used tune() for the appropriate parameters, but you did not set `set_mode('regression')` for the lm and glmnet models, and you used bare `tune()` instead of `parsnip::tune()`, so the model specifications are slightly incomplete.","You correctly called parsnip::translate() on each of the three model objects, which matches the expected workflow and would display the appropriate templates.","You set the seed and created a bootstrap object from ames_train, but you did not namespace bootstraps() with rsample:: and you overrode the default resample count with `times = 25`, so the process is slightly off the specification.","You built a workflow_set with the recipe and three models correctly, but you only selected the info column instead of unnesting it with tidyr::unnest(), so the examination of the workflow structure is incomplete.","You used workflow_map() (on `all_workflows_res`) and then selected, unnested, filtered for rmse, grouped, arranged, and sliced, which matches the intended dplyr/tidyr workflow. However, you operated on `all_workflows_res` instead of updating and using `all_workflows` as specified, and your earlier redefinition of the workflow set diverges from the provided process.","You used rank_results() with `rank_metric = 'rmse'` and `select_best = TRUE` on `all_workflows_res` and compared results, which matches the functional intent, but the rubric expects this to be run on `all_workflows`, so the process is slightly misaligned.","You extracted a ranger workflow, finalized it with chosen parameters, fit on training and test data, and computed a test/train MSE ratio, which demonstrates the full workflow. However, the workflow ID and best parameters do not match the specified 'base_forest' with trees = 1 and min_n = 11, and your reported ratio differs from the expected value."
37,18,"You completed all exercises and generally followed the tidymodels workflow, including recipes, models, workflowsets, tuning, and evaluation. Most deductions are for not matching the exact objects, arguments, or process specified in the rubric (e.g., using `ames` vs `dat`, missing stratification, and differing workflow IDs/parameters). Review the instructions for object names, required arguments (like `strata` and log base), and the exact unnesting steps to align more closely with the expected solutions.",0,2,2,2,3,2,2,3,2,2,"The code calls skim() on `ames` instead of the defined `dat` object and does not use the pipe operator; this does not follow the required workflow, so no credit per rubric.","You correctly set the seed, used initial_split(), training(), and testing(), and created ames_train/ames_test with a 0.75 split, but you omitted `strata = 'Sale_Price'`, so the split is not fully as specified.","You created a recipe with the correct formula, applied step_log, step_other, step_dummy, centering, and scaling, and prepped and tidied it. However, you did not specify `base = exp(1)` for the log step and you center/scale all predictors after dummy creation rather than centering/scaling numeric predictors first as in the expected process.","You defined three parsnip models and used tune() for penalty/mixture and min_n/trees, and set the ranger mode to regression. However, you did not set the mode for the linear and glmnet models, and you used bare `tune()` instead of `parsnip::tune()`, which is less explicit than requested.","You correctly called parsnip::translate() on each of the three model objects, which matches the required workflow and would display the three engine-specific templates.","You set the seed and created a bootstrap object from ames_train, but you used `bootstraps(ames_train, times = 25)` instead of the default parameters and did not namespace rsample::bootstraps(), so the process is slightly off the rubric specification.","You built a workflow_set with the recipe and three models and stored it in all_workflows, but you only selected the info column instead of unnesting it, and your model object names differ from the rubric’s (lm/glmnet/ranger vs base/glmnet/forest), so the structure does not fully match expectations.","You used workflow_map() on the workflow set, then selected wflow_id and result, unnested result and .metrics, filtered for rmse, grouped by wflow_id, arranged by .estimate, and sliced the top row, which matches the required workflow even though you stored results in a separate object name.","You used rank_results() with rank_metric = 'rmse' and select_best = TRUE on your workflow set results and compared them, but you applied it to `all_workflows_res` instead of `all_workflows` as in the rubric; function usage and intent are correct overall.","You extracted a ranger workflow, finalized it with chosen parameters, then in a later chunk re-derived the best workflow via rank_results(), finalized it, fit on train and test, and computed an MSE ratio. However, you did not explicitly use the specified 'base_forest' id or the given best parameters (trees = 1, min_n = 11), and your reported ratio differs from the expected value."
38,16,"You completed all exercises and demonstrated a solid grasp of tidymodels workflows, recipes, models, and workflowsets. Most core functions and objects are present, but several steps diverge from the exact processes specified in the rubric (e.g., dataset names, stratification, specific workflow ids/parameters, and some unnests). For future labs, focus on matching the requested objects, arguments, and sequence of operations more closely to ensure full credit.",0,2,2,2,3,2,2,2,2,1,The code calls skim() on `ames` instead of the defined `dat` object and does not use the pipe operator; this does not follow the required workflow or dataset per the rubric.,"You correctly set the seed, used initial_split, training, and testing, and created ames_train/ames_test with a 0.75 prop, but you omitted `strata = 'Sale_Price'`, so the split is not stratified as required.","You created a recipe with the correct formula, applied log to Sale_Price, pooled Neighborhood, created dummies, and centered/scaled predictors, then prepped and tidied it. However, the expected order was to center/scale numeric predictors before dummy creation and to specify base = exp(1) explicitly, so process fidelity is slightly off.","You defined three parsnip models with appropriate engines and tuning parameters, but you did not set the mode to 'regression' for the lm and glmnet models, and you used bare `tune()` instead of `parsnip::tune()`, which partially departs from the specified process.","You correctly applied parsnip::translate() to each of the three model objects, matching the expected workflow and outputs.","You set the seed and created a bootstrap object from ames_train, but you did not namespace bootstraps() with rsample:: and you overrode the default resample count with times = 25, so the process does not fully match the rubric.","You built a workflow_set with one recipe and three models and inspected wflow_id and info, but you did not unnest the info column as requested, and model object names differ from those defined earlier, reducing process fidelity.","You used workflow_map on a workflow set, then selected, unnested result and .metrics, filtered for rmse, grouped, arranged, and sliced, which matches the intended analysis. However, you created a new `all_workflows_res` object instead of updating `all_workflows` and changed resampling/grid settings, so the process deviates from the specified steps.","You used rank_results() with rank_metric = 'rmse' and select_best = TRUE and compared results, but you applied it to `all_workflows_res` instead of `all_workflows` and added extra, unnecessary complexity beyond the requested code.","You eventually extracted a best workflow, finalized it with selected parameters, fit on training and test data, and computed an MSE ratio, but you did not follow the specified simpler process (e.g., extracting 'base_forest' and using the given best parameters), and your chosen workflow id and parameters differ from the rubric’s target."
39,17,"You completed all exercises and generally followed the tidymodels workflow, including recipes, models, workflowsets, tuning, and evaluation. Most deductions are for not matching the exact objects, arguments, or processes specified in the rubric (e.g., using `dat`, stratified splits, specific workflow IDs/parameters, and unnesting behavior). Review the provided solution patterns and pay close attention to required argument values and object names in future labs.",0,2,2,2,3,2,2,2,2,2,"The code calls skim() on `ames` instead of the defined `dat` object and does not use the pipe operator; this does not follow the required process, so no points can be awarded.","You correctly set the seed and used initial_split/training/testing with a 0.75 proportion, but you omitted `strata = 'Sale_Price'`, so the split does not fully match the specification.","You created a recipe with the correct formula and included log, other, dummy, center, and scale steps and prepped it, but you did not specify the log base explicitly and centered/scaled all predictors (including dummies) rather than only numeric predictors as described.","You defined three parsnip models with appropriate engines and tuning parameters, but you did not set the mode for the lm and glmnet models and used bare `tune()` instead of `parsnip::tune()`, so the setup is slightly incomplete.","You correctly applied parsnip::translate() to each of the three model objects, matching the expected workflow and outputs.","You set the seed and used bootstraps() on `ames_train`, but you did not namespace rsample::bootstraps and changed the default resample count by specifying `times = 25`.","You built a workflow_set with the recipe and three models correctly, but you only selected the info column instead of unnesting it to show the workflow structure as required.","You used workflow_map and then un-nested result and .metrics, filtered for rmse, grouped, arranged, and sliced, but you created a separate `all_workflows_res` object and did not follow the exact skeleton (selecting `result` instead of the placeholder column name) or update `all_workflows` as specified.","You used rank_results() with `rank_metric = 'rmse'` and `select_best = TRUE` on the tuned workflow set, but you applied it to `all_workflows_res` instead of `all_workflows` and added extra comparison code beyond what was requested.","You extracted and finalized a ranger workflow and fit it on train and test data, computing an MSE ratio, but you did not use the specified `base_forest` workflow ID or the given best parameters (trees = 1, min_n = 11), and your reported ratio differs from the expected value."
40,18,"You completed all exercises and generally followed the tidymodels workflow, including recipes, models, workflowsets, tuning, and evaluation. Most of the structure is correct, but several details deviate from the rubric (e.g., use of `dat`, stratified splitting, specific parameter values, and required unnesting/ids). Review the solution file to align your code more closely with the specified processes and arguments in future labs.",0,2,2,2,3,2,2,3,2,2,"The code calls skim() on `ames` instead of the defined `dat` object and does not use the pipe operator; this does not follow the required process, so no points can be awarded.","You correctly used set.seed() and initial_split/training/testing with a 0.75 proportion, but you omitted `strata = 'Sale_Price'`, so the split does not fully match the specification.","You created the correct recipe with log(Sale_Price), step_other, dummies, centering, and scaling, and prepped it; however, you did not specify the log base explicitly and centered/scaled all predictors (including dummies) rather than only numeric predictors.","You defined three models with appropriate engines and tuning parameters, but you did not set the mode to 'regression' for the lm and glmnet models, and you used bare `tune()` instead of `parsnip::tune()`.","You correctly applied parsnip::translate() to each of the three model objects, matching the expected workflow and outputs.","You set the seed and used bootstraps() on ames_train, but you did not namespace rsample::bootstraps and overrode the default resample count by specifying times = 25.","You correctly built a workflow_set with the recipe and three models, but you only selected the info column instead of unnesting it to show the workflow structure as required.","You used workflow_map on the workflow set and then unnested result and .metrics, filtered for rmse, grouped by wflow_id, arranged by .estimate, and sliced the top row, which matches the required process even though you stored results in a separate object.","You used rank_results() with rank_metric = 'rmse' and select_best = TRUE on the workflow set results, but you did not explicitly compare or comment on consistency with Exercise 8 within the document.","You extracted and finalized a ranger workflow and fit it on training and test data, computing an MSE ratio; however, the workflow id differs from the specified 'base_forest', the best parameters do not match the given ones, and the reported ratio is not close to the expected value."
41,19,"You completed all exercises with generally correct use of tidymodels, recipes, parsnip, rsample, and workflowsets, and your code shows a solid understanding of the modeling workflow. Most deductions are for not following the exact objects, arguments, or ids specified in the rubric (e.g., using `dat`, adding strata, unnesting info, and matching the prescribed best model configuration). For future labs, focus on matching the requested function arguments and object names closely, and avoid redefining major objects in later questions unless the instructions call for it.",1,2,3,2,3,2,2,2,2,2,"You called skim() but on `ames` instead of the defined `dat` object, and did not use the pipe operator as specified. The written conclusion about no missing data is present, but process and object name don’t match the rubric.","You correctly used set.seed(), initial_split(), training(), and testing() with a 75% split, but omitted the required `strata = 'Sale_Price'` argument. Add stratification on Sale_Price to fully match the expected process.","Your recipe uses the correct formula, log-transforms Sale_Price, pools Neighborhood, creates dummies, and then centers/scales predictors, and you prep and examine it with broom::tidy(). This matches the required steps and order closely enough for full credit.","You correctly specified the three models and used tune() for the appropriate parameters, but did not explicitly set the mode to 'regression' for the lm and glmnet models as in the rubric. Add set_mode('regression') to all three for full alignment.","You applied parsnip::translate() to each of the three model objects, which is exactly what was required. This fully satisfies the code and process expectations.","You set the seed and created bootstrap resamples from ames_train, but used the unqualified bootstraps() and changed the default number of resamples (times = 25). Use rsample::bootstraps(ames_train) with default settings to fully match the rubric.","You correctly built a workflow_set with one recipe and three models, but in the second chunk you only selected wflow_id and info without unnesting the info column. Use tidyr::unnest(info) to inspect the workflow structure as requested.","You demonstrated the correct unnest → filter rmse → group_by → arrange(desc(.estimate)) → slice(1) pipeline on a workflow_set, but you rebuilt a new set (`all_workflows_res`) with different resampling instead of using the tuned `all_workflows` from the provided code. Align this with the given workflow_map call and object to fully meet the rubric.","You used rank_results() with rank_metric = 'rmse' and select_best = TRUE on your workflow_set results, which matches the core requirement. However, it operates on `all_workflows_res` rather than the `all_workflows` object specified in the instructions.","You extracted a ranger workflow, finalized it with chosen parameters, and fit/train-test models and computed an MSE ratio, which shows the intended workflow. However, the workflow id ('base_ranger') and best parameters do not match the specified 'base_forest' with trees = 1 and min_n = 11, so the final model configuration and reported ratio differ from the rubric."
42,19,"Most exercises are attempted with generally correct use of tidymodels, recipes, parsnip, rsample, and workflowsets. The main issues are small deviations from the specified process (e.g., object names, missing strata, different resampling/grid settings, and not following the exact workflow/parameter choices in later questions). Tightening adherence to the given instructions and using the exact objects and arguments requested would bring this closer to full credit.",1,2,3,2,3,2,2,2,2,2,"You used skim() but on `ames` instead of the defined `dat` object, and did not use the pipe operator as specified; the missing-data conclusion is present but process and object choice are off.","You correctly used set.seed(), initial_split(), training(), and testing() with a 0.75 split, but omitted the required `strata = 'Sale_Price'` argument.","Recipe uses the correct formula, applies log to Sale_Price, pools Neighborhood, creates dummies, and then centers/scales predictors; prep() and broom::tidy() are used appropriately and the overall process matches expectations.","You correctly specified the three parsnip models and tuned parameters, but did not explicitly set mode = 'regression' for the glmnet model, and used bare `tune()` instead of `parsnip::tune()`.","parsnip::translate() is correctly called on each of the three model objects, matching the expected workflow and outputs.","You set the seed and created bootstrap resamples from ames_train, but used the unqualified bootstraps() and changed defaults (times = 25) instead of the simple rsample::bootstraps(ames_train) call.","You correctly built a workflow_set with the recipe and three models, but did not unnest the info column as requested, only selecting it; otherwise the workflow structure is appropriate.","You performed workflow_map, unnested result and .metrics, filtered for rmse, grouped, arranged, and sliced, but used a separate `all_workflows_res` object and different resampling/grid settings than the provided process.","You used workflowsets::rank_results() on the workflow set and compared results, but operated on `all_workflows_res` rather than the original `all_workflows` object as specified in the rubric.","You extracted a ranger workflow, finalized it with chosen parameters, and fit/train-test to compute an MSE ratio, but did not use the specified 'base_forest' id or the given best parameters (trees = 1, min_n = 11), so the exact expected configuration is not followed."
43,19,"Most exercises are attempted with generally correct use of tidymodels, recipes, parsnip, and workflowsets. The main issues are small deviations from the specified objects/arguments (e.g., using `ames` vs `dat`, omitting strata, not updating `all_workflows` as directed) and not always following the exact workflow described in the rubric. Tightening adherence to the given instructions and argument values would bring several partially correct answers up to full credit.",1,2,3,2,3,2,2,2,2,2,"You used skim() but on `ames` instead of the defined `dat` object, and did not use the pipe operator as specified; the missing-data conclusion is present but process and object choice are off.","You correctly used set.seed(), initial_split(), training(), and testing() with a 75% split, but omitted the required `strata = 'Sale_Price'` argument.","Recipe uses the correct formula, applies log to Sale_Price, pools Neighborhood, creates dummies, and then centers/scales predictors; prep() and broom::tidy() are used appropriately, matching the expected process.","You correctly specified lm, glmnet, and ranger models with tunable parameters, but did not set the mode to 'regression' for the glmnet model as required.","parsnip::translate() is correctly called on each of the three model objects, following the expected workflow to inspect engine-specific templates.","You set the seed and created a bootstraps object on ames_train, but did not namespace rsample::bootstraps() and changed defaults (times = 25) instead of using the default parameters.","You correctly built a workflow_set with one recipe and three models, but did not unnest the info column as requested; instead you only selected it without using tidyr::unnest().","You implemented workflow_map, unnested result and .metrics, filtered for rmse, grouped, arranged, and sliced correctly, but you rebuilt workflows and used a different resampling object (`all_workflows_res`) rather than updating and using the original `all_workflows` as specified.","You used rank_results() with rank_metric = 'rmse' and select_best = TRUE on the tuned workflow set, but applied it to `all_workflows_res` instead of `all_workflows` and added extra, unnecessary complexity.","You extracted and finalized a ranger workflow and compared train/test performance with an MSE ratio, but did not use the specified 'base_forest' workflow or the given best parameters (trees = 1, min_n = 11), so the process and expected configuration differ from the rubric."
44,17,"You completed most of the required steps and demonstrated a solid grasp of tidymodels workflows, recipes, and workflowsets. The main deductions are for small deviations from the specified processes (e.g., object names, missing strata, not unnested info, and some step details). For future labs, align more closely with the given instructions (data object names, arguments, and exact transformations) and avoid redefining major objects multiple times unless necessary.",1,2,2,2,3,2,2,3,,,"You called skim() but on `ames` instead of the defined `dat` object, and did not use the pipe operator; process and object choice don’t match the rubric, though you did attempt to summarize and answered the missing-data question.","You correctly used set.seed(), initial_split(), training(), and testing() with a 75% split, but you omitted the required `strata = 'Sale_Price'` argument, so the process is slightly incomplete.","You created a recipe with the correct formula, applied log to Sale_Price, pooled Neighborhood, created dummies, and centered/scaled, then prepped and tidied; however, you did not specify `base = exp(1)` in step_log and you centered/scaled all predictors (including dummies) rather than only numeric predictors as in the expected process.","You defined three parsnip models with appropriate engines and tuned parameters, but you did not explicitly set `mode = 'regression'` for the first two models and used `tune()` without the `parsnip::` namespace, so the setup is slightly off from the specified workflow.","You correctly called parsnip::translate() on each of the three model objects, which matches the expected process and would yield the appropriate templates.","You set the seed and created bootstrap resamples from ames_train, but you did not use the fully qualified rsample::bootstraps() and changed the default resample count by specifying `times = 25`.","You built a workflow_set with the recipe and three models and inspected the wflow_id and info columns, but you did not unnest the info column as requested, and your model object names differ from those specified in the rubric.","You used workflow_map() on the workflow set, then selected wflow_id and result, unnested result and .metrics, filtered for rmse, grouped by wflow_id, arranged by .estimate, and sliced the top row, which matches the required workflow and output structure.",,
45,21,"Most of the required tidymodels workflow components are present and generally follow the intended structure, especially for the recipe, model specifications, workflow_set, tuning, and ranking. The main issues are small deviations from the specified objects/arguments (e.g., using `ames` vs `dat`, missing `strata`, not unnested `info`, and differing best-model details in Q10). Tightening adherence to the exact variable names, arguments, and requested steps in the rubric will help you earn full credit in future labs.",1,2,3,2,3,2,2,3,3,2,"You called skim() but on `ames` instead of the defined `dat` object, and did not use the pipe operator; process and object choice don’t match the rubric.","You correctly used set.seed(), initial_split(), training(), and testing() with a 0.75 split, but omitted the required `strata = 'Sale_Price'` argument.","Recipe uses the correct formula, log-transforms Sale_Price, pools Neighborhood, creates dummies, centers and scales predictors, and is prepped and examined with broom::tidy(); order is acceptable.","You correctly specified lm, glmnet, and ranger models with appropriate tunable parameters, but did not explicitly set `mode = 'regression'` for the first two models as in the expected workflow.","parsnip::translate() is correctly called on each of the three model objects, matching the expected process.","You set the seed and created bootstraps on ames_train, but did not namespace rsample::bootstraps() and changed defaults (times = 25) instead of using the simple default call.","You correctly built a workflow_set with one recipe and three models, but did not unnest the `info` column as requested; you only selected it without using tidyr::unnest().","You used workflow_map(), then selected, unnested `result` and `.metrics`, filtered for rmse, grouped by wflow_id, arranged by .estimate, and sliced the top row, matching the required workflow.","You used workflowsets::rank_results() with `rank_metric = 'rmse'` and `select_best = TRUE` and compared results, which aligns with the rubric expectations.","You extracted and finalized a ranger workflow and compared train/test performance, but the workflow id differs from the specified 'base_forest' and the best-parameter values and reported MSE ratio do not match the expected solution."
46,17,"You completed all exercises and demonstrated a solid grasp of tidymodels workflows, recipes, models, and resampling. Most key functions were used correctly, but several steps diverged from the exact processes and arguments specified in the rubric (e.g., object names, stratification, specific workflow IDs and parameters). For future labs, focus on matching the required data objects, arguments, and workflow structure more closely to the instructions while keeping your code as simple and direct as possible.",1,2,2,2,3,2,2,2,2,1,"You called skim() but on `ames` instead of the defined `dat` object, and did not use the pipe operator; process and object choice don’t match the rubric, though you did attempt to summarize and answered the missing-data question.","You correctly used set.seed(), initial_split(), training(), and testing() with a 75% split, but omitted the required `strata = 'Sale_Price'` argument, so the process is slightly incomplete.","You created a recipe with the correct formula, applied log to Sale_Price, pooled Neighborhood, created dummies, and centered/scaled, then prepped and tidied; however, you did not specify `base = exp(1)` in step_log and centered/scaled all predictors (including the outcome) rather than only numeric predictors, so the process is not fully aligned with the expected steps.","You defined three parsnip models and used tune() for glmnet and random forest, but did not set `set_mode('regression')` for the base linear model and used `tune()` without the parsnip:: prefix; overall structure is mostly correct but not fully consistent with the rubric’s expectations.","You correctly called parsnip::translate() on each of the three model objects, which matches the required workflow and would display the appropriate templates.","You set the seed and created bootstrap resamples from ames_train, but used `bootstraps(ames_train, times = 25)` instead of the default call on ames_train as specified; functionality is correct but deviates slightly from the expected process.","You built a workflow_set with the recipe and three models and inspected wflow_id and info, but did not unnest the info column as requested; the workflow structure is mostly correct, though model names differ from the template.","You correctly used workflow_map(), unnested result and .metrics, filtered for rmse, grouped by wflow_id, arranged by .estimate, and sliced the top row; however, you created a new `all_workflows_res` instead of updating `all_workflows`, and your code diverges from the provided skeleton, so process fidelity is slightly off.","You used workflowsets::rank_results() with `rank_metric = 'rmse'` and `select_best = TRUE` on `all_workflows_res` and compared results, which matches the intent, but the rubric expects the function to be called on `all_workflows` specifically.","You attempted to extract and finalize a best workflow and then refit and compare train/test performance, but the extracted ID (`base_ranger`) does not match the expected `base_forest`, the best parameters differ from the rubric, and the workflow is rebuilt multiple times; the overall idea is present but does not follow the specified process or target configuration."
47,19,"You completed all exercises with generally correct use of tidymodels, recipes, parsnip, rsample, and workflowsets, and your code shows a solid understanding of the workflow. Most deductions are for not following the exact objects, arguments, or IDs specified in the rubric (e.g., using `dat`, adding strata, updating `all_workflows`, and using the prescribed best parameters). For future labs, pay close attention to the exact function arguments, object names, and workflow IDs requested, as grading is tied closely to those details.",1,2,3,2,3,2,2,2,2,2,"You called skim() but on `ames` instead of the defined `dat` object, and did not use the pipe operator as specified. The written conclusion about no missing data is present, but process and object choice do not follow the rubric.","You correctly used set.seed(), initial_split(), training(), and testing() with a 75% split, but omitted the required `strata = 'Sale_Price'` argument. Add stratification on Sale_Price to fully match the expected process.","Your recipe uses the correct formula, log-transforms Sale_Price, pools Neighborhood, creates dummies, and then centers/scales predictors, and you prep and examine it with broom::tidy(). This matches the required steps and order closely enough for full credit.","You correctly specified the three models and engines and tuned the right parameters, but did not explicitly set the mode to 'regression' for the glmnet model. Always set mode() for all models to avoid ambiguity.","You applied parsnip::translate() to each of the three model objects as required, which will display the underlying engine-specific templates. This fully meets the exercise requirements.","You set the seed and created bootstrap resamples from ames_train, but used `bootstraps(ames_train, times = 25)` instead of the default parameters and omitted the rsample:: namespace. Use rsample::bootstraps(ames_train) with defaults to align exactly with the rubric.","You built a workflow_set with the recipe and three models correctly, but for examining structure you only selected the info column instead of unnesting it with tidyr::unnest(info) as requested. Add the unnest step to fully inspect the workflow structure.","You correctly used workflow_map, unnested result and .metrics, filtered for rmse, grouped by wflow_id, arranged by .estimate, and sliced the top row. However, you created a new `all_workflows_res` object instead of updating `all_workflows` as specified, and your pipeline starts from that new object. Align object naming with the instructions for full credit.","You used rank_results(all_workflows_res, rank_metric = 'rmse', select_best = TRUE) and compared results, which matches the intent, but the rubric expects rank_results(all_workflows, ...). Ensure you apply rank_results to the same object updated in Exercise 8.","You demonstrated extracting a ranger workflow, finalizing with best parameters, and fitting on train and test data with an MSE ratio, but did not specifically extract the 'base_forest' workflow or use the given best parameters (trees = 1, min_n = 11). Follow the specified workflow ID and parameter values to fully match the expected process."
48,19,"You completed all exercises with generally correct use of tidymodels, recipes, parsnip, rsample, and workflowsets, and your code shows a solid understanding of the modeling workflow. Most deductions are for not exactly following the specified objects/arguments (e.g., using `dat`, adding strata, unnesting info, and matching IDs/parameters) rather than for major conceptual errors. Review the solution template to align object names, arguments like `strata`, and workflow IDs more closely with the lab instructions.",1,2,3,2,3,2,2,2,2,2,"You called skim() but on `ames` instead of the defined `dat` object, and did not use the pipe operator as specified. The written conclusion about no missing data is present, but process and object choice do not follow the rubric.","You correctly used set.seed(), initial_split(), training(), and testing() with a 75% split, but omitted the required `strata = 'Sale_Price'` argument. Add stratification on Sale_Price to fully match the expected process.","You created the recipe with the correct formula, log-transformed Sale_Price, pooled Neighborhood, created dummies, centered and scaled predictors, and prepped then examined with broom::tidy(). This matches the required steps and order closely enough for full credit.","You correctly specified the three models and engines, and used tune() for penalty/mixture and min_n/trees, but did not explicitly set the mode for the first two models. Add `set_mode('regression')` to all three for full alignment with the rubric.","You applied parsnip::translate() to each of the three model objects as required, which is exactly the expected workflow for this exercise.","You set the seed and created bootstrap resamples from ames_train, but used the unqualified bootstraps() and changed the default number of resamples (times = 25). Use `rsample::bootstraps(ames_train)` with defaults to fully match the rubric.","You built a workflow_set with the recipe and three models correctly, but did not unnest the `info` column as requested (you only selected it). Use `tidyr::unnest(info)` to inspect the workflow structure.","You correctly used workflow_map, then selected, unnested `result` and `.metrics`, filtered for rmse, grouped, arranged, and sliced, but you created a new `all_workflows_res` object instead of updating `all_workflows` as in the prompt. The core tuning and summarizing process is correct.","You used rank_results() with `rank_metric = 'rmse'` and `select_best = TRUE` on the tuned workflow set and compared results, but applied it to `all_workflows_res` instead of `all_workflows` as specified. The ranking logic and comparison are otherwise appropriate.","You extracted a ranger workflow, finalized it with chosen parameters, and then in a later chunk re-derived the best workflow and parameters, fit on train and test, and computed the MSE ratio. However, the initial extract_workflow ID ('base_ranger') does not match the expected 'base_forest', and the specified best parameters differ from the provided solution."
49,18,"You completed all exercises with generally appropriate use of tidymodels, recipes, parsnip, rsample, and workflowsets. Most key functions and workflows are present, but several steps diverge from the specified process (e.g., object names, strata use, exact recipe steps, and workflow ids/parameters). Review the templates and rubric to align more closely with the expected data objects, arguments, and unnesting/inspection steps in future labs.",1,2,2,2,3,2,2,2,2,2,"You used skimr::skim, but on `ames` instead of the defined `dat` object and without the pipe; process and object naming don’t match the instructions.","You correctly used set.seed, initial_split, training, and testing with a 75% split, but you omitted the required `strata = 'Sale_Price'` argument.","You created and prepped a recipe with log, other, dummy, center, and scale steps and examined it with broom::tidy; however, you did not specify `base = exp(1)` and you centered/scaled all predictors (including dummies) rather than only numeric predictors.","You defined three parsnip models and used tune() for penalty/mixture and min_n/trees, but you did not set the mode for the first two models and did not explicitly use parsnip::tune in your code.","You correctly called parsnip::translate() on each of the three model objects, matching the expected workflow and outputs.","You set the seed and created bootstrap resamples from ames_train, but you did not use the fully qualified rsample::bootstraps and you changed the default resampling parameters (times = 25).","You built a workflow_set with the recipe and three models and inspected wflow_id and info, but you did not unnest the info column as requested and your model object names differ from the template (lm/glmnet/ranger instead of base/glmnet/forest).","You used workflow_map, unnested result and .metrics, filtered for rmse, grouped by wflow_id, and selected the top row, but you rebuilt the workflows with different resampling (vfold_cv) and object names instead of using the existing all_workflows and train_resamples.","You used workflowsets::rank_results on all_workflows_res and compared results, but the code is more complex than needed and does not exactly follow the simple call specified in the instructions.","You extracted and finalized a ranger workflow and fit it on train and test data, computing an MSE ratio; however, the workflow id and best parameters differ from the provided solution (base_ranger vs base_forest, and different tuning values), so the process does not fully match the expected one."
50,20,"Most exercises are completed with generally correct use of tidymodels, recipes, parsnip, workflowsets, and rsample. A few details diverge from the rubric, such as missing stratification in the split, not fully following the specified objects (dat vs ames) or arguments, and differing choices for best model extraction and parameters. Tightening alignment with the exact instructions (object names, arguments like strata, and specified best model configuration) would bring this to full credit.",1,2,3,2,3,2,2,3,2,2,You used skim() but on `ames` instead of the defined `dat` object and did not use the pipe operator; process and object name should match the instructions (`dat |> skimr::skim()`).,"You correctly used set.seed(), initial_split(), training(), and testing() with a 0.75 prop, but you omitted the required `strata = 'Sale_Price'` argument.","Recipe uses the correct formula, log-transforms Sale_Price, pools Neighborhood, creates dummies, and then centers/scales predictors; prep() and broom::tidy() are used appropriately.","You correctly specified the three parsnip models and tuned parameters, but you did not set the mode for the first two models and did not explicitly use parsnip::tune(), which slightly diverges from the expected pattern.","parsnip::translate() is correctly called on each of the three model objects, matching the expected workflow.","You set the seed and created bootstrap resamples from ames_train, but you used the un-namespaced bootstraps() and changed defaults (times = 25) instead of rsample::bootstraps(ames_train) with defaults.","You correctly built a workflow_set with the recipe and three models, but you only selected the info column instead of unnesting it to inspect structure as requested.","You used workflow_map(), then unnested result and .metrics, filtered for rmse, grouped by wflow_id, arranged by .estimate, and sliced the top row per group; this matches the required process even though you rebuilt objects and used CV instead of bootstraps.","You used workflowsets::rank_results() with rank_metric = 'rmse' and select_best = TRUE on all_workflows_res and compared results, but the function was not applied directly to `all_workflows` as specified.","You extracted a ranger workflow, finalized it with chosen parameters, and fit/train-test models and computed an MSE ratio, but the workflow ID and best parameters differ from the specified 'base_forest' with trees = 1, min_n = 11, so the final configuration and ratio do not match the expected solution."
