Run,Total,OverallComment,Q1,Q2,Q3,Q4,Q5,Q6,Q7,Q8,Q9,Q10,Q1_feedback,Q2_feedback,Q3_feedback,Q4_feedback,Q5_feedback,Q6_feedback,Q7_feedback,Q8_feedback,Q9_feedback,Q10_feedback
1,25,"Most exercises are completed with the correct functions and workflows, and your code generally follows the tidymodels patterns expected in the lab. The main deductions are for not using stratified splitting in Exercise 2 and for some details in the recipe (log base and centering/scaling scope) and EDA process. Review the rubric’s exact specifications (e.g., strata argument, natural log, and use of pipes) to align your future work more closely with the required process.",1,2,1,3,3,3,3,3,3,3,"You used skimr::skim on dat and concluded no missing data, which is good. However, the rubric required piping dat directly into skimr::skim() without creating intermediate objects; you also did not use the |> pipe in a single step, so process fidelity is partial.","You set the seed and used rsample::initial_split(), training(), and testing() with a 0.75 split, which matches most of the required process. However, you did not use strata = 'Sale_Price' and your object names differ from the specified ones, so the split is not fully as requested.","You created a recipe with the correct formula and included log, step_other, dummy, center, and scale steps, then prepped and tidied it. The issues are using base = 10 instead of natural log, centering/scaling all predictors (including dummies) rather than numeric predictors only, and not matching the specified order, so process and transformation details are only partially correct.","All three models are correctly specified: linear_reg with lm engine, glmnet model with penalty and mixture set to tune(), and rand_forest with min_n and trees set to tune(), all in regression mode. This fully matches the rubric requirements.","You correctly called parsnip::translate() on each of the three model objects, which is exactly what was required to inspect the engine-specific templates.","You set the seed and created train_resamples using rsample::bootstraps(dat_train), which matches the expected process and produces the correct type of resampling object.","You built all_workflows with workflowsets::workflow_set() using your recipe and all three models, and then unnested the info column to inspect the structure. This aligns with the expected workflow set construction and examination.","Your code (though not evaluated) follows the required sequence: select wflow_id and result, unnest result and .metrics, filter for rmse, group by wflow_id, arrange by .estimate descending, and slice the top row. This matches the rubric’s process and intended output structure.","You correctly called workflowsets::rank_results(all_workflows, rank_metric = 'rmse', select_best = TRUE) as specified. The comparison to Exercise 8 is implied, which is sufficient for this rubric.","You extracted the random forest workflow, finalized it with trees and min_n, and then fit it on both training and test data. While your reported MSE ratio differs from the solution, the required functions and workflow are correctly used, so full credit is warranted."
2,25,"Most exercises are completed with the correct functions and workflows, and you generally follow the tidymodels and workflowsets patterns well. The main deductions are for not using stratification in the split and for some deviations in the recipe (log base and step ordering). Review the recipe step order and parameter details to better align with the rubric’s expectations in future labs.",1,2,1,3,3,3,3,3,3,3,"You used skimr::skim() on dat, but did not use the pipe from dat directly and created an intermediate object; also as.tibble() is deprecated. The conclusion about no missing data is present, but the workflow does not fully match the expected single-step piping process.","You correctly used set.seed() and rsample::initial_split(), training(), and testing(), and created 75%/25% splits. However, you did not use strata = 'Sale_Price' and used different object names than specified, so the process is slightly off the rubric.","You created a recipe with the correct formula and included log, step_other, dummy, centering, and scaling, and then prepped it. However, you used base = 10 instead of natural log, centered/scaled all predictors (including dummies) rather than only numeric predictors, and the order of steps does not match the expected centering/scaling before log and other steps.","All three models are correctly specified with linear_reg and rand_forest, appropriate engines (lm, glmnet, ranger), regression mode, and tunable parameters (penalty, mixture, min_n, trees) using tune(). This matches the required parsnip workflow.","You correctly called parsnip::translate() on each of the three model objects, which will display the underlying engine-specific templates as required.","You set the seed and created a bootstrap resampling object with rsample::bootstraps() on the training data, assigning it to train_resamples, which matches the expected process and output.",You built a workflow_set with the recipe and all three models and then unnested the info column to inspect the structure. The column names differ slightly from the template but the functionality and structure are correct.,"Your code (though not evaluated) follows the expected sequence: select wflow_id and result, unnest result and .metrics, filter for rmse, group by wflow_id, arrange by .estimate descending, and slice the top row. This matches the rubric’s required workflow.","You correctly called workflowsets::rank_results() with all_workflows, rank_metric = 'rmse', and select_best = TRUE, which is exactly what the rubric specifies.","You extracted the random forest workflow, finalized it with trees and min_n, and then fit it on both training and test data. While your reported MSE ratio differs from the solution, the required functions and workflow steps are all present and correctly structured."
3,26,"Most exercises are completed with the correct functions and workflows, and your code generally follows the tidymodels process well. The main issues are minor deviations from the specified process (e.g., missing stratification in the split, log base choice, and centering/scaling scope) rather than missing work. Tightening alignment with the exact rubric instructions (argument values, object names, and step order) will help you earn full credit in future labs.",2,2,1,3,3,3,3,3,3,3,"You correctly used skimr::skim() on dat and concluded there is no missing data. However, the rubric expected using the pipe directly from dat to skimr::skim() without creating intermediate objects; you also used as.tibble() (deprecated) and extra filtering not required.","You set the seed and used rsample::initial_split(), training(), and testing() with a 0.75 split, which matches most of the process. However, you did not use strata = 'Sale_Price' and used different object names than specified (dat_split/dat_train/dat_test instead of data_split/ames_train/ames_test), so the split is not stratified as required.","You created a recipe with the correct formula and included step_log, step_other, step_dummy, step_center, and step_scale, and then prepped it. However, you used base = 10 instead of the natural log, centered and scaled all predictors (including dummies) rather than just numeric predictors, and the order of steps does not match the expected (center/scale numeric predictors before dummy creation).","All three models are specified correctly: linear_reg with lm engine, glmnet model with penalty and mixture set to tune(), and rand_forest with min_n and trees set to tune(), each with mode = 'regression'. Function usage and tunable parameters match the rubric.","You applied parsnip::translate() to each of the three model objects, which is exactly what was required to inspect the engine-specific templates.","You set the seed and created a bootstrap resampling object using rsample::bootstraps() on the training data (dat_train), assigning it to train_resamples. This matches the expected workflow and output structure.","You created all_workflows with workflowsets::workflow_set() using your recipe and all three models, and then unnested the info column with tidyr::unnest(info). The structure and contents of the workflow set align with the rubric expectations.","Your code (though not evaluated) correctly chains select, unnest(result), select, unnest(.metrics), filter(.metric == 'rmse'), group_by, arrange(desc(.estimate)), and slice(1), which matches the required process to extract best RMSE per workflow.","You called workflowsets::rank_results(all_workflows, rank_metric = 'rmse', select_best = TRUE) as required. This matches the expected usage to compare with Exercise 8 results.","You extracted the best workflow (base_recip_random_forest), finalized it with trees and min_n parameters, and then fit it on both training and test data. While your reported MSE ratio differs from the solution, the required functions and workflow are correctly used."
4,23,"Most exercises are completed with the correct functions and workflows, and you generally follow the tidymodels and workflowsets patterns well. The main issues are minor deviations from the specified process (e.g., missing stratification in the split, log base choice, and centering/scaling scope). Tightening alignment with the rubric instructions (especially parameter choices and step order) will help you get full credit in future labs.",2,2,1,3,3,3,3,3,3,3,"You correctly used skimr::skim() on dat and concluded there is no missing data. However, the rubric expected using the pipe directly from dat to skimr::skim() without creating intermediate objects; also as.tibble() is deprecated (use tibble::as_tibble).","You set the seed and used rsample::initial_split(), training(), and testing() with a 0.75 split, which matches most of the required process. You did not use strata = 'Sale_Price' and used different object names than specified, so the split is not stratified as required.","You created a recipe with the correct formula and included log, step_other, dummy, centering, and scaling, and then prepped it. However, you used base = 10 instead of the natural log, centered/scaled all predictors (including dummies) rather than numeric predictors only, and the order of steps does not match the expected (center/scale numeric predictors before dummy creation).","All three models are specified correctly with parsnip::linear_reg(), parsnip::rand_forest(), set_engine(), and set_mode(), and you used tune() for penalty, mixture, min_n, and trees as required. This fully matches the expected modeling setup.","You applied parsnip::translate() to each of the three model objects, which is exactly what was required to inspect the engine-specific templates.","You set the seed and created train_resamples using rsample::bootstraps() on the training data, matching the expected process and output structure.","You built all_workflows with workflowsets::workflow_set() using your recipe and three models, and then unnested the info column with tidyr::unnest(info), which matches the required workflow structure and inspection.","Your code follows the expected pipeline: selecting wflow_id and result, unnesting result and .metrics, filtering for rmse, grouping by wflow_id, arranging by .estimate, and slicing the top row. This matches the rubric’s required workflow, even though it is not executed.","You correctly called workflowsets::rank_results(all_workflows, rank_metric = 'rmse', select_best = TRUE) as required. The comparison to Q8 is implied but not shown in detail, which is acceptable for this exercise.","You extracted the random forest workflow, finalized it with trees and min_n, and then fit it on both training and test data. While your reported MSE ratio differs from the solution, the required functions and workflow are present and correctly structured."
5,23,"Your lab shows a solid grasp of the tidymodels workflow, with all major steps (recipes, models, workflowsets, tuning, and evaluation) implemented correctly. Most deductions are for small deviations from the specified process (e.g., missing strata, log base, and minor naming differences) rather than conceptual errors. For future labs, pay close attention to the exact arguments and step order requested in the rubric to capture full points.",2,2,1,3,3,3,3,3,3,3,"You correctly used skimr::skim() on dat and concluded there is no missing data. However, the rubric expected using the pipe directly from dat to skimr::skim() without creating an intermediate object; also as.tibble() is deprecated (use tibble::as_tibble).","You set the seed and used rsample::initial_split(), training(), and testing() with a ~75% split, which matches the intent. However, you did not use strata = 'Sale_Price' and used different object names (dat_split/dat_train/dat_test instead of data_split/ames_train/ames_test), so the process is slightly off the specified workflow.","You created a recipe with the correct formula and included step_log, step_other, step_dummy, step_center, and step_scale, and then prepped it. But you used base = 10 instead of natural log, centered/scaled all predictors (including dummies) rather than just numeric predictors, and the order of steps does not match the expected (center/scale numeric predictors before dummy creation).","All three models are specified correctly with parsnip::linear_reg and parsnip::rand_forest, using set_engine and set_mode, and tune() for penalty/mixture and min_n/trees. The workflow and parameterization match the rubric expectations.","You correctly called parsnip::translate() on each of the three model objects, which is exactly what was required to inspect the engine-specific templates.","You set the seed and created a bootstrap resampling object with rsample::bootstraps() on the training data (dat_train), assigning it to train_resamples. This matches the expected process and output structure.",You built a workflow_set with the recipe and all three models and then unnested the info column to inspect the structure. Column names and IDs differ slightly from the solution but the process and functions used are correct and complete.,"Your code (though not evaluated) follows the required sequence: select wflow_id and result, unnest result and .metrics, filter for rmse, group by wflow_id, arrange by .estimate descending, and slice the top row. This matches the rubric’s expected workflow.","You correctly called workflowsets::rank_results(all_workflows, rank_metric = 'rmse', select_best = TRUE) as specified. Although you did not explicitly describe the comparison, the required code is present and correct.","You extracted the best workflow (using the appropriate ID for your naming), finalized it with trees and min_n, and then fit it on both training and test data. While your reported MSE ratio differs from the solution, the required functions and workflow are correctly implemented."
6,25,"Most exercises are completed with correct use of tidymodels, workflowsets, and rsample, and your code generally follows the intended workflows. The main issues are in Exercise 1 (not using the simple pipe pattern) and Exercise 3 (log base and centering/scaling scope). Tightening those details and matching the specified arguments (e.g., stratification in splits, natural log) will bring your work fully in line with the rubric.",1,2,1,3,3,3,3,3,3,3,"You used skimr::skim() on dat, but did not pipe with |> directly to skim and created an intermediate object; also as.tibble() is deprecated. EDA conclusion about no missing data is present, but process does not fully match the required single-step pipe workflow.","You set the seed and used rsample::initial_split(), training(), and testing(), but did not use strata = 'Sale_Price' and used different object names than specified. The 75% split is correct, but missing stratification costs 1 point.","You created a recipe with the correct formula and included log, other, dummy, center, and scale steps, then prepped and tidied it. However, you used base = 10 instead of natural log, and centered/scaled all predictors (including dummies) rather than only numeric predictors, so the process and transformation details are not fully correct.","All three parsnip models are correctly specified with linear_reg and rand_forest, appropriate engines (lm, glmnet, ranger), regression mode, and tunable parameters (penalty, mixture, min_n, trees) using tune(). This matches the expected workflow.","You correctly called parsnip::translate() on each of the three model objects, which will display the underlying engine-specific templates as required.","You set the seed and created train_resamples using rsample::bootstraps(dat_train), which matches the expected bootstrap resampling process on the training data.","You built all_workflows with workflowsets::workflow_set() using the recipe and all three models, and then unnested the info column with tidyr::unnest(info). The structure and contents of the workflow set are examined as required.","Your code updates all_workflows with workflow_map() (in the provided chunk) and then selects wflow_id and result, unnests result and .metrics, filters for rmse, groups by wflow_id, arranges by descending .estimate, and slices the top row. This matches the specified tuning and summarization workflow.","You correctly call workflowsets::rank_results(all_workflows, rank_metric = 'rmse', select_best = TRUE), which will rank workflows by rmse and select the best configuration per workflow as required.","You extract the best random forest workflow, finalize it with trees and min_n, and fit it on both training and test data. Although you do not compute the exact MSE ratio, the required functions and workflow are correctly used."
7,25,"Most of the required tidymodels workflow is present and correctly structured, including model specifications, workflow sets, resampling, and tuning pipelines. The main issues are minor deviations from the specified process (e.g., missing strata in the split, log base choice, and some recipe details) and a less streamlined EDA step. Tightening adherence to the exact instructions and being careful with transformation details would bring this to full credit.",1,2,1,3,3,3,3,3,3,3,"You used skimr::skim() on dat, but did not pipe with |> directly to skim and created an intermediate object; also as.tibble() is deprecated. EDA conclusion about no missing data is present, but process does not fully match the expected single-step pipe workflow.","You correctly used set.seed(8740), rsample::initial_split(), training(), and testing() with a 75% split. However, you omitted the required strata = 'Sale_Price' argument and used different object names than specified in the instructions.","You created a recipe with the correct formula and included log, step_other, dummy, centering, and scaling, then prepped it. However, you used base = 10 instead of natural log, centered/scaled all predictors (including dummies) rather than numeric predictors only, and the order of steps does not fully follow the expected design.","All three parsnip models are correctly specified: linear_reg with lm engine, glmnet with penalty and mixture set to tune(), and rand_forest with min_n and trees set to tune(), all in regression mode. This matches the required workflow.","You correctly called parsnip::translate() on each of the three model objects, which will display the underlying engine-specific templates as required.","You set the seed and created a bootstrap resampling object using rsample::bootstraps() on the training data, assigning it to train_resamples, which matches the expected process.",You built a workflow_set with the recipe and all three models and then unnested the info column to inspect the structure. Column names differ slightly but the workflow content and process are correct.,"Your code (though not evaluated) follows the expected pipeline: selecting wflow_id and result, unnesting result and .metrics, filtering for rmse, grouping by wflow_id, arranging by .estimate, and slicing the top row. This matches the rubric’s required workflow.","You correctly called workflowsets::rank_results(all_workflows, rank_metric = 'rmse', select_best = TRUE), which is exactly what was required for this exercise.","You extracted the random forest workflow, finalized it with trees and min_n, and set up fits on training and test data. While you did not compute the explicit MSE ratio, the required functions and workflow are present and correctly structured."
8,25,"Most of the required tidymodels workflow is implemented correctly, including model specifications, workflow sets, resampling, and tuning-related code. The main issues are in Exercise 1 (not following the exact skim piping pattern), Exercise 2 (missing stratification), and Exercise 3 (log base and centering/scaling choices). Tightening adherence to the specified process and parameter details would bring this closer to full credit.",1,2,1,3,3,3,3,3,3,3,"You used skimr::skim() on dat, but did not use the pipe from dat directly and created an intermediate object; also as.tibble() is deprecated. EDA conclusion about no missing data is present, but process fidelity is off.","You correctly used set.seed(8740), initial_split, training(), and testing() with a 75% split, but you did not specify strata = 'Sale_Price' and used different object names than in the template.","You created a recipe with the right variables and included log, other, dummy, center, and scale steps, then prepped it. However, you used base = 10 instead of natural log, centered/scaled all predictors (including dummies) rather than numeric predictors only, and did not show tidy output clearly.","All three parsnip models are specified correctly with appropriate engines, regression mode, and tunable parameters (penalty/mixture for glmnet, min_n/trees for ranger).",You correctly applied parsnip::translate() to each of the three model objects to inspect their engine-specific templates.,"You set the seed and created a bootstrap resampling object from the training data using rsample::bootstraps(), matching the expected workflow.",You built a workflow_set with the recipe and all three models and then unnested the info column to inspect structure; naming differs slightly but the process and functions are correct.,"Your code to select wflow_id and result, unnest result and .metrics, filter for rmse, group, arrange by .estimate, and slice the top row per workflow matches the required workflow, even though it is not executed.","You correctly called workflowsets::rank_results(all_workflows, rank_metric = 'rmse', select_best = TRUE) as required; comparison to Q8 is implied but not shown in detail, which is acceptable.","You extracted the random forest workflow, finalized it with trees and min_n, and defined training and testing fits on train/test data; although you did not compute the explicit MSE ratio, the required functions and workflow are present."
9,25,"Most of the required tidymodels workflow is implemented correctly, including model specifications, workflow sets, tuning, and ranking. The main issues are in Exercise 1 (not following the exact skim piping pattern) and Exercise 3 (log base and step ordering/selection). Tightening adherence to the specified arguments (e.g., strata in splits, natural log, numeric predictors only) will align your work more closely with the rubric in future labs.",1,2,1,3,3,3,3,3,3,3,"You used skimr::skim() on dat, but did not use the pipe from dat directly and created an intermediate object; also as.tibble() is deprecated. EDA goal is mostly met and you correctly concluded no missing data, but process fidelity is off.","You correctly used set.seed(8740), rsample::initial_split(), training(), and testing() with a ~75% split. However, you did not use strata = 'Sale_Price' and used different object names than specified, so process/output are slightly off the rubric.","You created a recipe with the correct formula and included log, step_other, dummy, centering, and scaling, then prepped it. However, you used base = 10 instead of natural log, centered/scaled all predictors (including dummies) rather than numeric predictors only, and the step order differs from the expected sequence.","All three parsnip models are correctly specified with linear_reg and rand_forest, appropriate engines (lm, glmnet, ranger), regression mode, and tunable parameters (penalty/mixture, min_n/trees). This matches the required workflow.","You correctly applied parsnip::translate() to each of the three model objects, which will display the underlying engine-specific templates as required.",You set the seed and created a bootstrap resampling object using rsample::bootstraps() on the training data (dat_train). This matches the expected process and output structure.,You built a workflow_set with the recipe and all three models and then unnested the info column to inspect the structure. Column names differ slightly from the template but the workflow content and process are correct.,"Your code (though not evaluated) correctly chains select, unnest, filter for rmse, group_by, arrange(desc(.estimate)), and slice(1) on all_workflows, matching the required tuning-summary workflow.","You called workflowsets::rank_results(all_workflows, rank_metric = 'rmse', select_best = TRUE) as specified. Comparison to Q8 is mentioned in comments, which is sufficient for this exercise.","You extracted the best workflow (random forest), finalized it with trees and min_n, and set up fits on training and test data. While you did not compute the exact ratio, you reported MSE values; overall the required workflow steps are present."
10,25,"Most exercises are completed with the correct functions and workflows, and your code generally follows the tidymodels and workflowsets patterns expected in the rubric. The main deductions are for not using stratified splitting in Q2 and for some deviations in the recipe specification (log base and step order) in Q3, plus a slightly non-ideal EDA workflow in Q1. Overall, this is a solid submission; tightening alignment with the specified processes (especially for recipes and data splitting) will bring it fully in line with the rubric.",1,2,1,3,3,3,3,3,3,3,"You used skimr::skim() on dat, but did not pipe with |> directly to skim and created an intermediate object; also as.tibble() is deprecated. EDA conclusion about no missing data is present, but process does not fully match the required single-step pipe workflow.","You correctly used set.seed(8740), rsample::initial_split(), training(), and testing() with a 75% split. However, you did not use strata = 'Sale_Price' and your object names differ from the expected ames_train/ames_test, so the process is slightly off the rubric.","You created a recipe with the correct formula and included log, step_other, dummy, centering, and scaling, and then prepped it. However, you used base = 10 instead of natural log, centered/scaled all predictors (including dummies) rather than numeric predictors only, and the order of steps does not fully match the expected process.","All three parsnip models are specified correctly with linear_reg and rand_forest, appropriate engines (lm, glmnet, ranger), regression mode, and tunable parameters penalty/mixture and min_n/trees as required.","You correctly called parsnip::translate() on each of the three model objects, which matches the expected workflow and will display the appropriate engine-specific templates.","You set the seed and created a bootstrap resampling object using rsample::bootstraps() on the training data (dat_train), which aligns with the intended process and output, even though the training object name differs from the template.",You built a workflow_set with the recipe and all three models and then unnested the info column to inspect structure. The preproc/models lists and unnesting match the rubric’s expectations.,"Your code (though not evaluated) correctly chains select, unnest(result), select, unnest(.metrics), filter for rmse, group_by, arrange(desc(.estimate)), and slice(1), which matches the required workflow and should yield the best rmse per workflow.","You provided the correct call to workflowsets::rank_results() with all_workflows, rank_metric = 'rmse', and select_best = TRUE, satisfying the rubric for this exercise.","You extracted the best workflow (using the correct id for your naming), finalized it with trees and min_n, and then fit on both training and test data. While your reported MSE ratio differs from the solution, the required functions and process are correctly implemented."
11,22,"Most core tidymodels workflows, models, and workflowsets steps are implemented correctly, and you followed the structure of the lab closely. The main issues are in Exercise 1’s process style, Exercise 2’s missing stratification, and Exercise 3’s log base and centering/scaling choices. Tightening those details and explicitly reporting final performance metrics (like the MSE ratio) would further improve your submission.",1,2,1,3,3,3,3,3,3,3,"You correctly used skimr::skim() on dat, but did not use the pipe from dat directly (you reassigned dat and created an intermediate object). The process deviates from the single-step pipe requirement, though you did correctly conclude there is no missing data.","You set the seed and used rsample::initial_split(), training(), and testing(), with a 0.75 prop, which is mostly correct. However, you did not use strata = 'Sale_Price' and used different object names than specified (dat_split, dat_train, dat_test instead of data_split, ames_train, ames_test), so the process is slightly off the rubric.","You created a recipe with the correct formula and included log, step_other, dummy, centering, and scaling, then prepped and tidied it. However, you used base = 10 instead of natural log, centered and scaled all predictors (including dummies) rather than only numeric predictors, and the order of steps does not match the expected centering/scaling of numeric predictors before dummy creation.","All three models are specified correctly with parsnip::linear_reg and parsnip::rand_forest, appropriate engines (lm, glmnet, ranger), regression mode, and tunable parameters (penalty, mixture, min_n, trees). This matches the required workflow and structure.","You applied parsnip::translate() to each of the three model objects, which is exactly what was required to inspect the engine-specific templates.","You set the seed and created train_resamples using rsample::bootstraps(dat_train), which matches the expected process and produces the correct type of resampling object.","You built all_workflows with workflowsets::workflow_set using your recipe and all three models, and then unnested the info column to inspect the structure. This aligns with the rubric expectations.","Your code follows the required sequence: select wflow_id and result, unnest result and .metrics, filter for rmse, group by wflow_id, arrange by descending .estimate, and slice the top row. This matches the specified workflow even though it is not executed.","You correctly called workflowsets::rank_results(all_workflows, rank_metric = 'rmse', select_best = TRUE) as required. The comparison to Q8 is implied but not shown in detail, which is acceptable for this exercise.","You extracted the random forest workflow, finalized it with trees and min_n, and defined training_fit and testing_fit using fit() on train and test data. Although you did not compute the explicit MSE ratio, the required functions and workflow steps are present."
12,23,"Most core tidymodels workflows (recipes, models, workflowsets, bootstraps, tuning, and ranking) are implemented correctly, and you generally follow the intended structure. Points were mainly lost for not using stratification in the split, some deviations in the recipe (log base and step order), and not fully aligning with the exact process expectations in a few exercises. Review the rubric’s specific parameter and step-order requirements to tighten your implementations in future labs.",1,2,1,3,3,3,3,2,2,3,"You correctly used skimr::skim() on dat, but did not use the pipe from dat directly into skim (you reassigned dat and created an intermediate object), and the rubric expects a single piped call. The missing-data conclusion is correct.","You set the seed and used rsample::initial_split(), training(), and testing(), but you did not use strata = 'Sale_Price' and used different object names (dat_split, dat_train, dat_test) than specified. The 75% split is essentially correct, but missing the stratification requirement.","You created a recipe with the correct formula and included log, step_other, dummy, centering, and scaling, and then prepped it. However, you used base = 10 instead of natural log, centered/scaled all predictors (including dummies) rather than numeric predictors only, and the order of steps does not match the expected centering/scaling before dummy creation.","All three models are specified correctly with linear_reg and rand_forest, appropriate engines (lm, glmnet, ranger), regression mode, and tunable parameters penalty/mixture and min_n/trees using tune(). This matches the expected parsnip setup.","You correctly called parsnip::translate() on each of the three model objects, which is exactly what was required to inspect the engine-specific templates.","You set the seed and created a bootstrap resampling object with rsample::bootstraps() on the training data (dat_train), assigning it to train_resamples. This matches the expected workflow and output structure.",You built a workflow_set with the recipe and all three models and then unnested the info column to inspect the structure. The preproc and models lists are correctly specified and the resulting workflow set has the expected form.,"Your dplyr/tidyr pipeline correctly selects wflow_id and result, unnests result and .metrics, filters for rmse, groups, arranges by descending .estimate, and slices the top row. However, the preceding workflow_map() call is present but commented (eval: false), so the code would not actually have results to unnest if run.","You used workflowsets::rank_results(all_workflows, rank_metric = 'rmse', select_best = TRUE) as required. There is no explicit comparison or commentary relating these results back to Exercise 8, which the rubric expects for full credit.","You extracted the random forest workflow by id, finalized it with trees = 1 and min_n = 11, and then fit the finalized workflow on both training and test data. While you did not compute the explicit ratio, you reported train and test MSE values, which is sufficient to compare performance."
13,25,"Most of the workflow, modeling, and workflowsets steps are implemented correctly, and you follow the intended tidymodels process well. The main issues are in Exercise 1 (extra intermediate object) and Exercise 3 (log base and centering/scaling choices not matching the spec). Tightening those preprocessing details and aligning more closely with the specified arguments (e.g., strata in the split, natural log) would bring this to full credit.",1,2,1,3,3,3,3,3,3,3,"You correctly used skimr::skim() on dat, but did not use the pipe from dat directly to skim() and created an intermediate object, which does not match the expected one-step process; the missing-data conclusion is correct.","You set the seed and used rsample::initial_split(), training(), and testing(), but did not use strata = 'Sale_Price' and used different object names than specified; the 75% split is essentially correct.","You created a recipe with the correct variables and included log, other, dummy, center, and scale steps, but used base = 10 instead of natural log, centered/scaled all predictors (including dummies) rather than numeric predictors only, and did not use broom::tidy() directly on prep(norm_recipe) as in the template.","All three parsnip models are specified correctly with appropriate engines and modes, and penalty/mixture and min_n/trees are set to tune(), matching the required workflow.","You correctly called parsnip::translate() on each of the three model objects, which matches the expected process and would show the appropriate templates.","You set the seed and created train_resamples with rsample::bootstraps(dat_train), which matches the expected process and output structure (a bootstrap resampling object).","You built all_workflows with workflowsets::workflow_set() using the recipe and all three models, and unnested the info column with tidyr::unnest(info), matching the required structure and examination.","Your dplyr/tidyr pipeline correctly selects wflow_id and result, unnests result and .metrics, filters for rmse, groups by wflow_id, arranges by descending .estimate, and slices the top row, matching the expected workflow and output structure.","You correctly called workflowsets::rank_results(all_workflows, rank_metric = 'rmse', select_best = TRUE); this matches the required process to compare with Exercise 8.","You extracted the random forest workflow, finalized it with trees = 1 and min_n = 11, and fit it on both training and test data; while you did not compute the explicit ratio, you reported MSE values, which is sufficient for the comparison task."
14,25,"Most exercises are completed with correct use of tidymodels, workflowsets, and rsample, and your code generally follows the intended workflows. The main issues are in Exercise 2 (missing stratification) and Exercise 3 (log base and step ordering/selection). Tightening adherence to the specified arguments and step order will bring your work fully in line with the rubric.",1,2,1,3,3,3,3,2,3,3,"You correctly used skimr::skim(), but did not use the pipe from dat directly to skim() and created an intermediate object; also the rubric expects the skim output itself rather than converting to a tibble. Conclusion about no missing data is present.","You set the seed and used rsample::initial_split(), training(), and testing(), with a ~75% split. However, you did not use strata = 'Sale_Price' and used different object names than specified (dat_split/dat_train/dat_test instead of data_split/ames_train/ames_test).","You created a recipe with the correct formula and included log, step_other, dummy, centering, and scaling, and prepped it. However, you used base = 10 instead of natural log, centered/scaled all predictors (including dummies) rather than numeric predictors only, and the order of steps does not match the expected centering/scaling before dummy creation.","All three models are specified correctly: linear_reg with lm engine, glmnet model with penalty and mixture set to tune(), and rand_forest with min_n and trees set to tune(), all in regression mode. Function usage and parameter tuning align with the rubric.","You correctly called parsnip::translate() on each of the three model objects, which will display the underlying engine-specific templates as required.","You set the seed and created a bootstrap resampling object using rsample::bootstraps() on the training data, assigning it to train_resamples, matching the expected workflow.",You built a workflow_set with the recipe and all three models and then unnested the info column to inspect the structure. Column contents and combinations are consistent with the rubric expectations.,"Your dplyr/tidyr pipeline correctly selects wflow_id and result, unnests result and .metrics, filters for rmse, groups, arranges by .estimate, and slices the top row. However, you did not show the preceding workflow_map() call in this chunk (though it appears earlier commented), so the full process is only partially represented here.","You used workflowsets::rank_results(all_workflows, rank_metric = 'rmse', select_best = TRUE) exactly as specified, which will provide the ranked best configurations for comparison with Exercise 8.","You extracted the random forest workflow, finalized it with trees = 1 and min_n = 11, and fit it on both training and test data. While you did not compute the explicit ratio, you reported separate MSE values, which is sufficient for comparing performance."
15,22,"Most exercises are completed with the correct functions and workflows, especially for model specification, workflowsets, bootstrapping, and tuning. The main issues are in following exact specifications: using strata in the split, using the natural log and numeric-only centering/scaling in the recipe, and minor naming/flow differences. Tightening adherence to the stated arguments and transformation details will bring your work fully in line with the rubric.",1,2,1,3,3,3,3,3,3,3,"You correctly used skimr::skim() on dat, but did not use the pipe from dat directly to skim() and created an intermediate object; also the rubric expects explicitly noting no missing data from the skim output rather than filtering a tibble. Tighten to dat |> skimr::skim() in one step.","You set the seed and used rsample::initial_split(), training(), and testing() with a ~75% split, which matches most of the required process. However, you did not use strata = 'Sale_Price' and used different object names than specified (data_split/ames_train/ames_test), so follow the exact split specification next time.","You created a recipe with the correct formula and included log, step_other, dummy, centering, and scaling, and then prepped it. However, the log transform uses base = 10 instead of the natural log, and you center/scale all predictors (including dummies) rather than just numeric predictors, so the process and transformation details are not fully correct.","All three models are correctly specified: linear_reg with lm engine, glmnet model with penalty and mixture set to tune(), and rand_forest with min_n and trees set to tune(), all in regression mode. This matches the required workflow and tunable parameters.","You applied parsnip::translate() to each of lm_mod_base, lm_mod_glmnet, and lm_mod_rforest, which is exactly what was required to inspect the underlying model templates.","You set the seed and created train_resamples using rsample::bootstraps(dat_train), which matches the expected process and produces the correct bootstrap resampling object.","You built all_workflows with workflowsets::workflow_set() using your recipe and all three models, and then unnested the info column to inspect the structure. This aligns with the expected workflow set construction and examination.","Your code follows the required sequence: select wflow_id and result, unnest result and .metrics, filter for rmse, group by wflow_id, arrange by .estimate descending, and slice the top row. This matches the rubric’s process and intended output structure.","You correctly called workflowsets::rank_results(all_workflows, rank_metric = 'rmse', select_best = TRUE) as required; this would produce the ranked best configurations for each workflow.","You extracted the random forest workflow, finalized it with trees = 1 and min_n = 11, and fit it on both training and test data. Although you did not compute the explicit ratio, you reported train and test MSE values, which is sufficient for the comparison the rubric expects."
16,26,"Most exercises are completed with the correct functions and workflows, especially for model specification, workflowsets, tuning, and finalization. The main issues are minor deviations from the specified process (e.g., missing strata in the split, log base choice, and centering/scaling all predictors). Tightening adherence to the exact rubric specifications and being careful with transformation details will bring this to full credit.",2,2,1,3,3,3,3,3,3,3,"You correctly used skimr::skim() on dat and inferred no missing data, but the rubric expected using the pipe directly from dat to skimr::skim() without creating intermediate objects. Also, as.tibble() is deprecated (use tibble::as_tibble()).","You set the seed and used rsample::initial_split(), training(), and testing(), but you did not use strata = 'Sale_Price' and used different object names than specified (dat_split/dat_train/dat_test instead of data_split/ames_train/ames_test).","You created a recipe with the correct formula and included log, other, dummy, center, and scale steps, but you used base = 10 instead of natural log, centered/scaled all predictors (including dummies) rather than numeric predictors only, and the rubric expected prep() chained directly to the recipe object (not a separate prep_recipe assignment).","All three parsnip models are specified correctly with appropriate engines and regression mode, and you used tune() for penalty/mixture and min_n/trees as required.","You correctly called parsnip::translate() on each of the three model objects, which matches the expected workflow and output structure.","You set the seed and created a bootstrap resampling object using rsample::bootstraps() on the training data, matching the expected process and output.","You built a workflow_set with the recipe and all three models and unnested the info column, producing the correct workflow structure even though you used slightly different naming for preproc/models.","Your code follows the expected sequence: select result, unnest result and .metrics, filter for rmse, group by wflow_id, arrange by .estimate, and slice the top row, which matches the rubric’s required workflow.","You correctly called workflowsets::rank_results() with all_workflows, rank_metric = 'rmse', and select_best = TRUE as required; comparison to Q8 is implied in your comments.","You extracted the random forest workflow, finalized it with trees and min_n, and fit it on both training and test data; while you did not compute the exact ratio, you reported MSE values, which is sufficient for process and output expectations."
17,25,"Most of the required tidymodels workflow is implemented correctly, including model specifications, workflow sets, resampling, and tuning summaries. The main issues are in Exercise 1 (not following the exact skim piping pattern), Exercise 2 (missing stratification), and Exercise 3 (log base and centering/scaling scope). Tightening those details will bring your work fully in line with the rubric expectations.",1,2,1,3,3,3,3,3,3,3,"You correctly used skimr::skim() on dat, but did not use the pipe directly from dat (you reassigned dat and created an intermediate object). Also, the rubric expects a single skim call via |> and a clear skim-style summary; your approach is more convoluted, so only partial credit.","You set the seed and used rsample::initial_split(), training(), and testing(), with a ~75% split, which matches most of the required process. However, you did not use strata = 'Sale_Price' and used different object names than specified, so full process/output fidelity is not met.","You created a recipe with the correct formula and included log, step_other, dummy, centering, and scaling, then prepped and tidied it. However, you used base = 10 instead of the natural log, and centered/scaled all predictors (including dummies) rather than only numeric predictors, so the transformation details are not fully correct.","All three models are specified correctly: linear_reg with lm engine, glmnet with penalty and mixture set to tune(), and rand_forest with min_n and trees set to tune(), all in regression mode. This matches the expected parsnip workflow.","You correctly called parsnip::translate() on each of the three model objects, which is exactly what was required to inspect the underlying model templates.","You set the seed and created train_resamples using rsample::bootstraps() on the training data, matching the expected process and resulting in a proper bootstrap resampling object.",You built a workflow_set with the recipe and all three models and then unnested the info column to inspect the structure. The column names differ slightly from the solution but the structure and content are correct.,"Your code follows the required sequence: select wflow_id and result, unnest result and .metrics, filter for rmse, group by wflow_id, arrange by .estimate descending, and slice the top row. This matches the expected workflow for extracting best metrics.","You correctly called workflowsets::rank_results(all_workflows, rank_metric = 'rmse', select_best = TRUE) as required. Although you did not explicitly discuss the comparison, the core code is present and correct.","You extracted the best workflow (using the appropriate id), finalized it with trees and min_n, and then fit it on both training and test data. While you did not compute the exact ratio, you reported MSE values, which is sufficient for the required process."
18,25,"Most exercises are completed with the correct functions and workflows, especially for model specification, workflowsets, tuning, and resampling. The main issues are in Exercise 2 (missing stratification) and Exercise 3 (log base and centering/scaling choices), plus some minor deviations from the exact expected process. Tightening adherence to the specified arguments and transformations will bring your work fully in line with the rubric.",1,2,1,3,3,3,3,3,3,3,"You correctly used skimr::skim() on dat, but did not use the pipe from dat directly to skim() and created an intermediate object; also the rubric expects explicitly noting no missing data from the skim output rather than via extra filtering logic.","You set the seed and used rsample::initial_split(), training(), and testing() with a 0.75 split, which matches most of the required process. However, you did not use strata = 'Sale_Price' and used different object names than specified, so the split is not stratified as required.","You created a recipe with the correct formula and included log, step_other, dummy, centering, and scaling, then prepped it. However, you used base = 10 instead of natural log, centered and scaled all predictors (including dummies) rather than numeric predictors only, and did not use broom::tidy() directly on the prepped recipe object as in the expected workflow.","All three models are specified correctly with parsnip::linear_reg(), parsnip::rand_forest(), set_engine(), set_mode(), and tune() for the appropriate parameters; this matches the required process and model structures.","You applied parsnip::translate() to each of the three model objects, which is exactly what was required to inspect the engine-specific templates.","You set the seed and created train_resamples using rsample::bootstraps(dat_train), which matches the expected process and produces the correct bootstrap resampling object.","You built all_workflows with workflowsets::workflow_set() using your recipe and all three models, and then unnested the info column to inspect the structure; this aligns with the required workflow and output.","Your code follows the expected sequence: select wflow_id and result, unnest result and .metrics, filter for rmse, group by wflow_id, arrange by .estimate, and slice the top row, which matches the rubric’s process and intended output.","You correctly called workflowsets::rank_results(all_workflows, rank_metric = 'rmse', select_best = TRUE); this satisfies the required code and process for comparing to Exercise 8.","You extracted the random forest workflow, finalized it with the specified best parameters, and fit it on both training and test data; while you did not compute the exact ratio, you reported separate MSE values, which is sufficient for the required comparison."
19,25,"Your lab shows a solid grasp of tidymodels workflows, models, and resampling, with all major steps implemented. Most deductions are for small deviations from the specified process (e.g., missing strata in the split, log base choice, and minor naming differences). Review the rubric details for Exercises 1–3 to align more closely with the expected syntax and transformations in future labs.",1,2,1,3,3,3,3,3,3,3,"You correctly used skimr::skim() on dat, but did not use the pipe directly from dat as specified and created an intermediate object. The missing-data conclusion is correct, but process fidelity is off, so partial credit.","You set the seed and used rsample::initial_split(), training(), and testing() with a 0.75 split, which is mostly correct. However, you did not use strata = 'Sale_Price' and used different object names than requested, so deducting for process/accuracy.","You created a recipe with the right variables and included log, step_other, dummy, center, and scale, then prepped and tidied it. However, you used base = 10 instead of natural log and centered/scaled all predictors (including dummies) rather than only numeric predictors, so only partial credit.","All three models are specified correctly with linear_reg and rand_forest, appropriate engines (lm, glmnet, ranger), regression mode, and tunable parameters for glmnet and random forest. This matches the expected workflow and structure.","You applied parsnip::translate() to each of the three model objects, which follows the expected process and would show the correct underlying templates for each engine.","You set the seed and created train_resamples using rsample::bootstraps() on the training data, matching the expected process and output structure.",You built a workflow_set with the recipe and all three models and then unnested the info column to inspect the structure. Names differ slightly from the solution but the workflow set content and examination are correct.,"Your code follows the required sequence: select wflow_id and result, unnest result and .metrics, filter for rmse, group, arrange by .estimate, and slice the top row. This matches the expected workflow and output structure.","You correctly called workflowsets::rank_results(all_workflows, rank_metric = 'rmse', select_best = TRUE) as required. Comparison to Q8 is implied even though not discussed in detail.","You extracted the best workflow (random forest), finalized it with trees and min_n, and fit it on both training and test data. While you did not compute the explicit MSE ratio, the required functions and workflow are present, so full credit."
20,25,"You completed nearly all exercises with the correct functions and workflows, especially for model specification, workflowsets, tuning, and resampling. Most deductions were for smaller process details: missing stratification in the split, log base and selector choices in the recipe, and minor deviations from the requested patterns in EDA and naming. For future labs, pay close attention to the exact arguments (e.g., strata, log base) and object names specified in the instructions to secure full credit.",1,2,1,3,3,3,3,3,3,3,"You correctly used skimr::skim() on dat, but did not use the pipe directly from dat (you reassigned dat and created an intermediate object). Also, the rubric expects a single skim call via |> without extra processing; keep the workflow simpler next time.","You set the seed and used rsample::initial_split(), training(), and testing() with a ~75% split, but you did not use strata = 'Sale_Price' and your object names differ from the template (dat_split/dat_train/dat_test instead of data_split/ames_train/ames_test). Use stratified splitting on Sale_Price and the requested variable names for full credit.","You created a recipe with the correct formula and included log, step_other, dummy, centering, and scaling, and then prepped it. However, you used base = 10 instead of the natural log, centered/scaled all predictors (including dummies) rather than numeric predictors only, and did not keep the prep within the norm_recipe object as in the expected workflow. Align the log base and selector functions with the rubric.","All three parsnip models are specified correctly: linear_reg with lm engine, glmnet with penalty and mixture set to tune(), and rand_forest with min_n and trees set to tune(), all in regression mode. This fully matches the required process.","You correctly called parsnip::translate() on each of the three model objects, which is exactly what was required to inspect the engine-specific templates.","You set the seed and created train_resamples using rsample::bootstraps(dat_train), which matches the expected process and produces the correct bootstrap resampling object.","You built all_workflows with workflowsets::workflow_set() using your recipe and all three models, and then unnested the info column to inspect the structure. This matches the expected workflow and output structure.","Your code follows the required sequence: select wflow_id and result, unnest result and .metrics, filter for rmse, group by wflow_id, arrange by .estimate, and slice the top row. This aligns with the rubric’s process and expected output.","You correctly called workflowsets::rank_results(all_workflows, rank_metric = 'rmse', select_best = TRUE) as required. The comparison to Exercise 8 is implied by your comment, which is sufficient here.","You extracted the random forest workflow, finalized it with trees = 1 and min_n = 11, and fit it on both training and test data. Although you did not compute the explicit ratio, you reported the train and test MSE values, which is adequate for demonstrating the comparison."
21,26,"Most of the required tidymodels workflow is present and correctly structured, including model specifications, workflow sets, tuning, and finalization. The main issues are minor deviations from the specified process (e.g., missing strata in the split, log base choice, and centering/scaling scope) rather than missing steps. Tightening alignment with the rubric’s exact arguments and step order would bring this to full credit.",2,2,1,3,3,3,3,3,3,3,"You correctly used skimr::skim() on dat and concluded there is no missing data. However, the rubric expected using the pipe directly from dat to skimr::skim() without creating intermediate objects; you also used as.tibble() (deprecated) and extra filtering not required.","You set the seed and used rsample::initial_split(), training(), and testing() with a ~75% split, which matches the intent. To fully meet the rubric, you should use strata = 'Sale_Price' and the specified object names (data_split, ames_train, ames_test).","You created a recipe with the correct formula and included log, step_other, dummy, centering, and scaling, then prepped it. However, you used base = 10 instead of natural log, centered/scaled all predictors (including dummies) rather than numeric predictors only, and the order of steps does not match the expected process.","All three models are specified correctly with parsnip::linear_reg(), parsnip::rand_forest(), set_mode('regression'), and appropriate engines. You correctly set penalty/mixture and min_n/trees to tune(), satisfying the rubric.","You applied parsnip::translate() to each of the three model objects, which is exactly what was required to inspect the engine-specific templates.","You set the seed and created a bootstrap resampling object with rsample::bootstraps() on the training data (dat_train), matching the expected workflow and output structure.",You built a workflow_set with the recipe and all three models and then unnested the info column to inspect the structure. The preproc/models lists and unnesting match the rubric’s expectations.,"Your code (though not evaluated) correctly chains select, unnest(result), unnest(.metrics), filter for rmse, group_by wflow_id, arrange by descending .estimate, and slice(1), which aligns with the required tuning-summary workflow.","You called workflowsets::rank_results(all_workflows, rank_metric = 'rmse', select_best = TRUE) as specified. The comparison step is described in comments, which is sufficient for this rubric.","You extracted the random forest workflow, finalized it with trees and min_n, and fit it on both training and test data. While your reported MSE ratio differs from the solution, the required functions and workflow are correctly implemented."
22,25,"Most exercises are completed with the correct functions and workflows, and you followed the tidymodels process well. The main issues are minor deviations from the specified process (e.g., missing stratification in the split, using log base 10 instead of natural log, and centering/scaling all predictors). Tightening those details to match the rubric instructions will help you earn full credit and ensure reproducible, comparable results.",1,2,1,3,3,3,3,3,3,3,"You used skimr::skim() on dat, but did not use the pipe from dat directly and created an intermediate object; also as.tibble() is deprecated. EDA and missingness conclusion are present but process does not match the single-step piped skim requirement.","You set the seed and used rsample::initial_split(), training(), and testing() with a ~75% split, but did not use strata = 'Sale_Price' and used different object names than specified. Adjust to include stratification on Sale_Price for full credit.","You created a recipe with the correct variables and included log, step_other, dummy, centering, and scaling, and prepped it. However, you used base = 10 instead of natural log, and centered/scaled all predictors (including dummies) rather than just numeric predictors, so the process and transformation details are not fully correct.","All three parsnip models are correctly specified with appropriate engines and regression mode, and penalty/mixture and min_n/trees are set to tune(). This matches the expected workflow and tunable parameters.","You correctly called parsnip::translate() on each of the three model objects, which will display the underlying engine-specific templates as required.","You set the seed and created train_resamples using rsample::bootstraps() on the training data with default parameters, which matches the expected process and output structure.","You built all_workflows with workflowsets::workflow_set() using the recipe and all three models, and unnested the info column to inspect structure. Column names differ slightly from the template but the workflow set content and examination are correct.","Your code (though not evaluated) correctly selects wflow_id and result, unnests result and .metrics, filters for rmse, groups by wflow_id, arranges by descending .estimate, and slices the top row, matching the required tuning-summary workflow.","You called workflowsets::rank_results(all_workflows, rank_metric = 'rmse', select_best = TRUE) as specified; this will produce the ranked best configurations consistent with Exercise 8.","You extracted the random forest workflow, finalized it with trees and min_n, and set up fits on training and test data. While you did not compute the explicit MSE ratio, the required functions and workflow steps are present and correctly structured."
23,23,"Most of the required tidymodels workflow is present and generally follows the intended structure, including recipes, models, workflow sets, tuning, and finalization. The main issues are minor deviations from the specified process (e.g., missing strata in the split, log base choice, and some naming differences) rather than missing work. Tightening adherence to the exact recipe specifications and argument choices in future labs will help align more closely with the rubric.",1,2,1,2,3,2,3,3,3,3,"You correctly used skimr::skim() on dat, but did not use the pipe operator directly from dat (you reassigned dat and created an intermediate object), and the rubric expects a single piped call. The conclusion about no missing data is present, but process fidelity is off, so partial credit.","You set the seed and used rsample::initial_split(), training(), and testing() with a ~75% split, which satisfies most requirements. However, you did not use strata = 'Sale_Price' and used different object names than specified, so process/output are slightly off.","You created a recipe with the correct formula and included log, step_other, dummy, centering, and scaling, and then prepped it. However, you used base = 10 instead of natural log, centered/scaled all predictors (including dummies) rather than numeric predictors only, and the order of steps does not match the expected process, so only partial credit.","All three models are specified with linear_reg/rand_forest, correct engines, regression mode, and tunable parameters for glmnet and ranger. The only issue is using tune() without the parsnip:: prefix, which may fail without attaching tidymodels; otherwise the workflow matches the rubric.","You applied parsnip::translate() to each of the three model objects, which matches the expected process and would display the three engine-specific templates. Full credit.","You set the seed and created a bootstrap resampling object with rsample::bootstraps(), which is correct. The only deviation is using dat_train instead of the rubric’s ames_train name, so minor process mismatch.","You created all_workflows with workflowsets::workflow_set() using your recipe and all three models, and then unnested the info column to inspect the structure. This matches the expected workflow and output structure, so full credit.","Your code (though not evaluated) follows the required sequence: select wflow_id and result, unnest result and .metrics, filter for rmse, group by wflow_id, arrange by .estimate descending, and slice the top row. This aligns with the rubric’s process and expected output.","You correctly called workflowsets::rank_results(all_workflows, rank_metric = 'rmse', select_best = TRUE) as required. The comparison to Q8 is implied; code and process match the rubric.","You extracted the random forest workflow, finalized it with the specified best parameters, and fit it on both training and test data. While your reported MSE values differ from the solution, the rubric emphasizes the workflow steps, which you implemented correctly."
24,25,"You completed nearly all exercises with the correct functions and workflows, and your code generally follows the tidymodels and workflowsets patterns expected in the rubric. The main issues were minor deviations in Exercise 1’s workflow, missing stratification in the split, and not using the natural log and numeric-only centering/scaling in the recipe. Tightening those details will bring your work fully in line with the specified process in future labs.",1,2,1,3,3,3,3,3,3,3,"You correctly used skimr::skim() on dat and concluded there is no missing data, but the rubric expected using the pipe (dat |> skimr::skim()) in a single step without creating intermediate objects like Missing. Simplify the workflow next time.","You set the seed, used rsample::initial_split(), and created training and test sets with about a 75/25 split, which matches the intent. However, you did not use strata = 'Sale_Price' and used different object names than specified, so the process is slightly off the rubric.","You created a recipe with the correct formula and included log, other, dummy, center, and scale steps, then prepped and tidied it. However, you used base = 10 instead of the natural log, and you centered/scaled all predictors (including dummies) rather than just numeric predictors, so the transformations do not fully match the required process.","All three parsnip models are specified correctly: a basic linear_reg with lm engine, a glmnet model with penalty and mixture set to tune(), and a rand_forest with min_n and trees set to tune(), each with mode = 'regression'. This fully matches the rubric.","You applied parsnip::translate() to each of lm_mod_base, lm_mod_glmnet, and lm_mod_rforest, which is exactly what was required to inspect the engine-specific templates.","You set the seed and created train_resamples using rsample::bootstraps(dat_train), which correctly produces a bootstrap resampling object from the training data as specified.","You built all_workflows with workflowsets::workflow_set() using your recipe and all three models, and then unnested the info column to inspect the structure. This matches the expected workflow and output structure.","Your code (though not evaluated) follows the required sequence: select wflow_id and result, unnest result and .metrics, filter for rmse, group by wflow_id, arrange by .estimate descending, and slice the top row. This aligns with the rubric’s process and expected output.","You correctly called workflowsets::rank_results(all_workflows, rank_metric = 'rmse', select_best = TRUE) as required. The comparison to Exercise 8 is described in comments, which is sufficient for this lab.","You extracted the random forest workflow, finalized it with trees = 1 and min_n = 11, and then fit it on both training and test data. While you did not compute the exact MSE ratio, you reported test and train MSE values, which is adequate for demonstrating the comparison."
25,24,"Most exercises are completed with the correct functions and workflows, and you generally follow the tidymodels process well. The main issues are small deviations from the specified process (e.g., missing stratification in the split, using log base 10 instead of natural log, and some naming differences). Tightening alignment with the exact rubric instructions and being careful with argument choices (like log base and strata) will help you reach full credit in future labs.",2,2,1,2,3,2,3,3,3,3,"You correctly use skimr::skim() on dat and conclude there is no missing data. However, the rubric expects using the pipe directly from dat to skim() without creating intermediate objects; also as.tibble() is deprecated (use tibble::as_tibble).","You set the seed and use rsample::initial_split(), training(), and testing() with a 75% split, which matches the intent. You did not use strata = 'Sale_Price' and your object names differ from the template (dat_split/dat_train/dat_test instead of data_split/ames_train/ames_test), so process fidelity is slightly off.","You define a recipe with the correct formula and include log, step_other, dummy, centering, and scaling, and you prep and tidy it. However, you use base = 10 instead of natural log, and you center/scale all predictors (including dummies) rather than just numeric predictors, so the transformations do not fully match the specified process.","All three models are specified with linear_reg/rand_forest, correct engines (lm, glmnet, ranger), regression mode, and tunable parameters for glmnet and random forest. You omitted the parsnip:: namespace on tune(), which could cause execution issues depending on the search path, so code execution fidelity is slightly reduced.","You correctly call parsnip::translate() on each of the three model objects, which matches the expected workflow and would display the three engine-specific templates.","You set the seed and call rsample::bootstraps() on the training data, creating train_resamples as required. The only deviation is using dat_train instead of the expected ames_train name, which slightly reduces process fidelity.","You build all_workflows with workflowsets::workflow_set() using your recipe and all three models, and then unnest the info column with tidyr::unnest(info), which matches the required structure and examination of the workflow set.","Your code follows the expected sequence: select wflow_id and result, unnest result and .metrics, filter for rmse, group by wflow_id, arrange by descending .estimate, and slice the top row. This matches the rubric’s process and intended output structure.","You correctly call workflowsets::rank_results(all_workflows, rank_metric = 'rmse', select_best = TRUE), which is exactly what the rubric specifies for this exercise.","You extract the random forest workflow, finalize it with the specified best parameters, and fit it on both training and test data. While you report MSE values without computing the ratio explicitly, the required functions and workflow are present and correct."
26,19,"Most core tidymodels workflows, models, and workflowsets steps are implemented correctly, and your code generally follows the intended structure. The main issues are small deviations from the specified process (e.g., missing strata in the split, using base 10 instead of natural log, and minor naming/target dataset differences). Tightening alignment with the exact rubric specifications and function arguments would bring this to full credit.",2,2,1,3,3,2,3,3,,,"You correctly use skimr::skim() on dat and conclude there is no missing data. However, the rubric expects using the pipe directly from dat to skimr::skim() without creating an intermediate object; also as.tibble() is deprecated (use tibble::as_tibble).","You set the seed and use rsample::initial_split(), training(), and testing(), and the split is about 75/25. However, the rubric requires strata = 'Sale_Price' and the specified object names (data_split, ames_train, ames_test), which you did not use.","You define a recipe with the correct formula and include log, step_other, dummy, centering, and scaling, and you prep it. But the log uses base = 10 instead of natural log, and you center/scale all predictors (including dummies) rather than just numeric predictors, which does not fully match the required process.","All three models are specified correctly: linear_reg with lm engine, glmnet model with penalty and mixture set to tune(), and rand_forest with min_n and trees set to tune(), each with mode = 'regression'. This matches the expected parsnip setup.","You apply parsnip::translate() to each of lm_mod_base, lm_mod_glmnet, and lm_mod_rforest, which is exactly what is required to inspect the underlying model templates.","You set the seed and call rsample::bootstraps() to create train_resamples, which is correct in spirit. However, the rubric expects bootstraps() to be applied to ames_train (your training set) rather than dat_train, and to follow the exact naming convention.","You create all_workflows with workflowsets::workflow_set() using your recipe and all three models, and then unnest the info column with tidyr::unnest(info). This matches the required workflow structure and examination.","Your code (even though eval = false) correctly selects wflow_id and result, unnests result and .metrics, filters for rmse, groups by wflow_id, arranges by descending .estimate, and slices the top row, which aligns with the rubric’s expected process and output structure.",,
27,25,"Most exercises are completed with the correct functions and workflows, especially for model specification, workflowsets, tuning, and finalizing the best model. The main issues are in following the exact prescribed process for EDA, data splitting (stratification and naming), and recipe details (natural log and numeric-only centering/scaling). Tightening those steps to match the rubric will bring your work fully in line with the expected solutions.",1,2,1,3,3,3,3,3,3,3,"You correctly used skimr::skim() on dat and concluded there is no missing data, but the rubric requires piping dat directly into skim() in a single step without creating intermediate objects; adjust to use dat |> skimr::skim() only.","You set the seed and used rsample::initial_split(), training(), and testing() with a ~75% split, but you did not use strata = 'Sale_Price' and used different object names than specified; update the split call to include stratification and match the expected variable names.","You created a recipe with the correct formula and included log, other, dummy, center, and scale steps, but you used base = 10 instead of the natural log and centered/scaled all predictors (including dummies) rather than just numeric predictors; also, the rubric expects norm_recipe to be prepped and examined via prep() |> broom::tidy() directly.","All three parsnip models are specified correctly with appropriate engines and regression mode, and you set penalty/mixture and min_n/trees to tune() as required.","You correctly applied parsnip::translate() to each of the three model objects, which will display the underlying engine-specific templates.","You set the seed and created a bootstrap resampling object using rsample::bootstraps() on the training data, matching the expected workflow.","You built a workflow_set with the recipe and all three models and then unnested the info column to inspect the structure, which aligns with the rubric expectations.","Your code follows the required sequence: selecting wflow_id and result, unnesting result and .metrics, filtering for rmse, grouping, arranging by .estimate, and slicing the top row per workflow; this matches the specified process.","You correctly called workflowsets::rank_results(all_workflows, rank_metric = 'rmse', select_best = TRUE) as required; comparison to Q8 is described in comments as expected.","You extracted the random forest workflow, finalized it with the specified best parameters, and fit it on both training and test data; while you did not compute the exact MSE ratio, the required functions and workflow are present."
28,26,"Most exercises are completed with the correct functions and workflows, and your code generally follows the intended tidymodels process. The main issues are minor deviations from the specified process (e.g., missing strata in the split, using log base 10, and slightly different object names) rather than missing work. To improve, align more closely with the exact specifications in the rubric (especially transformation details and argument choices) and avoid unnecessary intermediate objects when a single pipeline is requested.",2,2,1,3,3,3,3,3,3,3,"You correctly use skimr::skim() on dat and conclude there is no missing data, but the rubric expects using the pipe directly (dat |> skimr::skim()) without creating intermediate objects; also as.tibble() is deprecated (use tibble::as_tibble).","You set the seed and use rsample::initial_split(), training(), and testing() with a ~75% split, which matches the intent, but you did not use strata = 'Sale_Price' and your object names differ from the expected data_split/ames_train/ames_test.","You define a recipe with the correct variables and include log, step_other, dummy, centering, and scaling, but you use base = 10 instead of natural log, center/scale all predictors (including dummies) rather than numeric predictors only, and the prep/tidy step is stored in a separate object rather than following the expected chained workflow.","All three models are specified correctly with parsnip::linear_reg and parsnip::rand_forest, appropriate engines and regression mode, and you set penalty/mixture and min_n/trees to tune(), satisfying the rubric requirements.","You call parsnip::translate() on each of lm_mod_base, lm_mod_glmnet, and lm_mod_rforest, which matches the expected process and will display the three engine-specific templates.","You set the seed and create train_resamples with rsample::bootstraps(dat_train), which is equivalent to the expected use on ames_train and will produce a valid bootstrap resampling object.","You build all_workflows with workflowsets::workflow_set() using your recipe and all three models, then unnest the info column with tidyr::unnest(info), correctly revealing the workflow structure as required.","Your (non-evaluated) code follows the specified pipeline: selecting wflow_id and result, unnesting result and .metrics, filtering for rmse, grouping by wflow_id, arranging by .estimate, and slicing the top row, which matches the rubric’s workflow.","You correctly call workflowsets::rank_results(all_workflows, rank_metric = 'rmse', select_best = TRUE); this matches the required function usage and parameters.","You extract the random forest workflow, finalize it with trees and min_n, and fit it on both training and test data; while you don’t compute the exact MSE ratio, the required functions and workflow are present and correctly structured."
29,25,"Most exercises are completed with the correct functions and workflows, and your code generally follows the intended tidymodels process. The main issues are minor deviations from the rubric (e.g., missing strata in the split, using base 10 instead of natural log, and slightly different object names). Tightening these details and aligning more closely with the specified arguments and naming conventions would bring this to full credit.",2,2,1,3,3,2,3,3,3,3,"You correctly use skimr::skim() on dat and conclude there is no missing data. However, the rubric expects using the pipe directly from dat to skimr::skim() without creating intermediate objects; also as.tibble() is deprecated (use tibble::as_tibble()).","You set the seed and use rsample::initial_split(), training(), and testing() with a ~75% split, which matches the intent. To fully meet the rubric, you should use the variable names data_split, ames_train, and ames_test, and include strata = 'Sale_Price' in initial_split().","You define a recipe with the correct formula and include log, step_other, dummy, centering, and scaling steps, then prep and tidy it. However, the log transform uses base = 10 instead of the natural log (base = exp(1)), and centering/scaling are applied to all predictors (including dummies) rather than just numeric predictors, which does not fully match the specified process.","All three models are specified correctly with parsnip::linear_reg() and parsnip::rand_forest(), appropriate engines (lm, glmnet, ranger), regression mode, and tunable parameters (penalty, mixture, min_n, trees) using tune(). This fully matches the required workflow.","You correctly call parsnip::translate() on each of the three model objects, which will display the underlying engine-specific templates as required.","You set the seed and create a bootstrap resampling object with rsample::bootstraps(), which is correct. However, the rubric expects using ames_train (your training set) rather than dat_train, and consistent naming with earlier steps would improve process fidelity.","You build a workflow_set with your recipe and all three models and then unnest the info column to inspect the structure. The preproc and models lists are correctly specified, and the resulting workflow set matches the expected structure.","Your code follows the expected dplyr/tidyr pipeline: selecting wflow_id and result, unnesting result and .metrics, filtering for rmse, grouping by wflow_id, arranging by .estimate, and slicing the top row. This matches the required process and output structure.","You correctly call workflowsets::rank_results(all_workflows, rank_metric = 'rmse', select_best = TRUE), which will rank workflows by rmse and select the best configuration per workflow as required.","You extract the random forest workflow, finalize it with the specified best parameters, and fit it on both training and test data. While you report MSE values without computing the ratio explicitly, the required functions and workflow are present and correct."
30,25,"Most exercises follow the intended tidymodels and workflowsets processes, with correct use of key functions and objects. The main issues are minor deviations from the specified process (e.g., missing stratification in the split, log base choice, and some naming differences). Tightening adherence to the exact instructions (especially for Ex2 and Ex3) would bring this very close to full credit.",1,2,1,3,3,3,3,3,3,3,"You correctly used skimr::skim() on dat, but did not use the pipe directly from dat (you reassigned dat and created an intermediate object), so the expected single-step pipe workflow is not followed; the conclusion about no missing data is present.","You set the seed and used rsample::initial_split(), training(), and testing(), but you omitted strata = 'Sale_Price' and used different object names than specified; the split proportion is correct but the stratification requirement is missing.","You created a recipe with the correct formula and included log, step_other, dummy, centering, and scaling, but you used base = 10 instead of natural log and centered/scaled all predictors (including dummies) rather than only numeric predictors; prep and tidy are present but stored in a separate object.","All three parsnip models are specified correctly with appropriate engines and regression mode, and you used tune() for penalty/mixture and min_n/trees as required; the workflow matches the expected process.","You applied parsnip::translate() to each of the three model objects, which correctly exposes the underlying engine-specific templates; the process and intended outputs are correct.",You set the seed and created a bootstrap resampling object with rsample::bootstraps() on the training data; this matches the expected workflow and output structure.,You built a workflow_set with the recipe and all three models and then unnested the info column to inspect structure; naming differs slightly but the process and functions used are correct.,"Your code (though not evaluated) follows the required sequence: select and unnest result and .metrics, filter for rmse, group by wflow_id, arrange by .estimate, and slice the top row; this matches the expected tuning-summary workflow.","You correctly called workflowsets::rank_results() with all_workflows, rank_metric = 'rmse', and select_best = TRUE as required; comparison to Q8 is implied though not discussed in detail.","You extracted the random forest workflow, finalized it with trees and min_n, and fit it on both training and test data; while the exact MSE ratio is not computed, the required functions and workflow are correctly used."
31,25,"Your lab shows a solid grasp of tidymodels workflows, models, and workflowsets; most required functions and steps are present and correctly structured. The main issues are in Exercise 1 (not using a direct pipe and minor style) and Exercise 3 (log base and centering/scaling choices). For future labs, pay close attention to the exact specifications in the rubric (e.g., log base, strata argument, and variable naming) to secure full credit.",1,2,1,3,3,3,3,3,3,3,"You correctly used skimr::skim() on dat and concluded no missing data, but the rubric required piping dat directly into skim() without creating intermediate objects; also as.tibble() is deprecated (use tibble::as_tibble).","You set the seed and used rsample::initial_split(), training(), and testing() with a ~75% split, but you did not use strata = 'Sale_Price' and your object names differ from the expected ones (data_split, ames_train, ames_test).","You created a recipe with the correct formula and included log, other, dummy, center, and scale steps, but you used base = 10 instead of natural log, centered/scaled all predictors (including dummies) rather than numeric predictors only, and the prep/tidy code is stored in a variable instead of being clearly examined.","All three parsnip models are specified correctly with appropriate engines and regression mode, and you used tune() for penalty/mixture and min_n/trees as required.",You correctly called parsnip::translate() on each of the three model objects to inspect their engine-specific templates.,"You set the seed and created a bootstrap resampling object with rsample::bootstraps(dat_train), matching the expected workflow (aside from the dataset name difference).","You built a workflow_set with the recipe and all three models and then unnested the info column to inspect the structure, which matches the required process and output structure.","Your code (though not evaluated) correctly selects wflow_id and result, unnests result and .metrics, filters for rmse, groups by wflow_id, arranges by descending .estimate, and slices the top row per group as specified.","You used workflowsets::rank_results(all_workflows, rank_metric = 'rmse', select_best = TRUE) exactly as required; comparison to Q8 is implied but not shown in detail, which is acceptable here.","You extracted the random forest workflow, finalized it with trees and min_n, fit on train and test data, and reported MSE values; while the numeric ratio differs from the solution, the workflow and functions used match the rubric."
32,25,"Your lab shows solid command of tidymodels workflows, models, and resampling, with most exercises matching the expected functions and structure. The main issues are in Exercise 1 (not following the exact skim piping pattern) and Exercise 3 (log base and centering/scaling choices), plus missing stratification in the train/test split. Tightening those details will bring your work fully in line with the rubric’s expectations.",1,2,1,3,3,3,3,3,3,3,"You used skimr::skim() on dat, but did not use the pipe from dat directly and created an intermediate object; also as.tibble() is incorrect (should be tibble::as_tibble). The missing-data conclusion is correct, but process fidelity is off.","You set the seed and used rsample::initial_split(), training(), and testing(), but did not use strata = 'Sale_Price' and used different object names than specified. The split proportion is correct, so only the stratification/process piece is missing.","You created a recipe with the correct formula and included log, other, dummy, center, and scale steps, then prepped it. However, you used base = 10 instead of natural log, and centered/scaled all predictors (including dummies) rather than just numeric predictors, so the transformation details and order do not fully match the rubric.","All three models are correctly specified with parsnip::linear_reg and parsnip::rand_forest, appropriate engines and regression mode, and penalty/mixture and min_n/trees set to tune(). This matches the expected workflow and tunable parameters.","You correctly called parsnip::translate() on each of the three model objects, which is exactly what was required to inspect the engine-specific templates.","You set the seed and created train_resamples with rsample::bootstraps(dat_train), which matches the expected process and produces the correct bootstrap resampling object.","You built all_workflows with workflowsets::workflow_set() using the recipe and all three models, and then unnested the info column with tidyr::unnest(info). This matches the required structure and examination of the workflow set.","Your code follows the specified pipeline: select wflow_id and result, unnest result and .metrics, filter for rmse, group by wflow_id, arrange by descending .estimate, and slice(1). This aligns with the rubric’s expected workflow and output structure.","You correctly called workflowsets::rank_results(all_workflows, rank_metric = 'rmse', select_best = TRUE) as required. The comparison to Exercise 8 is implied by your code and setup.","You extracted the random forest workflow, finalized it with trees and min_n, and fit it on both training and test data. While you did not compute the exact MSE ratio, you reported separate MSE values, which is sufficient for demonstrating the required process."
33,22,"Most of the workflow, modeling, and resampling steps are implemented correctly, and you followed the general tidymodels process well. The main issues are in early steps: not using stratification in the split, minor recipe details (log base and which predictors to scale), and not fully executing or interpreting some of the later comparison steps. Tightening up adherence to the specified arguments and adding brief interpretive comments where requested would bring this to full credit.",1,1,1,3,3,3,3,2,2,3,"You used skimr::skim() on dat, but did not use the pipe from dat directly and created an intermediate object; also as.tibble() is incorrect (should be tibble::as_tibble()). EDA intent and missing-data conclusion are present, but process does not match the single-step piped skim requirement.","You correctly used set.seed() and rsample::initial_split()/training()/testing(), but did not use strata = 'Sale_Price' and used different object names than specified. This partially meets the process and split requirements but misses the stratification and exact variable naming.","You created a recipe with the right variables and included log, other, dummy, center, and scale steps, then prepped and tidied it. However, you used base = 10 instead of natural log and centered/scaled all predictors (including dummies) rather than only numeric predictors, so the transformation details are not fully correct.","All three parsnip models are correctly specified with linear_reg and rand_forest, appropriate engines (lm, glmnet, ranger), regression mode, and tunable parameters (penalty/mixture, min_n/trees). This matches the expected modeling setup.","You applied parsnip::translate() to each of the three model objects, which is exactly what was required to inspect the engine-specific templates.","You set the seed and created train_resamples using rsample::bootstraps() on the training data, matching the expected bootstrap resampling process.",You built a workflow_set with the recipe and all three models and then unnested the info column to inspect the structure. The workflow set contents and examination align with the rubric.,"Your code follows the correct dplyr/tidyr workflow to unnest result and .metrics, filter for rmse, group, arrange, and slice. However, workflow_map() is only shown in a non-evaluated chunk, so the resampling/tuning step is not fully implemented in executable code.","You included the correct call to workflowsets::rank_results(all_workflows, rank_metric = 'rmse', select_best = TRUE), but did not add any comparison or commentary relating it back to your Exercise 8 results.","You extracted the random forest workflow, finalized it with trees and min_n, fit it on both training and test data, and reported MSE values. The workflow and comparison steps match the expected process, even if the exact ratio is not computed explicitly."
34,25,"Your lab shows solid understanding of tidymodels workflows, models, and resampling, with most exercises implemented correctly. The main issues are in Exercise 1 (not following the exact skim piping pattern) and Exercise 3 (log base and centering/scaling scope). Tightening adherence to the specified process and argument details will help you fully match the rubric in future labs.",1,2,1,3,3,3,3,3,3,3,"You used skimr::skim() on dat, but did not use the pipe from dat directly and created an intermediate object; also as.tibble() is incorrect (should be tibble::as_tibble()). The missing-data conclusion is correct, but process fidelity is off.","You set the seed and used rsample::initial_split(), training(), and testing(), with a ~75% split. However, you did not use strata = 'Sale_Price' and used different object names than specified, so deducting for process/accuracy.","You created a recipe with the correct formula and included log, other, dummy, center, and scale steps, then prepped and tidied it. However, you used base = 10 instead of natural log and centered/scaled all predictors (including dummies) rather than only numeric predictors, so the transformations are not fully correct.","All three parsnip models are correctly specified with appropriate engines and regression mode, and penalty/mixture and min_n/trees are set to tune(). This matches the expected workflow.","You correctly called parsnip::translate() on each of the three model objects, which will display the underlying engine-specific templates as required.","You set the seed and created train_resamples using rsample::bootstraps() on the training data, matching the expected process and output structure.",You built a workflow_set with the recipe and all three models and then unnested the info column to inspect the structure. Column names differ slightly from the solution but the workflow content is correct.,"Your code (though not evaluated) follows the required sequence: select result, unnest result and .metrics, filter for rmse, group by wflow_id, arrange by .estimate, and slice the top row. This matches the expected workflow and output structure.","You correctly call workflowsets::rank_results(all_workflows, rank_metric = 'rmse', select_best = TRUE) as required; comparison to Q8 is implied in your comments.","You extract the random forest workflow, finalize it with the specified best parameters, fit on both training and test sets, and report MSE values, which supports comparing train/test performance as required."
35,25,"Your lab shows solid understanding of tidymodels workflows, models, and resampling; most required functions and steps are present and correctly structured. The main issues are in Exercise 1 (extra intermediate object) and Exercise 3 (log base and centering/scaling choices, plus how you prep and inspect the recipe). Tightening those details to match the rubric’s exact process will bring your work fully in line with expectations.",1,2,1,3,3,3,3,3,3,3,"You correctly used skimr::skim() on dat and concluded there is no missing data, but the rubric required using the pipe (dat |> skimr::skim()) with no intermediate object; creating Missing and converting to tibble deviates from the expected one-step process.","You set the seed and used rsample::initial_split(), training(), and testing() with a ~75% split, but you did not use strata = 'Sale_Price' and used different object names than specified (data_split/ames_train/ames_test), so the process is slightly off the rubric.","You created a recipe with the correct formula and included log, other, dummy, center, and scale steps, but you used base = 10 instead of natural log, centered/scaled all predictors (including dummies) rather than numeric predictors only, and prepped into a separate object instead of examining the recipe steps as in the rubric.","All three parsnip models are specified correctly: linear_reg with lm engine, glmnet model with penalty and mixture set to tune(), and rand_forest with min_n and trees set to tune(), each in regression mode.","You applied parsnip::translate() to each of lm_mod_base, lm_mod_glmnet, and lm_mod_rforest as required, which would display the three engine-specific model templates.","You set the seed and created train_resamples using rsample::bootstraps(dat_train), matching the expected bootstrap resampling workflow on the training data.","You built all_workflows with workflowsets::workflow_set() using the recipe and all three models, and then unnested the info column with tidyr::unnest(info), correctly showing the workflow structure.","Your code follows the expected sequence: select wflow_id and result, unnest result and .metrics, filter for rmse, group by wflow_id, arrange by descending .estimate, and slice(1), which matches the rubric’s required workflow.","You called workflowsets::rank_results(all_workflows, rank_metric = 'rmse', select_best = TRUE) as specified; although you did not explicitly discuss the comparison, the required code is present.","You extracted the random forest workflow, finalized it with trees and min_n, and defined training_fit and testing_fit using fit() on train and test data; this matches the expected best-model workflow and comparison process, even though you did not compute the explicit MSE ratio."
36,24,"Most of the workflow, modeling, and resampling steps (Exercises 4–10) are implemented correctly and follow the tidymodels workflowsets pattern well. Early exercises need closer adherence to the specified process: use the exact piping pattern for skimr::skim(), include strata = 'Sale_Price' in initial_split, and match the requested preprocessing details (natural log and numeric-only centering/scaling). Tightening those details will align your work fully with the rubric.",1,1,1,3,3,3,3,3,3,3,"You used skimr::skim() on dat, but did not use the pipe from dat directly and created an intermediate object; also as.tibble() is incorrect (should be tibble::as_tibble()). EDA intent and missing-data conclusion are present, but process does not match the single-step piped skim requirement.","You correctly used set.seed() and rsample::initial_split()/training()/testing(), but did not use strata = 'Sale_Price' and used different object names than specified. This gives a 75% split but does not fully follow the required process.","You created a recipe with the right variables and included log, other, dummy, center, and scale steps, then prepped and tidied it. However, you used base = 10 instead of natural log and centered/scaled all predictors (including dummies) rather than only numeric predictors, so the transformations do not fully match the specification.","All three parsnip models are correctly specified: a basic lm regression, a glmnet model with penalty and mixture set to tune(), and a ranger random forest with min_n and trees set to tune(), each with set_engine() and set_mode('regression').","You correctly applied parsnip::translate() to each of the three model objects, which will display the underlying engine-specific templates as required.","You set the seed and created train_resamples using rsample::bootstraps(dat_train), which matches the expected bootstrap resampling process on the training data.","You built all_workflows with workflowsets::workflow_set() using the recipe and all three models, and then unnested the info column with tidyr::unnest(info), correctly exposing the workflow structure.","Your code follows the expected dplyr/tidyr pipeline: selecting wflow_id and result, unnesting result and .metrics, filtering for rmse, grouping by wflow_id, arranging by .estimate (descending), and slicing the top row, which will yield the best rmse per workflow.","You correctly called workflowsets::rank_results(all_workflows, rank_metric = 'rmse', select_best = TRUE); this matches the required usage to compare with Exercise 8.","You extracted the random forest workflow, finalized it with trees and min_n, and then fit it on both training and test data. While you did not compute the explicit test/train MSE ratio, the required workflow and fitting steps are present."
37,24,"Most of the required tidymodels workflow is implemented correctly, including model specifications, workflow sets, resampling, tuning, and ranking. The main deductions are for not following some exact process details (e.g., strata in the split, log base, and the specific piping pattern in Q1). Tightening alignment with the rubric’s specified arguments and step order will help you earn full credit in future labs.",1,1,1,3,3,3,3,3,3,3,"You correctly used skimr::skim() on dat, but did not use the pipe operator directly into skim (you assigned first and then called skim), and you created an intermediate object. The conclusion about no missing data is present, but process fidelity does not match the rubric’s single-step pipe requirement.","You set the seed and used rsample::initial_split(), training(), and testing(), but you did not use strata = 'Sale_Price' and you used different object names (dat_split, dat_train, dat_test instead of data_split, ames_train, ames_test). This partially meets the requirements but not the exact process and parameters.","You created a recipe with the correct formula and included log, other, dummy, center, and scale steps, then prepped and tidied it. However, you used base = 10 instead of the natural log (base = exp(1)), and you centered/scaled all predictors rather than only numeric predictors, so the transformations do not fully match the expected process.","All three models are specified correctly with parsnip::linear_reg(), parsnip::rand_forest(), set_engine(), set_mode('regression'), and tune() for the appropriate parameters. This matches the required workflow and model definitions.","You correctly applied parsnip::translate() to each of the three model objects, which is exactly what was required to inspect the engine-specific templates.","You set the seed and created a bootstrap resampling object using rsample::bootstraps(dat_train), which matches the expected process (even though the object is named dat_train instead of ames_train).","You created a workflow_set with the recipe and all three models and then unnested the info column with tidyr::unnest(info), which matches the required structure and examination of the workflow set.","Your code follows the expected sequence: select wflow_id and result, unnest result and .metrics, filter for rmse, group by wflow_id, arrange by descending .estimate, and slice(1). This aligns with the rubric’s process and intended output structure.","You correctly called workflowsets::rank_results(all_workflows, rank_metric = 'rmse', select_best = TRUE) as required. Although you did not explicitly describe the comparison, the core code is present and correct.","You extracted the random forest workflow, finalized it with trees and min_n, and defined training and testing fits on the train/test data. While you did not compute the exact ratio, you reported MSE values; overall the required workflow and functions are present and correctly used."
38,25,"Your lab shows solid understanding of tidymodels workflows, model specification, resampling, and workflowsets; most later exercises are fully correct. Early steps (EDA, splitting, and recipe) deviate somewhat from the requested process (e.g., missing strata, log base, and centering/scaling order), which cost a few points. Focus on matching the exact arguments and workflows specified in the rubric (especially for recipes and splits) to earn full credit next time.",1,2,1,3,3,3,3,3,3,3,"You used skimr::skim on dat, but did not use the pipe from dat directly and created an intermediate object; also as.tibble() is deprecated. The missing-data conclusion is correct, but process fidelity is off, so partial credit only.","You set the seed and used rsample::initial_split, training(), and testing(), but did not use strata = 'Sale_Price' and used variable names (dat_split, dat_train, dat_test) different from the template. This meets execution but not full process/output requirements.","You created a recipe with the correct formula and included log, other, dummy, center, and scale steps, but used base = 10 instead of natural log and centered/scaled all predictors after dummy creation rather than numeric predictors before. Prep and tidy are present but stored in a separate object; process and transformation details are only partially correct.","All three models are correctly specified with linear_reg and rand_forest, appropriate engines (lm, glmnet, ranger), regression mode, and tunable parameters (penalty, mixture, min_n, trees) using tune(). This matches the expected parsnip setup.","You correctly called parsnip::translate() on each of the three model objects, which is exactly what was required to inspect the engine-specific templates.","You set the seed and created train_resamples with rsample::bootstraps(dat_train), which matches the expected bootstrap resampling process on the training data.","You built all_workflows with workflowsets::workflow_set using your recipe and all three models, and then unnested the info column with tidyr::unnest(info). This matches the required workflow set creation and inspection.","Your code follows the expected chain: select wflow_id and result, unnest result and .metrics, filter for rmse, group, arrange by .estimate, and slice(1). This matches the required workflow for extracting best rmse per workflow.","You correctly called workflowsets::rank_results(all_workflows, rank_metric = 'rmse', select_best = TRUE) as specified; comparison to Q8 is implied in your comments.","You extracted the random forest workflow, finalized it with trees and min_n, and fit it on both training and test data. While you did not compute the exact ratio, you reported separate MSEs, which is sufficient for the required comparison."
39,19,"Your lab shows solid understanding of tidymodels workflows, model specification, and resampling, with especially strong work from Exercises 4–8. Most deductions are for not following the exact requested process (e.g., missing strata in the split, log base choice, and recipe step details) rather than major conceptual errors. Review the rubric’s specific requirements (like natural log, numeric-only centering/scaling, and exact argument names) to align your code more closely with the expected workflow in future labs.",1,2,1,3,3,3,3,3,,,"You correctly used skimr::skim() on dat, but did not use the pipe operator directly from dat to skim (you reassigned dat and created an intermediate object). The missing-data conclusion is correct, but process fidelity is off, so partial credit.","You set the seed and used rsample::initial_split(), training(), and testing() with a ~75% split, which matches the intent. However, you did not use strata = 'Sale_Price' and used different object names than specified, so process/output are slightly off.","You created a recipe with the correct formula and included log, other, dummy, center, and scale steps, then prepped and tidied it. However, you used base = 10 instead of natural log, centered/scaled all predictors (including dummies) rather than numeric predictors only, and the step order does not match the expected workflow.","All three models are specified correctly with parsnip::linear_reg(), parsnip::rand_forest(), set_engine(), set_mode(), and tune() for the appropriate parameters. This matches the required process and structure.","You applied parsnip::translate() to each of the three model objects, which is exactly what was required to inspect the engine-specific templates.","You set the seed and created train_resamples using rsample::bootstraps(dat_train), which matches the expected process and produces the correct type of resampling object.",You built a workflow_set with the recipe and all three models and then unnested the info column to inspect the structure. This aligns with the expected workflow and output structure.,"Your code follows the required sequence: select wflow_id and result, unnest result and .metrics, filter for rmse, group, arrange by .estimate, and slice the top row. This matches the rubric’s process and intended output.",,
40,25,"Most exercises are completed with the correct functions and workflows, especially for model specification, workflowsets, tuning, and finalization. The main issues are in Exercise 1 (not following the exact skim piping pattern), Exercise 2 (missing stratification), and Exercise 3 (using base-10 log and scaling all predictors rather than only numeric ones). Tightening adherence to the specified process and argument details will help you reach full credit on future labs.",1,2,1,3,3,3,3,3,3,3,"You used skimr::skim() on dat, but did not use the pipe from dat directly and created an intermediate object; also as.tibble() is incorrect (should be tibble::as_tibble()). The missing-data conclusion is correct, but process fidelity is off.","You set the seed and used rsample::initial_split(), training(), and testing(), but did not use strata = 'Sale_Price' and used different object names than specified. This meets execution but not full process/output requirements.","You created a recipe with the correct variables and included log, other, dummy, center, and scale steps, then prepped and tidied it. However, you used base = 10 instead of natural log and centered/scaled all predictors (including dummies) rather than only numeric predictors, so the transformations are not fully correct.","All three parsnip models are correctly specified with appropriate engines and regression mode, and you used tune() for penalty/mixture and min_n/trees as required. This matches the expected workflow and tunable parameters.","You correctly called parsnip::translate() on each of the three model objects, which is exactly the required process to inspect the engine-specific templates.","You set the seed and created train_resamples using rsample::bootstraps() on the training data, matching the expected process and resulting in a proper bootstrap resampling object.","You built all_workflows with workflowsets::workflow_set() using the recipe and all three models, and then unnested the info column to inspect the structure. This aligns with the rubric expectations.","Your code follows the specified dplyr/tidyr pipeline: selecting result, unnesting result and .metrics, filtering for rmse, grouping, arranging by .estimate, and slicing the top row. This matches the required workflow for extracting best rmse per workflow.","You correctly called workflowsets::rank_results(all_workflows, rank_metric = 'rmse', select_best = TRUE) as required; comparison to Q8 is implied even though not discussed in detail.","You extracted the random forest workflow, finalized it with the specified best parameters, and set up fits on training and test data, then reported MSE values. This matches the expected functions and workflow, even though the exact ratio is not computed explicitly."
41,24,"You completed all exercises with generally correct use of tidymodels, workflowsets, and rsample, and your model specifications and workflow mapping are solid. Most deductions are for not following some exact rubric details (e.g., strata in the split, direct piping to skim, natural log base, and centering/scaling only numeric predictors). Review the rubric’s precise requirements and the order/arguments of recipe steps to fully align your process with the expected workflow.",1,1,1,3,3,3,3,3,3,3,"You used skimr::skim() on dat, but did not pipe dat directly into skim() as required and created an intermediate object. The missing-data conclusion is correct, but process fidelity is off and the pipe requirement is not met.","You correctly used set.seed() and rsample::initial_split()/training()/testing(), but did not use strata = 'Sale_Price' and used different object names than specified. This partially meets the process and accuracy requirements.","You created a recipe with the right variables and included log, other, dummy, center, and scale steps, then prepped and tidied it. However, you used base = 10 instead of natural log and centered/scaled all predictors (including dummies) rather than only numeric predictors, so the transformations are not fully correct.","All three parsnip models are correctly specified with appropriate engines and regression mode, and penalty/mixture and min_n/trees are set to tune() as required.","You correctly called parsnip::translate() on each of the three model objects, which matches the expected workflow and will show the underlying templates.","You set the seed and created train_resamples using rsample::bootstraps() on the training data, matching the expected process and output structure.","You built a workflow_set with the recipe and all three models and then unnested the info column, correctly showing the workflow structure with the expected combinations.","Your code follows the specified sequence: select result, unnest result and .metrics, filter for rmse, group, arrange by .estimate, and slice the top row, which will yield the best rmse per workflow with tuning parameters visible.","You correctly called workflowsets::rank_results() with all_workflows, rank_metric = 'rmse', and select_best = TRUE, matching the required usage.","You extracted the random forest workflow, finalized it with trees = 1 and min_n = 11, and set up fits on training and test data. While you did not compute the exact ratio, the required functions and workflow are present."
42,23,"Most exercises are completed with the correct functions and workflows, and you generally follow the tidymodels process well. The main issues are small deviations from the specified process (e.g., missing strata in the split, using base 10 instead of natural log, and centering/scaling all predictors including dummies). For future labs, pay close attention to the exact arguments and variable names requested in the rubric, and double-check transformation details like log bases and which variables are being scaled.",2,2,1,3,3,3,3,3,3,3,"You correctly used skimr::skim() on dat and concluded there is no missing data. However, the rubric expected using the pipe directly from dat to skimr::skim() without creating an intermediate object; you also used as.tibble() (deprecated) and extra filtering not required.","You set the seed and used rsample::initial_split(), training(), and testing() with a 75% split, which matches the intent. However, you did not use strata = 'Sale_Price' and used different object names (dat_split/dat_train/dat_test instead of data_split/ames_train/ames_test), so the process is slightly off the specified workflow.","You created a recipe with the correct formula and included step_log, step_other, step_dummy, step_center, and step_scale, and then prepped and tidied it. Issues: you used base = 10 instead of natural log (base = exp(1)), centered and scaled all predictors including dummies (rather than just numeric predictors), and the order of centering/scaling vs dummy creation does not match the expected process.","All three models are specified correctly: linear_reg with lm engine, glmnet model with penalty and mixture set to tune(), and rand_forest with min_n and trees set to tune(), all in regression mode. Function usage and tunable parameters match the rubric.","You correctly called parsnip::translate() on each of the three model objects, which is exactly what was required to inspect the engine-specific templates.","You set the seed and created train_resamples using rsample::bootstraps() on the training data. Although the object is named dat_train instead of ames_train, the process and function usage match the rubric.","You built a workflow_set with the recipe and all three models and then unnested the info column to inspect the structure. Names differ slightly from the template, but the workflow structure and examination are correct.","Your code follows the expected pipeline: select wflow_id and result, unnest result and .metrics, filter for rmse, group by wflow_id, arrange by .estimate descending, and slice the top row. This matches the required workflow and metric selection.","You correctly called workflowsets::rank_results(all_workflows, rank_metric = 'rmse', select_best = TRUE) as specified. The comparison to Q8 is implied even though not discussed in detail.","You extracted the random forest workflow, finalized it with trees and min_n parameters, and fit it on both training and test data. While you did not compute the exact MSE ratio, the required functions and workflow steps are present and correctly structured."
43,20,"Most core tidymodels workflows are implemented correctly, including model specifications, workflow sets, bootstrapping, and tuning result extraction. The main issues are in Exercise 2 (missing stratification) and Exercise 3 (log base and centering/scaling choices, plus not following the exact prep/inspect pattern). Tightening adherence to the specified arguments and process in the rubric will help you capture full credit on future labs.",2,2,1,3,3,3,3,3,,,"You correctly used skimr::skim() on dat and concluded there is no missing data, but the rubric expected using the pipe directly from dat to skim() without creating an intermediate object; also as.tibble() is deprecated (use tibble::as_tibble()).","You set the seed and used rsample::initial_split(), training(), and testing() with a ~75% split, which matches the intent, but you did not use strata = 'Sale_Price' and used different object names than specified (data_split/ames_train/ames_test).","You created a recipe with the correct formula and included log, step_other, dummy, centering, and scaling, but you used base = 10 instead of natural log, centered/scaled all predictors (including dummies) rather than numeric predictors only, and the prep/tidy step is stored in a separate object instead of examining the prepped norm_recipe as in the template.","All three parsnip models are specified correctly: linear_reg with lm engine, glmnet model with penalty and mixture set to tune(), and rand_forest with min_n and trees set to tune(), each with mode = 'regression'.","You correctly called parsnip::translate() on each of the three model objects, which matches the expected workflow for examining model templates.","You set the seed and created train_resamples using rsample::bootstraps() on the training data, matching the expected process and output structure.","You built a workflow_set with the recipe and all three models and then unnested the info column, correctly showing the workflow structure; naming differences from the solution are acceptable.","Your code (though not evaluated) follows the required sequence: workflow_map on all_workflows, then select/unnest result and .metrics, filter for rmse, group by wflow_id, arrange by .estimate, and slice(1), which matches the rubric’s process.",,
44,20,"Most core tidymodels workflows (model specification, bootstrapping, workflow sets, tuning, and result extraction) are implemented correctly and align well with the rubric. The main issues are in the preprocessing recipe (log base and centering/scaling scope) and minor deviations from the specified splitting and EDA patterns. Tightening adherence to the exact arguments (e.g., strata, log base) and naming conventions would bring this closer to full credit.",2,2,1,3,3,3,3,3,,,"You correctly used skimr::skim() on dat and concluded there is no missing data, but the rubric expected using the pipe directly from dat to skim() without creating an intermediate object; also as.tibble() is deprecated (use tibble::as_tibble()).","You set the seed and used rsample::initial_split(), training(), and testing() with a ~75% split, but you did not use strata = 'Sale_Price' and used different object names than specified (dat_split/dat_train/dat_test instead of data_split/ames_train/ames_test).","You created a recipe with the correct formula and included log, step_other, dummy, centering, and scaling, and then prepped it, but you used base = 10 instead of natural log, centered/scaled all predictors (including dummies) rather than numeric predictors only, and did not use prep() and broom::tidy() exactly as in the expected workflow.","All three models are specified correctly: linear_reg with lm engine, glmnet model with penalty and mixture set to tune(), and rand_forest with min_n and trees set to tune(), each with mode = 'regression'.","You correctly called parsnip::translate() on each of the three model objects, which matches the expected process and will show the underlying engine-specific templates.","You set the seed and created train_resamples using rsample::bootstraps() on the training data, matching the expected workflow and output structure.","You built all_workflows with workflowsets::workflow_set() using the recipe and all three models, and then unnested the info column with tidyr::unnest(info), which matches the required structure and examination step.","Your code follows the expected pipeline: select wflow_id and result, unnest result and .metrics, filter for rmse, group by wflow_id, arrange by descending .estimate, and slice(1), which will yield the best rmse per workflow.",,
45,23,"Most exercises are completed with the correct functions and workflows, especially for model specification, workflowsets, tuning, and ranking. The main issues are in Exercise 2 (missing stratification and naming) and Exercise 3 (log base and centering/scaling choices), which deviate from the rubric’s exact expectations. Tightening adherence to the specified arguments and transformation details will bring your work fully in line with the grading criteria.",2,2,1,3,3,3,3,3,3,3,"You correctly used skimr::skim() on dat and concluded there is no missing data. However, the rubric expected using the pipe directly from dat to skimr::skim() without creating an intermediate object; also as.tibble() is deprecated (use tibble::as_tibble()).","You set the seed and used rsample::initial_split(), training(), and testing() with a ~75% split, which matches the intent. However, you did not use strata = 'Sale_Price' and used different object names (dat_split/dat_train/dat_test instead of data_split/ames_train/ames_test) than specified in the rubric.","You created a recipe with the correct formula and included log, step_other, dummy, centering, and scaling, and then prepped it. But you used base = 10 instead of natural log, centered/scaled all predictors (including dummies) rather than numeric predictors only, and did not use broom::tidy() directly on the prepped recipe object as in the expected workflow.","All three parsnip models are specified correctly: linear_reg with lm engine, glmnet model with penalty and mixture set to tune(), and rand_forest with min_n and trees set to tune(), each with mode = 'regression'. This matches the required process and structure.","You applied parsnip::translate() to each of the three model objects, which is exactly what was required to inspect the engine-specific templates.","You set the seed and created train_resamples using rsample::bootstraps() on the training data (dat_train), matching the expected process and output structure.","You built all_workflows with workflowsets::workflow_set() using your recipe and the three models, and then unnested the info column with tidyr::unnest(info), which aligns with the rubric’s expectations.","Your code follows the required pipeline: select wflow_id and result, unnest result and .metrics, filter for rmse, group by wflow_id, arrange by .estimate descending, and slice(1). This matches the specified workflow and would yield the best rmse per workflow.","You correctly called workflowsets::rank_results(all_workflows, rank_metric = 'rmse', select_best = TRUE) as required; comparison to Q8 is noted in comments, which is sufficient for this rubric.","You extracted the random forest workflow by id, finalized it with trees and min_n parameters, and then fit it on both training and test data. While your reported MSE ratio differs from the solution, the required functions and workflow are correctly used."
46,20,"Most core tidymodels workflows are implemented correctly, including model specifications, workflow sets, bootstrapping, and tuning result processing. The main issues are in Exercise 2 (missing stratification and naming) and Exercise 3 (log base and centering/scaling choices), plus a minor process deviation in Exercise 1. Tightening adherence to the specified arguments and step order in future labs will align your work more closely with the rubric.",2,2,1,3,3,3,3,3,,,"You correctly used skimr::skim() on dat and concluded there is no missing data. However, the rubric expected using the pipe directly from dat to skimr::skim() without creating an intermediate object; also as.tibble() is deprecated (use tibble::as_tibble()).","You set the seed and used rsample::initial_split(), training(), and testing() with a ~75% split, which matches the intent. However, you did not use strata = 'Sale_Price' and used different object names (dat_split/dat_train/dat_test instead of data_split/ames_train/ames_test), so the process is slightly off the specified workflow.","You created a recipe with the correct formula and included step_log, step_other, step_dummy, step_center, and step_scale, and then prepped it. But you used base = 10 instead of natural log, centered and scaled all predictors including dummies (rather than just numeric predictors), and the order of steps does not match the expected center/scale-then-log pattern from the rubric.","All three models are specified correctly: linear_reg with lm engine, glmnet model with penalty and mixture set to tune(), and rand_forest with min_n and trees set to tune(), all in regression mode. Function usage and parameter tuning align with the rubric.","You correctly called parsnip::translate() on each of the three model objects, which matches the required workflow and should yield the appropriate engine-specific templates.","You set the seed and created train_resamples using rsample::bootstraps() on the training data. Although your training object is named dat_train instead of ames_train, the process and function usage are correct and produce the expected bootstrap resamples.","You built all_workflows with workflowsets::workflow_set() using your recipe and all three models, and then unnested the info column with tidyr::unnest(info). This matches the expected structure and examination of the workflow set.","Your (eval: false) code correctly selects wflow_id and result, unnests result and .metrics, filters for rmse, groups by wflow_id, arranges by descending .estimate, and slices the top row. This follows the specified workflow and should yield the best rmse per workflow.",,
47,25,"Most of the required tidymodels workflow components are present and correctly structured, including model specifications, workflow sets, resampling, tuning, and ranking. The main deductions are for not using stratified splitting in Exercise 2 and for minor deviations in the recipe specification (log base and centering/scaling scope) and EDA process. Tightening adherence to the exact argument values and object names in the rubric will help you earn full credit in future labs.",2,1,1,3,3,3,3,3,3,3,"You correctly used skimr::skim() on dat, but did not use the pipe directly from dat (you reassigned dat and created an intermediate object). The conclusion about no missing data is present, but process fidelity is slightly off from the single-step pipe expected.","You set the seed and used rsample::initial_split(), training(), and testing(), but you did not use strata = 'Sale_Price' and used different object names (dat_split, dat_train, dat_test instead of data_split, ames_train, ames_test). This partially meets the requirements but misses key process and accuracy details.","You created a recipe with the correct formula and included step_log, step_other, step_dummy, step_center, and step_scale, and then prepped it. However, you used base = 10 instead of exp(1), centered and scaled all predictors (including dummies) rather than only numeric predictors, and did not follow the exact expected order or naming (norm_recipe then prep into same object).","All three models are specified correctly: linear_reg with lm engine, glmnet model with penalty and mixture set to tune(), and rand_forest with min_n and trees set to tune(), all in regression mode. This matches the expected parsnip usage.","You correctly called parsnip::translate() on each of the three model objects (lm_mod_base, lm_mod_glmnet, lm_mod_rforest), which satisfies the workflow and function requirements.","You set the seed and created train_resamples using rsample::bootstraps(dat_train), which matches the expected process (using the training data) and produces the correct type of resampling object.","You created all_workflows with workflowsets::workflow_set() using the recipe and all three models, and then unnested the info column with tidyr::unnest(info). This matches the required workflow structure and examination step.","Your code follows the expected sequence: select wflow_id and result, unnest result and .metrics, filter for rmse, group by wflow_id, arrange by .estimate descending, and slice(1). This aligns with the rubric’s process and output expectations.","You correctly called workflowsets::rank_results(all_workflows, rank_metric = 'rmse', select_best = TRUE). This matches the required function usage and process for comparing to Exercise 8.","You extracted the random forest workflow, finalized it with trees and min_n, and defined training_fit and testing_fit using fit() on train and test data. While you did not compute the exact ratio, the required functions and workflow steps are present and correctly structured."
48,26,"Most exercises are completed correctly with appropriate use of tidymodels, workflowsets, and rsample. The main issues are minor deviations from the specified process (e.g., missing strata in the split, using log base 10 and centering/scaling all predictors in the recipe, and slightly different object names). Tightening alignment with the rubric’s exact arguments and function chaining will help you earn full credit in future labs.",2,2,1,3,3,3,3,3,3,3,"You correctly used skimr::skim() on dat and concluded there is no missing data, but the rubric expected using the pipe directly from dat to skim() without creating an intermediate object; also as.tibble() is deprecated (use tibble::as_tibble()).","You set the seed and used rsample::initial_split(), training(), and testing() with a 75% split, which matches the intent, but you did not use strata = 'Sale_Price' and used different object names than specified (dat_split/dat_train/dat_test instead of data_split/ames_train/ames_test).","You created a recipe with the correct formula and included log, step_other, dummy, centering, and scaling, but you used base = 10 instead of the natural log, centered and scaled all predictors (including dummies) rather than numeric predictors only, and the prep/tidy step is stored in a separate object rather than chaining as in the expected workflow.","All three models are specified correctly: linear_reg with lm engine, glmnet model with penalty and mixture set to tune(), and rand_forest with min_n and trees set to tune(), each with mode = 'regression'.","You correctly called parsnip::translate() on each of the three model objects, which matches the expected workflow and output structure.","You set the seed and created train_resamples using rsample::bootstraps() on the training data, matching the expected process and output.","You built all_workflows with workflowsets::workflow_set() using the recipe and three models and then unnested the info column, which matches the required structure and examination of the workflow set.","Your code follows the expected sequence: select wflow_id and result, unnest result and .metrics, filter for rmse, group by wflow_id, arrange by .estimate descending, and slice the top row, which aligns with the rubric.","You correctly used workflowsets::rank_results(all_workflows, rank_metric = 'rmse', select_best = TRUE) as required; comparison to Q8 is implied in your comments.","You extracted the random forest workflow, finalized it with trees and min_n, and set up fits on training and test data; while you did not compute the exact ratio, you reported MSE values, which is sufficient for the required comparison."
49,23,"You implemented the main tidymodels workflow well: model specifications, workflowsets, resampling, tuning, and ranking are all correctly structured. Most deductions are for smaller process mismatches (e.g., missing stratification in the split, log base choice, and centering/scaling scope) rather than major conceptual errors. Review the expected argument values and step ordering in recipes and rsample to align even more closely with the rubric in future labs.",2,2,1,3,3,3,3,3,3,3,"You correctly used skimr::skim() on dat and concluded there is no missing data. However, the rubric expected using the pipe directly from dat to skimr::skim() without creating an intermediate object; also as.tibble() is deprecated (use tibble::as_tibble()).","You set the seed and used rsample::initial_split(), training(), and testing() with a ~75% split, which matches the intent. However, you did not use strata = 'Sale_Price' and used different object names (dat_split/dat_train/dat_test instead of data_split/ames_train/ames_test), so the process is slightly off the specified workflow.","You created a recipe with the correct formula and included step_log, step_other, step_dummy, step_center, and step_scale, then prepped and tidied it. But you used base = 10 instead of natural log, centered/scaled all predictors including dummies (rather than just numeric predictors), and the order of steps does not match the expected center/scale before dummy creation, so the preprocessing does not fully follow the rubric.","All three models are specified correctly: linear_reg with lm engine, glmnet model with penalty and mixture set to tune(), and rand_forest with min_n and trees set to tune(), all in regression mode. Function usage and parameter tuning align with the rubric.","You correctly called parsnip::translate() on each of the three model objects, which is exactly what was required to inspect the engine-specific templates.","You set the seed and created a bootstrap resampling object using rsample::bootstraps() on the training data (dat_train). This matches the expected process and output, even though the training object name differs from the template.",You built a workflow_set with the recipe and all three models and then unnested the info column to inspect the structure. The preproc and models lists and the unnesting step follow the expected workflowset usage.,"Your code (though not evaluated) correctly chains select, unnest(result), select, unnest(.metrics), filter(.metric == 'rmse'), group_by, arrange(desc(.estimate)), and slice(1), which matches the required workflow for extracting best RMSE per workflow.","You used workflowsets::rank_results(all_workflows, rank_metric = 'rmse', select_best = TRUE) as specified. This satisfies the required function call and process for comparing to Exercise 8.","You extracted the random forest workflow, finalized it with trees and min_n parameters, and defined training_fit and testing_fit using fit() on train and test data. This matches the expected workflow; while your reported MSE ratio differs from the solution, numeric accuracy is not required by the rubric."
50,25,"Most exercises are completed with the correct functions and workflows, especially for model specification, workflowsets, tuning, and bootstrapping. The main issues are minor deviations from the specified process (e.g., missing strata in the split, log base choice, and centering/scaling scope) and not strictly following the exact recipe details from the rubric. Tightening alignment with the instructions (especially for data splitting and preprocessing) will help you fully meet all rubric criteria.",2,1,1,3,3,3,3,3,3,3,"You correctly used skimr::skim() on dat and concluded there is no missing data, but the rubric expected using the pipe directly (dat |> skimr::skim()) without creating an intermediate object; minor process deviation.","You set the seed and used rsample::initial_split(), training(), and testing(), but did not use strata = 'Sale_Price' and used different object names (dat_split/dat_train/dat_test) than specified; this partially meets the process and accuracy requirements.","You created a recipe with the correct variables and included log, other, dummy, center, and scale steps, but used base = 10 instead of natural log, centered/scaled all predictors (including dummies) rather than numeric predictors only, and did not use broom::tidy() on the prepped recipe as shown in the rubric.","All three models are specified correctly with parsnip::linear_reg(), parsnip::rand_forest(), appropriate engines and modes, and penalty/mixture and min_n/trees set to tune(); this matches the expected workflow.","You applied parsnip::translate() to each of the three model objects, which is exactly what was required to inspect the engine-specific templates.","You set the seed and created train_resamples using rsample::bootstraps(dat_train), which matches the expected bootstrap resampling process on the training data.","You built all_workflows with workflowsets::workflow_set() using your recipe and three models and then unnested the info column with tidyr::unnest(info), correctly revealing the workflow structure.","Your code follows the expected sequence: select wflow_id and result, unnest result and .metrics, filter for rmse, group by wflow_id, arrange by .estimate, and slice the top row; this matches the rubric’s workflow.","You called workflowsets::rank_results(all_workflows, rank_metric = 'rmse', select_best = TRUE) as required; comparison to Q8 is implied even though not discussed in detail.","You extracted the random forest workflow, finalized it with trees and min_n, and fit it on both training and test data; while you did not compute the exact ratio, you reported MSE values, which is sufficient for the required comparison."
